
Cell user_proj_timer (0) disconnected node: io_out[0]
Cell user_proj_timer (0) disconnected node: io_out[10]
Cell user_proj_timer (0) disconnected node: io_out[1]
Cell user_proj_timer (0) disconnected node: io_out[2]
Cell user_proj_timer (0) disconnected node: io_out[3]
Cell user_proj_timer (0) disconnected node: io_out[4]
Cell user_proj_timer (0) disconnected node: io_out[5]
Cell user_proj_timer (0) disconnected node: io_out[6]
Cell user_proj_timer (0) disconnected node: io_out[7]
Cell user_proj_timer (0) disconnected node: io_out[8]
Cell user_proj_timer (0) disconnected node: io_out[9]
Cell user_proj_timer (0) disconnected node: vccd1
Cell user_proj_timer (0) disconnected node: vssd1
Cell user_proj_timer (0) disconnected node: wb_clk_i
Cell user_proj_timer (0) disconnected node: wb_rst_i

Subcircuit pins:
Circuit 1: user_proj_timer                 |Circuit 2: user_proj_timer                 
-------------------------------------------|-------------------------------------------
io_out[0]                                  |io_out[0]                                  
io_out[10]                                 |io_out[10]                                 
io_out[1]                                  |io_out[1]                                  
io_out[2]                                  |io_out[2]                                  
io_out[3]                                  |io_out[3]                                  
io_out[4]                                  |io_out[4]                                  
io_out[5]                                  |io_out[5]                                  
io_out[6]                                  |io_out[6]                                  
io_out[7]                                  |io_out[7]                                  
io_out[8]                                  |io_out[8]                                  
io_out[9]                                  |io_out[9]                                  
vccd1                                      |vccd1                                      
vssd1                                      |vssd1                                      
wb_clk_i                                   |wb_clk_i                                   
wb_rst_i                                   |wb_rst_i                                   
---------------------------------------------------------------------------------------
Cell pin lists are equivalent.
Device classes user_proj_timer and user_proj_timer are equivalent.

Cell openframe_project_wrapper (0) disconnected node: analog_io[0]
Cell openframe_project_wrapper (0) disconnected node: analog_io[10]
Cell openframe_project_wrapper (0) disconnected node: analog_io[11]
Cell openframe_project_wrapper (0) disconnected node: analog_io[12]
Cell openframe_project_wrapper (0) disconnected node: analog_io[13]
Cell openframe_project_wrapper (0) disconnected node: analog_io[14]
Cell openframe_project_wrapper (0) disconnected node: analog_io[15]
Cell openframe_project_wrapper (0) disconnected node: analog_io[16]
Cell openframe_project_wrapper (0) disconnected node: analog_io[17]
Cell openframe_project_wrapper (0) disconnected node: analog_io[18]
Cell openframe_project_wrapper (0) disconnected node: analog_io[19]
Cell openframe_project_wrapper (0) disconnected node: analog_io[1]
Cell openframe_project_wrapper (0) disconnected node: analog_io[20]
Cell openframe_project_wrapper (0) disconnected node: analog_io[21]
Cell openframe_project_wrapper (0) disconnected node: analog_io[22]
Cell openframe_project_wrapper (0) disconnected node: analog_io[23]
Cell openframe_project_wrapper (0) disconnected node: analog_io[24]
Cell openframe_project_wrapper (0) disconnected node: analog_io[25]
Cell openframe_project_wrapper (0) disconnected node: analog_io[26]
Cell openframe_project_wrapper (0) disconnected node: analog_io[27]
Cell openframe_project_wrapper (0) disconnected node: analog_io[28]
Cell openframe_project_wrapper (0) disconnected node: analog_io[29]
Cell openframe_project_wrapper (0) disconnected node: analog_io[2]
Cell openframe_project_wrapper (0) disconnected node: analog_io[30]
Cell openframe_project_wrapper (0) disconnected node: analog_io[31]
Cell openframe_project_wrapper (0) disconnected node: analog_io[32]
Cell openframe_project_wrapper (0) disconnected node: analog_io[33]
Cell openframe_project_wrapper (0) disconnected node: analog_io[34]
Cell openframe_project_wrapper (0) disconnected node: analog_io[35]
Cell openframe_project_wrapper (0) disconnected node: analog_io[36]
Cell openframe_project_wrapper (0) disconnected node: analog_io[37]
Cell openframe_project_wrapper (0) disconnected node: analog_io[38]
Cell openframe_project_wrapper (0) disconnected node: analog_io[39]
Cell openframe_project_wrapper (0) disconnected node: analog_io[3]
Cell openframe_project_wrapper (0) disconnected node: analog_io[40]
Cell openframe_project_wrapper (0) disconnected node: analog_io[41]
Cell openframe_project_wrapper (0) disconnected node: analog_io[42]
Cell openframe_project_wrapper (0) disconnected node: analog_io[43]
Cell openframe_project_wrapper (0) disconnected node: analog_io[4]
Cell openframe_project_wrapper (0) disconnected node: analog_io[5]
Cell openframe_project_wrapper (0) disconnected node: analog_io[6]
Cell openframe_project_wrapper (0) disconnected node: analog_io[7]
Cell openframe_project_wrapper (0) disconnected node: analog_io[8]
Cell openframe_project_wrapper (0) disconnected node: analog_io[9]
Cell openframe_project_wrapper (0) disconnected node: analog_noesd_io[0]
Cell openframe_project_wrapper (0) disconnected node: analog_noesd_io[10]
Cell openframe_project_wrapper (0) disconnected node: analog_noesd_io[11]
Cell openframe_project_wrapper (0) disconnected node: analog_noesd_io[12]
Cell openframe_project_wrapper (0) disconnected node: analog_noesd_io[13]
Cell openframe_project_wrapper (0) disconnected node: analog_noesd_io[14]
Cell openframe_project_wrapper (0) disconnected node: analog_noesd_io[15]
Cell openframe_project_wrapper (0) disconnected node: analog_noesd_io[16]
Cell openframe_project_wrapper (0) disconnected node: analog_noesd_io[17]
Cell openframe_project_wrapper (0) disconnected node: analog_noesd_io[18]
Cell openframe_project_wrapper (0) disconnected node: analog_noesd_io[19]
Cell openframe_project_wrapper (0) disconnected node: analog_noesd_io[1]
Cell openframe_project_wrapper (0) disconnected node: analog_noesd_io[20]
Cell openframe_project_wrapper (0) disconnected node: analog_noesd_io[21]
Cell openframe_project_wrapper (0) disconnected node: analog_noesd_io[22]
Cell openframe_project_wrapper (0) disconnected node: analog_noesd_io[23]
Cell openframe_project_wrapper (0) disconnected node: analog_noesd_io[24]
Cell openframe_project_wrapper (0) disconnected node: analog_noesd_io[25]
Cell openframe_project_wrapper (0) disconnected node: analog_noesd_io[26]
Cell openframe_project_wrapper (0) disconnected node: analog_noesd_io[27]
Cell openframe_project_wrapper (0) disconnected node: analog_noesd_io[28]
Cell openframe_project_wrapper (0) disconnected node: analog_noesd_io[29]
Cell openframe_project_wrapper (0) disconnected node: analog_noesd_io[2]
Cell openframe_project_wrapper (0) disconnected node: analog_noesd_io[30]
Cell openframe_project_wrapper (0) disconnected node: analog_noesd_io[31]
Cell openframe_project_wrapper (0) disconnected node: analog_noesd_io[32]
Cell openframe_project_wrapper (0) disconnected node: analog_noesd_io[33]
Cell openframe_project_wrapper (0) disconnected node: analog_noesd_io[34]
Cell openframe_project_wrapper (0) disconnected node: analog_noesd_io[35]
Cell openframe_project_wrapper (0) disconnected node: analog_noesd_io[36]
Cell openframe_project_wrapper (0) disconnected node: analog_noesd_io[37]
Cell openframe_project_wrapper (0) disconnected node: analog_noesd_io[38]
Cell openframe_project_wrapper (0) disconnected node: analog_noesd_io[39]
Cell openframe_project_wrapper (0) disconnected node: analog_noesd_io[3]
Cell openframe_project_wrapper (0) disconnected node: analog_noesd_io[40]
Cell openframe_project_wrapper (0) disconnected node: analog_noesd_io[41]
Cell openframe_project_wrapper (0) disconnected node: analog_noesd_io[42]
Cell openframe_project_wrapper (0) disconnected node: analog_noesd_io[43]
Cell openframe_project_wrapper (0) disconnected node: analog_noesd_io[4]
Cell openframe_project_wrapper (0) disconnected node: analog_noesd_io[5]
Cell openframe_project_wrapper (0) disconnected node: analog_noesd_io[6]
Cell openframe_project_wrapper (0) disconnected node: analog_noesd_io[7]
Cell openframe_project_wrapper (0) disconnected node: analog_noesd_io[8]
Cell openframe_project_wrapper (0) disconnected node: analog_noesd_io[9]
Cell openframe_project_wrapper (0) disconnected node: gpio_dm2[10]
Cell openframe_project_wrapper (0) disconnected node: gpio_dm2[11]
Cell openframe_project_wrapper (0) disconnected node: gpio_dm2[12]
Cell openframe_project_wrapper (0) disconnected node: gpio_dm2[2]
Cell openframe_project_wrapper (0) disconnected node: gpio_dm2[3]
Cell openframe_project_wrapper (0) disconnected node: gpio_dm2[4]
Cell openframe_project_wrapper (0) disconnected node: gpio_dm2[5]
Cell openframe_project_wrapper (0) disconnected node: gpio_dm2[6]
Cell openframe_project_wrapper (0) disconnected node: gpio_dm2[7]
Cell openframe_project_wrapper (0) disconnected node: gpio_dm2[8]
Cell openframe_project_wrapper (0) disconnected node: gpio_dm2[9]
Cell openframe_project_wrapper (0) disconnected node: gpio_in[10]
Cell openframe_project_wrapper (0) disconnected node: gpio_in[11]
Cell openframe_project_wrapper (0) disconnected node: gpio_in[12]
Cell openframe_project_wrapper (0) disconnected node: gpio_in[13]
Cell openframe_project_wrapper (0) disconnected node: gpio_in[14]
Cell openframe_project_wrapper (0) disconnected node: gpio_in[15]
Cell openframe_project_wrapper (0) disconnected node: gpio_in[16]
Cell openframe_project_wrapper (0) disconnected node: gpio_in[17]
Cell openframe_project_wrapper (0) disconnected node: gpio_in[18]
Cell openframe_project_wrapper (0) disconnected node: gpio_in[19]
Cell openframe_project_wrapper (0) disconnected node: gpio_in[20]
Cell openframe_project_wrapper (0) disconnected node: gpio_in[21]
Cell openframe_project_wrapper (0) disconnected node: gpio_in[22]
Cell openframe_project_wrapper (0) disconnected node: gpio_in[23]
Cell openframe_project_wrapper (0) disconnected node: gpio_in[24]
Cell openframe_project_wrapper (0) disconnected node: gpio_in[25]
Cell openframe_project_wrapper (0) disconnected node: gpio_in[26]
Cell openframe_project_wrapper (0) disconnected node: gpio_in[27]
Cell openframe_project_wrapper (0) disconnected node: gpio_in[28]
Cell openframe_project_wrapper (0) disconnected node: gpio_in[29]
Cell openframe_project_wrapper (0) disconnected node: gpio_in[2]
Cell openframe_project_wrapper (0) disconnected node: gpio_in[30]
Cell openframe_project_wrapper (0) disconnected node: gpio_in[31]
Cell openframe_project_wrapper (0) disconnected node: gpio_in[32]
Cell openframe_project_wrapper (0) disconnected node: gpio_in[33]
Cell openframe_project_wrapper (0) disconnected node: gpio_in[34]
Cell openframe_project_wrapper (0) disconnected node: gpio_in[35]
Cell openframe_project_wrapper (0) disconnected node: gpio_in[36]
Cell openframe_project_wrapper (0) disconnected node: gpio_in[37]
Cell openframe_project_wrapper (0) disconnected node: gpio_in[38]
Cell openframe_project_wrapper (0) disconnected node: gpio_in[39]
Cell openframe_project_wrapper (0) disconnected node: gpio_in[3]
Cell openframe_project_wrapper (0) disconnected node: gpio_in[40]
Cell openframe_project_wrapper (0) disconnected node: gpio_in[41]
Cell openframe_project_wrapper (0) disconnected node: gpio_in[42]
Cell openframe_project_wrapper (0) disconnected node: gpio_in[43]
Cell openframe_project_wrapper (0) disconnected node: gpio_in[4]
Cell openframe_project_wrapper (0) disconnected node: gpio_in[5]
Cell openframe_project_wrapper (0) disconnected node: gpio_in[6]
Cell openframe_project_wrapper (0) disconnected node: gpio_in[7]
Cell openframe_project_wrapper (0) disconnected node: gpio_in[8]
Cell openframe_project_wrapper (0) disconnected node: gpio_in[9]
Cell openframe_project_wrapper (0) disconnected node: gpio_in_h[0]
Cell openframe_project_wrapper (0) disconnected node: gpio_in_h[10]
Cell openframe_project_wrapper (0) disconnected node: gpio_in_h[11]
Cell openframe_project_wrapper (0) disconnected node: gpio_in_h[12]
Cell openframe_project_wrapper (0) disconnected node: gpio_in_h[13]
Cell openframe_project_wrapper (0) disconnected node: gpio_in_h[14]
Cell openframe_project_wrapper (0) disconnected node: gpio_in_h[15]
Cell openframe_project_wrapper (0) disconnected node: gpio_in_h[16]
Cell openframe_project_wrapper (0) disconnected node: gpio_in_h[17]
Cell openframe_project_wrapper (0) disconnected node: gpio_in_h[18]
Cell openframe_project_wrapper (0) disconnected node: gpio_in_h[19]
Cell openframe_project_wrapper (0) disconnected node: gpio_in_h[1]
Cell openframe_project_wrapper (0) disconnected node: gpio_in_h[20]
Cell openframe_project_wrapper (0) disconnected node: gpio_in_h[21]
Cell openframe_project_wrapper (0) disconnected node: gpio_in_h[22]
Cell openframe_project_wrapper (0) disconnected node: gpio_in_h[23]
Cell openframe_project_wrapper (0) disconnected node: gpio_in_h[24]
Cell openframe_project_wrapper (0) disconnected node: gpio_in_h[25]
Cell openframe_project_wrapper (0) disconnected node: gpio_in_h[26]
Cell openframe_project_wrapper (0) disconnected node: gpio_in_h[27]
Cell openframe_project_wrapper (0) disconnected node: gpio_in_h[28]
Cell openframe_project_wrapper (0) disconnected node: gpio_in_h[29]
Cell openframe_project_wrapper (0) disconnected node: gpio_in_h[2]
Cell openframe_project_wrapper (0) disconnected node: gpio_in_h[30]
Cell openframe_project_wrapper (0) disconnected node: gpio_in_h[31]
Cell openframe_project_wrapper (0) disconnected node: gpio_in_h[32]
Cell openframe_project_wrapper (0) disconnected node: gpio_in_h[33]
Cell openframe_project_wrapper (0) disconnected node: gpio_in_h[34]
Cell openframe_project_wrapper (0) disconnected node: gpio_in_h[35]
Cell openframe_project_wrapper (0) disconnected node: gpio_in_h[36]
Cell openframe_project_wrapper (0) disconnected node: gpio_in_h[37]
Cell openframe_project_wrapper (0) disconnected node: gpio_in_h[38]
Cell openframe_project_wrapper (0) disconnected node: gpio_in_h[39]
Cell openframe_project_wrapper (0) disconnected node: gpio_in_h[3]
Cell openframe_project_wrapper (0) disconnected node: gpio_in_h[40]
Cell openframe_project_wrapper (0) disconnected node: gpio_in_h[41]
Cell openframe_project_wrapper (0) disconnected node: gpio_in_h[42]
Cell openframe_project_wrapper (0) disconnected node: gpio_in_h[43]
Cell openframe_project_wrapper (0) disconnected node: gpio_in_h[4]
Cell openframe_project_wrapper (0) disconnected node: gpio_in_h[5]
Cell openframe_project_wrapper (0) disconnected node: gpio_in_h[6]
Cell openframe_project_wrapper (0) disconnected node: gpio_in_h[7]
Cell openframe_project_wrapper (0) disconnected node: gpio_in_h[8]
Cell openframe_project_wrapper (0) disconnected node: gpio_in_h[9]
Cell openframe_project_wrapper (0) disconnected node: gpio_oeb[0]
Cell openframe_project_wrapper (0) disconnected node: gpio_oeb[10]
Cell openframe_project_wrapper (0) disconnected node: gpio_oeb[11]
Cell openframe_project_wrapper (0) disconnected node: gpio_oeb[12]
Cell openframe_project_wrapper (0) disconnected node: gpio_oeb[13]
Cell openframe_project_wrapper (0) disconnected node: gpio_oeb[14]
Cell openframe_project_wrapper (0) disconnected node: gpio_oeb[15]
Cell openframe_project_wrapper (0) disconnected node: gpio_oeb[16]
Cell openframe_project_wrapper (0) disconnected node: gpio_oeb[17]
Cell openframe_project_wrapper (0) disconnected node: gpio_oeb[18]
Cell openframe_project_wrapper (0) disconnected node: gpio_oeb[19]
Cell openframe_project_wrapper (0) disconnected node: gpio_oeb[1]
Cell openframe_project_wrapper (0) disconnected node: gpio_oeb[20]
Cell openframe_project_wrapper (0) disconnected node: gpio_oeb[21]
Cell openframe_project_wrapper (0) disconnected node: gpio_oeb[22]
Cell openframe_project_wrapper (0) disconnected node: gpio_oeb[23]
Cell openframe_project_wrapper (0) disconnected node: gpio_oeb[24]
Cell openframe_project_wrapper (0) disconnected node: gpio_oeb[25]
Cell openframe_project_wrapper (0) disconnected node: gpio_oeb[26]
Cell openframe_project_wrapper (0) disconnected node: gpio_oeb[27]
Cell openframe_project_wrapper (0) disconnected node: gpio_oeb[28]
Cell openframe_project_wrapper (0) disconnected node: gpio_oeb[29]
Cell openframe_project_wrapper (0) disconnected node: gpio_oeb[2]
Cell openframe_project_wrapper (0) disconnected node: gpio_oeb[30]
Cell openframe_project_wrapper (0) disconnected node: gpio_oeb[31]
Cell openframe_project_wrapper (0) disconnected node: gpio_oeb[32]
Cell openframe_project_wrapper (0) disconnected node: gpio_oeb[33]
Cell openframe_project_wrapper (0) disconnected node: gpio_oeb[34]
Cell openframe_project_wrapper (0) disconnected node: gpio_oeb[35]
Cell openframe_project_wrapper (0) disconnected node: gpio_oeb[36]
Cell openframe_project_wrapper (0) disconnected node: gpio_oeb[37]
Cell openframe_project_wrapper (0) disconnected node: gpio_oeb[38]
Cell openframe_project_wrapper (0) disconnected node: gpio_oeb[39]
Cell openframe_project_wrapper (0) disconnected node: gpio_oeb[3]
Cell openframe_project_wrapper (0) disconnected node: gpio_oeb[40]
Cell openframe_project_wrapper (0) disconnected node: gpio_oeb[41]
Cell openframe_project_wrapper (0) disconnected node: gpio_oeb[42]
Cell openframe_project_wrapper (0) disconnected node: gpio_oeb[43]
Cell openframe_project_wrapper (0) disconnected node: gpio_oeb[4]
Cell openframe_project_wrapper (0) disconnected node: gpio_oeb[5]
Cell openframe_project_wrapper (0) disconnected node: gpio_oeb[6]
Cell openframe_project_wrapper (0) disconnected node: gpio_oeb[7]
Cell openframe_project_wrapper (0) disconnected node: gpio_oeb[8]
Cell openframe_project_wrapper (0) disconnected node: gpio_oeb[9]
Cell openframe_project_wrapper (0) disconnected node: gpio_out[0]
Cell openframe_project_wrapper (0) disconnected node: gpio_out[13]
Cell openframe_project_wrapper (0) disconnected node: gpio_out[14]
Cell openframe_project_wrapper (0) disconnected node: gpio_out[15]
Cell openframe_project_wrapper (0) disconnected node: gpio_out[16]
Cell openframe_project_wrapper (0) disconnected node: gpio_out[17]
Cell openframe_project_wrapper (0) disconnected node: gpio_out[18]
Cell openframe_project_wrapper (0) disconnected node: gpio_out[19]
Cell openframe_project_wrapper (0) disconnected node: gpio_out[1]
Cell openframe_project_wrapper (0) disconnected node: gpio_out[20]
Cell openframe_project_wrapper (0) disconnected node: gpio_out[21]
Cell openframe_project_wrapper (0) disconnected node: gpio_out[22]
Cell openframe_project_wrapper (0) disconnected node: gpio_out[23]
Cell openframe_project_wrapper (0) disconnected node: gpio_out[24]
Cell openframe_project_wrapper (0) disconnected node: gpio_out[25]
Cell openframe_project_wrapper (0) disconnected node: gpio_out[26]
Cell openframe_project_wrapper (0) disconnected node: gpio_out[27]
Cell openframe_project_wrapper (0) disconnected node: gpio_out[28]
Cell openframe_project_wrapper (0) disconnected node: gpio_out[29]
Cell openframe_project_wrapper (0) disconnected node: gpio_out[30]
Cell openframe_project_wrapper (0) disconnected node: gpio_out[31]
Cell openframe_project_wrapper (0) disconnected node: gpio_out[32]
Cell openframe_project_wrapper (0) disconnected node: gpio_out[33]
Cell openframe_project_wrapper (0) disconnected node: gpio_out[34]
Cell openframe_project_wrapper (0) disconnected node: gpio_out[35]
Cell openframe_project_wrapper (0) disconnected node: gpio_out[36]
Cell openframe_project_wrapper (0) disconnected node: gpio_out[37]
Cell openframe_project_wrapper (0) disconnected node: gpio_out[38]
Cell openframe_project_wrapper (0) disconnected node: gpio_out[39]
Cell openframe_project_wrapper (0) disconnected node: gpio_out[40]
Cell openframe_project_wrapper (0) disconnected node: gpio_out[41]
Cell openframe_project_wrapper (0) disconnected node: gpio_out[42]
Cell openframe_project_wrapper (0) disconnected node: gpio_out[43]
Cell openframe_project_wrapper (0) disconnected node: mask_rev[0]
Cell openframe_project_wrapper (0) disconnected node: mask_rev[10]
Cell openframe_project_wrapper (0) disconnected node: mask_rev[11]
Cell openframe_project_wrapper (0) disconnected node: mask_rev[12]
Cell openframe_project_wrapper (0) disconnected node: mask_rev[13]
Cell openframe_project_wrapper (0) disconnected node: mask_rev[14]
Cell openframe_project_wrapper (0) disconnected node: mask_rev[15]
Cell openframe_project_wrapper (0) disconnected node: mask_rev[16]
Cell openframe_project_wrapper (0) disconnected node: mask_rev[17]
Cell openframe_project_wrapper (0) disconnected node: mask_rev[18]
Cell openframe_project_wrapper (0) disconnected node: mask_rev[19]
Cell openframe_project_wrapper (0) disconnected node: mask_rev[1]
Cell openframe_project_wrapper (0) disconnected node: mask_rev[20]
Cell openframe_project_wrapper (0) disconnected node: mask_rev[21]
Cell openframe_project_wrapper (0) disconnected node: mask_rev[22]
Cell openframe_project_wrapper (0) disconnected node: mask_rev[23]
Cell openframe_project_wrapper (0) disconnected node: mask_rev[24]
Cell openframe_project_wrapper (0) disconnected node: mask_rev[25]
Cell openframe_project_wrapper (0) disconnected node: mask_rev[26]
Cell openframe_project_wrapper (0) disconnected node: mask_rev[27]
Cell openframe_project_wrapper (0) disconnected node: mask_rev[28]
Cell openframe_project_wrapper (0) disconnected node: mask_rev[29]
Cell openframe_project_wrapper (0) disconnected node: mask_rev[2]
Cell openframe_project_wrapper (0) disconnected node: mask_rev[30]
Cell openframe_project_wrapper (0) disconnected node: mask_rev[31]
Cell openframe_project_wrapper (0) disconnected node: mask_rev[3]
Cell openframe_project_wrapper (0) disconnected node: mask_rev[4]
Cell openframe_project_wrapper (0) disconnected node: mask_rev[5]
Cell openframe_project_wrapper (0) disconnected node: mask_rev[6]
Cell openframe_project_wrapper (0) disconnected node: mask_rev[7]
Cell openframe_project_wrapper (0) disconnected node: mask_rev[8]
Cell openframe_project_wrapper (0) disconnected node: mask_rev[9]
Cell openframe_project_wrapper (0) disconnected node: por_l
Cell openframe_project_wrapper (0) disconnected node: porb_h
Cell openframe_project_wrapper (0) disconnected node: porb_l
Cell openframe_project_wrapper (0) disconnected node: resetb_h
Cell openframe_project_wrapper (0) disconnected node: resetb_l
Cell openframe_project_wrapper (0) disconnected node: vccd
Cell openframe_project_wrapper (0) disconnected node: vccd2
Cell openframe_project_wrapper (0) disconnected node: vdda
Cell openframe_project_wrapper (0) disconnected node: vdda1
Cell openframe_project_wrapper (0) disconnected node: vdda2
Cell openframe_project_wrapper (0) disconnected node: vddio
Cell openframe_project_wrapper (0) disconnected node: vssa
Cell openframe_project_wrapper (0) disconnected node: vssa1
Cell openframe_project_wrapper (0) disconnected node: vssa2
Cell openframe_project_wrapper (0) disconnected node: vssd
Cell openframe_project_wrapper (0) disconnected node: vssd2
Cell openframe_project_wrapper (0) disconnected node: vssio
Cell openframe_project_wrapper (0) disconnected node: vdda_uq0
Cell openframe_project_wrapper (0) disconnected node: vssio_uq0
Cell openframe_project_wrapper (0) disconnected node: vssio_uq1
Cell openframe_project_wrapper (0) disconnected node: vssio_uq2
Cell openframe_project_wrapper (0) disconnected node: vssd_uq0
Cell openframe_project_wrapper (0) disconnected node: vssa_uq0
Cell openframe_project_wrapper (0) disconnected node: vccd_uq0
Cell openframe_project_wrapper (0) disconnected node: vddio_uq0
Cell openframe_project_wrapper (0) disconnected node: vddio_uq1
Cell openframe_project_wrapper (0) disconnected node: vddio_uq2
Cell openframe_project_wrapper (0) disconnected node: vssa1_uq0
Cell openframe_project_wrapper (0) disconnected node: vssa1_uq1
Cell openframe_project_wrapper (0) disconnected node: vssa1_uq2
Cell openframe_project_wrapper (0) disconnected node: vssd2_uq0
Cell openframe_project_wrapper (0) disconnected node: vssd2_uq1
Cell openframe_project_wrapper (0) disconnected node: vdda2_uq0
Cell openframe_project_wrapper (0) disconnected node: vdda1_uq0
Cell openframe_project_wrapper (0) disconnected node: vdda1_uq1
Cell openframe_project_wrapper (0) disconnected node: vdda1_uq2
Cell openframe_project_wrapper (0) disconnected node: vssa2_uq0
Cell openframe_project_wrapper (0) disconnected node: vccd2_uq0
Cell openframe_project_wrapper (0) disconnected node: vccd2_uq1
Cell openframe_project_wrapper (1) disconnected node: por_l
Cell openframe_project_wrapper (1) disconnected node: porb_h
Cell openframe_project_wrapper (1) disconnected node: porb_l
Cell openframe_project_wrapper (1) disconnected node: resetb_h
Cell openframe_project_wrapper (1) disconnected node: resetb_l
Cell openframe_project_wrapper (1) disconnected node: vdda1
Cell openframe_project_wrapper (1) disconnected node: vssa1
Cell openframe_project_wrapper (1) disconnected node: vssio
Cell openframe_project_wrapper (1) disconnected node: vccd2
Cell openframe_project_wrapper (1) disconnected node: vddio
Cell openframe_project_wrapper (1) disconnected node: vssa2
Cell openframe_project_wrapper (1) disconnected node: vdda2
Cell openframe_project_wrapper (1) disconnected node: vdda
Cell openframe_project_wrapper (1) disconnected node: vssd2
Cell openframe_project_wrapper (1) disconnected node: vccd
Cell openframe_project_wrapper (1) disconnected node: vssa
Cell openframe_project_wrapper (1) disconnected node: vssd
Cell openframe_project_wrapper (1) disconnected node: analog_io[43]
Cell openframe_project_wrapper (1) disconnected node: analog_io[42]
Cell openframe_project_wrapper (1) disconnected node: analog_io[41]
Cell openframe_project_wrapper (1) disconnected node: analog_io[40]
Cell openframe_project_wrapper (1) disconnected node: analog_io[39]
Cell openframe_project_wrapper (1) disconnected node: analog_io[38]
Cell openframe_project_wrapper (1) disconnected node: analog_io[37]
Cell openframe_project_wrapper (1) disconnected node: analog_io[36]
Cell openframe_project_wrapper (1) disconnected node: analog_io[35]
Cell openframe_project_wrapper (1) disconnected node: analog_io[34]
Cell openframe_project_wrapper (1) disconnected node: analog_io[33]
Cell openframe_project_wrapper (1) disconnected node: analog_io[32]
Cell openframe_project_wrapper (1) disconnected node: analog_io[31]
Cell openframe_project_wrapper (1) disconnected node: analog_io[30]
Cell openframe_project_wrapper (1) disconnected node: analog_io[29]
Cell openframe_project_wrapper (1) disconnected node: analog_io[28]
Cell openframe_project_wrapper (1) disconnected node: analog_io[27]
Cell openframe_project_wrapper (1) disconnected node: analog_io[26]
Cell openframe_project_wrapper (1) disconnected node: analog_io[25]
Cell openframe_project_wrapper (1) disconnected node: analog_io[24]
Cell openframe_project_wrapper (1) disconnected node: analog_io[23]
Cell openframe_project_wrapper (1) disconnected node: analog_io[22]
Cell openframe_project_wrapper (1) disconnected node: analog_io[21]
Cell openframe_project_wrapper (1) disconnected node: analog_io[20]
Cell openframe_project_wrapper (1) disconnected node: analog_io[19]
Cell openframe_project_wrapper (1) disconnected node: analog_io[18]
Cell openframe_project_wrapper (1) disconnected node: analog_io[17]
Cell openframe_project_wrapper (1) disconnected node: analog_io[16]
Cell openframe_project_wrapper (1) disconnected node: analog_io[15]
Cell openframe_project_wrapper (1) disconnected node: analog_io[14]
Cell openframe_project_wrapper (1) disconnected node: analog_io[13]
Cell openframe_project_wrapper (1) disconnected node: analog_io[12]
Cell openframe_project_wrapper (1) disconnected node: analog_io[11]
Cell openframe_project_wrapper (1) disconnected node: analog_io[10]
Cell openframe_project_wrapper (1) disconnected node: analog_io[9]
Cell openframe_project_wrapper (1) disconnected node: analog_io[8]
Cell openframe_project_wrapper (1) disconnected node: analog_io[7]
Cell openframe_project_wrapper (1) disconnected node: analog_io[6]
Cell openframe_project_wrapper (1) disconnected node: analog_io[5]
Cell openframe_project_wrapper (1) disconnected node: analog_io[4]
Cell openframe_project_wrapper (1) disconnected node: analog_io[3]
Cell openframe_project_wrapper (1) disconnected node: analog_io[2]
Cell openframe_project_wrapper (1) disconnected node: analog_io[1]
Cell openframe_project_wrapper (1) disconnected node: analog_io[0]
Cell openframe_project_wrapper (1) disconnected node: analog_noesd_io[43]
Cell openframe_project_wrapper (1) disconnected node: analog_noesd_io[42]
Cell openframe_project_wrapper (1) disconnected node: analog_noesd_io[41]
Cell openframe_project_wrapper (1) disconnected node: analog_noesd_io[40]
Cell openframe_project_wrapper (1) disconnected node: analog_noesd_io[39]
Cell openframe_project_wrapper (1) disconnected node: analog_noesd_io[38]
Cell openframe_project_wrapper (1) disconnected node: analog_noesd_io[37]
Cell openframe_project_wrapper (1) disconnected node: analog_noesd_io[36]
Cell openframe_project_wrapper (1) disconnected node: analog_noesd_io[35]
Cell openframe_project_wrapper (1) disconnected node: analog_noesd_io[34]
Cell openframe_project_wrapper (1) disconnected node: analog_noesd_io[33]
Cell openframe_project_wrapper (1) disconnected node: analog_noesd_io[32]
Cell openframe_project_wrapper (1) disconnected node: analog_noesd_io[31]
Cell openframe_project_wrapper (1) disconnected node: analog_noesd_io[30]
Cell openframe_project_wrapper (1) disconnected node: analog_noesd_io[29]
Cell openframe_project_wrapper (1) disconnected node: analog_noesd_io[28]
Cell openframe_project_wrapper (1) disconnected node: analog_noesd_io[27]
Cell openframe_project_wrapper (1) disconnected node: analog_noesd_io[26]
Cell openframe_project_wrapper (1) disconnected node: analog_noesd_io[25]
Cell openframe_project_wrapper (1) disconnected node: analog_noesd_io[24]
Cell openframe_project_wrapper (1) disconnected node: analog_noesd_io[23]
Cell openframe_project_wrapper (1) disconnected node: analog_noesd_io[22]
Cell openframe_project_wrapper (1) disconnected node: analog_noesd_io[21]
Cell openframe_project_wrapper (1) disconnected node: analog_noesd_io[20]
Cell openframe_project_wrapper (1) disconnected node: analog_noesd_io[19]
Cell openframe_project_wrapper (1) disconnected node: analog_noesd_io[18]
Cell openframe_project_wrapper (1) disconnected node: analog_noesd_io[17]
Cell openframe_project_wrapper (1) disconnected node: analog_noesd_io[16]
Cell openframe_project_wrapper (1) disconnected node: analog_noesd_io[15]
Cell openframe_project_wrapper (1) disconnected node: analog_noesd_io[14]
Cell openframe_project_wrapper (1) disconnected node: analog_noesd_io[13]
Cell openframe_project_wrapper (1) disconnected node: analog_noesd_io[12]
Cell openframe_project_wrapper (1) disconnected node: analog_noesd_io[11]
Cell openframe_project_wrapper (1) disconnected node: analog_noesd_io[10]
Cell openframe_project_wrapper (1) disconnected node: analog_noesd_io[9]
Cell openframe_project_wrapper (1) disconnected node: analog_noesd_io[8]
Cell openframe_project_wrapper (1) disconnected node: analog_noesd_io[7]
Cell openframe_project_wrapper (1) disconnected node: analog_noesd_io[6]
Cell openframe_project_wrapper (1) disconnected node: analog_noesd_io[5]
Cell openframe_project_wrapper (1) disconnected node: analog_noesd_io[4]
Cell openframe_project_wrapper (1) disconnected node: analog_noesd_io[3]
Cell openframe_project_wrapper (1) disconnected node: analog_noesd_io[2]
Cell openframe_project_wrapper (1) disconnected node: analog_noesd_io[1]
Cell openframe_project_wrapper (1) disconnected node: analog_noesd_io[0]
Cell openframe_project_wrapper (1) disconnected node: gpio_in[43]
Cell openframe_project_wrapper (1) disconnected node: gpio_in[42]
Cell openframe_project_wrapper (1) disconnected node: gpio_in[41]
Cell openframe_project_wrapper (1) disconnected node: gpio_in[40]
Cell openframe_project_wrapper (1) disconnected node: gpio_in[39]
Cell openframe_project_wrapper (1) disconnected node: gpio_in[38]
Cell openframe_project_wrapper (1) disconnected node: gpio_in[37]
Cell openframe_project_wrapper (1) disconnected node: gpio_in[36]
Cell openframe_project_wrapper (1) disconnected node: gpio_in[35]
Cell openframe_project_wrapper (1) disconnected node: gpio_in[34]
Cell openframe_project_wrapper (1) disconnected node: gpio_in[33]
Cell openframe_project_wrapper (1) disconnected node: gpio_in[32]
Cell openframe_project_wrapper (1) disconnected node: gpio_in[31]
Cell openframe_project_wrapper (1) disconnected node: gpio_in[30]
Cell openframe_project_wrapper (1) disconnected node: gpio_in[29]
Cell openframe_project_wrapper (1) disconnected node: gpio_in[28]
Cell openframe_project_wrapper (1) disconnected node: gpio_in[27]
Cell openframe_project_wrapper (1) disconnected node: gpio_in[26]
Cell openframe_project_wrapper (1) disconnected node: gpio_in[25]
Cell openframe_project_wrapper (1) disconnected node: gpio_in[24]
Cell openframe_project_wrapper (1) disconnected node: gpio_in[23]
Cell openframe_project_wrapper (1) disconnected node: gpio_in[22]
Cell openframe_project_wrapper (1) disconnected node: gpio_in[21]
Cell openframe_project_wrapper (1) disconnected node: gpio_in[20]
Cell openframe_project_wrapper (1) disconnected node: gpio_in[19]
Cell openframe_project_wrapper (1) disconnected node: gpio_in[18]
Cell openframe_project_wrapper (1) disconnected node: gpio_in[17]
Cell openframe_project_wrapper (1) disconnected node: gpio_in[16]
Cell openframe_project_wrapper (1) disconnected node: gpio_in[15]
Cell openframe_project_wrapper (1) disconnected node: gpio_in[14]
Cell openframe_project_wrapper (1) disconnected node: gpio_in[13]
Cell openframe_project_wrapper (1) disconnected node: gpio_in[12]
Cell openframe_project_wrapper (1) disconnected node: gpio_in[11]
Cell openframe_project_wrapper (1) disconnected node: gpio_in[10]
Cell openframe_project_wrapper (1) disconnected node: gpio_in[9]
Cell openframe_project_wrapper (1) disconnected node: gpio_in[8]
Cell openframe_project_wrapper (1) disconnected node: gpio_in[7]
Cell openframe_project_wrapper (1) disconnected node: gpio_in[6]
Cell openframe_project_wrapper (1) disconnected node: gpio_in[5]
Cell openframe_project_wrapper (1) disconnected node: gpio_in[4]
Cell openframe_project_wrapper (1) disconnected node: gpio_in[3]
Cell openframe_project_wrapper (1) disconnected node: gpio_in[2]
Cell openframe_project_wrapper (1) disconnected node: gpio_in_h[43]
Cell openframe_project_wrapper (1) disconnected node: gpio_in_h[42]
Cell openframe_project_wrapper (1) disconnected node: gpio_in_h[41]
Cell openframe_project_wrapper (1) disconnected node: gpio_in_h[40]
Cell openframe_project_wrapper (1) disconnected node: gpio_in_h[39]
Cell openframe_project_wrapper (1) disconnected node: gpio_in_h[38]
Cell openframe_project_wrapper (1) disconnected node: gpio_in_h[37]
Cell openframe_project_wrapper (1) disconnected node: gpio_in_h[36]
Cell openframe_project_wrapper (1) disconnected node: gpio_in_h[35]
Cell openframe_project_wrapper (1) disconnected node: gpio_in_h[34]
Cell openframe_project_wrapper (1) disconnected node: gpio_in_h[33]
Cell openframe_project_wrapper (1) disconnected node: gpio_in_h[32]
Cell openframe_project_wrapper (1) disconnected node: gpio_in_h[31]
Cell openframe_project_wrapper (1) disconnected node: gpio_in_h[30]
Cell openframe_project_wrapper (1) disconnected node: gpio_in_h[29]
Cell openframe_project_wrapper (1) disconnected node: gpio_in_h[28]
Cell openframe_project_wrapper (1) disconnected node: gpio_in_h[27]
Cell openframe_project_wrapper (1) disconnected node: gpio_in_h[26]
Cell openframe_project_wrapper (1) disconnected node: gpio_in_h[25]
Cell openframe_project_wrapper (1) disconnected node: gpio_in_h[24]
Cell openframe_project_wrapper (1) disconnected node: gpio_in_h[23]
Cell openframe_project_wrapper (1) disconnected node: gpio_in_h[22]
Cell openframe_project_wrapper (1) disconnected node: gpio_in_h[21]
Cell openframe_project_wrapper (1) disconnected node: gpio_in_h[20]
Cell openframe_project_wrapper (1) disconnected node: gpio_in_h[19]
Cell openframe_project_wrapper (1) disconnected node: gpio_in_h[18]
Cell openframe_project_wrapper (1) disconnected node: gpio_in_h[17]
Cell openframe_project_wrapper (1) disconnected node: gpio_in_h[16]
Cell openframe_project_wrapper (1) disconnected node: gpio_in_h[15]
Cell openframe_project_wrapper (1) disconnected node: gpio_in_h[14]
Cell openframe_project_wrapper (1) disconnected node: gpio_in_h[13]
Cell openframe_project_wrapper (1) disconnected node: gpio_in_h[12]
Cell openframe_project_wrapper (1) disconnected node: gpio_in_h[11]
Cell openframe_project_wrapper (1) disconnected node: gpio_in_h[10]
Cell openframe_project_wrapper (1) disconnected node: gpio_in_h[9]
Cell openframe_project_wrapper (1) disconnected node: gpio_in_h[8]
Cell openframe_project_wrapper (1) disconnected node: gpio_in_h[7]
Cell openframe_project_wrapper (1) disconnected node: gpio_in_h[6]
Cell openframe_project_wrapper (1) disconnected node: gpio_in_h[5]
Cell openframe_project_wrapper (1) disconnected node: gpio_in_h[4]
Cell openframe_project_wrapper (1) disconnected node: gpio_in_h[3]
Cell openframe_project_wrapper (1) disconnected node: gpio_in_h[2]
Cell openframe_project_wrapper (1) disconnected node: gpio_in_h[1]
Cell openframe_project_wrapper (1) disconnected node: gpio_in_h[0]
Cell openframe_project_wrapper (1) disconnected node: mask_rev[31]
Cell openframe_project_wrapper (1) disconnected node: mask_rev[30]
Cell openframe_project_wrapper (1) disconnected node: mask_rev[29]
Cell openframe_project_wrapper (1) disconnected node: mask_rev[28]
Cell openframe_project_wrapper (1) disconnected node: mask_rev[27]
Cell openframe_project_wrapper (1) disconnected node: mask_rev[26]
Cell openframe_project_wrapper (1) disconnected node: mask_rev[25]
Cell openframe_project_wrapper (1) disconnected node: mask_rev[24]
Cell openframe_project_wrapper (1) disconnected node: mask_rev[23]
Cell openframe_project_wrapper (1) disconnected node: mask_rev[22]
Cell openframe_project_wrapper (1) disconnected node: mask_rev[21]
Cell openframe_project_wrapper (1) disconnected node: mask_rev[20]
Cell openframe_project_wrapper (1) disconnected node: mask_rev[19]
Cell openframe_project_wrapper (1) disconnected node: mask_rev[18]
Cell openframe_project_wrapper (1) disconnected node: mask_rev[17]
Cell openframe_project_wrapper (1) disconnected node: mask_rev[16]
Cell openframe_project_wrapper (1) disconnected node: mask_rev[15]
Cell openframe_project_wrapper (1) disconnected node: mask_rev[14]
Cell openframe_project_wrapper (1) disconnected node: mask_rev[13]
Cell openframe_project_wrapper (1) disconnected node: mask_rev[12]
Cell openframe_project_wrapper (1) disconnected node: mask_rev[11]
Cell openframe_project_wrapper (1) disconnected node: mask_rev[10]
Cell openframe_project_wrapper (1) disconnected node: mask_rev[9]
Cell openframe_project_wrapper (1) disconnected node: mask_rev[8]
Cell openframe_project_wrapper (1) disconnected node: mask_rev[7]
Cell openframe_project_wrapper (1) disconnected node: mask_rev[6]
Cell openframe_project_wrapper (1) disconnected node: mask_rev[5]
Cell openframe_project_wrapper (1) disconnected node: mask_rev[4]
Cell openframe_project_wrapper (1) disconnected node: mask_rev[3]
Cell openframe_project_wrapper (1) disconnected node: mask_rev[2]
Cell openframe_project_wrapper (1) disconnected node: mask_rev[1]
Cell openframe_project_wrapper (1) disconnected node: mask_rev[0]
Subcircuit summary:
Circuit 1: openframe_project_wrapper       |Circuit 2: openframe_project_wrapper       
-------------------------------------------|-------------------------------------------
user_proj_timer (1)                        |user_proj_timer (1)                        
Number of devices: 1                       |Number of devices: 1                       
Number of nets: 15                         |Number of nets: 15                         
---------------------------------------------------------------------------------------
Netlists match uniquely with port errors.

Subcircuit pins:
Circuit 1: openframe_project_wrapper       |Circuit 2: openframe_project_wrapper       
-------------------------------------------|-------------------------------------------
vccd1                                      |vccd1                                      
vssd1                                      |vssd1                                      
gpio_in[0]                                 |gpio_in[0]                                 
gpio_in[1]                                 |gpio_in[1]                                 
gpio_out[12]                               |gpio_out[12]                               
gpio_out[11]                               |gpio_out[11]                               
gpio_out[10]                               |gpio_out[10]                               
gpio_out[9]                                |gpio_out[9]                                
gpio_out[8]                                |gpio_out[8]                                
gpio_out[7]                                |gpio_out[7]                                
gpio_out[6]                                |gpio_out[6]                                
gpio_out[5]                                |gpio_out[5]                                
gpio_out[4]                                |gpio_out[4]                                
gpio_out[3]                                |gpio_out[3]                                
gpio_out[2]                                |gpio_out[2]                                
analog_io[0]                               |analog_io[0]                               
analog_io[10]                              |analog_io[10]                              
analog_io[11]                              |analog_io[11]                              
analog_io[12]                              |analog_io[12]                              
analog_io[13]                              |analog_io[13]                              
analog_io[14]                              |analog_io[14]                              
analog_io[15]                              |analog_io[15]                              
analog_io[16]                              |analog_io[16]                              
analog_io[17]                              |analog_io[17]                              
analog_io[18]                              |analog_io[18]                              
analog_io[19]                              |analog_io[19]                              
analog_io[1]                               |analog_io[1]                               
analog_io[20]                              |analog_io[20]                              
analog_io[21]                              |analog_io[21]                              
analog_io[22]                              |analog_io[22]                              
analog_io[23]                              |analog_io[23]                              
analog_io[24]                              |analog_io[24]                              
analog_io[25]                              |analog_io[25]                              
analog_io[26]                              |analog_io[26]                              
analog_io[27]                              |analog_io[27]                              
analog_io[28]                              |analog_io[28]                              
analog_io[29]                              |analog_io[29]                              
analog_io[2]                               |analog_io[2]                               
analog_io[30]                              |analog_io[30]                              
analog_io[31]                              |analog_io[31]                              
analog_io[32]                              |analog_io[32]                              
analog_io[33]                              |analog_io[33]                              
analog_io[34]                              |analog_io[34]                              
analog_io[35]                              |analog_io[35]                              
analog_io[36]                              |analog_io[36]                              
analog_io[37]                              |analog_io[37]                              
analog_io[38]                              |analog_io[38]                              
analog_io[39]                              |analog_io[39]                              
analog_io[3]                               |analog_io[3]                               
analog_io[40]                              |analog_io[40]                              
analog_io[41]                              |analog_io[41]                              
analog_io[42]                              |analog_io[42]                              
analog_io[43]                              |analog_io[43]                              
analog_io[4]                               |analog_io[4]                               
analog_io[5]                               |analog_io[5]                               
analog_io[6]                               |analog_io[6]                               
analog_io[7]                               |analog_io[7]                               
analog_io[8]                               |analog_io[8]                               
analog_io[9]                               |analog_io[9]                               
analog_noesd_io[0]                         |analog_noesd_io[0]                         
analog_noesd_io[10]                        |analog_noesd_io[10]                        
analog_noesd_io[11]                        |analog_noesd_io[11]                        
analog_noesd_io[12]                        |analog_noesd_io[12]                        
analog_noesd_io[13]                        |analog_noesd_io[13]                        
analog_noesd_io[14]                        |analog_noesd_io[14]                        
analog_noesd_io[15]                        |analog_noesd_io[15]                        
analog_noesd_io[16]                        |analog_noesd_io[16]                        
analog_noesd_io[17]                        |analog_noesd_io[17]                        
analog_noesd_io[18]                        |analog_noesd_io[18]                        
analog_noesd_io[19]                        |analog_noesd_io[19]                        
analog_noesd_io[1]                         |analog_noesd_io[1]                         
analog_noesd_io[20]                        |analog_noesd_io[20]                        
analog_noesd_io[21]                        |analog_noesd_io[21]                        
analog_noesd_io[22]                        |analog_noesd_io[22]                        
analog_noesd_io[23]                        |analog_noesd_io[23]                        
analog_noesd_io[24]                        |analog_noesd_io[24]                        
analog_noesd_io[25]                        |analog_noesd_io[25]                        
analog_noesd_io[26]                        |analog_noesd_io[26]                        
analog_noesd_io[27]                        |analog_noesd_io[27]                        
analog_noesd_io[28]                        |analog_noesd_io[28]                        
analog_noesd_io[29]                        |analog_noesd_io[29]                        
analog_noesd_io[2]                         |analog_noesd_io[2]                         
analog_noesd_io[30]                        |analog_noesd_io[30]                        
analog_noesd_io[31]                        |analog_noesd_io[31]                        
analog_noesd_io[32]                        |analog_noesd_io[32]                        
analog_noesd_io[33]                        |analog_noesd_io[33]                        
analog_noesd_io[34]                        |analog_noesd_io[34]                        
analog_noesd_io[35]                        |analog_noesd_io[35]                        
analog_noesd_io[36]                        |analog_noesd_io[36]                        
analog_noesd_io[37]                        |analog_noesd_io[37]                        
analog_noesd_io[38]                        |analog_noesd_io[38]                        
analog_noesd_io[39]                        |analog_noesd_io[39]                        
analog_noesd_io[3]                         |analog_noesd_io[3]                         
analog_noesd_io[40]                        |analog_noesd_io[40]                        
analog_noesd_io[41]                        |analog_noesd_io[41]                        
analog_noesd_io[42]                        |analog_noesd_io[42]                        
analog_noesd_io[43]                        |analog_noesd_io[43]                        
analog_noesd_io[4]                         |analog_noesd_io[4]                         
analog_noesd_io[5]                         |analog_noesd_io[5]                         
analog_noesd_io[6]                         |analog_noesd_io[6]                         
analog_noesd_io[7]                         |analog_noesd_io[7]                         
analog_noesd_io[8]                         |analog_noesd_io[8]                         
analog_noesd_io[9]                         |analog_noesd_io[9]                         
gpio_in[10]                                |gpio_in[10]                                
gpio_in[11]                                |gpio_in[11]                                
gpio_in[12]                                |gpio_in[12]                                
gpio_in[13]                                |gpio_in[13]                                
gpio_in[14]                                |gpio_in[14]                                
gpio_in[15]                                |gpio_in[15]                                
gpio_in[16]                                |gpio_in[16]                                
gpio_in[17]                                |gpio_in[17]                                
gpio_in[18]                                |gpio_in[18]                                
gpio_in[19]                                |gpio_in[19]                                
gpio_in[20]                                |gpio_in[20]                                
gpio_in[21]                                |gpio_in[21]                                
gpio_in[22]                                |gpio_in[22]                                
gpio_in[23]                                |gpio_in[23]                                
gpio_in[24]                                |gpio_in[24]                                
gpio_in[25]                                |gpio_in[25]                                
gpio_in[26]                                |gpio_in[26]                                
gpio_in[27]                                |gpio_in[27]                                
gpio_in[28]                                |gpio_in[28]                                
gpio_in[29]                                |gpio_in[29]                                
gpio_in[2]                                 |gpio_in[2]                                 
gpio_in[30]                                |gpio_in[30]                                
gpio_in[31]                                |gpio_in[31]                                
gpio_in[32]                                |gpio_in[32]                                
gpio_in[33]                                |gpio_in[33]                                
gpio_in[34]                                |gpio_in[34]                                
gpio_in[35]                                |gpio_in[35]                                
gpio_in[36]                                |gpio_in[36]                                
gpio_in[37]                                |gpio_in[37]                                
gpio_in[38]                                |gpio_in[38]                                
gpio_in[39]                                |gpio_in[39]                                
gpio_in[3]                                 |gpio_in[3]                                 
gpio_in[40]                                |gpio_in[40]                                
gpio_in[41]                                |gpio_in[41]                                
gpio_in[42]                                |gpio_in[42]                                
gpio_in[43]                                |gpio_in[43]                                
gpio_in[4]                                 |gpio_in[4]                                 
gpio_in[5]                                 |gpio_in[5]                                 
gpio_in[6]                                 |gpio_in[6]                                 
gpio_in[7]                                 |gpio_in[7]                                 
gpio_in[8]                                 |gpio_in[8]                                 
gpio_in[9]                                 |gpio_in[9]                                 
gpio_in_h[0]                               |gpio_in_h[0]                               
gpio_in_h[10]                              |gpio_in_h[10]                              
gpio_in_h[11]                              |gpio_in_h[11]                              
gpio_in_h[12]                              |gpio_in_h[12]                              
gpio_in_h[13]                              |gpio_in_h[13]                              
gpio_in_h[14]                              |gpio_in_h[14]                              
gpio_in_h[15]                              |gpio_in_h[15]                              
gpio_in_h[16]                              |gpio_in_h[16]                              
gpio_in_h[17]                              |gpio_in_h[17]                              
gpio_in_h[18]                              |gpio_in_h[18]                              
gpio_in_h[19]                              |gpio_in_h[19]                              
gpio_in_h[1]                               |gpio_in_h[1]                               
gpio_in_h[20]                              |gpio_in_h[20]                              
gpio_in_h[21]                              |gpio_in_h[21]                              
gpio_in_h[22]                              |gpio_in_h[22]                              
gpio_in_h[23]                              |gpio_in_h[23]                              
gpio_in_h[24]                              |gpio_in_h[24]                              
gpio_in_h[25]                              |gpio_in_h[25]                              
gpio_in_h[26]                              |gpio_in_h[26]                              
gpio_in_h[27]                              |gpio_in_h[27]                              
gpio_in_h[28]                              |gpio_in_h[28]                              
gpio_in_h[29]                              |gpio_in_h[29]                              
gpio_in_h[2]                               |gpio_in_h[2]                               
gpio_in_h[30]                              |gpio_in_h[30]                              
gpio_in_h[31]                              |gpio_in_h[31]                              
gpio_in_h[32]                              |gpio_in_h[32]                              
gpio_in_h[33]                              |gpio_in_h[33]                              
gpio_in_h[34]                              |gpio_in_h[34]                              
gpio_in_h[35]                              |gpio_in_h[35]                              
gpio_in_h[36]                              |gpio_in_h[36]                              
gpio_in_h[37]                              |gpio_in_h[37]                              
gpio_in_h[38]                              |gpio_in_h[38]                              
gpio_in_h[39]                              |gpio_in_h[39]                              
gpio_in_h[3]                               |gpio_in_h[3]                               
gpio_in_h[40]                              |gpio_in_h[40]                              
gpio_in_h[41]                              |gpio_in_h[41]                              
gpio_in_h[42]                              |gpio_in_h[42]                              
gpio_in_h[43]                              |gpio_in_h[43]                              
gpio_in_h[4]                               |gpio_in_h[4]                               
gpio_in_h[5]                               |gpio_in_h[5]                               
gpio_in_h[6]                               |gpio_in_h[6]                               
gpio_in_h[7]                               |gpio_in_h[7]                               
gpio_in_h[8]                               |gpio_in_h[8]                               
gpio_in_h[9]                               |gpio_in_h[9]                               
mask_rev[0]                                |mask_rev[0]                                
mask_rev[10]                               |mask_rev[10]                               
mask_rev[11]                               |mask_rev[11]                               
mask_rev[12]                               |mask_rev[12]                               
mask_rev[13]                               |mask_rev[13]                               
mask_rev[14]                               |mask_rev[14]                               
mask_rev[15]                               |mask_rev[15]                               
mask_rev[16]                               |mask_rev[16]                               
mask_rev[17]                               |mask_rev[17]                               
mask_rev[18]                               |mask_rev[18]                               
mask_rev[19]                               |mask_rev[19]                               
mask_rev[1]                                |mask_rev[1]                                
mask_rev[20]                               |mask_rev[20]                               
mask_rev[21]                               |mask_rev[21]                               
mask_rev[22]                               |mask_rev[22]                               
mask_rev[23]                               |mask_rev[23]                               
mask_rev[24]                               |mask_rev[24]                               
mask_rev[25]                               |mask_rev[25]                               
mask_rev[26]                               |mask_rev[26]                               
mask_rev[27]                               |mask_rev[27]                               
mask_rev[28]                               |mask_rev[28]                               
mask_rev[29]                               |mask_rev[29]                               
mask_rev[2]                                |mask_rev[2]                                
mask_rev[30]                               |mask_rev[30]                               
mask_rev[31]                               |mask_rev[31]                               
mask_rev[3]                                |mask_rev[3]                                
mask_rev[4]                                |mask_rev[4]                                
mask_rev[5]                                |mask_rev[5]                                
mask_rev[6]                                |mask_rev[6]                                
mask_rev[7]                                |mask_rev[7]                                
mask_rev[8]                                |mask_rev[8]                                
mask_rev[9]                                |mask_rev[9]                                
por_l                                      |por_l                                      
porb_h                                     |porb_h                                     
porb_l                                     |porb_l                                     
resetb_h                                   |resetb_h                                   
resetb_l                                   |resetb_l                                   
vccd                                       |vccd                                       
vccd2                                      |vccd2                                      
vdda                                       |vdda                                       
vdda1                                      |vdda1                                      
vdda2                                      |vdda2                                      
vddio                                      |vddio                                      
vssa                                       |vssa                                       
vssa1                                      |vssa1                                      
vssa2                                      |vssa2                                      
vssd                                       |vssd                                       
vssd2                                      |vssd2                                      
vssio                                      |vssio                                      
(no matching pin)                          |gpio_analog_en[43]                         
(no matching pin)                          |gpio_analog_en[42]                         
(no matching pin)                          |gpio_analog_en[41]                         
(no matching pin)                          |gpio_analog_en[40]                         
(no matching pin)                          |gpio_analog_en[39]                         
(no matching pin)                          |gpio_analog_en[38]                         
(no matching pin)                          |gpio_analog_en[37]                         
(no matching pin)                          |gpio_analog_en[36]                         
(no matching pin)                          |gpio_analog_en[35]                         
(no matching pin)                          |gpio_analog_en[34]                         
(no matching pin)                          |gpio_analog_en[33]                         
(no matching pin)                          |gpio_analog_en[32]                         
(no matching pin)                          |gpio_analog_en[31]                         
(no matching pin)                          |gpio_analog_en[30]                         
(no matching pin)                          |gpio_analog_en[29]                         
(no matching pin)                          |gpio_analog_en[28]                         
(no matching pin)                          |gpio_analog_en[27]                         
(no matching pin)                          |gpio_analog_en[26]                         
(no matching pin)                          |gpio_analog_en[25]                         
(no matching pin)                          |gpio_analog_en[24]                         
(no matching pin)                          |gpio_analog_en[23]                         
(no matching pin)                          |gpio_analog_en[22]                         
(no matching pin)                          |gpio_analog_en[21]                         
(no matching pin)                          |gpio_analog_en[20]                         
(no matching pin)                          |gpio_analog_en[19]                         
(no matching pin)                          |gpio_analog_en[18]                         
(no matching pin)                          |gpio_analog_en[17]                         
(no matching pin)                          |gpio_analog_en[16]                         
(no matching pin)                          |gpio_analog_en[15]                         
(no matching pin)                          |gpio_analog_en[14]                         
(no matching pin)                          |gpio_analog_en[13]                         
(no matching pin)                          |gpio_analog_en[12]                         
(no matching pin)                          |gpio_analog_en[11]                         
(no matching pin)                          |gpio_analog_en[10]                         
(no matching pin)                          |gpio_analog_en[9]                          
(no matching pin)                          |gpio_analog_en[8]                          
(no matching pin)                          |gpio_analog_en[7]                          
(no matching pin)                          |gpio_analog_en[6]                          
(no matching pin)                          |gpio_analog_en[5]                          
(no matching pin)                          |gpio_analog_en[4]                          
(no matching pin)                          |gpio_analog_en[3]                          
(no matching pin)                          |gpio_analog_en[2]                          
(no matching pin)                          |gpio_analog_en[1]                          
(no matching pin)                          |gpio_analog_en[0]                          
(no matching pin)                          |gpio_analog_pol[43]                        
(no matching pin)                          |gpio_analog_pol[42]                        
(no matching pin)                          |gpio_analog_pol[41]                        
(no matching pin)                          |gpio_analog_pol[40]                        
(no matching pin)                          |gpio_analog_pol[39]                        
(no matching pin)                          |gpio_analog_pol[38]                        
(no matching pin)                          |gpio_analog_pol[37]                        
(no matching pin)                          |gpio_analog_pol[36]                        
(no matching pin)                          |gpio_analog_pol[35]                        
(no matching pin)                          |gpio_analog_pol[34]                        
(no matching pin)                          |gpio_analog_pol[33]                        
(no matching pin)                          |gpio_analog_pol[32]                        
(no matching pin)                          |gpio_analog_pol[31]                        
(no matching pin)                          |gpio_analog_pol[30]                        
(no matching pin)                          |gpio_analog_pol[29]                        
(no matching pin)                          |gpio_analog_pol[28]                        
(no matching pin)                          |gpio_analog_pol[27]                        
(no matching pin)                          |gpio_analog_pol[26]                        
(no matching pin)                          |gpio_analog_pol[25]                        
(no matching pin)                          |gpio_analog_pol[24]                        
(no matching pin)                          |gpio_analog_pol[23]                        
(no matching pin)                          |gpio_analog_pol[22]                        
(no matching pin)                          |gpio_analog_pol[21]                        
(no matching pin)                          |gpio_analog_pol[20]                        
(no matching pin)                          |gpio_analog_pol[19]                        
(no matching pin)                          |gpio_analog_pol[18]                        
(no matching pin)                          |gpio_analog_pol[17]                        
(no matching pin)                          |gpio_analog_pol[16]                        
(no matching pin)                          |gpio_analog_pol[15]                        
(no matching pin)                          |gpio_analog_pol[14]                        
(no matching pin)                          |gpio_analog_pol[13]                        
(no matching pin)                          |gpio_analog_pol[12]                        
(no matching pin)                          |gpio_analog_pol[11]                        
(no matching pin)                          |gpio_analog_pol[10]                        
(no matching pin)                          |gpio_analog_pol[9]                         
(no matching pin)                          |gpio_analog_pol[8]                         
(no matching pin)                          |gpio_analog_pol[7]                         
(no matching pin)                          |gpio_analog_pol[6]                         
(no matching pin)                          |gpio_analog_pol[5]                         
(no matching pin)                          |gpio_analog_pol[4]                         
(no matching pin)                          |gpio_analog_pol[3]                         
(no matching pin)                          |gpio_analog_pol[2]                         
(no matching pin)                          |gpio_analog_pol[1]                         
(no matching pin)                          |gpio_analog_pol[0]                         
(no matching pin)                          |gpio_analog_sel[43]                        
(no matching pin)                          |gpio_analog_sel[42]                        
(no matching pin)                          |gpio_analog_sel[41]                        
(no matching pin)                          |gpio_analog_sel[40]                        
(no matching pin)                          |gpio_analog_sel[39]                        
(no matching pin)                          |gpio_analog_sel[38]                        
(no matching pin)                          |gpio_analog_sel[37]                        
(no matching pin)                          |gpio_analog_sel[36]                        
(no matching pin)                          |gpio_analog_sel[35]                        
(no matching pin)                          |gpio_analog_sel[34]                        
(no matching pin)                          |gpio_analog_sel[33]                        
(no matching pin)                          |gpio_analog_sel[32]                        
(no matching pin)                          |gpio_analog_sel[31]                        
(no matching pin)                          |gpio_analog_sel[30]                        
(no matching pin)                          |gpio_analog_sel[29]                        
(no matching pin)                          |gpio_analog_sel[28]                        
(no matching pin)                          |gpio_analog_sel[27]                        
(no matching pin)                          |gpio_analog_sel[26]                        
(no matching pin)                          |gpio_analog_sel[25]                        
(no matching pin)                          |gpio_analog_sel[24]                        
(no matching pin)                          |gpio_analog_sel[23]                        
(no matching pin)                          |gpio_analog_sel[22]                        
(no matching pin)                          |gpio_analog_sel[21]                        
(no matching pin)                          |gpio_analog_sel[20]                        
(no matching pin)                          |gpio_analog_sel[19]                        
(no matching pin)                          |gpio_analog_sel[18]                        
(no matching pin)                          |gpio_analog_sel[17]                        
(no matching pin)                          |gpio_analog_sel[16]                        
(no matching pin)                          |gpio_analog_sel[15]                        
(no matching pin)                          |gpio_analog_sel[14]                        
(no matching pin)                          |gpio_analog_sel[13]                        
(no matching pin)                          |gpio_analog_sel[12]                        
(no matching pin)                          |gpio_analog_sel[11]                        
(no matching pin)                          |gpio_analog_sel[10]                        
(no matching pin)                          |gpio_analog_sel[9]                         
(no matching pin)                          |gpio_analog_sel[8]                         
(no matching pin)                          |gpio_analog_sel[7]                         
(no matching pin)                          |gpio_analog_sel[6]                         
(no matching pin)                          |gpio_analog_sel[5]                         
(no matching pin)                          |gpio_analog_sel[4]                         
(no matching pin)                          |gpio_analog_sel[3]                         
(no matching pin)                          |gpio_analog_sel[2]                         
(no matching pin)                          |gpio_analog_sel[1]                         
(no matching pin)                          |gpio_analog_sel[0]                         
(no matching pin)                          |gpio_dm0[43]                               
(no matching pin)                          |gpio_dm0[42]                               
(no matching pin)                          |gpio_dm0[41]                               
(no matching pin)                          |gpio_dm0[40]                               
(no matching pin)                          |gpio_dm0[39]                               
(no matching pin)                          |gpio_dm0[38]                               
(no matching pin)                          |gpio_dm0[37]                               
(no matching pin)                          |gpio_dm0[36]                               
(no matching pin)                          |gpio_dm0[35]                               
(no matching pin)                          |gpio_dm0[34]                               
(no matching pin)                          |gpio_dm0[33]                               
(no matching pin)                          |gpio_dm0[32]                               
(no matching pin)                          |gpio_dm0[31]                               
(no matching pin)                          |gpio_dm0[30]                               
(no matching pin)                          |gpio_dm0[29]                               
(no matching pin)                          |gpio_dm0[28]                               
(no matching pin)                          |gpio_dm0[27]                               
(no matching pin)                          |gpio_dm0[26]                               
(no matching pin)                          |gpio_dm0[25]                               
(no matching pin)                          |gpio_dm0[24]                               
(no matching pin)                          |gpio_dm0[23]                               
(no matching pin)                          |gpio_dm0[22]                               
(no matching pin)                          |gpio_dm0[21]                               
(no matching pin)                          |gpio_dm0[20]                               
(no matching pin)                          |gpio_dm0[19]                               
(no matching pin)                          |gpio_dm0[18]                               
(no matching pin)                          |gpio_dm0[17]                               
(no matching pin)                          |gpio_dm0[16]                               
(no matching pin)                          |gpio_dm0[15]                               
(no matching pin)                          |gpio_dm0[14]                               
(no matching pin)                          |gpio_dm0[13]                               
(no matching pin)                          |gpio_dm0[12]                               
(no matching pin)                          |gpio_dm0[11]                               
(no matching pin)                          |gpio_dm0[10]                               
(no matching pin)                          |gpio_dm0[9]                                
(no matching pin)                          |gpio_dm0[8]                                
(no matching pin)                          |gpio_dm0[7]                                
(no matching pin)                          |gpio_dm0[6]                                
(no matching pin)                          |gpio_dm0[5]                                
(no matching pin)                          |gpio_dm0[4]                                
(no matching pin)                          |gpio_dm0[3]                                
(no matching pin)                          |gpio_dm0[2]                                
(no matching pin)                          |gpio_dm0[1]                                
(no matching pin)                          |gpio_dm0[0]                                
(no matching pin)                          |gpio_dm1[43]                               
(no matching pin)                          |gpio_dm1[42]                               
(no matching pin)                          |gpio_dm1[41]                               
(no matching pin)                          |gpio_dm1[40]                               
(no matching pin)                          |gpio_dm1[39]                               
(no matching pin)                          |gpio_dm1[38]                               
(no matching pin)                          |gpio_dm1[37]                               
(no matching pin)                          |gpio_dm1[36]                               
(no matching pin)                          |gpio_dm1[35]                               
(no matching pin)                          |gpio_dm1[34]                               
(no matching pin)                          |gpio_dm1[33]                               
(no matching pin)                          |gpio_dm1[32]                               
(no matching pin)                          |gpio_dm1[31]                               
(no matching pin)                          |gpio_dm1[30]                               
(no matching pin)                          |gpio_dm1[29]                               
(no matching pin)                          |gpio_dm1[28]                               
(no matching pin)                          |gpio_dm1[27]                               
(no matching pin)                          |gpio_dm1[26]                               
(no matching pin)                          |gpio_dm1[25]                               
(no matching pin)                          |gpio_dm1[24]                               
(no matching pin)                          |gpio_dm1[23]                               
(no matching pin)                          |gpio_dm1[22]                               
(no matching pin)                          |gpio_dm1[21]                               
(no matching pin)                          |gpio_dm1[20]                               
(no matching pin)                          |gpio_dm1[19]                               
(no matching pin)                          |gpio_dm1[18]                               
(no matching pin)                          |gpio_dm1[17]                               
(no matching pin)                          |gpio_dm1[16]                               
(no matching pin)                          |gpio_dm1[15]                               
(no matching pin)                          |gpio_dm1[14]                               
(no matching pin)                          |gpio_dm1[13]                               
(no matching pin)                          |gpio_dm1[12]                               
(no matching pin)                          |gpio_dm1[11]                               
(no matching pin)                          |gpio_dm1[10]                               
(no matching pin)                          |gpio_dm1[9]                                
(no matching pin)                          |gpio_dm1[8]                                
(no matching pin)                          |gpio_dm1[7]                                
(no matching pin)                          |gpio_dm1[6]                                
(no matching pin)                          |gpio_dm1[5]                                
(no matching pin)                          |gpio_dm1[4]                                
(no matching pin)                          |gpio_dm1[3]                                
(no matching pin)                          |gpio_dm1[2]                                
(no matching pin)                          |gpio_dm1[1]                                
(no matching pin)                          |gpio_dm1[0]                                
(no matching pin)                          |gpio_dm2[43]                               
(no matching pin)                          |gpio_dm2[42]                               
(no matching pin)                          |gpio_dm2[41]                               
(no matching pin)                          |gpio_dm2[40]                               
(no matching pin)                          |gpio_dm2[39]                               
(no matching pin)                          |gpio_dm2[38]                               
(no matching pin)                          |gpio_dm2[37]                               
(no matching pin)                          |gpio_dm2[36]                               
(no matching pin)                          |gpio_dm2[35]                               
(no matching pin)                          |gpio_dm2[34]                               
(no matching pin)                          |gpio_dm2[33]                               
(no matching pin)                          |gpio_dm2[32]                               
(no matching pin)                          |gpio_dm2[31]                               
(no matching pin)                          |gpio_dm2[30]                               
(no matching pin)                          |gpio_dm2[29]                               
(no matching pin)                          |gpio_dm2[28]                               
(no matching pin)                          |gpio_dm2[27]                               
(no matching pin)                          |gpio_dm2[26]                               
(no matching pin)                          |gpio_dm2[25]                               
(no matching pin)                          |gpio_dm2[24]                               
(no matching pin)                          |gpio_dm2[23]                               
(no matching pin)                          |gpio_dm2[22]                               
(no matching pin)                          |gpio_dm2[21]                               
(no matching pin)                          |gpio_dm2[20]                               
(no matching pin)                          |gpio_dm2[19]                               
(no matching pin)                          |gpio_dm2[18]                               
(no matching pin)                          |gpio_dm2[17]                               
(no matching pin)                          |gpio_dm2[16]                               
(no matching pin)                          |gpio_dm2[15]                               
(no matching pin)                          |gpio_dm2[14]                               
(no matching pin)                          |gpio_dm2[13]                               
(no matching pin)                          |gpio_dm2[12]                               
(no matching pin)                          |gpio_dm2[11]                               
(no matching pin)                          |gpio_dm2[10]                               
(no matching pin)                          |gpio_dm2[9]                                
(no matching pin)                          |gpio_dm2[8]                                
(no matching pin)                          |gpio_dm2[7]                                
(no matching pin)                          |gpio_dm2[6]                                
(no matching pin)                          |gpio_dm2[5]                                
(no matching pin)                          |gpio_dm2[4]                                
(no matching pin)                          |gpio_dm2[3]                                
(no matching pin)                          |gpio_dm2[2]                                
(no matching pin)                          |gpio_dm2[1]                                
(no matching pin)                          |gpio_dm2[0]                                
(no matching pin)                          |gpio_holdover[43]                          
(no matching pin)                          |gpio_holdover[42]                          
(no matching pin)                          |gpio_holdover[41]                          
(no matching pin)                          |gpio_holdover[40]                          
(no matching pin)                          |gpio_holdover[39]                          
(no matching pin)                          |gpio_holdover[38]                          
(no matching pin)                          |gpio_holdover[37]                          
(no matching pin)                          |gpio_holdover[36]                          
(no matching pin)                          |gpio_holdover[35]                          
(no matching pin)                          |gpio_holdover[34]                          
(no matching pin)                          |gpio_holdover[33]                          
(no matching pin)                          |gpio_holdover[32]                          
(no matching pin)                          |gpio_holdover[31]                          
(no matching pin)                          |gpio_holdover[30]                          
(no matching pin)                          |gpio_holdover[29]                          
(no matching pin)                          |gpio_holdover[28]                          
(no matching pin)                          |gpio_holdover[27]                          
(no matching pin)                          |gpio_holdover[26]                          
(no matching pin)                          |gpio_holdover[25]                          
(no matching pin)                          |gpio_holdover[24]                          
(no matching pin)                          |gpio_holdover[23]                          
(no matching pin)                          |gpio_holdover[22]                          
(no matching pin)                          |gpio_holdover[21]                          
(no matching pin)                          |gpio_holdover[20]                          
(no matching pin)                          |gpio_holdover[19]                          
(no matching pin)                          |gpio_holdover[18]                          
(no matching pin)                          |gpio_holdover[17]                          
(no matching pin)                          |gpio_holdover[16]                          
(no matching pin)                          |gpio_holdover[15]                          
(no matching pin)                          |gpio_holdover[14]                          
(no matching pin)                          |gpio_holdover[13]                          
(no matching pin)                          |gpio_holdover[12]                          
(no matching pin)                          |gpio_holdover[11]                          
(no matching pin)                          |gpio_holdover[10]                          
(no matching pin)                          |gpio_holdover[9]                           
(no matching pin)                          |gpio_holdover[8]                           
(no matching pin)                          |gpio_holdover[7]                           
(no matching pin)                          |gpio_holdover[6]                           
(no matching pin)                          |gpio_holdover[5]                           
(no matching pin)                          |gpio_holdover[4]                           
(no matching pin)                          |gpio_holdover[3]                           
(no matching pin)                          |gpio_holdover[2]                           
(no matching pin)                          |gpio_holdover[1]                           
(no matching pin)                          |gpio_holdover[0]                           
(no matching pin)                          |gpio_ib_mode_sel[43]                       
(no matching pin)                          |gpio_ib_mode_sel[42]                       
(no matching pin)                          |gpio_ib_mode_sel[41]                       
(no matching pin)                          |gpio_ib_mode_sel[40]                       
(no matching pin)                          |gpio_ib_mode_sel[39]                       
(no matching pin)                          |gpio_ib_mode_sel[38]                       
(no matching pin)                          |gpio_ib_mode_sel[37]                       
(no matching pin)                          |gpio_ib_mode_sel[36]                       
(no matching pin)                          |gpio_ib_mode_sel[35]                       
(no matching pin)                          |gpio_ib_mode_sel[34]                       
(no matching pin)                          |gpio_ib_mode_sel[33]                       
(no matching pin)                          |gpio_ib_mode_sel[32]                       
(no matching pin)                          |gpio_ib_mode_sel[31]                       
(no matching pin)                          |gpio_ib_mode_sel[30]                       
(no matching pin)                          |gpio_ib_mode_sel[29]                       
(no matching pin)                          |gpio_ib_mode_sel[28]                       
(no matching pin)                          |gpio_ib_mode_sel[27]                       
(no matching pin)                          |gpio_ib_mode_sel[26]                       
(no matching pin)                          |gpio_ib_mode_sel[25]                       
(no matching pin)                          |gpio_ib_mode_sel[24]                       
(no matching pin)                          |gpio_ib_mode_sel[23]                       
(no matching pin)                          |gpio_ib_mode_sel[22]                       
(no matching pin)                          |gpio_ib_mode_sel[21]                       
(no matching pin)                          |gpio_ib_mode_sel[20]                       
(no matching pin)                          |gpio_ib_mode_sel[19]                       
(no matching pin)                          |gpio_ib_mode_sel[18]                       
(no matching pin)                          |gpio_ib_mode_sel[17]                       
(no matching pin)                          |gpio_ib_mode_sel[16]                       
(no matching pin)                          |gpio_ib_mode_sel[15]                       
(no matching pin)                          |gpio_ib_mode_sel[14]                       
(no matching pin)                          |gpio_ib_mode_sel[13]                       
(no matching pin)                          |gpio_ib_mode_sel[12]                       
(no matching pin)                          |gpio_ib_mode_sel[11]                       
(no matching pin)                          |gpio_ib_mode_sel[10]                       
(no matching pin)                          |gpio_ib_mode_sel[9]                        
(no matching pin)                          |gpio_ib_mode_sel[8]                        
(no matching pin)                          |gpio_ib_mode_sel[7]                        
(no matching pin)                          |gpio_ib_mode_sel[6]                        
(no matching pin)                          |gpio_ib_mode_sel[5]                        
(no matching pin)                          |gpio_ib_mode_sel[4]                        
(no matching pin)                          |gpio_ib_mode_sel[3]                        
(no matching pin)                          |gpio_ib_mode_sel[2]                        
(no matching pin)                          |gpio_ib_mode_sel[1]                        
(no matching pin)                          |gpio_ib_mode_sel[0]                        
(no matching pin)                          |gpio_inp_dis[43]                           
(no matching pin)                          |gpio_inp_dis[42]                           
(no matching pin)                          |gpio_inp_dis[41]                           
(no matching pin)                          |gpio_inp_dis[40]                           
(no matching pin)                          |gpio_inp_dis[39]                           
(no matching pin)                          |gpio_inp_dis[38]                           
(no matching pin)                          |gpio_inp_dis[37]                           
(no matching pin)                          |gpio_inp_dis[36]                           
(no matching pin)                          |gpio_inp_dis[35]                           
(no matching pin)                          |gpio_inp_dis[34]                           
(no matching pin)                          |gpio_inp_dis[33]                           
(no matching pin)                          |gpio_inp_dis[32]                           
(no matching pin)                          |gpio_inp_dis[31]                           
(no matching pin)                          |gpio_inp_dis[30]                           
(no matching pin)                          |gpio_inp_dis[29]                           
(no matching pin)                          |gpio_inp_dis[28]                           
(no matching pin)                          |gpio_inp_dis[27]                           
(no matching pin)                          |gpio_inp_dis[26]                           
(no matching pin)                          |gpio_inp_dis[25]                           
(no matching pin)                          |gpio_inp_dis[24]                           
(no matching pin)                          |gpio_inp_dis[23]                           
(no matching pin)                          |gpio_inp_dis[22]                           
(no matching pin)                          |gpio_inp_dis[21]                           
(no matching pin)                          |gpio_inp_dis[20]                           
(no matching pin)                          |gpio_inp_dis[19]                           
(no matching pin)                          |gpio_inp_dis[18]                           
(no matching pin)                          |gpio_inp_dis[17]                           
(no matching pin)                          |gpio_inp_dis[16]                           
(no matching pin)                          |gpio_inp_dis[15]                           
(no matching pin)                          |gpio_inp_dis[14]                           
(no matching pin)                          |gpio_inp_dis[13]                           
(no matching pin)                          |gpio_inp_dis[12]                           
(no matching pin)                          |gpio_inp_dis[11]                           
(no matching pin)                          |gpio_inp_dis[10]                           
(no matching pin)                          |gpio_inp_dis[9]                            
(no matching pin)                          |gpio_inp_dis[8]                            
(no matching pin)                          |gpio_inp_dis[7]                            
(no matching pin)                          |gpio_inp_dis[6]                            
(no matching pin)                          |gpio_inp_dis[5]                            
(no matching pin)                          |gpio_inp_dis[4]                            
(no matching pin)                          |gpio_inp_dis[3]                            
(no matching pin)                          |gpio_inp_dis[2]                            
(no matching pin)                          |gpio_inp_dis[1]                            
(no matching pin)                          |gpio_inp_dis[0]                            
(no matching pin)                          |gpio_loopback_one[43]                      
(no matching pin)                          |gpio_loopback_one[42]                      
(no matching pin)                          |gpio_loopback_one[41]                      
(no matching pin)                          |gpio_loopback_one[40]                      
(no matching pin)                          |gpio_loopback_one[39]                      
(no matching pin)                          |gpio_loopback_one[38]                      
(no matching pin)                          |gpio_loopback_one[37]                      
(no matching pin)                          |gpio_loopback_one[36]                      
(no matching pin)                          |gpio_loopback_one[35]                      
(no matching pin)                          |gpio_loopback_one[34]                      
(no matching pin)                          |gpio_loopback_one[33]                      
(no matching pin)                          |gpio_loopback_one[32]                      
(no matching pin)                          |gpio_loopback_one[31]                      
(no matching pin)                          |gpio_loopback_one[30]                      
(no matching pin)                          |gpio_loopback_one[29]                      
(no matching pin)                          |gpio_loopback_one[28]                      
(no matching pin)                          |gpio_loopback_one[27]                      
(no matching pin)                          |gpio_loopback_one[26]                      
(no matching pin)                          |gpio_loopback_one[25]                      
(no matching pin)                          |gpio_loopback_one[24]                      
(no matching pin)                          |gpio_loopback_one[23]                      
(no matching pin)                          |gpio_loopback_one[22]                      
(no matching pin)                          |gpio_loopback_one[21]                      
(no matching pin)                          |gpio_loopback_one[20]                      
(no matching pin)                          |gpio_loopback_one[19]                      
(no matching pin)                          |gpio_loopback_one[18]                      
(no matching pin)                          |gpio_loopback_one[17]                      
(no matching pin)                          |gpio_loopback_one[16]                      
(no matching pin)                          |gpio_loopback_one[15]                      
(no matching pin)                          |gpio_loopback_one[14]                      
(no matching pin)                          |gpio_loopback_one[13]                      
(no matching pin)                          |gpio_loopback_one[12]                      
(no matching pin)                          |gpio_loopback_one[11]                      
(no matching pin)                          |gpio_loopback_one[10]                      
(no matching pin)                          |gpio_loopback_one[9]                       
(no matching pin)                          |gpio_loopback_one[8]                       
(no matching pin)                          |gpio_loopback_one[7]                       
(no matching pin)                          |gpio_loopback_one[6]                       
(no matching pin)                          |gpio_loopback_one[5]                       
(no matching pin)                          |gpio_loopback_one[4]                       
(no matching pin)                          |gpio_loopback_one[3]                       
(no matching pin)                          |gpio_loopback_one[2]                       
(no matching pin)                          |gpio_loopback_one[1]                       
(no matching pin)                          |gpio_loopback_one[0]                       
(no matching pin)                          |gpio_loopback_zero[43]                     
(no matching pin)                          |gpio_loopback_zero[42]                     
(no matching pin)                          |gpio_loopback_zero[41]                     
(no matching pin)                          |gpio_loopback_zero[40]                     
(no matching pin)                          |gpio_loopback_zero[39]                     
(no matching pin)                          |gpio_loopback_zero[38]                     
(no matching pin)                          |gpio_loopback_zero[37]                     
(no matching pin)                          |gpio_loopback_zero[36]                     
(no matching pin)                          |gpio_loopback_zero[35]                     
(no matching pin)                          |gpio_loopback_zero[34]                     
(no matching pin)                          |gpio_loopback_zero[33]                     
(no matching pin)                          |gpio_loopback_zero[32]                     
(no matching pin)                          |gpio_loopback_zero[31]                     
(no matching pin)                          |gpio_loopback_zero[30]                     
(no matching pin)                          |gpio_loopback_zero[29]                     
(no matching pin)                          |gpio_loopback_zero[28]                     
(no matching pin)                          |gpio_loopback_zero[27]                     
(no matching pin)                          |gpio_loopback_zero[26]                     
(no matching pin)                          |gpio_loopback_zero[25]                     
(no matching pin)                          |gpio_loopback_zero[24]                     
(no matching pin)                          |gpio_loopback_zero[23]                     
(no matching pin)                          |gpio_loopback_zero[22]                     
(no matching pin)                          |gpio_loopback_zero[21]                     
(no matching pin)                          |gpio_loopback_zero[20]                     
(no matching pin)                          |gpio_loopback_zero[19]                     
(no matching pin)                          |gpio_loopback_zero[18]                     
(no matching pin)                          |gpio_loopback_zero[17]                     
(no matching pin)                          |gpio_loopback_zero[16]                     
(no matching pin)                          |gpio_loopback_zero[15]                     
(no matching pin)                          |gpio_loopback_zero[14]                     
(no matching pin)                          |gpio_loopback_zero[13]                     
(no matching pin)                          |gpio_loopback_zero[12]                     
(no matching pin)                          |gpio_loopback_zero[11]                     
(no matching pin)                          |gpio_loopback_zero[10]                     
(no matching pin)                          |gpio_loopback_zero[9]                      
(no matching pin)                          |gpio_loopback_zero[8]                      
(no matching pin)                          |gpio_loopback_zero[7]                      
(no matching pin)                          |gpio_loopback_zero[6]                      
(no matching pin)                          |gpio_loopback_zero[5]                      
(no matching pin)                          |gpio_loopback_zero[4]                      
(no matching pin)                          |gpio_loopback_zero[3]                      
(no matching pin)                          |gpio_loopback_zero[2]                      
(no matching pin)                          |gpio_loopback_zero[1]                      
(no matching pin)                          |gpio_loopback_zero[0]                      
(no matching pin)                          |gpio_oeb[43]                               
(no matching pin)                          |gpio_oeb[42]                               
(no matching pin)                          |gpio_oeb[41]                               
(no matching pin)                          |gpio_oeb[40]                               
(no matching pin)                          |gpio_oeb[39]                               
(no matching pin)                          |gpio_oeb[38]                               
(no matching pin)                          |gpio_oeb[37]                               
(no matching pin)                          |gpio_oeb[36]                               
(no matching pin)                          |gpio_oeb[35]                               
(no matching pin)                          |gpio_oeb[34]                               
(no matching pin)                          |gpio_oeb[33]                               
(no matching pin)                          |gpio_oeb[32]                               
(no matching pin)                          |gpio_oeb[31]                               
(no matching pin)                          |gpio_oeb[30]                               
(no matching pin)                          |gpio_oeb[29]                               
(no matching pin)                          |gpio_oeb[28]                               
(no matching pin)                          |gpio_oeb[27]                               
(no matching pin)                          |gpio_oeb[26]                               
(no matching pin)                          |gpio_oeb[25]                               
(no matching pin)                          |gpio_oeb[24]                               
(no matching pin)                          |gpio_oeb[23]                               
(no matching pin)                          |gpio_oeb[22]                               
(no matching pin)                          |gpio_oeb[21]                               
(no matching pin)                          |gpio_oeb[20]                               
(no matching pin)                          |gpio_oeb[19]                               
(no matching pin)                          |gpio_oeb[18]                               
(no matching pin)                          |gpio_oeb[17]                               
(no matching pin)                          |gpio_oeb[16]                               
(no matching pin)                          |gpio_oeb[15]                               
(no matching pin)                          |gpio_oeb[14]                               
(no matching pin)                          |gpio_oeb[13]                               
(no matching pin)                          |gpio_oeb[12]                               
(no matching pin)                          |gpio_oeb[11]                               
(no matching pin)                          |gpio_oeb[10]                               
(no matching pin)                          |gpio_oeb[9]                                
(no matching pin)                          |gpio_oeb[8]                                
(no matching pin)                          |gpio_oeb[7]                                
(no matching pin)                          |gpio_oeb[6]                                
(no matching pin)                          |gpio_oeb[5]                                
(no matching pin)                          |gpio_oeb[4]                                
(no matching pin)                          |gpio_oeb[3]                                
(no matching pin)                          |gpio_oeb[2]                                
(no matching pin)                          |gpio_oeb[1]                                
(no matching pin)                          |gpio_oeb[0]                                
(no matching pin)                          |gpio_out[43]                               
(no matching pin)                          |gpio_out[42]                               
(no matching pin)                          |gpio_out[41]                               
(no matching pin)                          |gpio_out[40]                               
(no matching pin)                          |gpio_out[39]                               
(no matching pin)                          |gpio_out[38]                               
(no matching pin)                          |gpio_out[37]                               
(no matching pin)                          |gpio_out[36]                               
(no matching pin)                          |gpio_out[35]                               
(no matching pin)                          |gpio_out[34]                               
(no matching pin)                          |gpio_out[33]                               
(no matching pin)                          |gpio_out[32]                               
(no matching pin)                          |gpio_out[31]                               
(no matching pin)                          |gpio_out[30]                               
(no matching pin)                          |gpio_out[29]                               
(no matching pin)                          |gpio_out[28]                               
(no matching pin)                          |gpio_out[27]                               
(no matching pin)                          |gpio_out[26]                               
(no matching pin)                          |gpio_out[25]                               
(no matching pin)                          |gpio_out[24]                               
(no matching pin)                          |gpio_out[23]                               
(no matching pin)                          |gpio_out[22]                               
(no matching pin)                          |gpio_out[21]                               
(no matching pin)                          |gpio_out[20]                               
(no matching pin)                          |gpio_out[19]                               
(no matching pin)                          |gpio_out[18]                               
(no matching pin)                          |gpio_out[17]                               
(no matching pin)                          |gpio_out[16]                               
(no matching pin)                          |gpio_out[15]                               
(no matching pin)                          |gpio_out[14]                               
(no matching pin)                          |gpio_out[13]                               
(no matching pin)                          |gpio_out[1]                                
(no matching pin)                          |gpio_out[0]                                
(no matching pin)                          |gpio_slow_sel[43]                          
(no matching pin)                          |gpio_slow_sel[42]                          
(no matching pin)                          |gpio_slow_sel[41]                          
(no matching pin)                          |gpio_slow_sel[40]                          
(no matching pin)                          |gpio_slow_sel[39]                          
(no matching pin)                          |gpio_slow_sel[38]                          
(no matching pin)                          |gpio_slow_sel[37]                          
(no matching pin)                          |gpio_slow_sel[36]                          
(no matching pin)                          |gpio_slow_sel[35]                          
(no matching pin)                          |gpio_slow_sel[34]                          
(no matching pin)                          |gpio_slow_sel[33]                          
(no matching pin)                          |gpio_slow_sel[32]                          
(no matching pin)                          |gpio_slow_sel[31]                          
(no matching pin)                          |gpio_slow_sel[30]                          
(no matching pin)                          |gpio_slow_sel[29]                          
(no matching pin)                          |gpio_slow_sel[28]                          
(no matching pin)                          |gpio_slow_sel[27]                          
(no matching pin)                          |gpio_slow_sel[26]                          
(no matching pin)                          |gpio_slow_sel[25]                          
(no matching pin)                          |gpio_slow_sel[24]                          
(no matching pin)                          |gpio_slow_sel[23]                          
(no matching pin)                          |gpio_slow_sel[22]                          
(no matching pin)                          |gpio_slow_sel[21]                          
(no matching pin)                          |gpio_slow_sel[20]                          
(no matching pin)                          |gpio_slow_sel[19]                          
(no matching pin)                          |gpio_slow_sel[18]                          
(no matching pin)                          |gpio_slow_sel[17]                          
(no matching pin)                          |gpio_slow_sel[16]                          
(no matching pin)                          |gpio_slow_sel[15]                          
(no matching pin)                          |gpio_slow_sel[14]                          
(no matching pin)                          |gpio_slow_sel[13]                          
(no matching pin)                          |gpio_slow_sel[12]                          
(no matching pin)                          |gpio_slow_sel[11]                          
(no matching pin)                          |gpio_slow_sel[10]                          
(no matching pin)                          |gpio_slow_sel[9]                           
(no matching pin)                          |gpio_slow_sel[8]                           
(no matching pin)                          |gpio_slow_sel[7]                           
(no matching pin)                          |gpio_slow_sel[6]                           
(no matching pin)                          |gpio_slow_sel[5]                           
(no matching pin)                          |gpio_slow_sel[4]                           
(no matching pin)                          |gpio_slow_sel[3]                           
(no matching pin)                          |gpio_slow_sel[2]                           
(no matching pin)                          |gpio_slow_sel[1]                           
(no matching pin)                          |gpio_slow_sel[0]                           
(no matching pin)                          |gpio_vtrip_sel[43]                         
(no matching pin)                          |gpio_vtrip_sel[42]                         
(no matching pin)                          |gpio_vtrip_sel[41]                         
(no matching pin)                          |gpio_vtrip_sel[40]                         
(no matching pin)                          |gpio_vtrip_sel[39]                         
(no matching pin)                          |gpio_vtrip_sel[38]                         
(no matching pin)                          |gpio_vtrip_sel[37]                         
(no matching pin)                          |gpio_vtrip_sel[36]                         
(no matching pin)                          |gpio_vtrip_sel[35]                         
(no matching pin)                          |gpio_vtrip_sel[34]                         
(no matching pin)                          |gpio_vtrip_sel[33]                         
(no matching pin)                          |gpio_vtrip_sel[32]                         
(no matching pin)                          |gpio_vtrip_sel[31]                         
(no matching pin)                          |gpio_vtrip_sel[30]                         
(no matching pin)                          |gpio_vtrip_sel[29]                         
(no matching pin)                          |gpio_vtrip_sel[28]                         
(no matching pin)                          |gpio_vtrip_sel[27]                         
(no matching pin)                          |gpio_vtrip_sel[26]                         
(no matching pin)                          |gpio_vtrip_sel[25]                         
(no matching pin)                          |gpio_vtrip_sel[24]                         
(no matching pin)                          |gpio_vtrip_sel[23]                         
(no matching pin)                          |gpio_vtrip_sel[22]                         
(no matching pin)                          |gpio_vtrip_sel[21]                         
(no matching pin)                          |gpio_vtrip_sel[20]                         
(no matching pin)                          |gpio_vtrip_sel[19]                         
(no matching pin)                          |gpio_vtrip_sel[18]                         
(no matching pin)                          |gpio_vtrip_sel[17]                         
(no matching pin)                          |gpio_vtrip_sel[16]                         
(no matching pin)                          |gpio_vtrip_sel[15]                         
(no matching pin)                          |gpio_vtrip_sel[14]                         
(no matching pin)                          |gpio_vtrip_sel[13]                         
(no matching pin)                          |gpio_vtrip_sel[12]                         
(no matching pin)                          |gpio_vtrip_sel[11]                         
(no matching pin)                          |gpio_vtrip_sel[10]                         
(no matching pin)                          |gpio_vtrip_sel[9]                          
(no matching pin)                          |gpio_vtrip_sel[8]                          
(no matching pin)                          |gpio_vtrip_sel[7]                          
(no matching pin)                          |gpio_vtrip_sel[6]                          
(no matching pin)                          |gpio_vtrip_sel[5]                          
(no matching pin)                          |gpio_vtrip_sel[4]                          
(no matching pin)                          |gpio_vtrip_sel[3]                          
(no matching pin)                          |gpio_vtrip_sel[2]                          
(no matching pin)                          |gpio_vtrip_sel[1]                          
(no matching pin)                          |gpio_vtrip_sel[0]                          
gpio_dm2[10]                               |(no matching pin)                          
gpio_dm2[11]                               |(no matching pin)                          
gpio_dm2[12]                               |(no matching pin)                          
gpio_dm2[2]                                |(no matching pin)                          
gpio_dm2[3]                                |(no matching pin)                          
gpio_dm2[4]                                |(no matching pin)                          
gpio_dm2[5]                                |(no matching pin)                          
gpio_dm2[6]                                |(no matching pin)                          
gpio_dm2[7]                                |(no matching pin)                          
gpio_dm2[8]                                |(no matching pin)                          
gpio_dm2[9]                                |(no matching pin)                          
gpio_oeb[0]                                |(no matching pin)                          
gpio_oeb[10]                               |(no matching pin)                          
gpio_oeb[11]                               |(no matching pin)                          
gpio_oeb[12]                               |(no matching pin)                          
gpio_oeb[13]                               |(no matching pin)                          
gpio_oeb[14]                               |(no matching pin)                          
gpio_oeb[15]                               |(no matching pin)                          
gpio_oeb[16]                               |(no matching pin)                          
gpio_oeb[17]                               |(no matching pin)                          
gpio_oeb[18]                               |(no matching pin)                          
gpio_oeb[19]                               |(no matching pin)                          
gpio_oeb[1]                                |(no matching pin)                          
gpio_oeb[20]                               |(no matching pin)                          
gpio_oeb[21]                               |(no matching pin)                          
gpio_oeb[22]                               |(no matching pin)                          
gpio_oeb[23]                               |(no matching pin)                          
gpio_oeb[24]                               |(no matching pin)                          
gpio_oeb[25]                               |(no matching pin)                          
gpio_oeb[26]                               |(no matching pin)                          
gpio_oeb[27]                               |(no matching pin)                          
gpio_oeb[28]                               |(no matching pin)                          
gpio_oeb[29]                               |(no matching pin)                          
gpio_oeb[2]                                |(no matching pin)                          
gpio_oeb[30]                               |(no matching pin)                          
gpio_oeb[31]                               |(no matching pin)                          
gpio_oeb[32]                               |(no matching pin)                          
gpio_oeb[33]                               |(no matching pin)                          
gpio_oeb[34]                               |(no matching pin)                          
gpio_oeb[35]                               |(no matching pin)                          
gpio_oeb[36]                               |(no matching pin)                          
gpio_oeb[37]                               |(no matching pin)                          
gpio_oeb[38]                               |(no matching pin)                          
gpio_oeb[39]                               |(no matching pin)                          
gpio_oeb[3]                                |(no matching pin)                          
gpio_oeb[40]                               |(no matching pin)                          
gpio_oeb[41]                               |(no matching pin)                          
gpio_oeb[42]                               |(no matching pin)                          
gpio_oeb[43]                               |(no matching pin)                          
gpio_oeb[4]                                |(no matching pin)                          
gpio_oeb[5]                                |(no matching pin)                          
gpio_oeb[6]                                |(no matching pin)                          
gpio_oeb[7]                                |(no matching pin)                          
gpio_oeb[8]                                |(no matching pin)                          
gpio_oeb[9]                                |(no matching pin)                          
gpio_out[0]                                |(no matching pin)                          
gpio_out[13]                               |(no matching pin)                          
gpio_out[14]                               |(no matching pin)                          
gpio_out[15]                               |(no matching pin)                          
gpio_out[16]                               |(no matching pin)                          
gpio_out[17]                               |(no matching pin)                          
gpio_out[18]                               |(no matching pin)                          
gpio_out[19]                               |(no matching pin)                          
gpio_out[1]                                |(no matching pin)                          
gpio_out[20]                               |(no matching pin)                          
gpio_out[21]                               |(no matching pin)                          
gpio_out[22]                               |(no matching pin)                          
gpio_out[23]                               |(no matching pin)                          
gpio_out[24]                               |(no matching pin)                          
gpio_out[25]                               |(no matching pin)                          
gpio_out[26]                               |(no matching pin)                          
gpio_out[27]                               |(no matching pin)                          
gpio_out[28]                               |(no matching pin)                          
gpio_out[29]                               |(no matching pin)                          
gpio_out[30]                               |(no matching pin)                          
gpio_out[31]                               |(no matching pin)                          
gpio_out[32]                               |(no matching pin)                          
gpio_out[33]                               |(no matching pin)                          
gpio_out[34]                               |(no matching pin)                          
gpio_out[35]                               |(no matching pin)                          
gpio_out[36]                               |(no matching pin)                          
gpio_out[37]                               |(no matching pin)                          
gpio_out[38]                               |(no matching pin)                          
gpio_out[39]                               |(no matching pin)                          
gpio_out[40]                               |(no matching pin)                          
gpio_out[41]                               |(no matching pin)                          
gpio_out[42]                               |(no matching pin)                          
gpio_out[43]                               |(no matching pin)                          
vdda_uq0                                   |(no matching pin)                          
vssio_uq0                                  |(no matching pin)                          
vssio_uq1                                  |(no matching pin)                          
vssio_uq2                                  |(no matching pin)                          
vssd_uq0                                   |(no matching pin)                          
vssa_uq0                                   |(no matching pin)                          
vccd_uq0                                   |(no matching pin)                          
vddio_uq0                                  |(no matching pin)                          
vddio_uq1                                  |(no matching pin)                          
vddio_uq2                                  |(no matching pin)                          
vssa1_uq0                                  |(no matching pin)                          
vssa1_uq1                                  |(no matching pin)                          
vssa1_uq2                                  |(no matching pin)                          
vssd2_uq0                                  |(no matching pin)                          
vssd2_uq1                                  |(no matching pin)                          
vdda2_uq0                                  |(no matching pin)                          
vdda1_uq0                                  |(no matching pin)                          
vdda1_uq1                                  |(no matching pin)                          
vdda1_uq2                                  |(no matching pin)                          
vssa2_uq0                                  |(no matching pin)                          
vccd2_uq0                                  |(no matching pin)                          
vccd2_uq1                                  |(no matching pin)                          
---------------------------------------------------------------------------------------
Cell pin lists for openframe_project_wrapper and openframe_project_wrapper altered to match.
Device classes openframe_project_wrapper and openframe_project_wrapper are equivalent.

Final result: Top level cell failed pin matching.
