
===========================================================================
report_checks -path_delay max (Setup)
============================================================================
======================= min_ff_n40C_1v95 Corner ===================================

Startpoint: _676_ (rising edge-triggered flip-flop clocked by wb_clk_i)
Endpoint: io_out[10] (output port clocked by wb_clk_i)
Path Group: wb_clk_i
Path Type: max

Fanout         Cap        Slew       Delay        Time   Description
---------------------------------------------------------------------------------------------
                                  0.000000    0.000000   clock wb_clk_i (rise edge)
                                  0.000000    0.000000   clock source latency
     2    0.147291    0.498689    0.407575    0.407575 ^ wb_clk_i (in)
                                                         wb_clk_i (net)
                      0.521806    0.000000    0.407575 ^ clkbuf_0_wb_clk_i/A (sky130_fd_sc_hd__clkbuf_16)
    17    0.072495    0.077203    0.178484    0.586059 ^ clkbuf_0_wb_clk_i/X (sky130_fd_sc_hd__clkbuf_16)
                                                         clknet_0_wb_clk_i (net)
                      0.077234    0.001545    0.587604 ^ clkbuf_3_4_0_wb_clk_i/A (sky130_fd_sc_hd__clkbuf_8)
    11    0.037149    0.058025    0.122689    0.710293 ^ clkbuf_3_4_0_wb_clk_i/X (sky130_fd_sc_hd__clkbuf_8)
                                                         clknet_3_4_0_wb_clk_i (net)
                      0.058026    0.000430    0.710723 ^ _676_/CLK (sky130_fd_sc_hd__dfrtp_2)
     9    0.036458    0.136053    0.318408    1.029131 ^ _676_/Q (sky130_fd_sc_hd__dfrtp_2)
                                                         timer.dig_cnt[1] (net)
                      0.136053    0.000198    1.029329 ^ hold150/A (sky130_fd_sc_hd__dlygate4sd3_1)
     2    0.009570    0.083218    0.446355    1.475685 ^ hold150/X (sky130_fd_sc_hd__dlygate4sd3_1)
                                                         net150 (net)
                      0.083218    0.000137    1.475821 ^ _385_/B (sky130_fd_sc_hd__nand2b_2)
    11    0.073677    0.187464    0.170111    1.645932 v _385_/Y (sky130_fd_sc_hd__nand2b_2)
                                                         net5 (net)
                      0.187466    0.000660    1.646592 v _572_/C (sky130_fd_sc_hd__and3_2)
     1    0.003205    0.029772    0.200712    1.847304 v _572_/X (sky130_fd_sc_hd__and3_2)
                                                         _319_ (net)
                      0.029772    0.000035    1.847339 v _575_/A1 (sky130_fd_sc_hd__o32a_2)
     5    0.022474    0.070549    0.275025    2.122365 v _575_/X (sky130_fd_sc_hd__o32a_2)
                                                         _322_ (net)
                      0.070564    0.001058    2.123422 v _583_/B (sky130_fd_sc_hd__or2_2)
     4    0.013428    0.057535    0.208928    2.332350 v _583_/X (sky130_fd_sc_hd__or2_2)
                                                         _329_ (net)
                      0.057535    0.000167    2.332516 v _588_/A2 (sky130_fd_sc_hd__a211o_2)
     3    0.052728    0.112502    0.314377    2.646894 v _588_/X (sky130_fd_sc_hd__a211o_2)
                                                         net3 (net)
                      0.114277    0.011598    2.658492 v wire14/A (sky130_fd_sc_hd__buf_12)
     3    0.165995    0.038701    0.138392    2.796884 v wire14/X (sky130_fd_sc_hd__buf_12)
                                                         net14 (net)
                      0.208868    0.105231    2.902115 v output3/A (sky130_fd_sc_hd__clkdlybuf4s25_1)
     1    0.035200    0.180048    0.353870    3.255985 v output3/X (sky130_fd_sc_hd__clkdlybuf4s25_1)
                                                         io_out[10] (net)
                      0.180048    0.000463    3.256448 v io_out[10] (out)
                                              3.256448   data arrival time

                                 25.000000   25.000000   clock wb_clk_i (rise edge)
                                  0.000000   25.000000   clock network delay (propagated)
                                 -0.250000   24.750000   clock uncertainty
                                  0.000000   24.750000   clock reconvergence pessimism
                                 -5.000000   19.750000   output external delay
                                             19.750000   data required time
---------------------------------------------------------------------------------------------
                                             19.750000   data required time
                                             -3.256448   data arrival time
---------------------------------------------------------------------------------------------
                                             16.493551   slack (MET)


Startpoint: _676_ (rising edge-triggered flip-flop clocked by wb_clk_i)
Endpoint: io_out[9] (output port clocked by wb_clk_i)
Path Group: wb_clk_i
Path Type: max

Fanout         Cap        Slew       Delay        Time   Description
---------------------------------------------------------------------------------------------
                                  0.000000    0.000000   clock wb_clk_i (rise edge)
                                  0.000000    0.000000   clock source latency
     2    0.147291    0.498689    0.407575    0.407575 ^ wb_clk_i (in)
                                                         wb_clk_i (net)
                      0.521806    0.000000    0.407575 ^ clkbuf_0_wb_clk_i/A (sky130_fd_sc_hd__clkbuf_16)
    17    0.072495    0.077203    0.178484    0.586059 ^ clkbuf_0_wb_clk_i/X (sky130_fd_sc_hd__clkbuf_16)
                                                         clknet_0_wb_clk_i (net)
                      0.077234    0.001545    0.587604 ^ clkbuf_3_4_0_wb_clk_i/A (sky130_fd_sc_hd__clkbuf_8)
    11    0.037149    0.058025    0.122689    0.710293 ^ clkbuf_3_4_0_wb_clk_i/X (sky130_fd_sc_hd__clkbuf_8)
                                                         clknet_3_4_0_wb_clk_i (net)
                      0.058026    0.000430    0.710723 ^ _676_/CLK (sky130_fd_sc_hd__dfrtp_2)
     9    0.036458    0.136053    0.318408    1.029131 ^ _676_/Q (sky130_fd_sc_hd__dfrtp_2)
                                                         timer.dig_cnt[1] (net)
                      0.136053    0.000198    1.029329 ^ hold150/A (sky130_fd_sc_hd__dlygate4sd3_1)
     2    0.009570    0.083218    0.446355    1.475685 ^ hold150/X (sky130_fd_sc_hd__dlygate4sd3_1)
                                                         net150 (net)
                      0.083218    0.000137    1.475821 ^ _385_/B (sky130_fd_sc_hd__nand2b_2)
    11    0.073677    0.187464    0.170111    1.645932 v _385_/Y (sky130_fd_sc_hd__nand2b_2)
                                                         net5 (net)
                      0.187466    0.000660    1.646592 v _572_/C (sky130_fd_sc_hd__and3_2)
     1    0.003205    0.029772    0.200712    1.847304 v _572_/X (sky130_fd_sc_hd__and3_2)
                                                         _319_ (net)
                      0.029772    0.000035    1.847339 v _575_/A1 (sky130_fd_sc_hd__o32a_2)
     5    0.022474    0.070549    0.275025    2.122365 v _575_/X (sky130_fd_sc_hd__o32a_2)
                                                         _322_ (net)
                      0.070564    0.001058    2.123422 v _583_/B (sky130_fd_sc_hd__or2_2)
     4    0.013428    0.057535    0.208928    2.332350 v _583_/X (sky130_fd_sc_hd__or2_2)
                                                         _329_ (net)
                      0.057535    0.000232    2.332582 v _591_/B (sky130_fd_sc_hd__nand3b_2)
     3    0.046620    0.218001    0.188094    2.520676 ^ _591_/Y (sky130_fd_sc_hd__nand3b_2)
                                                         net12 (net)
                      0.218572    0.009380    2.530056 ^ wire13/A (sky130_fd_sc_hd__buf_8)
     3    0.133526    0.151249    0.144873    2.674929 ^ wire13/X (sky130_fd_sc_hd__buf_8)
                                                         net13 (net)
                      0.212347    0.077098    2.752027 ^ output12/A (sky130_fd_sc_hd__clkdlybuf4s25_1)
     1    0.035203    0.266352    0.368588    3.120615 ^ output12/X (sky130_fd_sc_hd__clkdlybuf4s25_1)
                                                         io_out[9] (net)
                      0.266352    0.000463    3.121078 ^ io_out[9] (out)
                                              3.121078   data arrival time

                                 25.000000   25.000000   clock wb_clk_i (rise edge)
                                  0.000000   25.000000   clock network delay (propagated)
                                 -0.250000   24.750000   clock uncertainty
                                  0.000000   24.750000   clock reconvergence pessimism
                                 -5.000000   19.750000   output external delay
                                             19.750000   data required time
---------------------------------------------------------------------------------------------
                                             19.750000   data required time
                                             -3.121078   data arrival time
---------------------------------------------------------------------------------------------
                                             16.628922   slack (MET)


Startpoint: _676_ (rising edge-triggered flip-flop clocked by wb_clk_i)
Endpoint: io_out[7] (output port clocked by wb_clk_i)
Path Group: wb_clk_i
Path Type: max

Fanout         Cap        Slew       Delay        Time   Description
---------------------------------------------------------------------------------------------
                                  0.000000    0.000000   clock wb_clk_i (rise edge)
                                  0.000000    0.000000   clock source latency
     2    0.147291    0.498689    0.407575    0.407575 ^ wb_clk_i (in)
                                                         wb_clk_i (net)
                      0.521806    0.000000    0.407575 ^ clkbuf_0_wb_clk_i/A (sky130_fd_sc_hd__clkbuf_16)
    17    0.072495    0.077203    0.178484    0.586059 ^ clkbuf_0_wb_clk_i/X (sky130_fd_sc_hd__clkbuf_16)
                                                         clknet_0_wb_clk_i (net)
                      0.077234    0.001545    0.587604 ^ clkbuf_3_4_0_wb_clk_i/A (sky130_fd_sc_hd__clkbuf_8)
    11    0.037149    0.058025    0.122689    0.710293 ^ clkbuf_3_4_0_wb_clk_i/X (sky130_fd_sc_hd__clkbuf_8)
                                                         clknet_3_4_0_wb_clk_i (net)
                      0.058026    0.000430    0.710723 ^ _676_/CLK (sky130_fd_sc_hd__dfrtp_2)
     9    0.036458    0.136053    0.318408    1.029131 ^ _676_/Q (sky130_fd_sc_hd__dfrtp_2)
                                                         timer.dig_cnt[1] (net)
                      0.136053    0.000198    1.029329 ^ hold150/A (sky130_fd_sc_hd__dlygate4sd3_1)
     2    0.009570    0.083218    0.446355    1.475685 ^ hold150/X (sky130_fd_sc_hd__dlygate4sd3_1)
                                                         net150 (net)
                      0.083218    0.000137    1.475821 ^ _385_/B (sky130_fd_sc_hd__nand2b_2)
    11    0.073677    0.187464    0.170111    1.645932 v _385_/Y (sky130_fd_sc_hd__nand2b_2)
                                                         net5 (net)
                      0.187466    0.000660    1.646592 v _572_/C (sky130_fd_sc_hd__and3_2)
     1    0.003205    0.029772    0.200712    1.847304 v _572_/X (sky130_fd_sc_hd__and3_2)
                                                         _319_ (net)
                      0.029772    0.000035    1.847339 v _575_/A1 (sky130_fd_sc_hd__o32a_2)
     5    0.022474    0.070549    0.275025    2.122365 v _575_/X (sky130_fd_sc_hd__o32a_2)
                                                         _322_ (net)
                      0.070564    0.001058    2.123422 v _583_/B (sky130_fd_sc_hd__or2_2)
     4    0.013428    0.057535    0.208928    2.332350 v _583_/X (sky130_fd_sc_hd__or2_2)
                                                         _329_ (net)
                      0.057535    0.000197    2.332546 v _589_/A2 (sky130_fd_sc_hd__a211o_2)
     3    0.094741    0.177352    0.351395    2.683941 v _589_/X (sky130_fd_sc_hd__a211o_2)
                                                         net10 (net)
                      0.192614    0.041654    2.725595 v output10/A (sky130_fd_sc_hd__clkdlybuf4s25_1)
     1    0.035215    0.180132    0.349529    3.075124 v output10/X (sky130_fd_sc_hd__clkdlybuf4s25_1)
                                                         io_out[7] (net)
                      0.180132    0.000463    3.075588 v io_out[7] (out)
                                              3.075588   data arrival time

                                 25.000000   25.000000   clock wb_clk_i (rise edge)
                                  0.000000   25.000000   clock network delay (propagated)
                                 -0.250000   24.750000   clock uncertainty
                                  0.000000   24.750000   clock reconvergence pessimism
                                 -5.000000   19.750000   output external delay
                                             19.750000   data required time
---------------------------------------------------------------------------------------------
                                             19.750000   data required time
                                             -3.075588   data arrival time
---------------------------------------------------------------------------------------------
                                             16.674412   slack (MET)


Startpoint: _676_ (rising edge-triggered flip-flop clocked by wb_clk_i)
Endpoint: io_out[8] (output port clocked by wb_clk_i)
Path Group: wb_clk_i
Path Type: max

Fanout         Cap        Slew       Delay        Time   Description
---------------------------------------------------------------------------------------------
                                  0.000000    0.000000   clock wb_clk_i (rise edge)
                                  0.000000    0.000000   clock source latency
     2    0.147291    0.498689    0.407575    0.407575 ^ wb_clk_i (in)
                                                         wb_clk_i (net)
                      0.521806    0.000000    0.407575 ^ clkbuf_0_wb_clk_i/A (sky130_fd_sc_hd__clkbuf_16)
    17    0.072495    0.077203    0.178484    0.586059 ^ clkbuf_0_wb_clk_i/X (sky130_fd_sc_hd__clkbuf_16)
                                                         clknet_0_wb_clk_i (net)
                      0.077234    0.001545    0.587604 ^ clkbuf_3_4_0_wb_clk_i/A (sky130_fd_sc_hd__clkbuf_8)
    11    0.037149    0.058025    0.122689    0.710293 ^ clkbuf_3_4_0_wb_clk_i/X (sky130_fd_sc_hd__clkbuf_8)
                                                         clknet_3_4_0_wb_clk_i (net)
                      0.058026    0.000430    0.710723 ^ _676_/CLK (sky130_fd_sc_hd__dfrtp_2)
     9    0.036458    0.136053    0.318408    1.029131 ^ _676_/Q (sky130_fd_sc_hd__dfrtp_2)
                                                         timer.dig_cnt[1] (net)
                      0.136053    0.000198    1.029329 ^ hold150/A (sky130_fd_sc_hd__dlygate4sd3_1)
     2    0.009570    0.083218    0.446355    1.475685 ^ hold150/X (sky130_fd_sc_hd__dlygate4sd3_1)
                                                         net150 (net)
                      0.083218    0.000137    1.475821 ^ _385_/B (sky130_fd_sc_hd__nand2b_2)
    11    0.073677    0.187464    0.170111    1.645932 v _385_/Y (sky130_fd_sc_hd__nand2b_2)
                                                         net5 (net)
                      0.187466    0.000660    1.646592 v _572_/C (sky130_fd_sc_hd__and3_2)
     1    0.003205    0.029772    0.200712    1.847304 v _572_/X (sky130_fd_sc_hd__and3_2)
                                                         _319_ (net)
                      0.029772    0.000035    1.847339 v _575_/A1 (sky130_fd_sc_hd__o32a_2)
     5    0.022474    0.070549    0.275025    2.122365 v _575_/X (sky130_fd_sc_hd__o32a_2)
                                                         _322_ (net)
                      0.070566    0.001123    2.123488 v _590_/A (sky130_fd_sc_hd__or3b_2)
     3    0.100579    0.221649    0.470342    2.593830 v _590_/X (sky130_fd_sc_hd__or3b_2)
                                                         net11 (net)
                      0.234006    0.042433    2.636262 v output11/A (sky130_fd_sc_hd__clkdlybuf4s25_1)
     1    0.035200    0.180029    0.360672    2.996934 v output11/X (sky130_fd_sc_hd__clkdlybuf4s25_1)
                                                         io_out[8] (net)
                      0.180029    0.000463    2.997397 v io_out[8] (out)
                                              2.997397   data arrival time

                                 25.000000   25.000000   clock wb_clk_i (rise edge)
                                  0.000000   25.000000   clock network delay (propagated)
                                 -0.250000   24.750000   clock uncertainty
                                  0.000000   24.750000   clock reconvergence pessimism
                                 -5.000000   19.750000   output external delay
                                             19.750000   data required time
---------------------------------------------------------------------------------------------
                                             19.750000   data required time
                                             -2.997397   data arrival time
---------------------------------------------------------------------------------------------
                                             16.752602   slack (MET)


Startpoint: _676_ (rising edge-triggered flip-flop clocked by wb_clk_i)
Endpoint: io_out[5] (output port clocked by wb_clk_i)
Path Group: wb_clk_i
Path Type: max

Fanout         Cap        Slew       Delay        Time   Description
---------------------------------------------------------------------------------------------
                                  0.000000    0.000000   clock wb_clk_i (rise edge)
                                  0.000000    0.000000   clock source latency
     2    0.147291    0.498689    0.407575    0.407575 ^ wb_clk_i (in)
                                                         wb_clk_i (net)
                      0.521806    0.000000    0.407575 ^ clkbuf_0_wb_clk_i/A (sky130_fd_sc_hd__clkbuf_16)
    17    0.072495    0.077203    0.178484    0.586059 ^ clkbuf_0_wb_clk_i/X (sky130_fd_sc_hd__clkbuf_16)
                                                         clknet_0_wb_clk_i (net)
                      0.077234    0.001545    0.587604 ^ clkbuf_3_4_0_wb_clk_i/A (sky130_fd_sc_hd__clkbuf_8)
    11    0.037149    0.058025    0.122689    0.710293 ^ clkbuf_3_4_0_wb_clk_i/X (sky130_fd_sc_hd__clkbuf_8)
                                                         clknet_3_4_0_wb_clk_i (net)
                      0.058026    0.000430    0.710723 ^ _676_/CLK (sky130_fd_sc_hd__dfrtp_2)
     9    0.036458    0.136053    0.318408    1.029131 ^ _676_/Q (sky130_fd_sc_hd__dfrtp_2)
                                                         timer.dig_cnt[1] (net)
                      0.136053    0.000198    1.029329 ^ hold150/A (sky130_fd_sc_hd__dlygate4sd3_1)
     2    0.009570    0.083218    0.446355    1.475685 ^ hold150/X (sky130_fd_sc_hd__dlygate4sd3_1)
                                                         net150 (net)
                      0.083218    0.000137    1.475821 ^ _385_/B (sky130_fd_sc_hd__nand2b_2)
    11    0.073677    0.187464    0.170111    1.645932 v _385_/Y (sky130_fd_sc_hd__nand2b_2)
                                                         net5 (net)
                      0.187466    0.000660    1.646592 v _572_/C (sky130_fd_sc_hd__and3_2)
     1    0.003205    0.029772    0.200712    1.847304 v _572_/X (sky130_fd_sc_hd__and3_2)
                                                         _319_ (net)
                      0.029772    0.000035    1.847339 v _575_/A1 (sky130_fd_sc_hd__o32a_2)
     5    0.022474    0.070549    0.275025    2.122365 v _575_/X (sky130_fd_sc_hd__o32a_2)
                                                         _322_ (net)
                      0.070564    0.001058    2.123422 v _583_/B (sky130_fd_sc_hd__or2_2)
     4    0.013428    0.057535    0.208928    2.332350 v _583_/X (sky130_fd_sc_hd__or2_2)
                                                         _329_ (net)
                      0.057535    0.000210    2.332560 v _584_/C_N (sky130_fd_sc_hd__or3b_2)
     3    0.030591    0.137938    0.222079    2.554639 ^ _584_/X (sky130_fd_sc_hd__or3b_2)
                                                         net8 (net)
                      0.138134    0.004426    2.559066 ^ output8/A (sky130_fd_sc_hd__clkdlybuf4s25_1)
     1    0.035215    0.266234    0.361996    2.921062 ^ output8/X (sky130_fd_sc_hd__clkdlybuf4s25_1)
                                                         io_out[5] (net)
                      0.266234    0.000463    2.921525 ^ io_out[5] (out)
                                              2.921525   data arrival time

                                 25.000000   25.000000   clock wb_clk_i (rise edge)
                                  0.000000   25.000000   clock network delay (propagated)
                                 -0.250000   24.750000   clock uncertainty
                                  0.000000   24.750000   clock reconvergence pessimism
                                 -5.000000   19.750000   output external delay
                                             19.750000   data required time
---------------------------------------------------------------------------------------------
                                             19.750000   data required time
                                             -2.921525   data arrival time
---------------------------------------------------------------------------------------------
                                             16.828476   slack (MET)


Startpoint: _676_ (rising edge-triggered flip-flop clocked by wb_clk_i)
Endpoint: io_out[6] (output port clocked by wb_clk_i)
Path Group: wb_clk_i
Path Type: max

Fanout         Cap        Slew       Delay        Time   Description
---------------------------------------------------------------------------------------------
                                  0.000000    0.000000   clock wb_clk_i (rise edge)
                                  0.000000    0.000000   clock source latency
     2    0.147291    0.498689    0.407575    0.407575 ^ wb_clk_i (in)
                                                         wb_clk_i (net)
                      0.521806    0.000000    0.407575 ^ clkbuf_0_wb_clk_i/A (sky130_fd_sc_hd__clkbuf_16)
    17    0.072495    0.077203    0.178484    0.586059 ^ clkbuf_0_wb_clk_i/X (sky130_fd_sc_hd__clkbuf_16)
                                                         clknet_0_wb_clk_i (net)
                      0.077234    0.001545    0.587604 ^ clkbuf_3_4_0_wb_clk_i/A (sky130_fd_sc_hd__clkbuf_8)
    11    0.037149    0.058025    0.122689    0.710293 ^ clkbuf_3_4_0_wb_clk_i/X (sky130_fd_sc_hd__clkbuf_8)
                                                         clknet_3_4_0_wb_clk_i (net)
                      0.058026    0.000430    0.710723 ^ _676_/CLK (sky130_fd_sc_hd__dfrtp_2)
     9    0.036458    0.136053    0.318408    1.029131 ^ _676_/Q (sky130_fd_sc_hd__dfrtp_2)
                                                         timer.dig_cnt[1] (net)
                      0.136053    0.000198    1.029329 ^ hold150/A (sky130_fd_sc_hd__dlygate4sd3_1)
     2    0.009570    0.083218    0.446355    1.475685 ^ hold150/X (sky130_fd_sc_hd__dlygate4sd3_1)
                                                         net150 (net)
                      0.083218    0.000137    1.475821 ^ _385_/B (sky130_fd_sc_hd__nand2b_2)
    11    0.073677    0.187464    0.170111    1.645932 v _385_/Y (sky130_fd_sc_hd__nand2b_2)
                                                         net5 (net)
                      0.187466    0.000660    1.646592 v _572_/C (sky130_fd_sc_hd__and3_2)
     1    0.003205    0.029772    0.200712    1.847304 v _572_/X (sky130_fd_sc_hd__and3_2)
                                                         _319_ (net)
                      0.029772    0.000035    1.847339 v _575_/A1 (sky130_fd_sc_hd__o32a_2)
     5    0.022474    0.070549    0.275025    2.122365 v _575_/X (sky130_fd_sc_hd__o32a_2)
                                                         _322_ (net)
                      0.070563    0.001037    2.123401 v _586_/A1_N (sky130_fd_sc_hd__a2bb2o_2)
     3    0.057648    0.223714    0.312014    2.435415 ^ _586_/X (sky130_fd_sc_hd__a2bb2o_2)
                                                         net9 (net)
                      0.225193    0.015420    2.450835 ^ output9/A (sky130_fd_sc_hd__clkdlybuf4s25_1)
     1    0.035200    0.266368    0.369726    2.820560 ^ output9/X (sky130_fd_sc_hd__clkdlybuf4s25_1)
                                                         io_out[6] (net)
                      0.266368    0.000463    2.821024 ^ io_out[6] (out)
                                              2.821024   data arrival time

                                 25.000000   25.000000   clock wb_clk_i (rise edge)
                                  0.000000   25.000000   clock network delay (propagated)
                                 -0.250000   24.750000   clock uncertainty
                                  0.000000   24.750000   clock reconvergence pessimism
                                 -5.000000   19.750000   output external delay
                                             19.750000   data required time
---------------------------------------------------------------------------------------------
                                             19.750000   data required time
                                             -2.821024   data arrival time
---------------------------------------------------------------------------------------------
                                             16.928976   slack (MET)


Startpoint: _676_ (rising edge-triggered flip-flop clocked by wb_clk_i)
Endpoint: io_out[4] (output port clocked by wb_clk_i)
Path Group: wb_clk_i
Path Type: max

Fanout         Cap        Slew       Delay        Time   Description
---------------------------------------------------------------------------------------------
                                  0.000000    0.000000   clock wb_clk_i (rise edge)
                                  0.000000    0.000000   clock source latency
     2    0.147291    0.498689    0.407575    0.407575 ^ wb_clk_i (in)
                                                         wb_clk_i (net)
                      0.521806    0.000000    0.407575 ^ clkbuf_0_wb_clk_i/A (sky130_fd_sc_hd__clkbuf_16)
    17    0.072495    0.077203    0.178484    0.586059 ^ clkbuf_0_wb_clk_i/X (sky130_fd_sc_hd__clkbuf_16)
                                                         clknet_0_wb_clk_i (net)
                      0.077234    0.001545    0.587604 ^ clkbuf_3_4_0_wb_clk_i/A (sky130_fd_sc_hd__clkbuf_8)
    11    0.037149    0.058025    0.122689    0.710293 ^ clkbuf_3_4_0_wb_clk_i/X (sky130_fd_sc_hd__clkbuf_8)
                                                         clknet_3_4_0_wb_clk_i (net)
                      0.058026    0.000430    0.710723 ^ _676_/CLK (sky130_fd_sc_hd__dfrtp_2)
     9    0.036458    0.136053    0.318408    1.029131 ^ _676_/Q (sky130_fd_sc_hd__dfrtp_2)
                                                         timer.dig_cnt[1] (net)
                      0.136053    0.000198    1.029329 ^ hold150/A (sky130_fd_sc_hd__dlygate4sd3_1)
     2    0.009570    0.083218    0.446355    1.475685 ^ hold150/X (sky130_fd_sc_hd__dlygate4sd3_1)
                                                         net150 (net)
                      0.083218    0.000137    1.475821 ^ _385_/B (sky130_fd_sc_hd__nand2b_2)
    11    0.073677    0.187464    0.170111    1.645932 v _385_/Y (sky130_fd_sc_hd__nand2b_2)
                                                         net5 (net)
                      0.187466    0.000660    1.646592 v _572_/C (sky130_fd_sc_hd__and3_2)
     1    0.003205    0.029772    0.200712    1.847304 v _572_/X (sky130_fd_sc_hd__and3_2)
                                                         _319_ (net)
                      0.029772    0.000035    1.847339 v _575_/A1 (sky130_fd_sc_hd__o32a_2)
     5    0.022474    0.070549    0.275025    2.122365 v _575_/X (sky130_fd_sc_hd__o32a_2)
                                                         _322_ (net)
                      0.070562    0.001018    2.123383 v _577_/A2 (sky130_fd_sc_hd__a21oi_2)
     4    0.014482    0.143931    0.170118    2.293501 ^ _577_/Y (sky130_fd_sc_hd__a21oi_2)
                                                         _324_ (net)
                      0.143931    0.000161    2.293662 ^ _582_/A (sky130_fd_sc_hd__or2_2)
     1    0.002421    0.022667    0.090530    2.384192 ^ _582_/X (sky130_fd_sc_hd__or2_2)
                                                         net7 (net)
                      0.022667    0.000009    2.384202 ^ output7/A (sky130_fd_sc_hd__clkdlybuf4s25_1)
     1    0.035200    0.266296    0.336811    2.721012 ^ output7/X (sky130_fd_sc_hd__clkdlybuf4s25_1)
                                                         io_out[4] (net)
                      0.266296    0.000463    2.721476 ^ io_out[4] (out)
                                              2.721476   data arrival time

                                 25.000000   25.000000   clock wb_clk_i (rise edge)
                                  0.000000   25.000000   clock network delay (propagated)
                                 -0.250000   24.750000   clock uncertainty
                                  0.000000   24.750000   clock reconvergence pessimism
                                 -5.000000   19.750000   output external delay
                                             19.750000   data required time
---------------------------------------------------------------------------------------------
                                             19.750000   data required time
                                             -2.721476   data arrival time
---------------------------------------------------------------------------------------------
                                             17.028522   slack (MET)


Startpoint: _676_ (rising edge-triggered flip-flop clocked by wb_clk_i)
Endpoint: io_out[2] (output port clocked by wb_clk_i)
Path Group: wb_clk_i
Path Type: max

Fanout         Cap        Slew       Delay        Time   Description
---------------------------------------------------------------------------------------------
                                  0.000000    0.000000   clock wb_clk_i (rise edge)
                                  0.000000    0.000000   clock source latency
     2    0.147291    0.498689    0.407575    0.407575 ^ wb_clk_i (in)
                                                         wb_clk_i (net)
                      0.521806    0.000000    0.407575 ^ clkbuf_0_wb_clk_i/A (sky130_fd_sc_hd__clkbuf_16)
    17    0.072495    0.077203    0.178484    0.586059 ^ clkbuf_0_wb_clk_i/X (sky130_fd_sc_hd__clkbuf_16)
                                                         clknet_0_wb_clk_i (net)
                      0.077234    0.001545    0.587604 ^ clkbuf_3_4_0_wb_clk_i/A (sky130_fd_sc_hd__clkbuf_8)
    11    0.037149    0.058025    0.122689    0.710293 ^ clkbuf_3_4_0_wb_clk_i/X (sky130_fd_sc_hd__clkbuf_8)
                                                         clknet_3_4_0_wb_clk_i (net)
                      0.058026    0.000430    0.710723 ^ _676_/CLK (sky130_fd_sc_hd__dfrtp_2)
     9    0.034380    0.079992    0.321034    1.031757 v _676_/Q (sky130_fd_sc_hd__dfrtp_2)
                                                         timer.dig_cnt[1] (net)
                      0.079992    0.000187    1.031943 v hold150/A (sky130_fd_sc_hd__dlygate4sd3_1)
     2    0.009030    0.059888    0.428370    1.460314 v hold150/X (sky130_fd_sc_hd__dlygate4sd3_1)
                                                         net150 (net)
                      0.059888    0.000128    1.460441 v _385_/B (sky130_fd_sc_hd__nand2b_2)
    11    0.075122    0.303226    0.245598    1.706039 ^ _385_/Y (sky130_fd_sc_hd__nand2b_2)
                                                         net5 (net)
                      0.304189    0.014599    1.720638 ^ output5/A (sky130_fd_sc_hd__clkdlybuf4s25_1)
     1    0.035226    0.266670    0.375414    2.096052 ^ output5/X (sky130_fd_sc_hd__clkdlybuf4s25_1)
                                                         io_out[2] (net)
                      0.266670    0.000463    2.096515 ^ io_out[2] (out)
                                              2.096515   data arrival time

                                 25.000000   25.000000   clock wb_clk_i (rise edge)
                                  0.000000   25.000000   clock network delay (propagated)
                                 -0.250000   24.750000   clock uncertainty
                                  0.000000   24.750000   clock reconvergence pessimism
                                 -5.000000   19.750000   output external delay
                                             19.750000   data required time
---------------------------------------------------------------------------------------------
                                             19.750000   data required time
                                             -2.096515   data arrival time
---------------------------------------------------------------------------------------------
                                             17.653484   slack (MET)


Startpoint: _675_ (rising edge-triggered flip-flop clocked by wb_clk_i)
Endpoint: io_out[0] (output port clocked by wb_clk_i)
Path Group: wb_clk_i
Path Type: max

Fanout         Cap        Slew       Delay        Time   Description
---------------------------------------------------------------------------------------------
                                  0.000000    0.000000   clock wb_clk_i (rise edge)
                                  0.000000    0.000000   clock source latency
     2    0.147291    0.498689    0.407575    0.407575 ^ wb_clk_i (in)
                                                         wb_clk_i (net)
                      0.521806    0.000000    0.407575 ^ clkbuf_0_wb_clk_i/A (sky130_fd_sc_hd__clkbuf_16)
    17    0.072495    0.077203    0.178484    0.586059 ^ clkbuf_0_wb_clk_i/X (sky130_fd_sc_hd__clkbuf_16)
                                                         clknet_0_wb_clk_i (net)
                      0.077234    0.001545    0.587604 ^ clkbuf_3_4_0_wb_clk_i/A (sky130_fd_sc_hd__clkbuf_8)
    11    0.037149    0.058025    0.122689    0.710293 ^ clkbuf_3_4_0_wb_clk_i/X (sky130_fd_sc_hd__clkbuf_8)
                                                         clknet_3_4_0_wb_clk_i (net)
                      0.058028    0.000526    0.710818 ^ _675_/CLK (sky130_fd_sc_hd__dfrtp_2)
     9    0.043557    0.159926    0.337103    1.047921 ^ _675_/Q (sky130_fd_sc_hd__dfrtp_2)
                                                         timer.dig_cnt[0] (net)
                      0.159926    0.000377    1.048298 ^ _564_/B (sky130_fd_sc_hd__or2_2)
    11    0.128863    0.496470    0.423522    1.471820 ^ _564_/X (sky130_fd_sc_hd__or2_2)
                                                         net2 (net)
                      0.502309    0.045326    1.517146 ^ output2/A (sky130_fd_sc_hd__clkdlybuf4s25_1)
     1    0.035215    0.266147    0.379210    1.896355 ^ output2/X (sky130_fd_sc_hd__clkdlybuf4s25_1)
                                                         io_out[0] (net)
                      0.266147    0.000463    1.896819 ^ io_out[0] (out)
                                              1.896819   data arrival time

                                 25.000000   25.000000   clock wb_clk_i (rise edge)
                                  0.000000   25.000000   clock network delay (propagated)
                                 -0.250000   24.750000   clock uncertainty
                                  0.000000   24.750000   clock reconvergence pessimism
                                 -5.000000   19.750000   output external delay
                                             19.750000   data required time
---------------------------------------------------------------------------------------------
                                             19.750000   data required time
                                             -1.896819   data arrival time
---------------------------------------------------------------------------------------------
                                             17.853180   slack (MET)


Startpoint: _676_ (rising edge-triggered flip-flop clocked by wb_clk_i)
Endpoint: io_out[1] (output port clocked by wb_clk_i)
Path Group: wb_clk_i
Path Type: max

Fanout         Cap        Slew       Delay        Time   Description
---------------------------------------------------------------------------------------------
                                  0.000000    0.000000   clock wb_clk_i (rise edge)
                                  0.000000    0.000000   clock source latency
     2    0.147291    0.498689    0.407575    0.407575 ^ wb_clk_i (in)
                                                         wb_clk_i (net)
                      0.521806    0.000000    0.407575 ^ clkbuf_0_wb_clk_i/A (sky130_fd_sc_hd__clkbuf_16)
    17    0.072495    0.077203    0.178484    0.586059 ^ clkbuf_0_wb_clk_i/X (sky130_fd_sc_hd__clkbuf_16)
                                                         clknet_0_wb_clk_i (net)
                      0.077234    0.001545    0.587604 ^ clkbuf_3_4_0_wb_clk_i/A (sky130_fd_sc_hd__clkbuf_8)
    11    0.037149    0.058025    0.122689    0.710293 ^ clkbuf_3_4_0_wb_clk_i/X (sky130_fd_sc_hd__clkbuf_8)
                                                         clknet_3_4_0_wb_clk_i (net)
                      0.058026    0.000430    0.710723 ^ _676_/CLK (sky130_fd_sc_hd__dfrtp_2)
     9    0.036458    0.136053    0.318408    1.029131 ^ _676_/Q (sky130_fd_sc_hd__dfrtp_2)
                                                         timer.dig_cnt[1] (net)
                      0.136054    0.000638    1.029769 ^ _384_/A_N (sky130_fd_sc_hd__nand2b_2)
    11    0.097490    0.391354    0.353216    1.382984 ^ _384_/Y (sky130_fd_sc_hd__nand2b_2)
                                                         net4 (net)
                      0.394360    0.028999    1.411983 ^ output4/A (sky130_fd_sc_hd__clkdlybuf4s25_1)
     1    0.035201    0.266289    0.377037    1.789020 ^ output4/X (sky130_fd_sc_hd__clkdlybuf4s25_1)
                                                         io_out[1] (net)
                      0.266289    0.000463    1.789484 ^ io_out[1] (out)
                                              1.789484   data arrival time

                                 25.000000   25.000000   clock wb_clk_i (rise edge)
                                  0.000000   25.000000   clock network delay (propagated)
                                 -0.250000   24.750000   clock uncertainty
                                  0.000000   24.750000   clock reconvergence pessimism
                                 -5.000000   19.750000   output external delay
                                             19.750000   data required time
---------------------------------------------------------------------------------------------
                                             19.750000   data required time
                                             -1.789484   data arrival time
---------------------------------------------------------------------------------------------
                                             17.960516   slack (MET)


Startpoint: _675_ (rising edge-triggered flip-flop clocked by wb_clk_i)
Endpoint: io_out[3] (output port clocked by wb_clk_i)
Path Group: wb_clk_i
Path Type: max

Fanout         Cap        Slew       Delay        Time   Description
---------------------------------------------------------------------------------------------
                                  0.000000    0.000000   clock wb_clk_i (rise edge)
                                  0.000000    0.000000   clock source latency
     2    0.147291    0.498689    0.407575    0.407575 ^ wb_clk_i (in)
                                                         wb_clk_i (net)
                      0.521806    0.000000    0.407575 ^ clkbuf_0_wb_clk_i/A (sky130_fd_sc_hd__clkbuf_16)
    17    0.072495    0.077203    0.178484    0.586059 ^ clkbuf_0_wb_clk_i/X (sky130_fd_sc_hd__clkbuf_16)
                                                         clknet_0_wb_clk_i (net)
                      0.077234    0.001545    0.587604 ^ clkbuf_3_4_0_wb_clk_i/A (sky130_fd_sc_hd__clkbuf_8)
    11    0.037149    0.058025    0.122689    0.710293 ^ clkbuf_3_4_0_wb_clk_i/X (sky130_fd_sc_hd__clkbuf_8)
                                                         clknet_3_4_0_wb_clk_i (net)
                      0.058028    0.000526    0.710818 ^ _675_/CLK (sky130_fd_sc_hd__dfrtp_2)
     9    0.040823    0.090599    0.332317    1.043136 v _675_/Q (sky130_fd_sc_hd__dfrtp_2)
                                                         timer.dig_cnt[0] (net)
                      0.090599    0.000247    1.043382 v _565_/B (sky130_fd_sc_hd__nand2_2)
     5    0.035988    0.147158    0.155957    1.199339 ^ _565_/Y (sky130_fd_sc_hd__nand2_2)
                                                         net6 (net)
                      0.147302    0.003914    1.203254 ^ output6/A (sky130_fd_sc_hd__clkdlybuf4s25_1)
     1    0.035320    0.267033    0.363369    1.566623 ^ output6/X (sky130_fd_sc_hd__clkdlybuf4s25_1)
                                                         io_out[3] (net)
                      0.267033    0.000483    1.567106 ^ io_out[3] (out)
                                              1.567106   data arrival time

                                 25.000000   25.000000   clock wb_clk_i (rise edge)
                                  0.000000   25.000000   clock network delay (propagated)
                                 -0.250000   24.750000   clock uncertainty
                                  0.000000   24.750000   clock reconvergence pessimism
                                 -5.000000   19.750000   output external delay
                                             19.750000   data required time
---------------------------------------------------------------------------------------------
                                             19.750000   data required time
                                             -1.567106   data arrival time
---------------------------------------------------------------------------------------------
                                             18.182894   slack (MET)


Startpoint: wb_rst_i (input port clocked by wb_clk_i)
Endpoint: _691_ (recovery check against rising-edge clock wb_clk_i)
Path Group: asynchronous
Path Type: max

Fanout         Cap        Slew       Delay        Time   Description
---------------------------------------------------------------------------------------------
                                  0.000000    0.000000   clock wb_clk_i (rise edge)
                                  0.000000    0.000000   clock network delay (propagated)
                                  5.000000    5.000000 v input external delay
     2    0.004650    0.007618    0.004084    5.004084 v wb_rst_i (in)
                                                         wb_rst_i (net)
                      0.007618    0.000000    5.004084 v input1/A (sky130_fd_sc_hd__buf_2)
     5    0.122743    0.193729    0.183660    5.187744 v input1/X (sky130_fd_sc_hd__buf_2)
                                                         net1 (net)
                      0.230626    0.067089    5.254832 v fanout25/A (sky130_fd_sc_hd__clkdlybuf4s25_1)
     8    0.040097    0.203973    0.377968    5.632801 v fanout25/X (sky130_fd_sc_hd__clkdlybuf4s25_1)
                                                         net25 (net)
                      0.203980    0.001431    5.634232 v load_slew26/A (sky130_fd_sc_hd__buf_4)
    15    0.056373    0.063871    0.206027    5.840259 v load_slew26/X (sky130_fd_sc_hd__buf_4)
                                                         net26 (net)
                      0.063919    0.001741    5.842000 v fanout23/A (sky130_fd_sc_hd__clkdlybuf4s25_1)
     7    0.042862    0.216516    0.336776    6.178776 v fanout23/X (sky130_fd_sc_hd__clkdlybuf4s25_1)
                                                         net23 (net)
                      0.216516    0.000491    6.179267 v wire24/A (sky130_fd_sc_hd__buf_4)
    10    0.052652    0.060138    0.210085    6.389352 v wire24/X (sky130_fd_sc_hd__buf_4)
                                                         net24 (net)
                      0.060151    0.000916    6.390268 v _607_/A (sky130_fd_sc_hd__inv_2)
     1    0.004699    0.027248    0.045612    6.435881 ^ _607_/Y (sky130_fd_sc_hd__inv_2)
                                                         _082_ (net)
                      0.027248    0.000051    6.435931 ^ _691_/RESET_B (sky130_fd_sc_hd__dfrtp_2)
                                              6.435931   data arrival time

                                 25.000000   25.000000   clock wb_clk_i (rise edge)
                                  0.000000   25.000000   clock source latency
     2    0.147291    0.498689    0.368759   25.368759 ^ wb_clk_i (in)
                                                         wb_clk_i (net)
                      0.521806    0.000000   25.368759 ^ clkbuf_0_wb_clk_i/A (sky130_fd_sc_hd__clkbuf_16)
    17    0.072495    0.077203    0.161485   25.530243 ^ clkbuf_0_wb_clk_i/X (sky130_fd_sc_hd__clkbuf_16)
                                                         clknet_0_wb_clk_i (net)
                      0.077266    0.001867   25.532110 ^ clkbuf_3_7_0_wb_clk_i/A (sky130_fd_sc_hd__clkbuf_8)
    12    0.036897    0.057721    0.110798   25.642908 ^ clkbuf_3_7_0_wb_clk_i/X (sky130_fd_sc_hd__clkbuf_8)
                                                         clknet_3_7_0_wb_clk_i (net)
                      0.057721    0.000263   25.643171 ^ _691_/CLK (sky130_fd_sc_hd__dfrtp_2)
                                 -0.250000   25.393173   clock uncertainty
                                  0.000000   25.393173   clock reconvergence pessimism
                                  0.138726   25.531898   library recovery time
                                             25.531898   data required time
---------------------------------------------------------------------------------------------
                                             25.531898   data required time
                                             -6.435931   data arrival time
---------------------------------------------------------------------------------------------
                                             19.095968   slack (MET)


Startpoint: wb_rst_i (input port clocked by wb_clk_i)
Endpoint: _729_ (recovery check against rising-edge clock wb_clk_i)
Path Group: asynchronous
Path Type: max

Fanout         Cap        Slew       Delay        Time   Description
---------------------------------------------------------------------------------------------
                                  0.000000    0.000000   clock wb_clk_i (rise edge)
                                  0.000000    0.000000   clock network delay (propagated)
                                  5.000000    5.000000 v input external delay
     2    0.004650    0.007618    0.004084    5.004084 v wb_rst_i (in)
                                                         wb_rst_i (net)
                      0.007618    0.000000    5.004084 v input1/A (sky130_fd_sc_hd__buf_2)
     5    0.122743    0.193729    0.183660    5.187744 v input1/X (sky130_fd_sc_hd__buf_2)
                                                         net1 (net)
                      0.230626    0.067089    5.254832 v fanout25/A (sky130_fd_sc_hd__clkdlybuf4s25_1)
     8    0.040097    0.203973    0.377968    5.632801 v fanout25/X (sky130_fd_sc_hd__clkdlybuf4s25_1)
                                                         net25 (net)
                      0.203980    0.001431    5.634232 v load_slew26/A (sky130_fd_sc_hd__buf_4)
    15    0.056373    0.063871    0.206027    5.840259 v load_slew26/X (sky130_fd_sc_hd__buf_4)
                                                         net26 (net)
                      0.063919    0.001741    5.842000 v fanout23/A (sky130_fd_sc_hd__clkdlybuf4s25_1)
     7    0.042862    0.216516    0.336776    6.178776 v fanout23/X (sky130_fd_sc_hd__clkdlybuf4s25_1)
                                                         net23 (net)
                      0.216516    0.000491    6.179267 v wire24/A (sky130_fd_sc_hd__buf_4)
    10    0.052652    0.060138    0.210085    6.389352 v wire24/X (sky130_fd_sc_hd__buf_4)
                                                         net24 (net)
                      0.060152    0.000945    6.390297 v _645_/A (sky130_fd_sc_hd__inv_2)
     1    0.004408    0.026420    0.044560    6.434858 ^ _645_/Y (sky130_fd_sc_hd__inv_2)
                                                         _120_ (net)
                      0.026420    0.000048    6.434906 ^ _729_/RESET_B (sky130_fd_sc_hd__dfrtp_2)
                                              6.434906   data arrival time

                                 25.000000   25.000000   clock wb_clk_i (rise edge)
                                  0.000000   25.000000   clock source latency
     2    0.147291    0.498689    0.368759   25.368759 ^ wb_clk_i (in)
                                                         wb_clk_i (net)
                      0.521806    0.000000   25.368759 ^ clkbuf_0_wb_clk_i/A (sky130_fd_sc_hd__clkbuf_16)
    17    0.072495    0.077203    0.161485   25.530243 ^ clkbuf_0_wb_clk_i/X (sky130_fd_sc_hd__clkbuf_16)
                                                         clknet_0_wb_clk_i (net)
                      0.077266    0.001867   25.532110 ^ clkbuf_3_7_0_wb_clk_i/A (sky130_fd_sc_hd__clkbuf_8)
    12    0.036897    0.057721    0.110798   25.642908 ^ clkbuf_3_7_0_wb_clk_i/X (sky130_fd_sc_hd__clkbuf_8)
                                                         clknet_3_7_0_wb_clk_i (net)
                      0.057722    0.000355   25.643265 ^ _729_/CLK (sky130_fd_sc_hd__dfrtp_2)
                                 -0.250000   25.393265   clock uncertainty
                                  0.000000   25.393265   clock reconvergence pessimism
                                  0.138938   25.532204   library recovery time
                                             25.532204   data required time
---------------------------------------------------------------------------------------------
                                             25.532204   data required time
                                             -6.434906   data arrival time
---------------------------------------------------------------------------------------------
                                             19.097298   slack (MET)


Startpoint: wb_rst_i (input port clocked by wb_clk_i)
Endpoint: _687_ (recovery check against rising-edge clock wb_clk_i)
Path Group: asynchronous
Path Type: max

Fanout         Cap        Slew       Delay        Time   Description
---------------------------------------------------------------------------------------------
                                  0.000000    0.000000   clock wb_clk_i (rise edge)
                                  0.000000    0.000000   clock network delay (propagated)
                                  5.000000    5.000000 v input external delay
     2    0.004650    0.007618    0.004084    5.004084 v wb_rst_i (in)
                                                         wb_rst_i (net)
                      0.007618    0.000000    5.004084 v input1/A (sky130_fd_sc_hd__buf_2)
     5    0.122743    0.193729    0.183660    5.187744 v input1/X (sky130_fd_sc_hd__buf_2)
                                                         net1 (net)
                      0.230626    0.067089    5.254832 v fanout25/A (sky130_fd_sc_hd__clkdlybuf4s25_1)
     8    0.040097    0.203973    0.377968    5.632801 v fanout25/X (sky130_fd_sc_hd__clkdlybuf4s25_1)
                                                         net25 (net)
                      0.203980    0.001431    5.634232 v load_slew26/A (sky130_fd_sc_hd__buf_4)
    15    0.056373    0.063871    0.206027    5.840259 v load_slew26/X (sky130_fd_sc_hd__buf_4)
                                                         net26 (net)
                      0.063919    0.001741    5.842000 v fanout23/A (sky130_fd_sc_hd__clkdlybuf4s25_1)
     7    0.042862    0.216516    0.336776    6.178776 v fanout23/X (sky130_fd_sc_hd__clkdlybuf4s25_1)
                                                         net23 (net)
                      0.216516    0.000491    6.179267 v wire24/A (sky130_fd_sc_hd__buf_4)
    10    0.052652    0.060138    0.210085    6.389352 v wire24/X (sky130_fd_sc_hd__buf_4)
                                                         net24 (net)
                      0.060141    0.000509    6.389861 v _603_/A (sky130_fd_sc_hd__inv_2)
     1    0.004583    0.026915    0.045192    6.435053 ^ _603_/Y (sky130_fd_sc_hd__inv_2)
                                                         _078_ (net)
                      0.026915    0.000048    6.435101 ^ _687_/RESET_B (sky130_fd_sc_hd__dfrtp_2)
                                              6.435101   data arrival time

                                 25.000000   25.000000   clock wb_clk_i (rise edge)
                                  0.000000   25.000000   clock source latency
     2    0.147291    0.498689    0.368759   25.368759 ^ wb_clk_i (in)
                                                         wb_clk_i (net)
                      0.521806    0.000000   25.368759 ^ clkbuf_0_wb_clk_i/A (sky130_fd_sc_hd__clkbuf_16)
    17    0.072495    0.077203    0.161485   25.530243 ^ clkbuf_0_wb_clk_i/X (sky130_fd_sc_hd__clkbuf_16)
                                                         clknet_0_wb_clk_i (net)
                      0.077276    0.001995   25.532238 ^ clkbuf_3_5_0_wb_clk_i/A (sky130_fd_sc_hd__clkbuf_8)
    11    0.038208    0.059383    0.111976   25.644215 ^ clkbuf_3_5_0_wb_clk_i/X (sky130_fd_sc_hd__clkbuf_8)
                                                         clknet_3_5_0_wb_clk_i (net)
                      0.059383    0.000245   25.644461 ^ _687_/CLK (sky130_fd_sc_hd__dfrtp_2)
                                 -0.250000   25.394461   clock uncertainty
                                  0.000000   25.394461   clock reconvergence pessimism
                                  0.139063   25.533524   library recovery time
                                             25.533524   data required time
---------------------------------------------------------------------------------------------
                                             25.533524   data required time
                                             -6.435101   data arrival time
---------------------------------------------------------------------------------------------
                                             19.098423   slack (MET)


Startpoint: wb_rst_i (input port clocked by wb_clk_i)
Endpoint: _693_ (recovery check against rising-edge clock wb_clk_i)
Path Group: asynchronous
Path Type: max

Fanout         Cap        Slew       Delay        Time   Description
---------------------------------------------------------------------------------------------
                                  0.000000    0.000000   clock wb_clk_i (rise edge)
                                  0.000000    0.000000   clock network delay (propagated)
                                  5.000000    5.000000 v input external delay
     2    0.004650    0.007618    0.004084    5.004084 v wb_rst_i (in)
                                                         wb_rst_i (net)
                      0.007618    0.000000    5.004084 v input1/A (sky130_fd_sc_hd__buf_2)
     5    0.122743    0.193729    0.183660    5.187744 v input1/X (sky130_fd_sc_hd__buf_2)
                                                         net1 (net)
                      0.230626    0.067089    5.254832 v fanout25/A (sky130_fd_sc_hd__clkdlybuf4s25_1)
     8    0.040097    0.203973    0.377968    5.632801 v fanout25/X (sky130_fd_sc_hd__clkdlybuf4s25_1)
                                                         net25 (net)
                      0.203980    0.001431    5.634232 v load_slew26/A (sky130_fd_sc_hd__buf_4)
    15    0.056373    0.063871    0.206027    5.840259 v load_slew26/X (sky130_fd_sc_hd__buf_4)
                                                         net26 (net)
                      0.063919    0.001741    5.842000 v fanout23/A (sky130_fd_sc_hd__clkdlybuf4s25_1)
     7    0.042862    0.216516    0.336776    6.178776 v fanout23/X (sky130_fd_sc_hd__clkdlybuf4s25_1)
                                                         net23 (net)
                      0.216516    0.000491    6.179267 v wire24/A (sky130_fd_sc_hd__buf_4)
    10    0.052652    0.060138    0.210085    6.389352 v wire24/X (sky130_fd_sc_hd__buf_4)
                                                         net24 (net)
                      0.060143    0.000620    6.389972 v _609_/A (sky130_fd_sc_hd__inv_2)
     1    0.004125    0.025661    0.043539    6.433511 ^ _609_/Y (sky130_fd_sc_hd__inv_2)
                                                         _084_ (net)
                      0.025661    0.000037    6.433548 ^ _693_/RESET_B (sky130_fd_sc_hd__dfrtp_2)
                                              6.433548   data arrival time

                                 25.000000   25.000000   clock wb_clk_i (rise edge)
                                  0.000000   25.000000   clock source latency
     2    0.147291    0.498689    0.368759   25.368759 ^ wb_clk_i (in)
                                                         wb_clk_i (net)
                      0.521806    0.000000   25.368759 ^ clkbuf_0_wb_clk_i/A (sky130_fd_sc_hd__clkbuf_16)
    17    0.072495    0.077203    0.161485   25.530243 ^ clkbuf_0_wb_clk_i/X (sky130_fd_sc_hd__clkbuf_16)
                                                         clknet_0_wb_clk_i (net)
                      0.077266    0.001867   25.532110 ^ clkbuf_3_7_0_wb_clk_i/A (sky130_fd_sc_hd__clkbuf_8)
    12    0.036897    0.057721    0.110798   25.642908 ^ clkbuf_3_7_0_wb_clk_i/X (sky130_fd_sc_hd__clkbuf_8)
                                                         clknet_3_7_0_wb_clk_i (net)
                      0.057724    0.000457   25.643366 ^ _693_/CLK (sky130_fd_sc_hd__dfrtp_2)
                                 -0.250000   25.393366   clock uncertainty
                                  0.000000   25.393366   clock reconvergence pessimism
                                  0.139132   25.532497   library recovery time
                                             25.532497   data required time
---------------------------------------------------------------------------------------------
                                             25.532497   data required time
                                             -6.433548   data arrival time
---------------------------------------------------------------------------------------------
                                             19.098949   slack (MET)


Startpoint: wb_rst_i (input port clocked by wb_clk_i)
Endpoint: _728_ (recovery check against rising-edge clock wb_clk_i)
Path Group: asynchronous
Path Type: max

Fanout         Cap        Slew       Delay        Time   Description
---------------------------------------------------------------------------------------------
                                  0.000000    0.000000   clock wb_clk_i (rise edge)
                                  0.000000    0.000000   clock network delay (propagated)
                                  5.000000    5.000000 v input external delay
     2    0.004650    0.007618    0.004084    5.004084 v wb_rst_i (in)
                                                         wb_rst_i (net)
                      0.007618    0.000000    5.004084 v input1/A (sky130_fd_sc_hd__buf_2)
     5    0.122743    0.193729    0.183660    5.187744 v input1/X (sky130_fd_sc_hd__buf_2)
                                                         net1 (net)
                      0.230626    0.067089    5.254832 v fanout25/A (sky130_fd_sc_hd__clkdlybuf4s25_1)
     8    0.040097    0.203973    0.377968    5.632801 v fanout25/X (sky130_fd_sc_hd__clkdlybuf4s25_1)
                                                         net25 (net)
                      0.203980    0.001431    5.634232 v load_slew26/A (sky130_fd_sc_hd__buf_4)
    15    0.056373    0.063871    0.206027    5.840259 v load_slew26/X (sky130_fd_sc_hd__buf_4)
                                                         net26 (net)
                      0.063919    0.001741    5.842000 v fanout23/A (sky130_fd_sc_hd__clkdlybuf4s25_1)
     7    0.042862    0.216516    0.336776    6.178776 v fanout23/X (sky130_fd_sc_hd__clkdlybuf4s25_1)
                                                         net23 (net)
                      0.216516    0.000491    6.179267 v wire24/A (sky130_fd_sc_hd__buf_4)
    10    0.052652    0.060138    0.210085    6.389352 v wire24/X (sky130_fd_sc_hd__buf_4)
                                                         net24 (net)
                      0.060152    0.000943    6.390295 v _644_/A (sky130_fd_sc_hd__inv_2)
     1    0.003910    0.025118    0.042767    6.433062 ^ _644_/Y (sky130_fd_sc_hd__inv_2)
                                                         _119_ (net)
                      0.025118    0.000029    6.433091 ^ _728_/RESET_B (sky130_fd_sc_hd__dfrtp_2)
                                              6.433091   data arrival time

                                 25.000000   25.000000   clock wb_clk_i (rise edge)
                                  0.000000   25.000000   clock source latency
     2    0.147291    0.498689    0.368759   25.368759 ^ wb_clk_i (in)
                                                         wb_clk_i (net)
                      0.521806    0.000000   25.368759 ^ clkbuf_0_wb_clk_i/A (sky130_fd_sc_hd__clkbuf_16)
    17    0.072495    0.077203    0.161485   25.530243 ^ clkbuf_0_wb_clk_i/X (sky130_fd_sc_hd__clkbuf_16)
                                                         clknet_0_wb_clk_i (net)
                      0.077266    0.001867   25.532110 ^ clkbuf_3_7_0_wb_clk_i/A (sky130_fd_sc_hd__clkbuf_8)
    12    0.036897    0.057721    0.110798   25.642908 ^ clkbuf_3_7_0_wb_clk_i/X (sky130_fd_sc_hd__clkbuf_8)
                                                         clknet_3_7_0_wb_clk_i (net)
                      0.057721    0.000236   25.643145 ^ _728_/CLK (sky130_fd_sc_hd__dfrtp_2)
                                 -0.250000   25.393147   clock uncertainty
                                  0.000000   25.393147   clock reconvergence pessimism
                                  0.139270   25.532415   library recovery time
                                             25.532415   data required time
---------------------------------------------------------------------------------------------
                                             25.532415   data required time
                                             -6.433091   data arrival time
---------------------------------------------------------------------------------------------
                                             19.099325   slack (MET)


Startpoint: wb_rst_i (input port clocked by wb_clk_i)
Endpoint: _688_ (recovery check against rising-edge clock wb_clk_i)
Path Group: asynchronous
Path Type: max

Fanout         Cap        Slew       Delay        Time   Description
---------------------------------------------------------------------------------------------
                                  0.000000    0.000000   clock wb_clk_i (rise edge)
                                  0.000000    0.000000   clock network delay (propagated)
                                  5.000000    5.000000 v input external delay
     2    0.004650    0.007618    0.004084    5.004084 v wb_rst_i (in)
                                                         wb_rst_i (net)
                      0.007618    0.000000    5.004084 v input1/A (sky130_fd_sc_hd__buf_2)
     5    0.122743    0.193729    0.183660    5.187744 v input1/X (sky130_fd_sc_hd__buf_2)
                                                         net1 (net)
                      0.230626    0.067089    5.254832 v fanout25/A (sky130_fd_sc_hd__clkdlybuf4s25_1)
     8    0.040097    0.203973    0.377968    5.632801 v fanout25/X (sky130_fd_sc_hd__clkdlybuf4s25_1)
                                                         net25 (net)
                      0.203980    0.001431    5.634232 v load_slew26/A (sky130_fd_sc_hd__buf_4)
    15    0.056373    0.063871    0.206027    5.840259 v load_slew26/X (sky130_fd_sc_hd__buf_4)
                                                         net26 (net)
                      0.063919    0.001741    5.842000 v fanout23/A (sky130_fd_sc_hd__clkdlybuf4s25_1)
     7    0.042862    0.216516    0.336776    6.178776 v fanout23/X (sky130_fd_sc_hd__clkdlybuf4s25_1)
                                                         net23 (net)
                      0.216516    0.000491    6.179267 v wire24/A (sky130_fd_sc_hd__buf_4)
    10    0.052652    0.060138    0.210085    6.389352 v wire24/X (sky130_fd_sc_hd__buf_4)
                                                         net24 (net)
                      0.060138    0.000186    6.389538 v _604_/A (sky130_fd_sc_hd__inv_2)
     1    0.004122    0.025652    0.043526    6.433064 ^ _604_/Y (sky130_fd_sc_hd__inv_2)
                                                         _079_ (net)
                      0.025652    0.000039    6.433103 ^ _688_/RESET_B (sky130_fd_sc_hd__dfrtp_2)
                                              6.433103   data arrival time

                                 25.000000   25.000000   clock wb_clk_i (rise edge)
                                  0.000000   25.000000   clock source latency
     2    0.147291    0.498689    0.368759   25.368759 ^ wb_clk_i (in)
                                                         wb_clk_i (net)
                      0.521806    0.000000   25.368759 ^ clkbuf_0_wb_clk_i/A (sky130_fd_sc_hd__clkbuf_16)
    17    0.072495    0.077203    0.161485   25.530243 ^ clkbuf_0_wb_clk_i/X (sky130_fd_sc_hd__clkbuf_16)
                                                         clknet_0_wb_clk_i (net)
                      0.077266    0.001867   25.532110 ^ clkbuf_3_7_0_wb_clk_i/A (sky130_fd_sc_hd__clkbuf_8)
    12    0.036897    0.057721    0.110798   25.642908 ^ clkbuf_3_7_0_wb_clk_i/X (sky130_fd_sc_hd__clkbuf_8)
                                                         clknet_3_7_0_wb_clk_i (net)
                      0.057725    0.000499   25.643408 ^ _688_/CLK (sky130_fd_sc_hd__dfrtp_2)
                                 -0.250000   25.393410   clock uncertainty
                                  0.000000   25.393410   clock reconvergence pessimism
                                  0.139134   25.532543   library recovery time
                                             25.532543   data required time
---------------------------------------------------------------------------------------------
                                             25.532543   data required time
                                             -6.433103   data arrival time
---------------------------------------------------------------------------------------------
                                             19.099442   slack (MET)


Startpoint: wb_rst_i (input port clocked by wb_clk_i)
Endpoint: _727_ (recovery check against rising-edge clock wb_clk_i)
Path Group: asynchronous
Path Type: max

Fanout         Cap        Slew       Delay        Time   Description
---------------------------------------------------------------------------------------------
                                  0.000000    0.000000   clock wb_clk_i (rise edge)
                                  0.000000    0.000000   clock network delay (propagated)
                                  5.000000    5.000000 v input external delay
     2    0.004650    0.007618    0.004084    5.004084 v wb_rst_i (in)
                                                         wb_rst_i (net)
                      0.007618    0.000000    5.004084 v input1/A (sky130_fd_sc_hd__buf_2)
     5    0.122743    0.193729    0.183660    5.187744 v input1/X (sky130_fd_sc_hd__buf_2)
                                                         net1 (net)
                      0.230626    0.067089    5.254832 v fanout25/A (sky130_fd_sc_hd__clkdlybuf4s25_1)
     8    0.040097    0.203973    0.377968    5.632801 v fanout25/X (sky130_fd_sc_hd__clkdlybuf4s25_1)
                                                         net25 (net)
                      0.203980    0.001431    5.634232 v load_slew26/A (sky130_fd_sc_hd__buf_4)
    15    0.056373    0.063871    0.206027    5.840259 v load_slew26/X (sky130_fd_sc_hd__buf_4)
                                                         net26 (net)
                      0.063919    0.001741    5.842000 v fanout23/A (sky130_fd_sc_hd__clkdlybuf4s25_1)
     7    0.042862    0.216516    0.336776    6.178776 v fanout23/X (sky130_fd_sc_hd__clkdlybuf4s25_1)
                                                         net23 (net)
                      0.216516    0.000491    6.179267 v wire24/A (sky130_fd_sc_hd__buf_4)
    10    0.052652    0.060138    0.210085    6.389352 v wire24/X (sky130_fd_sc_hd__buf_4)
                                                         net24 (net)
                      0.060141    0.000513    6.389865 v _643_/A (sky130_fd_sc_hd__inv_2)
     1    0.003989    0.025317    0.043049    6.432914 ^ _643_/Y (sky130_fd_sc_hd__inv_2)
                                                         _118_ (net)
                      0.025317    0.000032    6.432947 ^ _727_/RESET_B (sky130_fd_sc_hd__dfrtp_2)
                                              6.432947   data arrival time

                                 25.000000   25.000000   clock wb_clk_i (rise edge)
                                  0.000000   25.000000   clock source latency
     2    0.147291    0.498689    0.368759   25.368759 ^ wb_clk_i (in)
                                                         wb_clk_i (net)
                      0.521806    0.000000   25.368759 ^ clkbuf_0_wb_clk_i/A (sky130_fd_sc_hd__clkbuf_16)
    17    0.072495    0.077203    0.161485   25.530243 ^ clkbuf_0_wb_clk_i/X (sky130_fd_sc_hd__clkbuf_16)
                                                         clknet_0_wb_clk_i (net)
                      0.077266    0.001867   25.532110 ^ clkbuf_3_7_0_wb_clk_i/A (sky130_fd_sc_hd__clkbuf_8)
    12    0.036897    0.057721    0.110798   25.642908 ^ clkbuf_3_7_0_wb_clk_i/X (sky130_fd_sc_hd__clkbuf_8)
                                                         clknet_3_7_0_wb_clk_i (net)
                      0.057725    0.000488   25.643398 ^ _727_/CLK (sky130_fd_sc_hd__dfrtp_2)
                                 -0.250000   25.393398   clock uncertainty
                                  0.000000   25.393398   clock reconvergence pessimism
                                  0.139220   25.532618   library recovery time
                                             25.532618   data required time
---------------------------------------------------------------------------------------------
                                             25.532618   data required time
                                             -6.432947   data arrival time
---------------------------------------------------------------------------------------------
                                             19.099672   slack (MET)


Startpoint: wb_rst_i (input port clocked by wb_clk_i)
Endpoint: _730_ (recovery check against rising-edge clock wb_clk_i)
Path Group: asynchronous
Path Type: max

Fanout         Cap        Slew       Delay        Time   Description
---------------------------------------------------------------------------------------------
                                  0.000000    0.000000   clock wb_clk_i (rise edge)
                                  0.000000    0.000000   clock network delay (propagated)
                                  5.000000    5.000000 v input external delay
     2    0.004650    0.007618    0.004084    5.004084 v wb_rst_i (in)
                                                         wb_rst_i (net)
                      0.007618    0.000000    5.004084 v input1/A (sky130_fd_sc_hd__buf_2)
     5    0.122743    0.193729    0.183660    5.187744 v input1/X (sky130_fd_sc_hd__buf_2)
                                                         net1 (net)
                      0.230626    0.067089    5.254832 v fanout25/A (sky130_fd_sc_hd__clkdlybuf4s25_1)
     8    0.040097    0.203973    0.377968    5.632801 v fanout25/X (sky130_fd_sc_hd__clkdlybuf4s25_1)
                                                         net25 (net)
                      0.203980    0.001431    5.634232 v load_slew26/A (sky130_fd_sc_hd__buf_4)
    15    0.056373    0.063871    0.206027    5.840259 v load_slew26/X (sky130_fd_sc_hd__buf_4)
                                                         net26 (net)
                      0.063919    0.001741    5.842000 v fanout23/A (sky130_fd_sc_hd__clkdlybuf4s25_1)
     7    0.042862    0.216516    0.336776    6.178776 v fanout23/X (sky130_fd_sc_hd__clkdlybuf4s25_1)
                                                         net23 (net)
                      0.216516    0.000491    6.179267 v wire24/A (sky130_fd_sc_hd__buf_4)
    10    0.052652    0.060138    0.210085    6.389352 v wire24/X (sky130_fd_sc_hd__buf_4)
                                                         net24 (net)
                      0.060139    0.000433    6.389784 v _646_/A (sky130_fd_sc_hd__inv_2)
     1    0.003826    0.024906    0.042460    6.432245 ^ _646_/Y (sky130_fd_sc_hd__inv_2)
                                                         _121_ (net)
                      0.024906    0.000028    6.432273 ^ _730_/RESET_B (sky130_fd_sc_hd__dfrtp_2)
                                              6.432273   data arrival time

                                 25.000000   25.000000   clock wb_clk_i (rise edge)
                                  0.000000   25.000000   clock source latency
     2    0.147291    0.498689    0.368759   25.368759 ^ wb_clk_i (in)
                                                         wb_clk_i (net)
                      0.521806    0.000000   25.368759 ^ clkbuf_0_wb_clk_i/A (sky130_fd_sc_hd__clkbuf_16)
    17    0.072495    0.077203    0.161485   25.530243 ^ clkbuf_0_wb_clk_i/X (sky130_fd_sc_hd__clkbuf_16)
                                                         clknet_0_wb_clk_i (net)
                      0.077266    0.001867   25.532110 ^ clkbuf_3_7_0_wb_clk_i/A (sky130_fd_sc_hd__clkbuf_8)
    12    0.036897    0.057721    0.110798   25.642908 ^ clkbuf_3_7_0_wb_clk_i/X (sky130_fd_sc_hd__clkbuf_8)
                                                         clknet_3_7_0_wb_clk_i (net)
                      0.057723    0.000419   25.643328 ^ _730_/CLK (sky130_fd_sc_hd__dfrtp_2)
                                 -0.250000   25.393330   clock uncertainty
                                  0.000000   25.393330   clock reconvergence pessimism
                                  0.139324   25.532654   library recovery time
                                             25.532654   data required time
---------------------------------------------------------------------------------------------
                                             25.532654   data required time
                                             -6.432273   data arrival time
---------------------------------------------------------------------------------------------
                                             19.100380   slack (MET)


Startpoint: wb_rst_i (input port clocked by wb_clk_i)
Endpoint: _735_ (recovery check against rising-edge clock wb_clk_i)
Path Group: asynchronous
Path Type: max

Fanout         Cap        Slew       Delay        Time   Description
---------------------------------------------------------------------------------------------
                                  0.000000    0.000000   clock wb_clk_i (rise edge)
                                  0.000000    0.000000   clock network delay (propagated)
                                  5.000000    5.000000 v input external delay
     2    0.004650    0.007618    0.004084    5.004084 v wb_rst_i (in)
                                                         wb_rst_i (net)
                      0.007618    0.000000    5.004084 v input1/A (sky130_fd_sc_hd__buf_2)
     5    0.122743    0.193729    0.183660    5.187744 v input1/X (sky130_fd_sc_hd__buf_2)
                                                         net1 (net)
                      0.230626    0.067089    5.254832 v fanout25/A (sky130_fd_sc_hd__clkdlybuf4s25_1)
     8    0.040097    0.203973    0.377968    5.632801 v fanout25/X (sky130_fd_sc_hd__clkdlybuf4s25_1)
                                                         net25 (net)
                      0.203980    0.001431    5.634232 v load_slew26/A (sky130_fd_sc_hd__buf_4)
    15    0.056373    0.063871    0.206027    5.840259 v load_slew26/X (sky130_fd_sc_hd__buf_4)
                                                         net26 (net)
                      0.063919    0.001741    5.842000 v fanout23/A (sky130_fd_sc_hd__clkdlybuf4s25_1)
     7    0.042862    0.216516    0.336776    6.178776 v fanout23/X (sky130_fd_sc_hd__clkdlybuf4s25_1)
                                                         net23 (net)
                      0.216516    0.000491    6.179267 v wire24/A (sky130_fd_sc_hd__buf_4)
    10    0.052652    0.060138    0.210085    6.389352 v wire24/X (sky130_fd_sc_hd__buf_4)
                                                         net24 (net)
                      0.060138    0.000179    6.389531 v _651_/A (sky130_fd_sc_hd__inv_2)
     1    0.004160    0.025752    0.043666    6.433197 ^ _651_/Y (sky130_fd_sc_hd__inv_2)
                                                         _126_ (net)
                      0.025752    0.000037    6.433234 ^ _735_/RESET_B (sky130_fd_sc_hd__dfrtp_2)
                                              6.433234   data arrival time

                                 25.000000   25.000000   clock wb_clk_i (rise edge)
                                  0.000000   25.000000   clock source latency
     2    0.147291    0.498689    0.368759   25.368759 ^ wb_clk_i (in)
                                                         wb_clk_i (net)
                      0.521806    0.000000   25.368759 ^ clkbuf_0_wb_clk_i/A (sky130_fd_sc_hd__clkbuf_16)
    17    0.072495    0.077203    0.161485   25.530243 ^ clkbuf_0_wb_clk_i/X (sky130_fd_sc_hd__clkbuf_16)
                                                         clknet_0_wb_clk_i (net)
                      0.077276    0.001995   25.532238 ^ clkbuf_3_5_0_wb_clk_i/A (sky130_fd_sc_hd__clkbuf_8)
    11    0.038208    0.059383    0.111976   25.644215 ^ clkbuf_3_5_0_wb_clk_i/X (sky130_fd_sc_hd__clkbuf_8)
                                                         clknet_3_5_0_wb_clk_i (net)
                      0.059383    0.000290   25.644505 ^ _735_/CLK (sky130_fd_sc_hd__dfrtp_2)
                                 -0.250000   25.394505   clock uncertainty
                                  0.000000   25.394505   clock reconvergence pessimism
                                  0.139360   25.533865   library recovery time
                                             25.533865   data required time
---------------------------------------------------------------------------------------------
                                             25.533865   data required time
                                             -6.433234   data arrival time
---------------------------------------------------------------------------------------------
                                             19.100632   slack (MET)


Startpoint: wb_rst_i (input port clocked by wb_clk_i)
Endpoint: _686_ (recovery check against rising-edge clock wb_clk_i)
Path Group: asynchronous
Path Type: max

Fanout         Cap        Slew       Delay        Time   Description
---------------------------------------------------------------------------------------------
                                  0.000000    0.000000   clock wb_clk_i (rise edge)
                                  0.000000    0.000000   clock network delay (propagated)
                                  5.000000    5.000000 v input external delay
     2    0.004650    0.007618    0.004084    5.004084 v wb_rst_i (in)
                                                         wb_rst_i (net)
                      0.007618    0.000000    5.004084 v input1/A (sky130_fd_sc_hd__buf_2)
     5    0.122743    0.193729    0.183660    5.187744 v input1/X (sky130_fd_sc_hd__buf_2)
                                                         net1 (net)
                      0.230626    0.067089    5.254832 v fanout25/A (sky130_fd_sc_hd__clkdlybuf4s25_1)
     8    0.040097    0.203973    0.377968    5.632801 v fanout25/X (sky130_fd_sc_hd__clkdlybuf4s25_1)
                                                         net25 (net)
                      0.203980    0.001431    5.634232 v load_slew26/A (sky130_fd_sc_hd__buf_4)
    15    0.056373    0.063871    0.206027    5.840259 v load_slew26/X (sky130_fd_sc_hd__buf_4)
                                                         net26 (net)
                      0.063919    0.001741    5.842000 v fanout23/A (sky130_fd_sc_hd__clkdlybuf4s25_1)
     7    0.042862    0.216516    0.336776    6.178776 v fanout23/X (sky130_fd_sc_hd__clkdlybuf4s25_1)
                                                         net23 (net)
                      0.216516    0.000491    6.179267 v wire24/A (sky130_fd_sc_hd__buf_4)
    10    0.052652    0.060138    0.210085    6.389352 v wire24/X (sky130_fd_sc_hd__buf_4)
                                                         net24 (net)
                      0.060146    0.000752    6.390104 v _602_/A (sky130_fd_sc_hd__inv_2)
     1    0.003986    0.025309    0.043038    6.433142 ^ _602_/Y (sky130_fd_sc_hd__inv_2)
                                                         _077_ (net)
                      0.025309    0.000032    6.433175 ^ _686_/RESET_B (sky130_fd_sc_hd__dfrtp_2)
                                              6.433175   data arrival time

                                 25.000000   25.000000   clock wb_clk_i (rise edge)
                                  0.000000   25.000000   clock source latency
     2    0.147291    0.498689    0.368759   25.368759 ^ wb_clk_i (in)
                                                         wb_clk_i (net)
                      0.521806    0.000000   25.368759 ^ clkbuf_0_wb_clk_i/A (sky130_fd_sc_hd__clkbuf_16)
    17    0.072495    0.077203    0.161485   25.530243 ^ clkbuf_0_wb_clk_i/X (sky130_fd_sc_hd__clkbuf_16)
                                                         clknet_0_wb_clk_i (net)
                      0.077276    0.001995   25.532238 ^ clkbuf_3_5_0_wb_clk_i/A (sky130_fd_sc_hd__clkbuf_8)
    11    0.038208    0.059383    0.111976   25.644215 ^ clkbuf_3_5_0_wb_clk_i/X (sky130_fd_sc_hd__clkbuf_8)
                                                         clknet_3_5_0_wb_clk_i (net)
                      0.059383    0.000218   25.644434 ^ _686_/CLK (sky130_fd_sc_hd__dfrtp_2)
                                 -0.250000   25.394434   clock uncertainty
                                  0.000000   25.394434   clock reconvergence pessimism
                                  0.139473   25.533907   library recovery time
                                             25.533907   data required time
---------------------------------------------------------------------------------------------
                                             25.533907   data required time
                                             -6.433175   data arrival time
---------------------------------------------------------------------------------------------
                                             19.100733   slack (MET)


Startpoint: wb_rst_i (input port clocked by wb_clk_i)
Endpoint: _731_ (recovery check against rising-edge clock wb_clk_i)
Path Group: asynchronous
Path Type: max

Fanout         Cap        Slew       Delay        Time   Description
---------------------------------------------------------------------------------------------
                                  0.000000    0.000000   clock wb_clk_i (rise edge)
                                  0.000000    0.000000   clock network delay (propagated)
                                  5.000000    5.000000 v input external delay
     2    0.004650    0.007618    0.004084    5.004084 v wb_rst_i (in)
                                                         wb_rst_i (net)
                      0.007618    0.000000    5.004084 v input1/A (sky130_fd_sc_hd__buf_2)
     5    0.122743    0.193729    0.183660    5.187744 v input1/X (sky130_fd_sc_hd__buf_2)
                                                         net1 (net)
                      0.230626    0.067089    5.254832 v fanout25/A (sky130_fd_sc_hd__clkdlybuf4s25_1)
     8    0.040097    0.203973    0.377968    5.632801 v fanout25/X (sky130_fd_sc_hd__clkdlybuf4s25_1)
                                                         net25 (net)
                      0.203973    0.000218    5.633018 v fanout21/A (sky130_fd_sc_hd__clkdlybuf4s25_1)
     9    0.054798    0.275127    0.427291    6.060309 v fanout21/X (sky130_fd_sc_hd__clkdlybuf4s25_1)
                                                         net21 (net)
                      0.275127    0.000539    6.060848 v load_slew22/A (sky130_fd_sc_hd__buf_4)
     8    0.045177    0.056167    0.227004    6.287851 v load_slew22/X (sky130_fd_sc_hd__buf_4)
                                                         net22 (net)
                      0.056223    0.001674    6.289526 v _647_/A (sky130_fd_sc_hd__inv_2)
     1    0.004183    0.025067    0.042575    6.332101 ^ _647_/Y (sky130_fd_sc_hd__inv_2)
                                                         _122_ (net)
                      0.025067    0.000037    6.332138 ^ _731_/RESET_B (sky130_fd_sc_hd__dfrtp_2)
                                              6.332138   data arrival time

                                 25.000000   25.000000   clock wb_clk_i (rise edge)
                                  0.000000   25.000000   clock source latency
     2    0.147291    0.498689    0.368759   25.368759 ^ wb_clk_i (in)
                                                         wb_clk_i (net)
                      0.521806    0.000000   25.368759 ^ clkbuf_0_wb_clk_i/A (sky130_fd_sc_hd__clkbuf_16)
    17    0.072495    0.077203    0.161485   25.530243 ^ clkbuf_0_wb_clk_i/X (sky130_fd_sc_hd__clkbuf_16)
                                                         clknet_0_wb_clk_i (net)
                      0.077221    0.001144   25.531387 ^ clkbuf_3_6_0_wb_clk_i/A (sky130_fd_sc_hd__clkbuf_8)
    12    0.038165    0.059236    0.111804   25.643192 ^ clkbuf_3_6_0_wb_clk_i/X (sky130_fd_sc_hd__clkbuf_8)
                                                         clknet_3_6_0_wb_clk_i (net)
                      0.059236    0.000087   25.643278 ^ _731_/CLK (sky130_fd_sc_hd__dfrtp_2)
                                 -0.250000   25.393280   clock uncertainty
                                  0.000000   25.393280   clock reconvergence pessimism
                                  0.139513   25.532793   library recovery time
                                             25.532793   data required time
---------------------------------------------------------------------------------------------
                                             25.532793   data required time
                                             -6.332138   data arrival time
---------------------------------------------------------------------------------------------
                                             19.200655   slack (MET)


Startpoint: wb_rst_i (input port clocked by wb_clk_i)
Endpoint: _732_ (recovery check against rising-edge clock wb_clk_i)
Path Group: asynchronous
Path Type: max

Fanout         Cap        Slew       Delay        Time   Description
---------------------------------------------------------------------------------------------
                                  0.000000    0.000000   clock wb_clk_i (rise edge)
                                  0.000000    0.000000   clock network delay (propagated)
                                  5.000000    5.000000 v input external delay
     2    0.004650    0.007618    0.004084    5.004084 v wb_rst_i (in)
                                                         wb_rst_i (net)
                      0.007618    0.000000    5.004084 v input1/A (sky130_fd_sc_hd__buf_2)
     5    0.122743    0.193729    0.183660    5.187744 v input1/X (sky130_fd_sc_hd__buf_2)
                                                         net1 (net)
                      0.230626    0.067089    5.254832 v fanout25/A (sky130_fd_sc_hd__clkdlybuf4s25_1)
     8    0.040097    0.203973    0.377968    5.632801 v fanout25/X (sky130_fd_sc_hd__clkdlybuf4s25_1)
                                                         net25 (net)
                      0.203973    0.000218    5.633018 v fanout21/A (sky130_fd_sc_hd__clkdlybuf4s25_1)
     9    0.054798    0.275127    0.427291    6.060309 v fanout21/X (sky130_fd_sc_hd__clkdlybuf4s25_1)
                                                         net21 (net)
                      0.275127    0.000539    6.060848 v load_slew22/A (sky130_fd_sc_hd__buf_4)
     8    0.045177    0.056167    0.227004    6.287851 v load_slew22/X (sky130_fd_sc_hd__buf_4)
                                                         net22 (net)
                      0.056227    0.001727    6.289578 v _648_/A (sky130_fd_sc_hd__inv_2)
     1    0.004019    0.024664    0.042002    6.331580 ^ _648_/Y (sky130_fd_sc_hd__inv_2)
                                                         _123_ (net)
                      0.024664    0.000032    6.331612 ^ _732_/RESET_B (sky130_fd_sc_hd__dfrtp_2)
                                              6.331612   data arrival time

                                 25.000000   25.000000   clock wb_clk_i (rise edge)
                                  0.000000   25.000000   clock source latency
     2    0.147291    0.498689    0.368759   25.368759 ^ wb_clk_i (in)
                                                         wb_clk_i (net)
                      0.521806    0.000000   25.368759 ^ clkbuf_0_wb_clk_i/A (sky130_fd_sc_hd__clkbuf_16)
    17    0.072495    0.077203    0.161485   25.530243 ^ clkbuf_0_wb_clk_i/X (sky130_fd_sc_hd__clkbuf_16)
                                                         clknet_0_wb_clk_i (net)
                      0.077221    0.001144   25.531387 ^ clkbuf_3_6_0_wb_clk_i/A (sky130_fd_sc_hd__clkbuf_8)
    12    0.038165    0.059236    0.111804   25.643192 ^ clkbuf_3_6_0_wb_clk_i/X (sky130_fd_sc_hd__clkbuf_8)
                                                         clknet_3_6_0_wb_clk_i (net)
                      0.059236    0.000187   25.643377 ^ _732_/CLK (sky130_fd_sc_hd__dfrtp_2)
                                 -0.250000   25.393379   clock uncertainty
                                  0.000000   25.393379   clock reconvergence pessimism
                                  0.139615   25.532993   library recovery time
                                             25.532993   data required time
---------------------------------------------------------------------------------------------
                                             25.532993   data required time
                                             -6.331612   data arrival time
---------------------------------------------------------------------------------------------
                                             19.201380   slack (MET)


Startpoint: wb_rst_i (input port clocked by wb_clk_i)
Endpoint: _751_ (recovery check against rising-edge clock wb_clk_i)
Path Group: asynchronous
Path Type: max

Fanout         Cap        Slew       Delay        Time   Description
---------------------------------------------------------------------------------------------
                                  0.000000    0.000000   clock wb_clk_i (rise edge)
                                  0.000000    0.000000   clock network delay (propagated)
                                  5.000000    5.000000 v input external delay
     2    0.004650    0.007618    0.004084    5.004084 v wb_rst_i (in)
                                                         wb_rst_i (net)
                      0.007618    0.000000    5.004084 v input1/A (sky130_fd_sc_hd__buf_2)
     5    0.122743    0.193729    0.183660    5.187744 v input1/X (sky130_fd_sc_hd__buf_2)
                                                         net1 (net)
                      0.230626    0.067089    5.254832 v fanout25/A (sky130_fd_sc_hd__clkdlybuf4s25_1)
     8    0.040097    0.203973    0.377968    5.632801 v fanout25/X (sky130_fd_sc_hd__clkdlybuf4s25_1)
                                                         net25 (net)
                      0.203973    0.000218    5.633018 v fanout21/A (sky130_fd_sc_hd__clkdlybuf4s25_1)
     9    0.054798    0.275127    0.427291    6.060309 v fanout21/X (sky130_fd_sc_hd__clkdlybuf4s25_1)
                                                         net21 (net)
                      0.275127    0.000539    6.060848 v load_slew22/A (sky130_fd_sc_hd__buf_4)
     8    0.045177    0.056167    0.227004    6.287851 v load_slew22/X (sky130_fd_sc_hd__buf_4)
                                                         net22 (net)
                      0.056205    0.001421    6.289272 v _667_/A (sky130_fd_sc_hd__inv_2)
     1    0.004077    0.024799    0.042207    6.331479 ^ _667_/Y (sky130_fd_sc_hd__inv_2)
                                                         _142_ (net)
                      0.024799    0.000016    6.331494 ^ _751_/RESET_B (sky130_fd_sc_hd__dfrtp_2)
                                              6.331494   data arrival time

                                 25.000000   25.000000   clock wb_clk_i (rise edge)
                                  0.000000   25.000000   clock source latency
     2    0.147291    0.498689    0.368759   25.368759 ^ wb_clk_i (in)
                                                         wb_clk_i (net)
                      0.521806    0.000000   25.368759 ^ clkbuf_0_wb_clk_i/A (sky130_fd_sc_hd__clkbuf_16)
    17    0.072495    0.077203    0.161485   25.530243 ^ clkbuf_0_wb_clk_i/X (sky130_fd_sc_hd__clkbuf_16)
                                                         clknet_0_wb_clk_i (net)
                      0.077221    0.001144   25.531387 ^ clkbuf_3_6_0_wb_clk_i/A (sky130_fd_sc_hd__clkbuf_8)
    12    0.038165    0.059236    0.111804   25.643192 ^ clkbuf_3_6_0_wb_clk_i/X (sky130_fd_sc_hd__clkbuf_8)
                                                         clknet_3_6_0_wb_clk_i (net)
                      0.059243    0.000657   25.643848 ^ _751_/CLK (sky130_fd_sc_hd__dfrtp_2)
                                 -0.250000   25.393850   clock uncertainty
                                  0.000000   25.393850   clock reconvergence pessimism
                                  0.139582   25.533432   library recovery time
                                             25.533432   data required time
---------------------------------------------------------------------------------------------
                                             25.533432   data required time
                                             -6.331494   data arrival time
---------------------------------------------------------------------------------------------
                                             19.201939   slack (MET)


Startpoint: wb_rst_i (input port clocked by wb_clk_i)
Endpoint: _733_ (recovery check against rising-edge clock wb_clk_i)
Path Group: asynchronous
Path Type: max

Fanout         Cap        Slew       Delay        Time   Description
---------------------------------------------------------------------------------------------
                                  0.000000    0.000000   clock wb_clk_i (rise edge)
                                  0.000000    0.000000   clock network delay (propagated)
                                  5.000000    5.000000 v input external delay
     2    0.004650    0.007618    0.004084    5.004084 v wb_rst_i (in)
                                                         wb_rst_i (net)
                      0.007618    0.000000    5.004084 v input1/A (sky130_fd_sc_hd__buf_2)
     5    0.122743    0.193729    0.183660    5.187744 v input1/X (sky130_fd_sc_hd__buf_2)
                                                         net1 (net)
                      0.230626    0.067089    5.254832 v fanout25/A (sky130_fd_sc_hd__clkdlybuf4s25_1)
     8    0.040097    0.203973    0.377968    5.632801 v fanout25/X (sky130_fd_sc_hd__clkdlybuf4s25_1)
                                                         net25 (net)
                      0.203973    0.000218    5.633018 v fanout21/A (sky130_fd_sc_hd__clkdlybuf4s25_1)
     9    0.054798    0.275127    0.427291    6.060309 v fanout21/X (sky130_fd_sc_hd__clkdlybuf4s25_1)
                                                         net21 (net)
                      0.275127    0.000539    6.060848 v load_slew22/A (sky130_fd_sc_hd__buf_4)
     8    0.045177    0.056167    0.227004    6.287851 v load_slew22/X (sky130_fd_sc_hd__buf_4)
                                                         net22 (net)
                      0.056235    0.001826    6.289678 v _649_/A (sky130_fd_sc_hd__inv_2)
     1    0.003880    0.024326    0.041517    6.331194 ^ _649_/Y (sky130_fd_sc_hd__inv_2)
                                                         _124_ (net)
                      0.024326    0.000029    6.331223 ^ _733_/RESET_B (sky130_fd_sc_hd__dfrtp_2)
                                              6.331223   data arrival time

                                 25.000000   25.000000   clock wb_clk_i (rise edge)
                                  0.000000   25.000000   clock source latency
     2    0.147291    0.498689    0.368759   25.368759 ^ wb_clk_i (in)
                                                         wb_clk_i (net)
                      0.521806    0.000000   25.368759 ^ clkbuf_0_wb_clk_i/A (sky130_fd_sc_hd__clkbuf_16)
    17    0.072495    0.077203    0.161485   25.530243 ^ clkbuf_0_wb_clk_i/X (sky130_fd_sc_hd__clkbuf_16)
                                                         clknet_0_wb_clk_i (net)
                      0.077221    0.001144   25.531387 ^ clkbuf_3_6_0_wb_clk_i/A (sky130_fd_sc_hd__clkbuf_8)
    12    0.038165    0.059236    0.111804   25.643192 ^ clkbuf_3_6_0_wb_clk_i/X (sky130_fd_sc_hd__clkbuf_8)
                                                         clknet_3_6_0_wb_clk_i (net)
                      0.059236    0.000290   25.643480 ^ _733_/CLK (sky130_fd_sc_hd__dfrtp_2)
                                 -0.250000   25.393482   clock uncertainty
                                  0.000000   25.393482   clock reconvergence pessimism
                                  0.139702   25.533184   library recovery time
                                             25.533184   data required time
---------------------------------------------------------------------------------------------
                                             25.533184   data required time
                                             -6.331223   data arrival time
---------------------------------------------------------------------------------------------
                                             19.201960   slack (MET)


Startpoint: wb_rst_i (input port clocked by wb_clk_i)
Endpoint: _738_ (recovery check against rising-edge clock wb_clk_i)
Path Group: asynchronous
Path Type: max

Fanout         Cap        Slew       Delay        Time   Description
---------------------------------------------------------------------------------------------
                                  0.000000    0.000000   clock wb_clk_i (rise edge)
                                  0.000000    0.000000   clock network delay (propagated)
                                  5.000000    5.000000 v input external delay
     2    0.004650    0.007618    0.004084    5.004084 v wb_rst_i (in)
                                                         wb_rst_i (net)
                      0.007618    0.000000    5.004084 v input1/A (sky130_fd_sc_hd__buf_2)
     5    0.122743    0.193729    0.183660    5.187744 v input1/X (sky130_fd_sc_hd__buf_2)
                                                         net1 (net)
                      0.230626    0.067089    5.254832 v fanout25/A (sky130_fd_sc_hd__clkdlybuf4s25_1)
     8    0.040097    0.203973    0.377968    5.632801 v fanout25/X (sky130_fd_sc_hd__clkdlybuf4s25_1)
                                                         net25 (net)
                      0.203973    0.000218    5.633018 v fanout21/A (sky130_fd_sc_hd__clkdlybuf4s25_1)
     9    0.054798    0.275127    0.427291    6.060309 v fanout21/X (sky130_fd_sc_hd__clkdlybuf4s25_1)
                                                         net21 (net)
                      0.275127    0.000539    6.060848 v load_slew22/A (sky130_fd_sc_hd__buf_4)
     8    0.045177    0.056167    0.227004    6.287851 v load_slew22/X (sky130_fd_sc_hd__buf_4)
                                                         net22 (net)
                      0.056205    0.001419    6.289270 v _654_/A (sky130_fd_sc_hd__inv_2)
     1    0.003890    0.024346    0.041545    6.330815 ^ _654_/Y (sky130_fd_sc_hd__inv_2)
                                                         _129_ (net)
                      0.024346    0.000029    6.330844 ^ _738_/RESET_B (sky130_fd_sc_hd__dfrtp_2)
                                              6.330844   data arrival time

                                 25.000000   25.000000   clock wb_clk_i (rise edge)
                                  0.000000   25.000000   clock source latency
     2    0.147291    0.498689    0.368759   25.368759 ^ wb_clk_i (in)
                                                         wb_clk_i (net)
                      0.521806    0.000000   25.368759 ^ clkbuf_0_wb_clk_i/A (sky130_fd_sc_hd__clkbuf_16)
    17    0.072495    0.077203    0.161485   25.530243 ^ clkbuf_0_wb_clk_i/X (sky130_fd_sc_hd__clkbuf_16)
                                                         clknet_0_wb_clk_i (net)
                      0.077221    0.001144   25.531387 ^ clkbuf_3_6_0_wb_clk_i/A (sky130_fd_sc_hd__clkbuf_8)
    12    0.038165    0.059236    0.111804   25.643192 ^ clkbuf_3_6_0_wb_clk_i/X (sky130_fd_sc_hd__clkbuf_8)
                                                         clknet_3_6_0_wb_clk_i (net)
                      0.059239    0.000485   25.643677 ^ _738_/CLK (sky130_fd_sc_hd__dfrtp_2)
                                 -0.250000   25.393677   clock uncertainty
                                  0.000000   25.393677   clock reconvergence pessimism
                                  0.139697   25.533373   library recovery time
                                             25.533373   data required time
---------------------------------------------------------------------------------------------
                                             25.533373   data required time
                                             -6.330844   data arrival time
---------------------------------------------------------------------------------------------
                                             19.202530   slack (MET)


Startpoint: wb_rst_i (input port clocked by wb_clk_i)
Endpoint: _741_ (recovery check against rising-edge clock wb_clk_i)
Path Group: asynchronous
Path Type: max

Fanout         Cap        Slew       Delay        Time   Description
---------------------------------------------------------------------------------------------
                                  0.000000    0.000000   clock wb_clk_i (rise edge)
                                  0.000000    0.000000   clock network delay (propagated)
                                  5.000000    5.000000 v input external delay
     2    0.004650    0.007618    0.004084    5.004084 v wb_rst_i (in)
                                                         wb_rst_i (net)
                      0.007618    0.000000    5.004084 v input1/A (sky130_fd_sc_hd__buf_2)
     5    0.122743    0.193729    0.183660    5.187744 v input1/X (sky130_fd_sc_hd__buf_2)
                                                         net1 (net)
                      0.230626    0.067089    5.254832 v fanout25/A (sky130_fd_sc_hd__clkdlybuf4s25_1)
     8    0.040097    0.203973    0.377968    5.632801 v fanout25/X (sky130_fd_sc_hd__clkdlybuf4s25_1)
                                                         net25 (net)
                      0.203973    0.000218    5.633018 v fanout21/A (sky130_fd_sc_hd__clkdlybuf4s25_1)
     9    0.054798    0.275127    0.427291    6.060309 v fanout21/X (sky130_fd_sc_hd__clkdlybuf4s25_1)
                                                         net21 (net)
                      0.275127    0.000539    6.060848 v load_slew22/A (sky130_fd_sc_hd__buf_4)
     8    0.045177    0.056167    0.227004    6.287851 v load_slew22/X (sky130_fd_sc_hd__buf_4)
                                                         net22 (net)
                      0.056182    0.000954    6.288805 v _657_/A (sky130_fd_sc_hd__inv_2)
     1    0.003811    0.024150    0.041260    6.330066 ^ _657_/Y (sky130_fd_sc_hd__inv_2)
                                                         _132_ (net)
                      0.024150    0.000027    6.330092 ^ _741_/RESET_B (sky130_fd_sc_hd__dfrtp_2)
                                              6.330092   data arrival time

                                 25.000000   25.000000   clock wb_clk_i (rise edge)
                                  0.000000   25.000000   clock source latency
     2    0.147291    0.498689    0.368759   25.368759 ^ wb_clk_i (in)
                                                         wb_clk_i (net)
                      0.521806    0.000000   25.368759 ^ clkbuf_0_wb_clk_i/A (sky130_fd_sc_hd__clkbuf_16)
    17    0.072495    0.077203    0.161485   25.530243 ^ clkbuf_0_wb_clk_i/X (sky130_fd_sc_hd__clkbuf_16)
                                                         clknet_0_wb_clk_i (net)
                      0.077221    0.001144   25.531387 ^ clkbuf_3_6_0_wb_clk_i/A (sky130_fd_sc_hd__clkbuf_8)
    12    0.038165    0.059236    0.111804   25.643192 ^ clkbuf_3_6_0_wb_clk_i/X (sky130_fd_sc_hd__clkbuf_8)
                                                         clknet_3_6_0_wb_clk_i (net)
                      0.059241    0.000595   25.643787 ^ _741_/CLK (sky130_fd_sc_hd__dfrtp_2)
                                 -0.250000   25.393787   clock uncertainty
                                  0.000000   25.393787   clock reconvergence pessimism
                                  0.139747   25.533535   library recovery time
                                             25.533535   data required time
---------------------------------------------------------------------------------------------
                                             25.533535   data required time
                                             -6.330092   data arrival time
---------------------------------------------------------------------------------------------
                                             19.203444   slack (MET)


Startpoint: wb_rst_i (input port clocked by wb_clk_i)
Endpoint: _752_ (recovery check against rising-edge clock wb_clk_i)
Path Group: asynchronous
Path Type: max

Fanout         Cap        Slew       Delay        Time   Description
---------------------------------------------------------------------------------------------
                                  0.000000    0.000000   clock wb_clk_i (rise edge)
                                  0.000000    0.000000   clock network delay (propagated)
                                  5.000000    5.000000 v input external delay
     2    0.004650    0.007618    0.004084    5.004084 v wb_rst_i (in)
                                                         wb_rst_i (net)
                      0.007618    0.000000    5.004084 v input1/A (sky130_fd_sc_hd__buf_2)
     5    0.122743    0.193729    0.183660    5.187744 v input1/X (sky130_fd_sc_hd__buf_2)
                                                         net1 (net)
                      0.230626    0.067089    5.254832 v fanout25/A (sky130_fd_sc_hd__clkdlybuf4s25_1)
     8    0.040097    0.203973    0.377968    5.632801 v fanout25/X (sky130_fd_sc_hd__clkdlybuf4s25_1)
                                                         net25 (net)
                      0.203973    0.000218    5.633018 v fanout21/A (sky130_fd_sc_hd__clkdlybuf4s25_1)
     9    0.054798    0.275127    0.427291    6.060309 v fanout21/X (sky130_fd_sc_hd__clkdlybuf4s25_1)
                                                         net21 (net)
                      0.275127    0.000539    6.060848 v load_slew22/A (sky130_fd_sc_hd__buf_4)
     8    0.045177    0.056167    0.227004    6.287851 v load_slew22/X (sky130_fd_sc_hd__buf_4)
                                                         net22 (net)
                      0.056206    0.001428    6.289279 v _668_/A (sky130_fd_sc_hd__inv_2)
     1    0.003772    0.024059    0.041128    6.330407 ^ _668_/Y (sky130_fd_sc_hd__inv_2)
                                                         _143_ (net)
                      0.024059    0.000026    6.330433 ^ _752_/RESET_B (sky130_fd_sc_hd__dfrtp_2)
                                              6.330433   data arrival time

                                 25.000000   25.000000   clock wb_clk_i (rise edge)
                                  0.000000   25.000000   clock source latency
     2    0.147291    0.498689    0.368759   25.368759 ^ wb_clk_i (in)
                                                         wb_clk_i (net)
                      0.521806    0.000000   25.368759 ^ clkbuf_0_wb_clk_i/A (sky130_fd_sc_hd__clkbuf_16)
    17    0.072495    0.077203    0.161485   25.530243 ^ clkbuf_0_wb_clk_i/X (sky130_fd_sc_hd__clkbuf_16)
                                                         clknet_0_wb_clk_i (net)
                      0.077221    0.001144   25.531387 ^ clkbuf_3_6_0_wb_clk_i/A (sky130_fd_sc_hd__clkbuf_8)
    12    0.038165    0.059236    0.111804   25.643192 ^ clkbuf_3_6_0_wb_clk_i/X (sky130_fd_sc_hd__clkbuf_8)
                                                         clknet_3_6_0_wb_clk_i (net)
                      0.059254    0.000950   25.644142 ^ _752_/CLK (sky130_fd_sc_hd__dfrtp_2)
                                 -0.250000   25.394142   clock uncertainty
                                  0.000000   25.394142   clock reconvergence pessimism
                                  0.139773   25.533915   library recovery time
                                             25.533915   data required time
---------------------------------------------------------------------------------------------
                                             25.533915   data required time
                                             -6.330433   data arrival time
---------------------------------------------------------------------------------------------
                                             19.203482   slack (MET)


Startpoint: wb_rst_i (input port clocked by wb_clk_i)
Endpoint: _745_ (recovery check against rising-edge clock wb_clk_i)
Path Group: asynchronous
Path Type: max

Fanout         Cap        Slew       Delay        Time   Description
---------------------------------------------------------------------------------------------
                                  0.000000    0.000000   clock wb_clk_i (rise edge)
                                  0.000000    0.000000   clock network delay (propagated)
                                  5.000000    5.000000 v input external delay
     2    0.004650    0.007618    0.004084    5.004084 v wb_rst_i (in)
                                                         wb_rst_i (net)
                      0.007618    0.000000    5.004084 v input1/A (sky130_fd_sc_hd__buf_2)
     5    0.122743    0.193729    0.183660    5.187744 v input1/X (sky130_fd_sc_hd__buf_2)
                                                         net1 (net)
                      0.230626    0.067089    5.254832 v fanout25/A (sky130_fd_sc_hd__clkdlybuf4s25_1)
     8    0.040097    0.203973    0.377968    5.632801 v fanout25/X (sky130_fd_sc_hd__clkdlybuf4s25_1)
                                                         net25 (net)
                      0.203973    0.000218    5.633018 v fanout21/A (sky130_fd_sc_hd__clkdlybuf4s25_1)
     9    0.054798    0.275127    0.427291    6.060309 v fanout21/X (sky130_fd_sc_hd__clkdlybuf4s25_1)
                                                         net21 (net)
                      0.275127    0.000539    6.060848 v load_slew22/A (sky130_fd_sc_hd__buf_4)
     8    0.045177    0.056167    0.227004    6.287851 v load_slew22/X (sky130_fd_sc_hd__buf_4)
                                                         net22 (net)
                      0.056170    0.000548    6.288399 v _661_/A (sky130_fd_sc_hd__inv_2)
     1    0.003851    0.024244    0.041396    6.329795 ^ _661_/Y (sky130_fd_sc_hd__inv_2)
                                                         _136_ (net)
                      0.024244    0.000029    6.329824 ^ _745_/RESET_B (sky130_fd_sc_hd__dfrtp_2)
                                              6.329824   data arrival time

                                 25.000000   25.000000   clock wb_clk_i (rise edge)
                                  0.000000   25.000000   clock source latency
     2    0.147291    0.498689    0.368759   25.368759 ^ wb_clk_i (in)
                                                         wb_clk_i (net)
                      0.521806    0.000000   25.368759 ^ clkbuf_0_wb_clk_i/A (sky130_fd_sc_hd__clkbuf_16)
    17    0.072495    0.077203    0.161485   25.530243 ^ clkbuf_0_wb_clk_i/X (sky130_fd_sc_hd__clkbuf_16)
                                                         clknet_0_wb_clk_i (net)
                      0.077221    0.001144   25.531387 ^ clkbuf_3_6_0_wb_clk_i/A (sky130_fd_sc_hd__clkbuf_8)
    12    0.038165    0.059236    0.111804   25.643192 ^ clkbuf_3_6_0_wb_clk_i/X (sky130_fd_sc_hd__clkbuf_8)
                                                         clknet_3_6_0_wb_clk_i (net)
                      0.059246    0.000753   25.643944 ^ _745_/CLK (sky130_fd_sc_hd__dfrtp_2)
                                 -0.250000   25.393946   clock uncertainty
                                  0.000000   25.393946   clock reconvergence pessimism
                                  0.139724   25.533670   library recovery time
                                             25.533670   data required time
---------------------------------------------------------------------------------------------
                                             25.533670   data required time
                                             -6.329824   data arrival time
---------------------------------------------------------------------------------------------
                                             19.203846   slack (MET)


Startpoint: wb_rst_i (input port clocked by wb_clk_i)
Endpoint: _681_ (recovery check against rising-edge clock wb_clk_i)
Path Group: asynchronous
Path Type: max

Fanout         Cap        Slew       Delay        Time   Description
---------------------------------------------------------------------------------------------
                                  0.000000    0.000000   clock wb_clk_i (rise edge)
                                  0.000000    0.000000   clock network delay (propagated)
                                  5.000000    5.000000 v input external delay
     2    0.004650    0.007618    0.004084    5.004084 v wb_rst_i (in)
                                                         wb_rst_i (net)
                      0.007618    0.000000    5.004084 v input1/A (sky130_fd_sc_hd__buf_2)
     5    0.122743    0.193729    0.183660    5.187744 v input1/X (sky130_fd_sc_hd__buf_2)
                                                         net1 (net)
                      0.230626    0.067089    5.254832 v fanout25/A (sky130_fd_sc_hd__clkdlybuf4s25_1)
     8    0.040097    0.203973    0.377968    5.632801 v fanout25/X (sky130_fd_sc_hd__clkdlybuf4s25_1)
                                                         net25 (net)
                      0.203980    0.001431    5.634232 v load_slew26/A (sky130_fd_sc_hd__buf_4)
    15    0.056373    0.063871    0.206027    5.840259 v load_slew26/X (sky130_fd_sc_hd__buf_4)
                                                         net26 (net)
                      0.063919    0.001741    5.842000 v fanout23/A (sky130_fd_sc_hd__clkdlybuf4s25_1)
     7    0.042862    0.216516    0.336776    6.178776 v fanout23/X (sky130_fd_sc_hd__clkdlybuf4s25_1)
                                                         net23 (net)
                      0.216522    0.001383    6.180159 v _597_/A (sky130_fd_sc_hd__inv_2)
     1    0.004421    0.050508    0.084352    6.264511 ^ _597_/Y (sky130_fd_sc_hd__inv_2)
                                                         _072_ (net)
                      0.050508    0.000044    6.264555 ^ _681_/RESET_B (sky130_fd_sc_hd__dfrtp_2)
                                              6.264555   data arrival time

                                 25.000000   25.000000   clock wb_clk_i (rise edge)
                                  0.000000   25.000000   clock source latency
     2    0.147291    0.498689    0.368759   25.368759 ^ wb_clk_i (in)
                                                         wb_clk_i (net)
                      0.521806    0.000000   25.368759 ^ clkbuf_0_wb_clk_i/A (sky130_fd_sc_hd__clkbuf_16)
    17    0.072495    0.077203    0.161485   25.530243 ^ clkbuf_0_wb_clk_i/X (sky130_fd_sc_hd__clkbuf_16)
                                                         clknet_0_wb_clk_i (net)
                      0.077266    0.001867   25.532110 ^ clkbuf_3_7_0_wb_clk_i/A (sky130_fd_sc_hd__clkbuf_8)
    12    0.036897    0.057721    0.110798   25.642908 ^ clkbuf_3_7_0_wb_clk_i/X (sky130_fd_sc_hd__clkbuf_8)
                                                         clknet_3_7_0_wb_clk_i (net)
                      0.057726    0.000540   25.643450 ^ _681_/CLK (sky130_fd_sc_hd__dfrtp_2)
                                 -0.250000   25.393450   clock uncertainty
                                  0.000000   25.393450   clock reconvergence pessimism
                                  0.132786   25.526236   library recovery time
                                             25.526236   data required time
---------------------------------------------------------------------------------------------
                                             25.526236   data required time
                                             -6.264555   data arrival time
---------------------------------------------------------------------------------------------
                                             19.261681   slack (MET)


Startpoint: wb_rst_i (input port clocked by wb_clk_i)
Endpoint: _682_ (recovery check against rising-edge clock wb_clk_i)
Path Group: asynchronous
Path Type: max

Fanout         Cap        Slew       Delay        Time   Description
---------------------------------------------------------------------------------------------
                                  0.000000    0.000000   clock wb_clk_i (rise edge)
                                  0.000000    0.000000   clock network delay (propagated)
                                  5.000000    5.000000 v input external delay
     2    0.004650    0.007618    0.004084    5.004084 v wb_rst_i (in)
                                                         wb_rst_i (net)
                      0.007618    0.000000    5.004084 v input1/A (sky130_fd_sc_hd__buf_2)
     5    0.122743    0.193729    0.183660    5.187744 v input1/X (sky130_fd_sc_hd__buf_2)
                                                         net1 (net)
                      0.230626    0.067089    5.254832 v fanout25/A (sky130_fd_sc_hd__clkdlybuf4s25_1)
     8    0.040097    0.203973    0.377968    5.632801 v fanout25/X (sky130_fd_sc_hd__clkdlybuf4s25_1)
                                                         net25 (net)
                      0.203980    0.001431    5.634232 v load_slew26/A (sky130_fd_sc_hd__buf_4)
    15    0.056373    0.063871    0.206027    5.840259 v load_slew26/X (sky130_fd_sc_hd__buf_4)
                                                         net26 (net)
                      0.063919    0.001741    5.842000 v fanout23/A (sky130_fd_sc_hd__clkdlybuf4s25_1)
     7    0.042862    0.216516    0.336776    6.178776 v fanout23/X (sky130_fd_sc_hd__clkdlybuf4s25_1)
                                                         net23 (net)
                      0.216521    0.001287    6.180063 v _598_/A (sky130_fd_sc_hd__inv_2)
     1    0.004373    0.050253    0.084049    6.264112 ^ _598_/Y (sky130_fd_sc_hd__inv_2)
                                                         _073_ (net)
                      0.050253    0.000048    6.264159 ^ _682_/RESET_B (sky130_fd_sc_hd__dfrtp_2)
                                              6.264159   data arrival time

                                 25.000000   25.000000   clock wb_clk_i (rise edge)
                                  0.000000   25.000000   clock source latency
     2    0.147291    0.498689    0.368759   25.368759 ^ wb_clk_i (in)
                                                         wb_clk_i (net)
                      0.521806    0.000000   25.368759 ^ clkbuf_0_wb_clk_i/A (sky130_fd_sc_hd__clkbuf_16)
    17    0.072495    0.077203    0.161485   25.530243 ^ clkbuf_0_wb_clk_i/X (sky130_fd_sc_hd__clkbuf_16)
                                                         clknet_0_wb_clk_i (net)
                      0.077266    0.001867   25.532110 ^ clkbuf_3_7_0_wb_clk_i/A (sky130_fd_sc_hd__clkbuf_8)
    12    0.036897    0.057721    0.110798   25.642908 ^ clkbuf_3_7_0_wb_clk_i/X (sky130_fd_sc_hd__clkbuf_8)
                                                         clknet_3_7_0_wb_clk_i (net)
                      0.057726    0.000551   25.643459 ^ _682_/CLK (sky130_fd_sc_hd__dfrtp_2)
                                 -0.250000   25.393461   clock uncertainty
                                  0.000000   25.393461   clock reconvergence pessimism
                                  0.132851   25.526312   library recovery time
                                             25.526312   data required time
---------------------------------------------------------------------------------------------
                                             25.526312   data required time
                                             -6.264159   data arrival time
---------------------------------------------------------------------------------------------
                                             19.262154   slack (MET)


Startpoint: wb_rst_i (input port clocked by wb_clk_i)
Endpoint: _678_ (recovery check against rising-edge clock wb_clk_i)
Path Group: asynchronous
Path Type: max

Fanout         Cap        Slew       Delay        Time   Description
---------------------------------------------------------------------------------------------
                                  0.000000    0.000000   clock wb_clk_i (rise edge)
                                  0.000000    0.000000   clock network delay (propagated)
                                  5.000000    5.000000 v input external delay
     2    0.004650    0.007618    0.004084    5.004084 v wb_rst_i (in)
                                                         wb_rst_i (net)
                      0.007618    0.000000    5.004084 v input1/A (sky130_fd_sc_hd__buf_2)
     5    0.122743    0.193729    0.183660    5.187744 v input1/X (sky130_fd_sc_hd__buf_2)
                                                         net1 (net)
                      0.230626    0.067089    5.254832 v fanout25/A (sky130_fd_sc_hd__clkdlybuf4s25_1)
     8    0.040097    0.203973    0.377968    5.632801 v fanout25/X (sky130_fd_sc_hd__clkdlybuf4s25_1)
                                                         net25 (net)
                      0.203980    0.001431    5.634232 v load_slew26/A (sky130_fd_sc_hd__buf_4)
    15    0.056373    0.063871    0.206027    5.840259 v load_slew26/X (sky130_fd_sc_hd__buf_4)
                                                         net26 (net)
                      0.063919    0.001741    5.842000 v fanout23/A (sky130_fd_sc_hd__clkdlybuf4s25_1)
     7    0.042862    0.216516    0.336776    6.178776 v fanout23/X (sky130_fd_sc_hd__clkdlybuf4s25_1)
                                                         net23 (net)
                      0.216517    0.000738    6.179513 v _594_/A (sky130_fd_sc_hd__inv_2)
     1    0.004553    0.051221    0.085189    6.264703 ^ _594_/Y (sky130_fd_sc_hd__inv_2)
                                                         _069_ (net)
                      0.051221    0.000049    6.264752 ^ _678_/RESET_B (sky130_fd_sc_hd__dfrtp_2)
                                              6.264752   data arrival time

                                 25.000000   25.000000   clock wb_clk_i (rise edge)
                                  0.000000   25.000000   clock source latency
     2    0.147291    0.498689    0.368759   25.368759 ^ wb_clk_i (in)
                                                         wb_clk_i (net)
                      0.521806    0.000000   25.368759 ^ clkbuf_0_wb_clk_i/A (sky130_fd_sc_hd__clkbuf_16)
    17    0.072495    0.077203    0.161485   25.530243 ^ clkbuf_0_wb_clk_i/X (sky130_fd_sc_hd__clkbuf_16)
                                                         clknet_0_wb_clk_i (net)
                      0.077276    0.001995   25.532238 ^ clkbuf_3_5_0_wb_clk_i/A (sky130_fd_sc_hd__clkbuf_8)
    11    0.038208    0.059383    0.111976   25.644215 ^ clkbuf_3_5_0_wb_clk_i/X (sky130_fd_sc_hd__clkbuf_8)
                                                         clknet_3_5_0_wb_clk_i (net)
                      0.059383    0.000277   25.644491 ^ _678_/CLK (sky130_fd_sc_hd__dfrtp_2)
                                 -0.250000   25.394493   clock uncertainty
                                  0.000000   25.394493   clock reconvergence pessimism
                                  0.132857   25.527349   library recovery time
                                             25.527349   data required time
---------------------------------------------------------------------------------------------
                                             25.527349   data required time
                                             -6.264752   data arrival time
---------------------------------------------------------------------------------------------
                                             19.262598   slack (MET)


Startpoint: wb_rst_i (input port clocked by wb_clk_i)
Endpoint: _679_ (recovery check against rising-edge clock wb_clk_i)
Path Group: asynchronous
Path Type: max

Fanout         Cap        Slew       Delay        Time   Description
---------------------------------------------------------------------------------------------
                                  0.000000    0.000000   clock wb_clk_i (rise edge)
                                  0.000000    0.000000   clock network delay (propagated)
                                  5.000000    5.000000 v input external delay
     2    0.004650    0.007618    0.004084    5.004084 v wb_rst_i (in)
                                                         wb_rst_i (net)
                      0.007618    0.000000    5.004084 v input1/A (sky130_fd_sc_hd__buf_2)
     5    0.122743    0.193729    0.183660    5.187744 v input1/X (sky130_fd_sc_hd__buf_2)
                                                         net1 (net)
                      0.230626    0.067089    5.254832 v fanout25/A (sky130_fd_sc_hd__clkdlybuf4s25_1)
     8    0.040097    0.203973    0.377968    5.632801 v fanout25/X (sky130_fd_sc_hd__clkdlybuf4s25_1)
                                                         net25 (net)
                      0.203980    0.001431    5.634232 v load_slew26/A (sky130_fd_sc_hd__buf_4)
    15    0.056373    0.063871    0.206027    5.840259 v load_slew26/X (sky130_fd_sc_hd__buf_4)
                                                         net26 (net)
                      0.063919    0.001741    5.842000 v fanout23/A (sky130_fd_sc_hd__clkdlybuf4s25_1)
     7    0.042862    0.216516    0.336776    6.178776 v fanout23/X (sky130_fd_sc_hd__clkdlybuf4s25_1)
                                                         net23 (net)
                      0.216516    0.000019    6.178794 v _595_/A (sky130_fd_sc_hd__inv_2)
     1    0.004575    0.051340    0.085330    6.264124 ^ _595_/Y (sky130_fd_sc_hd__inv_2)
                                                         _070_ (net)
                      0.051340    0.000046    6.264170 ^ _679_/RESET_B (sky130_fd_sc_hd__dfrtp_2)
                                              6.264170   data arrival time

                                 25.000000   25.000000   clock wb_clk_i (rise edge)
                                  0.000000   25.000000   clock source latency
     2    0.147291    0.498689    0.368759   25.368759 ^ wb_clk_i (in)
                                                         wb_clk_i (net)
                      0.521806    0.000000   25.368759 ^ clkbuf_0_wb_clk_i/A (sky130_fd_sc_hd__clkbuf_16)
    17    0.072495    0.077203    0.161485   25.530243 ^ clkbuf_0_wb_clk_i/X (sky130_fd_sc_hd__clkbuf_16)
                                                         clknet_0_wb_clk_i (net)
                      0.077276    0.001995   25.532238 ^ clkbuf_3_5_0_wb_clk_i/A (sky130_fd_sc_hd__clkbuf_8)
    11    0.038208    0.059383    0.111976   25.644215 ^ clkbuf_3_5_0_wb_clk_i/X (sky130_fd_sc_hd__clkbuf_8)
                                                         clknet_3_5_0_wb_clk_i (net)
                      0.059383    0.000238   25.644453 ^ _679_/CLK (sky130_fd_sc_hd__dfrtp_2)
                                 -0.250000   25.394453   clock uncertainty
                                  0.000000   25.394453   clock reconvergence pessimism
                                  0.132827   25.527281   library recovery time
                                             25.527281   data required time
---------------------------------------------------------------------------------------------
                                             25.527281   data required time
                                             -6.264170   data arrival time
---------------------------------------------------------------------------------------------
                                             19.263111   slack (MET)


Startpoint: wb_rst_i (input port clocked by wb_clk_i)
Endpoint: _705_ (recovery check against rising-edge clock wb_clk_i)
Path Group: asynchronous
Path Type: max

Fanout         Cap        Slew       Delay        Time   Description
---------------------------------------------------------------------------------------------
                                  0.000000    0.000000   clock wb_clk_i (rise edge)
                                  0.000000    0.000000   clock network delay (propagated)
                                  5.000000    5.000000 v input external delay
     2    0.004650    0.007618    0.004084    5.004084 v wb_rst_i (in)
                                                         wb_rst_i (net)
                      0.007618    0.000000    5.004084 v input1/A (sky130_fd_sc_hd__buf_2)
     5    0.122743    0.193729    0.183660    5.187744 v input1/X (sky130_fd_sc_hd__buf_2)
                                                         net1 (net)
                      0.229100    0.065513    5.253257 v fanout19/A (sky130_fd_sc_hd__clkdlybuf4s25_1)
     2    0.010172    0.060005    0.262564    5.515821 v fanout19/X (sky130_fd_sc_hd__clkdlybuf4s25_1)
                                                         net19 (net)
                      0.060005    0.000272    5.516093 v wire20/A (sky130_fd_sc_hd__buf_4)
    19    0.065640    0.065528    0.152218    5.668311 v wire20/X (sky130_fd_sc_hd__buf_4)
                                                         net20 (net)
                      0.065732    0.003088    5.671400 v fanout17/A (sky130_fd_sc_hd__clkdlybuf4s25_1)
     9    0.049981    0.251385    0.364269    6.035668 v fanout17/X (sky130_fd_sc_hd__clkdlybuf4s25_1)
                                                         net17 (net)
                      0.251385    0.000262    6.035930 v max_cap18/A (sky130_fd_sc_hd__buf_6)
     8    0.048218    0.044936    0.191622    6.227552 v max_cap18/X (sky130_fd_sc_hd__buf_6)
                                                         net18 (net)
                      0.044962    0.001117    6.228669 v _621_/A (sky130_fd_sc_hd__inv_2)
     1    0.004771    0.024626    0.040109    6.268778 ^ _621_/Y (sky130_fd_sc_hd__inv_2)
                                                         _096_ (net)
                      0.024626    0.000053    6.268831 ^ _705_/RESET_B (sky130_fd_sc_hd__dfrtp_2)
                                              6.268831   data arrival time

                                 25.000000   25.000000   clock wb_clk_i (rise edge)
                                  0.000000   25.000000   clock source latency
     2    0.147291    0.498689    0.368759   25.368759 ^ wb_clk_i (in)
                                                         wb_clk_i (net)
                      0.521806    0.000000   25.368759 ^ clkbuf_0_wb_clk_i/A (sky130_fd_sc_hd__clkbuf_16)
    17    0.072495    0.077203    0.161485   25.530243 ^ clkbuf_0_wb_clk_i/X (sky130_fd_sc_hd__clkbuf_16)
                                                         clknet_0_wb_clk_i (net)
                      0.077233    0.001378   25.531622 ^ clkbuf_3_3_0_wb_clk_i/A (sky130_fd_sc_hd__clkbuf_8)
    11    0.036901    0.057806    0.110813   25.642435 ^ clkbuf_3_3_0_wb_clk_i/X (sky130_fd_sc_hd__clkbuf_8)
                                                         clknet_3_3_0_wb_clk_i (net)
                      0.057807    0.000302   25.642736 ^ _705_/CLK (sky130_fd_sc_hd__dfrtp_2)
                                 -0.250000   25.392738   clock uncertainty
                                  0.000000   25.392738   clock reconvergence pessimism
                                  0.139409   25.532146   library recovery time
                                             25.532146   data required time
---------------------------------------------------------------------------------------------
                                             25.532146   data required time
                                             -6.268831   data arrival time
---------------------------------------------------------------------------------------------
                                             19.263315   slack (MET)


Startpoint: wb_rst_i (input port clocked by wb_clk_i)
Endpoint: _677_ (recovery check against rising-edge clock wb_clk_i)
Path Group: asynchronous
Path Type: max

Fanout         Cap        Slew       Delay        Time   Description
---------------------------------------------------------------------------------------------
                                  0.000000    0.000000   clock wb_clk_i (rise edge)
                                  0.000000    0.000000   clock network delay (propagated)
                                  5.000000    5.000000 v input external delay
     2    0.004650    0.007618    0.004084    5.004084 v wb_rst_i (in)
                                                         wb_rst_i (net)
                      0.007618    0.000000    5.004084 v input1/A (sky130_fd_sc_hd__buf_2)
     5    0.122743    0.193729    0.183660    5.187744 v input1/X (sky130_fd_sc_hd__buf_2)
                                                         net1 (net)
                      0.230626    0.067089    5.254832 v fanout25/A (sky130_fd_sc_hd__clkdlybuf4s25_1)
     8    0.040097    0.203973    0.377968    5.632801 v fanout25/X (sky130_fd_sc_hd__clkdlybuf4s25_1)
                                                         net25 (net)
                      0.203980    0.001431    5.634232 v load_slew26/A (sky130_fd_sc_hd__buf_4)
    15    0.056373    0.063871    0.206027    5.840259 v load_slew26/X (sky130_fd_sc_hd__buf_4)
                                                         net26 (net)
                      0.063919    0.001741    5.842000 v fanout23/A (sky130_fd_sc_hd__clkdlybuf4s25_1)
     7    0.042862    0.216516    0.336776    6.178776 v fanout23/X (sky130_fd_sc_hd__clkdlybuf4s25_1)
                                                         net23 (net)
                      0.216518    0.000957    6.179733 v _593_/A (sky130_fd_sc_hd__inv_2)
     1    0.004375    0.050262    0.084060    6.263793 ^ _593_/Y (sky130_fd_sc_hd__inv_2)
                                                         _068_ (net)
                      0.050262    0.000044    6.263837 ^ _677_/RESET_B (sky130_fd_sc_hd__dfrtp_2)
                                              6.263837   data arrival time

                                 25.000000   25.000000   clock wb_clk_i (rise edge)
                                  0.000000   25.000000   clock source latency
     2    0.147291    0.498689    0.368759   25.368759 ^ wb_clk_i (in)
                                                         wb_clk_i (net)
                      0.521806    0.000000   25.368759 ^ clkbuf_0_wb_clk_i/A (sky130_fd_sc_hd__clkbuf_16)
    17    0.072495    0.077203    0.161485   25.530243 ^ clkbuf_0_wb_clk_i/X (sky130_fd_sc_hd__clkbuf_16)
                                                         clknet_0_wb_clk_i (net)
                      0.077276    0.001995   25.532238 ^ clkbuf_3_5_0_wb_clk_i/A (sky130_fd_sc_hd__clkbuf_8)
    11    0.038208    0.059383    0.111976   25.644215 ^ clkbuf_3_5_0_wb_clk_i/X (sky130_fd_sc_hd__clkbuf_8)
                                                         clknet_3_5_0_wb_clk_i (net)
                      0.059385    0.000428   25.644642 ^ _677_/CLK (sky130_fd_sc_hd__dfrtp_2)
                                 -0.250000   25.394644   clock uncertainty
                                  0.000000   25.394644   clock reconvergence pessimism
                                  0.133102   25.527746   library recovery time
                                             25.527746   data required time
---------------------------------------------------------------------------------------------
                                             25.527746   data required time
                                             -6.263837   data arrival time
---------------------------------------------------------------------------------------------
                                             19.263908   slack (MET)


Startpoint: wb_rst_i (input port clocked by wb_clk_i)
Endpoint: _702_ (recovery check against rising-edge clock wb_clk_i)
Path Group: asynchronous
Path Type: max

Fanout         Cap        Slew       Delay        Time   Description
---------------------------------------------------------------------------------------------
                                  0.000000    0.000000   clock wb_clk_i (rise edge)
                                  0.000000    0.000000   clock network delay (propagated)
                                  5.000000    5.000000 v input external delay
     2    0.004650    0.007618    0.004084    5.004084 v wb_rst_i (in)
                                                         wb_rst_i (net)
                      0.007618    0.000000    5.004084 v input1/A (sky130_fd_sc_hd__buf_2)
     5    0.122743    0.193729    0.183660    5.187744 v input1/X (sky130_fd_sc_hd__buf_2)
                                                         net1 (net)
                      0.229100    0.065513    5.253257 v fanout19/A (sky130_fd_sc_hd__clkdlybuf4s25_1)
     2    0.010172    0.060005    0.262564    5.515821 v fanout19/X (sky130_fd_sc_hd__clkdlybuf4s25_1)
                                                         net19 (net)
                      0.060005    0.000272    5.516093 v wire20/A (sky130_fd_sc_hd__buf_4)
    19    0.065640    0.065528    0.152218    5.668311 v wire20/X (sky130_fd_sc_hd__buf_4)
                                                         net20 (net)
                      0.065732    0.003088    5.671400 v fanout17/A (sky130_fd_sc_hd__clkdlybuf4s25_1)
     9    0.049981    0.251385    0.364269    6.035668 v fanout17/X (sky130_fd_sc_hd__clkdlybuf4s25_1)
                                                         net17 (net)
                      0.251385    0.000262    6.035930 v max_cap18/A (sky130_fd_sc_hd__buf_6)
     8    0.048218    0.044936    0.191622    6.227552 v max_cap18/X (sky130_fd_sc_hd__buf_6)
                                                         net18 (net)
                      0.045062    0.002167    6.229719 v _618_/A (sky130_fd_sc_hd__inv_2)
     1    0.004005    0.022658    0.037714    6.267433 ^ _618_/Y (sky130_fd_sc_hd__inv_2)
                                                         _093_ (net)
                      0.022658    0.000032    6.267464 ^ _702_/RESET_B (sky130_fd_sc_hd__dfrtp_2)
                                              6.267464   data arrival time

                                 25.000000   25.000000   clock wb_clk_i (rise edge)
                                  0.000000   25.000000   clock source latency
     2    0.147291    0.498689    0.368759   25.368759 ^ wb_clk_i (in)
                                                         wb_clk_i (net)
                      0.521806    0.000000   25.368759 ^ clkbuf_0_wb_clk_i/A (sky130_fd_sc_hd__clkbuf_16)
    17    0.072495    0.077203    0.161485   25.530243 ^ clkbuf_0_wb_clk_i/X (sky130_fd_sc_hd__clkbuf_16)
                                                         clknet_0_wb_clk_i (net)
                      0.077233    0.001378   25.531622 ^ clkbuf_3_3_0_wb_clk_i/A (sky130_fd_sc_hd__clkbuf_8)
    11    0.036901    0.057806    0.110813   25.642435 ^ clkbuf_3_3_0_wb_clk_i/X (sky130_fd_sc_hd__clkbuf_8)
                                                         clknet_3_3_0_wb_clk_i (net)
                      0.057806    0.000243   25.642677 ^ _702_/CLK (sky130_fd_sc_hd__dfrtp_2)
                                 -0.250000   25.392679   clock uncertainty
                                  0.000000   25.392679   clock reconvergence pessimism
                                  0.139911   25.532591   library recovery time
                                             25.532591   data required time
---------------------------------------------------------------------------------------------
                                             25.532591   data required time
                                             -6.267464   data arrival time
---------------------------------------------------------------------------------------------
                                             19.265127   slack (MET)


Startpoint: wb_rst_i (input port clocked by wb_clk_i)
Endpoint: _701_ (recovery check against rising-edge clock wb_clk_i)
Path Group: asynchronous
Path Type: max

Fanout         Cap        Slew       Delay        Time   Description
---------------------------------------------------------------------------------------------
                                  0.000000    0.000000   clock wb_clk_i (rise edge)
                                  0.000000    0.000000   clock network delay (propagated)
                                  5.000000    5.000000 v input external delay
     2    0.004650    0.007618    0.004084    5.004084 v wb_rst_i (in)
                                                         wb_rst_i (net)
                      0.007618    0.000000    5.004084 v input1/A (sky130_fd_sc_hd__buf_2)
     5    0.122743    0.193729    0.183660    5.187744 v input1/X (sky130_fd_sc_hd__buf_2)
                                                         net1 (net)
                      0.229100    0.065513    5.253257 v fanout19/A (sky130_fd_sc_hd__clkdlybuf4s25_1)
     2    0.010172    0.060005    0.262564    5.515821 v fanout19/X (sky130_fd_sc_hd__clkdlybuf4s25_1)
                                                         net19 (net)
                      0.060005    0.000272    5.516093 v wire20/A (sky130_fd_sc_hd__buf_4)
    19    0.065640    0.065528    0.152218    5.668311 v wire20/X (sky130_fd_sc_hd__buf_4)
                                                         net20 (net)
                      0.065732    0.003088    5.671400 v fanout17/A (sky130_fd_sc_hd__clkdlybuf4s25_1)
     9    0.049981    0.251385    0.364269    6.035668 v fanout17/X (sky130_fd_sc_hd__clkdlybuf4s25_1)
                                                         net17 (net)
                      0.251385    0.000262    6.035930 v max_cap18/A (sky130_fd_sc_hd__buf_6)
     8    0.048218    0.044936    0.191622    6.227552 v max_cap18/X (sky130_fd_sc_hd__buf_6)
                                                         net18 (net)
                      0.045022    0.001839    6.229391 v _617_/A (sky130_fd_sc_hd__inv_2)
     1    0.004007    0.022658    0.037705    6.267096 ^ _617_/Y (sky130_fd_sc_hd__inv_2)
                                                         _092_ (net)
                      0.022658    0.000033    6.267129 ^ _701_/RESET_B (sky130_fd_sc_hd__dfrtp_2)
                                              6.267129   data arrival time

                                 25.000000   25.000000   clock wb_clk_i (rise edge)
                                  0.000000   25.000000   clock source latency
     2    0.147291    0.498689    0.368759   25.368759 ^ wb_clk_i (in)
                                                         wb_clk_i (net)
                      0.521806    0.000000   25.368759 ^ clkbuf_0_wb_clk_i/A (sky130_fd_sc_hd__clkbuf_16)
    17    0.072495    0.077203    0.161485   25.530243 ^ clkbuf_0_wb_clk_i/X (sky130_fd_sc_hd__clkbuf_16)
                                                         clknet_0_wb_clk_i (net)
                      0.077233    0.001378   25.531622 ^ clkbuf_3_3_0_wb_clk_i/A (sky130_fd_sc_hd__clkbuf_8)
    11    0.036901    0.057806    0.110813   25.642435 ^ clkbuf_3_3_0_wb_clk_i/X (sky130_fd_sc_hd__clkbuf_8)
                                                         clknet_3_3_0_wb_clk_i (net)
                      0.057806    0.000203   25.642637 ^ _701_/CLK (sky130_fd_sc_hd__dfrtp_2)
                                 -0.250000   25.392637   clock uncertainty
                                  0.000000   25.392637   clock reconvergence pessimism
                                  0.139911   25.532549   library recovery time
                                             25.532549   data required time
---------------------------------------------------------------------------------------------
                                             25.532549   data required time
                                             -6.267129   data arrival time
---------------------------------------------------------------------------------------------
                                             19.265421   slack (MET)


Startpoint: wb_rst_i (input port clocked by wb_clk_i)
Endpoint: _700_ (recovery check against rising-edge clock wb_clk_i)
Path Group: asynchronous
Path Type: max

Fanout         Cap        Slew       Delay        Time   Description
---------------------------------------------------------------------------------------------
                                  0.000000    0.000000   clock wb_clk_i (rise edge)
                                  0.000000    0.000000   clock network delay (propagated)
                                  5.000000    5.000000 v input external delay
     2    0.004650    0.007618    0.004084    5.004084 v wb_rst_i (in)
                                                         wb_rst_i (net)
                      0.007618    0.000000    5.004084 v input1/A (sky130_fd_sc_hd__buf_2)
     5    0.122743    0.193729    0.183660    5.187744 v input1/X (sky130_fd_sc_hd__buf_2)
                                                         net1 (net)
                      0.229100    0.065513    5.253257 v fanout19/A (sky130_fd_sc_hd__clkdlybuf4s25_1)
     2    0.010172    0.060005    0.262564    5.515821 v fanout19/X (sky130_fd_sc_hd__clkdlybuf4s25_1)
                                                         net19 (net)
                      0.060005    0.000272    5.516093 v wire20/A (sky130_fd_sc_hd__buf_4)
    19    0.065640    0.065528    0.152218    5.668311 v wire20/X (sky130_fd_sc_hd__buf_4)
                                                         net20 (net)
                      0.065732    0.003088    5.671400 v fanout17/A (sky130_fd_sc_hd__clkdlybuf4s25_1)
     9    0.049981    0.251385    0.364269    6.035668 v fanout17/X (sky130_fd_sc_hd__clkdlybuf4s25_1)
                                                         net17 (net)
                      0.251385    0.000262    6.035930 v max_cap18/A (sky130_fd_sc_hd__buf_6)
     8    0.048218    0.044936    0.191622    6.227552 v max_cap18/X (sky130_fd_sc_hd__buf_6)
                                                         net18 (net)
                      0.045026    0.001872    6.229424 v _616_/A (sky130_fd_sc_hd__inv_2)
     1    0.004019    0.022689    0.037744    6.267169 ^ _616_/Y (sky130_fd_sc_hd__inv_2)
                                                         _091_ (net)
                      0.022689    0.000035    6.267203 ^ _700_/RESET_B (sky130_fd_sc_hd__dfrtp_2)
                                              6.267203   data arrival time

                                 25.000000   25.000000   clock wb_clk_i (rise edge)
                                  0.000000   25.000000   clock source latency
     2    0.147291    0.498689    0.368759   25.368759 ^ wb_clk_i (in)
                                                         wb_clk_i (net)
                      0.521806    0.000000   25.368759 ^ clkbuf_0_wb_clk_i/A (sky130_fd_sc_hd__clkbuf_16)
    17    0.072495    0.077203    0.161485   25.530243 ^ clkbuf_0_wb_clk_i/X (sky130_fd_sc_hd__clkbuf_16)
                                                         clknet_0_wb_clk_i (net)
                      0.077233    0.001378   25.531622 ^ clkbuf_3_3_0_wb_clk_i/A (sky130_fd_sc_hd__clkbuf_8)
    11    0.036901    0.057806    0.110813   25.642435 ^ clkbuf_3_3_0_wb_clk_i/X (sky130_fd_sc_hd__clkbuf_8)
                                                         clknet_3_3_0_wb_clk_i (net)
                      0.057807    0.000313   25.642748 ^ _700_/CLK (sky130_fd_sc_hd__dfrtp_2)
                                 -0.250000   25.392748   clock uncertainty
                                  0.000000   25.392748   clock reconvergence pessimism
                                  0.139903   25.532652   library recovery time
                                             25.532652   data required time
---------------------------------------------------------------------------------------------
                                             25.532652   data required time
                                             -6.267203   data arrival time
---------------------------------------------------------------------------------------------
                                             19.265448   slack (MET)


Startpoint: wb_rst_i (input port clocked by wb_clk_i)
Endpoint: _707_ (recovery check against rising-edge clock wb_clk_i)
Path Group: asynchronous
Path Type: max

Fanout         Cap        Slew       Delay        Time   Description
---------------------------------------------------------------------------------------------
                                  0.000000    0.000000   clock wb_clk_i (rise edge)
                                  0.000000    0.000000   clock network delay (propagated)
                                  5.000000    5.000000 v input external delay
     2    0.004650    0.007618    0.004084    5.004084 v wb_rst_i (in)
                                                         wb_rst_i (net)
                      0.007618    0.000000    5.004084 v input1/A (sky130_fd_sc_hd__buf_2)
     5    0.122743    0.193729    0.183660    5.187744 v input1/X (sky130_fd_sc_hd__buf_2)
                                                         net1 (net)
                      0.229100    0.065513    5.253257 v fanout19/A (sky130_fd_sc_hd__clkdlybuf4s25_1)
     2    0.010172    0.060005    0.262564    5.515821 v fanout19/X (sky130_fd_sc_hd__clkdlybuf4s25_1)
                                                         net19 (net)
                      0.060005    0.000272    5.516093 v wire20/A (sky130_fd_sc_hd__buf_4)
    19    0.065640    0.065528    0.152218    5.668311 v wire20/X (sky130_fd_sc_hd__buf_4)
                                                         net20 (net)
                      0.065732    0.003088    5.671400 v fanout17/A (sky130_fd_sc_hd__clkdlybuf4s25_1)
     9    0.049981    0.251385    0.364269    6.035668 v fanout17/X (sky130_fd_sc_hd__clkdlybuf4s25_1)
                                                         net17 (net)
                      0.251385    0.000262    6.035930 v max_cap18/A (sky130_fd_sc_hd__buf_6)
     8    0.048218    0.044936    0.191622    6.227552 v max_cap18/X (sky130_fd_sc_hd__buf_6)
                                                         net18 (net)
                      0.045084    0.002329    6.229881 v _623_/A (sky130_fd_sc_hd__inv_2)
     1    0.003881    0.022351    0.037327    6.267208 ^ _623_/Y (sky130_fd_sc_hd__inv_2)
                                                         _098_ (net)
                      0.022351    0.000028    6.267237 ^ _707_/RESET_B (sky130_fd_sc_hd__dfrtp_2)
                                              6.267237   data arrival time

                                 25.000000   25.000000   clock wb_clk_i (rise edge)
                                  0.000000   25.000000   clock source latency
     2    0.147291    0.498689    0.368759   25.368759 ^ wb_clk_i (in)
                                                         wb_clk_i (net)
                      0.521806    0.000000   25.368759 ^ clkbuf_0_wb_clk_i/A (sky130_fd_sc_hd__clkbuf_16)
    17    0.072495    0.077203    0.161485   25.530243 ^ clkbuf_0_wb_clk_i/X (sky130_fd_sc_hd__clkbuf_16)
                                                         clknet_0_wb_clk_i (net)
                      0.077264    0.001846   25.532089 ^ clkbuf_3_1_0_wb_clk_i/A (sky130_fd_sc_hd__clkbuf_8)
    11    0.036856    0.057752    0.110772   25.642860 ^ clkbuf_3_1_0_wb_clk_i/X (sky130_fd_sc_hd__clkbuf_8)
                                                         clknet_3_1_0_wb_clk_i (net)
                      0.057753    0.000380   25.643242 ^ _707_/CLK (sky130_fd_sc_hd__dfrtp_2)
                                 -0.250000   25.393242   clock uncertainty
                                  0.000000   25.393242   clock reconvergence pessimism
                                  0.139982   25.533224   library recovery time
                                             25.533224   data required time
---------------------------------------------------------------------------------------------
                                             25.533224   data required time
                                             -6.267237   data arrival time
---------------------------------------------------------------------------------------------
                                             19.265987   slack (MET)


Startpoint: wb_rst_i (input port clocked by wb_clk_i)
Endpoint: _704_ (recovery check against rising-edge clock wb_clk_i)
Path Group: asynchronous
Path Type: max

Fanout         Cap        Slew       Delay        Time   Description
---------------------------------------------------------------------------------------------
                                  0.000000    0.000000   clock wb_clk_i (rise edge)
                                  0.000000    0.000000   clock network delay (propagated)
                                  5.000000    5.000000 v input external delay
     2    0.004650    0.007618    0.004084    5.004084 v wb_rst_i (in)
                                                         wb_rst_i (net)
                      0.007618    0.000000    5.004084 v input1/A (sky130_fd_sc_hd__buf_2)
     5    0.122743    0.193729    0.183660    5.187744 v input1/X (sky130_fd_sc_hd__buf_2)
                                                         net1 (net)
                      0.229100    0.065513    5.253257 v fanout19/A (sky130_fd_sc_hd__clkdlybuf4s25_1)
     2    0.010172    0.060005    0.262564    5.515821 v fanout19/X (sky130_fd_sc_hd__clkdlybuf4s25_1)
                                                         net19 (net)
                      0.060005    0.000272    5.516093 v wire20/A (sky130_fd_sc_hd__buf_4)
    19    0.065640    0.065528    0.152218    5.668311 v wire20/X (sky130_fd_sc_hd__buf_4)
                                                         net20 (net)
                      0.065732    0.003088    5.671400 v fanout17/A (sky130_fd_sc_hd__clkdlybuf4s25_1)
     9    0.049981    0.251385    0.364269    6.035668 v fanout17/X (sky130_fd_sc_hd__clkdlybuf4s25_1)
                                                         net17 (net)
                      0.251385    0.000262    6.035930 v max_cap18/A (sky130_fd_sc_hd__buf_6)
     8    0.048218    0.044936    0.191622    6.227552 v max_cap18/X (sky130_fd_sc_hd__buf_6)
                                                         net18 (net)
                      0.045076    0.002273    6.229825 v _620_/A (sky130_fd_sc_hd__inv_2)
     1    0.003874    0.022334    0.037304    6.267129 ^ _620_/Y (sky130_fd_sc_hd__inv_2)
                                                         _095_ (net)
                      0.022334    0.000028    6.267157 ^ _704_/RESET_B (sky130_fd_sc_hd__dfrtp_2)
                                              6.267157   data arrival time

                                 25.000000   25.000000   clock wb_clk_i (rise edge)
                                  0.000000   25.000000   clock source latency
     2    0.147291    0.498689    0.368759   25.368759 ^ wb_clk_i (in)
                                                         wb_clk_i (net)
                      0.521806    0.000000   25.368759 ^ clkbuf_0_wb_clk_i/A (sky130_fd_sc_hd__clkbuf_16)
    17    0.072495    0.077203    0.161485   25.530243 ^ clkbuf_0_wb_clk_i/X (sky130_fd_sc_hd__clkbuf_16)
                                                         clknet_0_wb_clk_i (net)
                      0.077293    0.002180   25.532423 ^ clkbuf_3_2_0_wb_clk_i/A (sky130_fd_sc_hd__clkbuf_8)
    11    0.036432    0.057163    0.110424   25.642847 ^ clkbuf_3_2_0_wb_clk_i/X (sky130_fd_sc_hd__clkbuf_8)
                                                         clknet_3_2_0_wb_clk_i (net)
                      0.057167    0.000497   25.643345 ^ _704_/CLK (sky130_fd_sc_hd__dfrtp_2)
                                 -0.250000   25.393345   clock uncertainty
                                  0.000000   25.393345   clock reconvergence pessimism
                                  0.139897   25.533241   library recovery time
                                             25.533241   data required time
---------------------------------------------------------------------------------------------
                                             25.533241   data required time
                                             -6.267157   data arrival time
---------------------------------------------------------------------------------------------
                                             19.266087   slack (MET)


Startpoint: wb_rst_i (input port clocked by wb_clk_i)
Endpoint: _703_ (recovery check against rising-edge clock wb_clk_i)
Path Group: asynchronous
Path Type: max

Fanout         Cap        Slew       Delay        Time   Description
---------------------------------------------------------------------------------------------
                                  0.000000    0.000000   clock wb_clk_i (rise edge)
                                  0.000000    0.000000   clock network delay (propagated)
                                  5.000000    5.000000 v input external delay
     2    0.004650    0.007618    0.004084    5.004084 v wb_rst_i (in)
                                                         wb_rst_i (net)
                      0.007618    0.000000    5.004084 v input1/A (sky130_fd_sc_hd__buf_2)
     5    0.122743    0.193729    0.183660    5.187744 v input1/X (sky130_fd_sc_hd__buf_2)
                                                         net1 (net)
                      0.229100    0.065513    5.253257 v fanout19/A (sky130_fd_sc_hd__clkdlybuf4s25_1)
     2    0.010172    0.060005    0.262564    5.515821 v fanout19/X (sky130_fd_sc_hd__clkdlybuf4s25_1)
                                                         net19 (net)
                      0.060005    0.000272    5.516093 v wire20/A (sky130_fd_sc_hd__buf_4)
    19    0.065640    0.065528    0.152218    5.668311 v wire20/X (sky130_fd_sc_hd__buf_4)
                                                         net20 (net)
                      0.065732    0.003088    5.671400 v fanout17/A (sky130_fd_sc_hd__clkdlybuf4s25_1)
     9    0.049981    0.251385    0.364269    6.035668 v fanout17/X (sky130_fd_sc_hd__clkdlybuf4s25_1)
                                                         net17 (net)
                      0.251385    0.000262    6.035930 v max_cap18/A (sky130_fd_sc_hd__buf_6)
     8    0.048218    0.044936    0.191622    6.227552 v max_cap18/X (sky130_fd_sc_hd__buf_6)
                                                         net18 (net)
                      0.045071    0.002234    6.229786 v _619_/A (sky130_fd_sc_hd__inv_2)
     1    0.003850    0.022272    0.037224    6.267011 ^ _619_/Y (sky130_fd_sc_hd__inv_2)
                                                         _094_ (net)
                      0.022272    0.000028    6.267039 ^ _703_/RESET_B (sky130_fd_sc_hd__dfrtp_2)
                                              6.267039   data arrival time

                                 25.000000   25.000000   clock wb_clk_i (rise edge)
                                  0.000000   25.000000   clock source latency
     2    0.147291    0.498689    0.368759   25.368759 ^ wb_clk_i (in)
                                                         wb_clk_i (net)
                      0.521806    0.000000   25.368759 ^ clkbuf_0_wb_clk_i/A (sky130_fd_sc_hd__clkbuf_16)
    17    0.072495    0.077203    0.161485   25.530243 ^ clkbuf_0_wb_clk_i/X (sky130_fd_sc_hd__clkbuf_16)
                                                         clknet_0_wb_clk_i (net)
                      0.077293    0.002180   25.532423 ^ clkbuf_3_2_0_wb_clk_i/A (sky130_fd_sc_hd__clkbuf_8)
    11    0.036432    0.057163    0.110424   25.642847 ^ clkbuf_3_2_0_wb_clk_i/X (sky130_fd_sc_hd__clkbuf_8)
                                                         clknet_3_2_0_wb_clk_i (net)
                      0.057167    0.000483   25.643330 ^ _703_/CLK (sky130_fd_sc_hd__dfrtp_2)
                                 -0.250000   25.393332   clock uncertainty
                                  0.000000   25.393332   clock reconvergence pessimism
                                  0.139913   25.533243   library recovery time
                                             25.533243   data required time
---------------------------------------------------------------------------------------------
                                             25.533243   data required time
                                             -6.267039   data arrival time
---------------------------------------------------------------------------------------------
                                             19.266205   slack (MET)


Startpoint: wb_rst_i (input port clocked by wb_clk_i)
Endpoint: _680_ (recovery check against rising-edge clock wb_clk_i)
Path Group: asynchronous
Path Type: max

Fanout         Cap        Slew       Delay        Time   Description
---------------------------------------------------------------------------------------------
                                  0.000000    0.000000   clock wb_clk_i (rise edge)
                                  0.000000    0.000000   clock network delay (propagated)
                                  5.000000    5.000000 v input external delay
     2    0.004650    0.007618    0.004084    5.004084 v wb_rst_i (in)
                                                         wb_rst_i (net)
                      0.007618    0.000000    5.004084 v input1/A (sky130_fd_sc_hd__buf_2)
     5    0.122743    0.193729    0.183660    5.187744 v input1/X (sky130_fd_sc_hd__buf_2)
                                                         net1 (net)
                      0.230626    0.067089    5.254832 v fanout25/A (sky130_fd_sc_hd__clkdlybuf4s25_1)
     8    0.040097    0.203973    0.377968    5.632801 v fanout25/X (sky130_fd_sc_hd__clkdlybuf4s25_1)
                                                         net25 (net)
                      0.203980    0.001431    5.634232 v load_slew26/A (sky130_fd_sc_hd__buf_4)
    15    0.056373    0.063871    0.206027    5.840259 v load_slew26/X (sky130_fd_sc_hd__buf_4)
                                                         net26 (net)
                      0.063919    0.001741    5.842000 v fanout23/A (sky130_fd_sc_hd__clkdlybuf4s25_1)
     7    0.042862    0.216516    0.336776    6.178776 v fanout23/X (sky130_fd_sc_hd__clkdlybuf4s25_1)
                                                         net23 (net)
                      0.216516    0.000420    6.179196 v _596_/A (sky130_fd_sc_hd__inv_2)
     1    0.003930    0.047929    0.081237    6.260433 ^ _596_/Y (sky130_fd_sc_hd__inv_2)
                                                         _071_ (net)
                      0.047929    0.000030    6.260463 ^ _680_/RESET_B (sky130_fd_sc_hd__dfrtp_2)
                                              6.260463   data arrival time

                                 25.000000   25.000000   clock wb_clk_i (rise edge)
                                  0.000000   25.000000   clock source latency
     2    0.147291    0.498689    0.368759   25.368759 ^ wb_clk_i (in)
                                                         wb_clk_i (net)
                      0.521806    0.000000   25.368759 ^ clkbuf_0_wb_clk_i/A (sky130_fd_sc_hd__clkbuf_16)
    17    0.072495    0.077203    0.161485   25.530243 ^ clkbuf_0_wb_clk_i/X (sky130_fd_sc_hd__clkbuf_16)
                                                         clknet_0_wb_clk_i (net)
                      0.077276    0.001995   25.532238 ^ clkbuf_3_5_0_wb_clk_i/A (sky130_fd_sc_hd__clkbuf_8)
    11    0.038208    0.059383    0.111976   25.644215 ^ clkbuf_3_5_0_wb_clk_i/X (sky130_fd_sc_hd__clkbuf_8)
                                                         clknet_3_5_0_wb_clk_i (net)
                      0.059383    0.000268   25.644484 ^ _680_/CLK (sky130_fd_sc_hd__dfrtp_2)
                                 -0.250000   25.394484   clock uncertainty
                                  0.000000   25.394484   clock reconvergence pessimism
                                  0.133698   25.528181   library recovery time
                                             25.528181   data required time
---------------------------------------------------------------------------------------------
                                             25.528181   data required time
                                             -6.260463   data arrival time
---------------------------------------------------------------------------------------------
                                             19.267719   slack (MET)


Startpoint: wb_rst_i (input port clocked by wb_clk_i)
Endpoint: _697_ (recovery check against rising-edge clock wb_clk_i)
Path Group: asynchronous
Path Type: max

Fanout         Cap        Slew       Delay        Time   Description
---------------------------------------------------------------------------------------------
                                  0.000000    0.000000   clock wb_clk_i (rise edge)
                                  0.000000    0.000000   clock network delay (propagated)
                                  5.000000    5.000000 v input external delay
     2    0.004650    0.007618    0.004084    5.004084 v wb_rst_i (in)
                                                         wb_rst_i (net)
                      0.007618    0.000000    5.004084 v input1/A (sky130_fd_sc_hd__buf_2)
     5    0.122743    0.193729    0.183660    5.187744 v input1/X (sky130_fd_sc_hd__buf_2)
                                                         net1 (net)
                      0.229100    0.065513    5.253257 v fanout19/A (sky130_fd_sc_hd__clkdlybuf4s25_1)
     2    0.010172    0.060005    0.262564    5.515821 v fanout19/X (sky130_fd_sc_hd__clkdlybuf4s25_1)
                                                         net19 (net)
                      0.060005    0.000272    5.516093 v wire20/A (sky130_fd_sc_hd__buf_4)
    19    0.065640    0.065528    0.152218    5.668311 v wire20/X (sky130_fd_sc_hd__buf_4)
                                                         net20 (net)
                      0.065732    0.003088    5.671400 v fanout17/A (sky130_fd_sc_hd__clkdlybuf4s25_1)
     9    0.049981    0.251385    0.364269    6.035668 v fanout17/X (sky130_fd_sc_hd__clkdlybuf4s25_1)
                                                         net17 (net)
                      0.251385    0.000262    6.035930 v max_cap18/A (sky130_fd_sc_hd__buf_6)
     8    0.048218    0.044936    0.191622    6.227552 v max_cap18/X (sky130_fd_sc_hd__buf_6)
                                                         net18 (net)
                      0.044940    0.000577    6.228129 v _613_/A (sky130_fd_sc_hd__inv_2)
     1    0.003809    0.022148    0.037042    6.265171 ^ _613_/Y (sky130_fd_sc_hd__inv_2)
                                                         _088_ (net)
                      0.022148    0.000027    6.265197 ^ _697_/RESET_B (sky130_fd_sc_hd__dfrtp_2)
                                              6.265197   data arrival time

                                 25.000000   25.000000   clock wb_clk_i (rise edge)
                                  0.000000   25.000000   clock source latency
     2    0.147291    0.498689    0.368759   25.368759 ^ wb_clk_i (in)
                                                         wb_clk_i (net)
                      0.521806    0.000000   25.368759 ^ clkbuf_0_wb_clk_i/A (sky130_fd_sc_hd__clkbuf_16)
    17    0.072495    0.077203    0.161485   25.530243 ^ clkbuf_0_wb_clk_i/X (sky130_fd_sc_hd__clkbuf_16)
                                                         clknet_0_wb_clk_i (net)
                      0.077264    0.001846   25.532089 ^ clkbuf_3_1_0_wb_clk_i/A (sky130_fd_sc_hd__clkbuf_8)
    11    0.036856    0.057752    0.110772   25.642860 ^ clkbuf_3_1_0_wb_clk_i/X (sky130_fd_sc_hd__clkbuf_8)
                                                         clknet_3_1_0_wb_clk_i (net)
                      0.057752    0.000252   25.643114 ^ _697_/CLK (sky130_fd_sc_hd__dfrtp_2)
                                 -0.250000   25.393114   clock uncertainty
                                  0.000000   25.393114   clock reconvergence pessimism
                                  0.140033   25.533148   library recovery time
                                             25.533148   data required time
---------------------------------------------------------------------------------------------
                                             25.533148   data required time
                                             -6.265197   data arrival time
---------------------------------------------------------------------------------------------
                                             19.267952   slack (MET)


Startpoint: wb_rst_i (input port clocked by wb_clk_i)
Endpoint: _676_ (recovery check against rising-edge clock wb_clk_i)
Path Group: asynchronous
Path Type: max

Fanout         Cap        Slew       Delay        Time   Description
---------------------------------------------------------------------------------------------
                                  0.000000    0.000000   clock wb_clk_i (rise edge)
                                  0.000000    0.000000   clock network delay (propagated)
                                  5.000000    5.000000 v input external delay
     2    0.004650    0.007618    0.004084    5.004084 v wb_rst_i (in)
                                                         wb_rst_i (net)
                      0.007618    0.000000    5.004084 v input1/A (sky130_fd_sc_hd__buf_2)
     5    0.122743    0.193729    0.183660    5.187744 v input1/X (sky130_fd_sc_hd__buf_2)
                                                         net1 (net)
                      0.230626    0.067089    5.254832 v fanout25/A (sky130_fd_sc_hd__clkdlybuf4s25_1)
     8    0.040097    0.203973    0.377968    5.632801 v fanout25/X (sky130_fd_sc_hd__clkdlybuf4s25_1)
                                                         net25 (net)
                      0.203973    0.000218    5.633018 v fanout21/A (sky130_fd_sc_hd__clkdlybuf4s25_1)
     9    0.054798    0.275127    0.427291    6.060309 v fanout21/X (sky130_fd_sc_hd__clkdlybuf4s25_1)
                                                         net21 (net)
                      0.275133    0.001622    6.061931 v _592_/A (sky130_fd_sc_hd__inv_2)
     1    0.004161    0.056330    0.095422    6.157353 ^ _592_/Y (sky130_fd_sc_hd__inv_2)
                                                         _067_ (net)
                      0.056330    0.000035    6.157388 ^ _676_/RESET_B (sky130_fd_sc_hd__dfrtp_2)
                                              6.157388   data arrival time

                                 25.000000   25.000000   clock wb_clk_i (rise edge)
                                  0.000000   25.000000   clock source latency
     2    0.147291    0.498689    0.368759   25.368759 ^ wb_clk_i (in)
                                                         wb_clk_i (net)
                      0.521806    0.000000   25.368759 ^ clkbuf_0_wb_clk_i/A (sky130_fd_sc_hd__clkbuf_16)
    17    0.072495    0.077203    0.161485   25.530243 ^ clkbuf_0_wb_clk_i/X (sky130_fd_sc_hd__clkbuf_16)
                                                         clknet_0_wb_clk_i (net)
                      0.077234    0.001398   25.531641 ^ clkbuf_3_4_0_wb_clk_i/A (sky130_fd_sc_hd__clkbuf_8)
    11    0.037149    0.058025    0.111003   25.642645 ^ clkbuf_3_4_0_wb_clk_i/X (sky130_fd_sc_hd__clkbuf_8)
                                                         clknet_3_4_0_wb_clk_i (net)
                      0.058026    0.000389   25.643034 ^ _676_/CLK (sky130_fd_sc_hd__dfrtp_2)
                                 -0.250000   25.393034   clock uncertainty
                                  0.000000   25.393034   clock reconvergence pessimism
                                  0.131345   25.524380   library recovery time
                                             25.524380   data required time
---------------------------------------------------------------------------------------------
                                             25.524380   data required time
                                             -6.157388   data arrival time
---------------------------------------------------------------------------------------------
                                             19.366993   slack (MET)


Startpoint: wb_rst_i (input port clocked by wb_clk_i)
Endpoint: _675_ (recovery check against rising-edge clock wb_clk_i)
Path Group: asynchronous
Path Type: max

Fanout         Cap        Slew       Delay        Time   Description
---------------------------------------------------------------------------------------------
                                  0.000000    0.000000   clock wb_clk_i (rise edge)
                                  0.000000    0.000000   clock network delay (propagated)
                                  5.000000    5.000000 v input external delay
     2    0.004650    0.007618    0.004084    5.004084 v wb_rst_i (in)
                                                         wb_rst_i (net)
                      0.007618    0.000000    5.004084 v input1/A (sky130_fd_sc_hd__buf_2)
     5    0.122743    0.193729    0.183660    5.187744 v input1/X (sky130_fd_sc_hd__buf_2)
                                                         net1 (net)
                      0.230626    0.067089    5.254832 v fanout25/A (sky130_fd_sc_hd__clkdlybuf4s25_1)
     8    0.040097    0.203973    0.377968    5.632801 v fanout25/X (sky130_fd_sc_hd__clkdlybuf4s25_1)
                                                         net25 (net)
                      0.203973    0.000218    5.633018 v fanout21/A (sky130_fd_sc_hd__clkdlybuf4s25_1)
     9    0.054798    0.275127    0.427291    6.060309 v fanout21/X (sky130_fd_sc_hd__clkdlybuf4s25_1)
                                                         net21 (net)
                      0.275135    0.001741    6.062050 v _339_/A (sky130_fd_sc_hd__inv_2)
     1    0.004153    0.056285    0.095368    6.157417 ^ _339_/Y (sky130_fd_sc_hd__inv_2)
                                                         _066_ (net)
                      0.056285    0.000037    6.157454 ^ _675_/RESET_B (sky130_fd_sc_hd__dfrtp_2)
                                              6.157454   data arrival time

                                 25.000000   25.000000   clock wb_clk_i (rise edge)
                                  0.000000   25.000000   clock source latency
     2    0.147291    0.498689    0.368759   25.368759 ^ wb_clk_i (in)
                                                         wb_clk_i (net)
                      0.521806    0.000000   25.368759 ^ clkbuf_0_wb_clk_i/A (sky130_fd_sc_hd__clkbuf_16)
    17    0.072495    0.077203    0.161485   25.530243 ^ clkbuf_0_wb_clk_i/X (sky130_fd_sc_hd__clkbuf_16)
                                                         clknet_0_wb_clk_i (net)
                      0.077234    0.001398   25.531641 ^ clkbuf_3_4_0_wb_clk_i/A (sky130_fd_sc_hd__clkbuf_8)
    11    0.037149    0.058025    0.111003   25.642645 ^ clkbuf_3_4_0_wb_clk_i/X (sky130_fd_sc_hd__clkbuf_8)
                                                         clknet_3_4_0_wb_clk_i (net)
                      0.058028    0.000476   25.643120 ^ _675_/CLK (sky130_fd_sc_hd__dfrtp_2)
                                 -0.250000   25.393122   clock uncertainty
                                  0.000000   25.393122   clock reconvergence pessimism
                                  0.131357   25.524477   library recovery time
                                             25.524477   data required time
---------------------------------------------------------------------------------------------
                                             25.524477   data required time
                                             -6.157454   data arrival time
---------------------------------------------------------------------------------------------
                                             19.367022   slack (MET)


Startpoint: wb_rst_i (input port clocked by wb_clk_i)
Endpoint: _754_ (recovery check against rising-edge clock wb_clk_i)
Path Group: asynchronous
Path Type: max

Fanout         Cap        Slew       Delay        Time   Description
---------------------------------------------------------------------------------------------
                                  0.000000    0.000000   clock wb_clk_i (rise edge)
                                  0.000000    0.000000   clock network delay (propagated)
                                  5.000000    5.000000 v input external delay
     2    0.004650    0.007618    0.004084    5.004084 v wb_rst_i (in)
                                                         wb_rst_i (net)
                      0.007618    0.000000    5.004084 v input1/A (sky130_fd_sc_hd__buf_2)
     5    0.122743    0.193729    0.183660    5.187744 v input1/X (sky130_fd_sc_hd__buf_2)
                                                         net1 (net)
                      0.230626    0.067089    5.254832 v fanout25/A (sky130_fd_sc_hd__clkdlybuf4s25_1)
     8    0.040097    0.203973    0.377968    5.632801 v fanout25/X (sky130_fd_sc_hd__clkdlybuf4s25_1)
                                                         net25 (net)
                      0.203973    0.000218    5.633018 v fanout21/A (sky130_fd_sc_hd__clkdlybuf4s25_1)
     9    0.054798    0.275127    0.427291    6.060309 v fanout21/X (sky130_fd_sc_hd__clkdlybuf4s25_1)
                                                         net21 (net)
                      0.275127    0.000552    6.060861 v _670_/A (sky130_fd_sc_hd__inv_2)
     1    0.004391    0.057692    0.097044    6.157905 ^ _670_/Y (sky130_fd_sc_hd__inv_2)
                                                         _145_ (net)
                      0.057692    0.000050    6.157954 ^ _754_/RESET_B (sky130_fd_sc_hd__dfrtp_2)
                                              6.157954   data arrival time

                                 25.000000   25.000000   clock wb_clk_i (rise edge)
                                  0.000000   25.000000   clock source latency
     2    0.147291    0.498689    0.368759   25.368759 ^ wb_clk_i (in)
                                                         wb_clk_i (net)
                      0.521806    0.000000   25.368759 ^ clkbuf_0_wb_clk_i/A (sky130_fd_sc_hd__clkbuf_16)
    17    0.072495    0.077203    0.161485   25.530243 ^ clkbuf_0_wb_clk_i/X (sky130_fd_sc_hd__clkbuf_16)
                                                         clknet_0_wb_clk_i (net)
                      0.077221    0.001144   25.531387 ^ clkbuf_3_6_0_wb_clk_i/A (sky130_fd_sc_hd__clkbuf_8)
    12    0.038165    0.059236    0.111804   25.643192 ^ clkbuf_3_6_0_wb_clk_i/X (sky130_fd_sc_hd__clkbuf_8)
                                                         clknet_3_6_0_wb_clk_i (net)
                      0.059249    0.000826   25.644018 ^ _754_/CLK (sky130_fd_sc_hd__dfrtp_2)
                                 -0.250000   25.394018   clock uncertainty
                                  0.000000   25.394018   clock reconvergence pessimism
                                  0.131185   25.525202   library recovery time
                                             25.525202   data required time
---------------------------------------------------------------------------------------------
                                             25.525202   data required time
                                             -6.157954   data arrival time
---------------------------------------------------------------------------------------------
                                             19.367249   slack (MET)


Startpoint: wb_rst_i (input port clocked by wb_clk_i)
Endpoint: _753_ (recovery check against rising-edge clock wb_clk_i)
Path Group: asynchronous
Path Type: max

Fanout         Cap        Slew       Delay        Time   Description
---------------------------------------------------------------------------------------------
                                  0.000000    0.000000   clock wb_clk_i (rise edge)
                                  0.000000    0.000000   clock network delay (propagated)
                                  5.000000    5.000000 v input external delay
     2    0.004650    0.007618    0.004084    5.004084 v wb_rst_i (in)
                                                         wb_rst_i (net)
                      0.007618    0.000000    5.004084 v input1/A (sky130_fd_sc_hd__buf_2)
     5    0.122743    0.193729    0.183660    5.187744 v input1/X (sky130_fd_sc_hd__buf_2)
                                                         net1 (net)
                      0.230626    0.067089    5.254832 v fanout25/A (sky130_fd_sc_hd__clkdlybuf4s25_1)
     8    0.040097    0.203973    0.377968    5.632801 v fanout25/X (sky130_fd_sc_hd__clkdlybuf4s25_1)
                                                         net25 (net)
                      0.203973    0.000218    5.633018 v fanout21/A (sky130_fd_sc_hd__clkdlybuf4s25_1)
     9    0.054798    0.275127    0.427291    6.060309 v fanout21/X (sky130_fd_sc_hd__clkdlybuf4s25_1)
                                                         net21 (net)
                      0.275127    0.000698    6.061007 v _669_/A (sky130_fd_sc_hd__inv_2)
     1    0.004287    0.057074    0.096312    6.157319 ^ _669_/Y (sky130_fd_sc_hd__inv_2)
                                                         _144_ (net)
                      0.057074    0.000042    6.157361 ^ _753_/RESET_B (sky130_fd_sc_hd__dfrtp_2)
                                              6.157361   data arrival time

                                 25.000000   25.000000   clock wb_clk_i (rise edge)
                                  0.000000   25.000000   clock source latency
     2    0.147291    0.498689    0.368759   25.368759 ^ wb_clk_i (in)
                                                         wb_clk_i (net)
                      0.521806    0.000000   25.368759 ^ clkbuf_0_wb_clk_i/A (sky130_fd_sc_hd__clkbuf_16)
    17    0.072495    0.077203    0.161485   25.530243 ^ clkbuf_0_wb_clk_i/X (sky130_fd_sc_hd__clkbuf_16)
                                                         clknet_0_wb_clk_i (net)
                      0.077221    0.001144   25.531387 ^ clkbuf_3_6_0_wb_clk_i/A (sky130_fd_sc_hd__clkbuf_8)
    12    0.038165    0.059236    0.111804   25.643192 ^ clkbuf_3_6_0_wb_clk_i/X (sky130_fd_sc_hd__clkbuf_8)
                                                         clknet_3_6_0_wb_clk_i (net)
                      0.059252    0.000897   25.644089 ^ _753_/CLK (sky130_fd_sc_hd__dfrtp_2)
                                 -0.250000   25.394089   clock uncertainty
                                  0.000000   25.394089   clock reconvergence pessimism
                                  0.131343   25.525431   library recovery time
                                             25.525431   data required time
---------------------------------------------------------------------------------------------
                                             25.525431   data required time
                                             -6.157361   data arrival time
---------------------------------------------------------------------------------------------
                                             19.368071   slack (MET)


Startpoint: wb_rst_i (input port clocked by wb_clk_i)
Endpoint: _746_ (recovery check against rising-edge clock wb_clk_i)
Path Group: asynchronous
Path Type: max

Fanout         Cap        Slew       Delay        Time   Description
---------------------------------------------------------------------------------------------
                                  0.000000    0.000000   clock wb_clk_i (rise edge)
                                  0.000000    0.000000   clock network delay (propagated)
                                  5.000000    5.000000 v input external delay
     2    0.004650    0.007618    0.004084    5.004084 v wb_rst_i (in)
                                                         wb_rst_i (net)
                      0.007618    0.000000    5.004084 v input1/A (sky130_fd_sc_hd__buf_2)
     5    0.122743    0.193729    0.183660    5.187744 v input1/X (sky130_fd_sc_hd__buf_2)
                                                         net1 (net)
                      0.230626    0.067089    5.254832 v fanout25/A (sky130_fd_sc_hd__clkdlybuf4s25_1)
     8    0.040097    0.203973    0.377968    5.632801 v fanout25/X (sky130_fd_sc_hd__clkdlybuf4s25_1)
                                                         net25 (net)
                      0.203973    0.000218    5.633018 v fanout21/A (sky130_fd_sc_hd__clkdlybuf4s25_1)
     9    0.054798    0.275127    0.427291    6.060309 v fanout21/X (sky130_fd_sc_hd__clkdlybuf4s25_1)
                                                         net21 (net)
                      0.275127    0.000353    6.060662 v _662_/A (sky130_fd_sc_hd__inv_2)
     1    0.004103    0.055989    0.095010    6.155673 ^ _662_/Y (sky130_fd_sc_hd__inv_2)
                                                         _137_ (net)
                      0.055989    0.000037    6.155709 ^ _746_/RESET_B (sky130_fd_sc_hd__dfrtp_2)
                                              6.155709   data arrival time

                                 25.000000   25.000000   clock wb_clk_i (rise edge)
                                  0.000000   25.000000   clock source latency
     2    0.147291    0.498689    0.368759   25.368759 ^ wb_clk_i (in)
                                                         wb_clk_i (net)
                      0.521806    0.000000   25.368759 ^ clkbuf_0_wb_clk_i/A (sky130_fd_sc_hd__clkbuf_16)
    17    0.072495    0.077203    0.161485   25.530243 ^ clkbuf_0_wb_clk_i/X (sky130_fd_sc_hd__clkbuf_16)
                                                         clknet_0_wb_clk_i (net)
                      0.077234    0.001398   25.531641 ^ clkbuf_3_4_0_wb_clk_i/A (sky130_fd_sc_hd__clkbuf_8)
    11    0.037149    0.058025    0.111003   25.642645 ^ clkbuf_3_4_0_wb_clk_i/X (sky130_fd_sc_hd__clkbuf_8)
                                                         clknet_3_4_0_wb_clk_i (net)
                      0.058032    0.000638   25.643282 ^ _746_/CLK (sky130_fd_sc_hd__dfrtp_2)
                                 -0.250000   25.393282   clock uncertainty
                                  0.000000   25.393282   clock reconvergence pessimism
                                  0.131433   25.524715   library recovery time
                                             25.524715   data required time
---------------------------------------------------------------------------------------------
                                             25.524715   data required time
                                             -6.155709   data arrival time
---------------------------------------------------------------------------------------------
                                             19.369007   slack (MET)


Startpoint: wb_rst_i (input port clocked by wb_clk_i)
Endpoint: _726_ (recovery check against rising-edge clock wb_clk_i)
Path Group: asynchronous
Path Type: max

Fanout         Cap        Slew       Delay        Time   Description
---------------------------------------------------------------------------------------------
                                  0.000000    0.000000   clock wb_clk_i (rise edge)
                                  0.000000    0.000000   clock network delay (propagated)
                                  5.000000    5.000000 v input external delay
     2    0.004650    0.007618    0.004084    5.004084 v wb_rst_i (in)
                                                         wb_rst_i (net)
                      0.007618    0.000000    5.004084 v input1/A (sky130_fd_sc_hd__buf_2)
     5    0.122743    0.193729    0.183660    5.187744 v input1/X (sky130_fd_sc_hd__buf_2)
                                                         net1 (net)
                      0.230626    0.067089    5.254832 v fanout25/A (sky130_fd_sc_hd__clkdlybuf4s25_1)
     8    0.040097    0.203973    0.377968    5.632801 v fanout25/X (sky130_fd_sc_hd__clkdlybuf4s25_1)
                                                         net25 (net)
                      0.203973    0.000218    5.633018 v fanout21/A (sky130_fd_sc_hd__clkdlybuf4s25_1)
     9    0.054798    0.275127    0.427291    6.060309 v fanout21/X (sky130_fd_sc_hd__clkdlybuf4s25_1)
                                                         net21 (net)
                      0.275130    0.001251    6.061560 v _642_/A (sky130_fd_sc_hd__inv_2)
     1    0.003931    0.054995    0.093800    6.155360 ^ _642_/Y (sky130_fd_sc_hd__inv_2)
                                                         _117_ (net)
                      0.054995    0.000030    6.155390 ^ _726_/RESET_B (sky130_fd_sc_hd__dfrtp_2)
                                              6.155390   data arrival time

                                 25.000000   25.000000   clock wb_clk_i (rise edge)
                                  0.000000   25.000000   clock source latency
     2    0.147291    0.498689    0.368759   25.368759 ^ wb_clk_i (in)
                                                         wb_clk_i (net)
                      0.521806    0.000000   25.368759 ^ clkbuf_0_wb_clk_i/A (sky130_fd_sc_hd__clkbuf_16)
    17    0.072495    0.077203    0.161485   25.530243 ^ clkbuf_0_wb_clk_i/X (sky130_fd_sc_hd__clkbuf_16)
                                                         clknet_0_wb_clk_i (net)
                      0.077234    0.001398   25.531641 ^ clkbuf_3_4_0_wb_clk_i/A (sky130_fd_sc_hd__clkbuf_8)
    11    0.037149    0.058025    0.111003   25.642645 ^ clkbuf_3_4_0_wb_clk_i/X (sky130_fd_sc_hd__clkbuf_8)
                                                         clknet_3_4_0_wb_clk_i (net)
                      0.058027    0.000416   25.643061 ^ _726_/CLK (sky130_fd_sc_hd__dfrtp_2)
                                 -0.250000   25.393061   clock uncertainty
                                  0.000000   25.393061   clock reconvergence pessimism
                                  0.131686   25.524748   library recovery time
                                             25.524748   data required time
---------------------------------------------------------------------------------------------
                                             25.524748   data required time
                                             -6.155390   data arrival time
---------------------------------------------------------------------------------------------
                                             19.369356   slack (MET)


Startpoint: wb_rst_i (input port clocked by wb_clk_i)
Endpoint: _734_ (recovery check against rising-edge clock wb_clk_i)
Path Group: asynchronous
Path Type: max

Fanout         Cap        Slew       Delay        Time   Description
---------------------------------------------------------------------------------------------
                                  0.000000    0.000000   clock wb_clk_i (rise edge)
                                  0.000000    0.000000   clock network delay (propagated)
                                  5.000000    5.000000 v input external delay
     2    0.004650    0.007618    0.004084    5.004084 v wb_rst_i (in)
                                                         wb_rst_i (net)
                      0.007618    0.000000    5.004084 v input1/A (sky130_fd_sc_hd__buf_2)
     5    0.122743    0.193729    0.183660    5.187744 v input1/X (sky130_fd_sc_hd__buf_2)
                                                         net1 (net)
                      0.230626    0.067089    5.254832 v fanout25/A (sky130_fd_sc_hd__clkdlybuf4s25_1)
     8    0.040097    0.203973    0.377968    5.632801 v fanout25/X (sky130_fd_sc_hd__clkdlybuf4s25_1)
                                                         net25 (net)
                      0.203973    0.000218    5.633018 v fanout21/A (sky130_fd_sc_hd__clkdlybuf4s25_1)
     9    0.054798    0.275127    0.427291    6.060309 v fanout21/X (sky130_fd_sc_hd__clkdlybuf4s25_1)
                                                         net21 (net)
                      0.275136    0.001813    6.062122 v _650_/A (sky130_fd_sc_hd__inv_2)
     1    0.003920    0.054932    0.093722    6.155845 ^ _650_/Y (sky130_fd_sc_hd__inv_2)
                                                         _125_ (net)
                      0.054932    0.000030    6.155875 ^ _734_/RESET_B (sky130_fd_sc_hd__dfrtp_2)
                                              6.155875   data arrival time

                                 25.000000   25.000000   clock wb_clk_i (rise edge)
                                  0.000000   25.000000   clock source latency
     2    0.147291    0.498689    0.368759   25.368759 ^ wb_clk_i (in)
                                                         wb_clk_i (net)
                      0.521806    0.000000   25.368759 ^ clkbuf_0_wb_clk_i/A (sky130_fd_sc_hd__clkbuf_16)
    17    0.072495    0.077203    0.161485   25.530243 ^ clkbuf_0_wb_clk_i/X (sky130_fd_sc_hd__clkbuf_16)
                                                         clknet_0_wb_clk_i (net)
                      0.077221    0.001144   25.531387 ^ clkbuf_3_6_0_wb_clk_i/A (sky130_fd_sc_hd__clkbuf_8)
    12    0.038165    0.059236    0.111804   25.643192 ^ clkbuf_3_6_0_wb_clk_i/X (sky130_fd_sc_hd__clkbuf_8)
                                                         clknet_3_6_0_wb_clk_i (net)
                      0.059236    0.000339   25.643530 ^ _734_/CLK (sky130_fd_sc_hd__dfrtp_2)
                                 -0.250000   25.393532   clock uncertainty
                                  0.000000   25.393532   clock reconvergence pessimism
                                  0.131887   25.525419   library recovery time
                                             25.525419   data required time
---------------------------------------------------------------------------------------------
                                             25.525419   data required time
                                             -6.155875   data arrival time
---------------------------------------------------------------------------------------------
                                             19.369545   slack (MET)


Startpoint: wb_rst_i (input port clocked by wb_clk_i)
Endpoint: _744_ (recovery check against rising-edge clock wb_clk_i)
Path Group: asynchronous
Path Type: max

Fanout         Cap        Slew       Delay        Time   Description
---------------------------------------------------------------------------------------------
                                  0.000000    0.000000   clock wb_clk_i (rise edge)
                                  0.000000    0.000000   clock network delay (propagated)
                                  5.000000    5.000000 v input external delay
     2    0.004650    0.007618    0.004084    5.004084 v wb_rst_i (in)
                                                         wb_rst_i (net)
                      0.007618    0.000000    5.004084 v input1/A (sky130_fd_sc_hd__buf_2)
     5    0.122743    0.193729    0.183660    5.187744 v input1/X (sky130_fd_sc_hd__buf_2)
                                                         net1 (net)
                      0.230626    0.067089    5.254832 v fanout25/A (sky130_fd_sc_hd__clkdlybuf4s25_1)
     8    0.040097    0.203973    0.377968    5.632801 v fanout25/X (sky130_fd_sc_hd__clkdlybuf4s25_1)
                                                         net25 (net)
                      0.203973    0.000218    5.633018 v fanout21/A (sky130_fd_sc_hd__clkdlybuf4s25_1)
     9    0.054798    0.275127    0.427291    6.060309 v fanout21/X (sky130_fd_sc_hd__clkdlybuf4s25_1)
                                                         net21 (net)
                      0.275127    0.000814    6.061122 v _660_/A (sky130_fd_sc_hd__inv_2)
     1    0.003839    0.054463    0.093144    6.154266 ^ _660_/Y (sky130_fd_sc_hd__inv_2)
                                                         _135_ (net)
                      0.054463    0.000028    6.154294 ^ _744_/RESET_B (sky130_fd_sc_hd__dfrtp_2)
                                              6.154294   data arrival time

                                 25.000000   25.000000   clock wb_clk_i (rise edge)
                                  0.000000   25.000000   clock source latency
     2    0.147291    0.498689    0.368759   25.368759 ^ wb_clk_i (in)
                                                         wb_clk_i (net)
                      0.521806    0.000000   25.368759 ^ clkbuf_0_wb_clk_i/A (sky130_fd_sc_hd__clkbuf_16)
    17    0.072495    0.077203    0.161485   25.530243 ^ clkbuf_0_wb_clk_i/X (sky130_fd_sc_hd__clkbuf_16)
                                                         clknet_0_wb_clk_i (net)
                      0.077234    0.001398   25.531641 ^ clkbuf_3_4_0_wb_clk_i/A (sky130_fd_sc_hd__clkbuf_8)
    11    0.037149    0.058025    0.111003   25.642645 ^ clkbuf_3_4_0_wb_clk_i/X (sky130_fd_sc_hd__clkbuf_8)
                                                         clknet_3_4_0_wb_clk_i (net)
                      0.058030    0.000563   25.643208 ^ _744_/CLK (sky130_fd_sc_hd__dfrtp_2)
                                 -0.250000   25.393208   clock uncertainty
                                  0.000000   25.393208   clock reconvergence pessimism
                                  0.131822   25.525030   library recovery time
                                             25.525030   data required time
---------------------------------------------------------------------------------------------
                                             25.525030   data required time
                                             -6.154294   data arrival time
---------------------------------------------------------------------------------------------
                                             19.370735   slack (MET)


Startpoint: wb_rst_i (input port clocked by wb_clk_i)
Endpoint: _699_ (recovery check against rising-edge clock wb_clk_i)
Path Group: asynchronous
Path Type: max

Fanout         Cap        Slew       Delay        Time   Description
---------------------------------------------------------------------------------------------
                                  0.000000    0.000000   clock wb_clk_i (rise edge)
                                  0.000000    0.000000   clock network delay (propagated)
                                  5.000000    5.000000 v input external delay
     2    0.004650    0.007618    0.004084    5.004084 v wb_rst_i (in)
                                                         wb_rst_i (net)
                      0.007618    0.000000    5.004084 v input1/A (sky130_fd_sc_hd__buf_2)
     5    0.122743    0.193729    0.183660    5.187744 v input1/X (sky130_fd_sc_hd__buf_2)
                                                         net1 (net)
                      0.229100    0.065513    5.253257 v fanout19/A (sky130_fd_sc_hd__clkdlybuf4s25_1)
     2    0.010172    0.060005    0.262564    5.515821 v fanout19/X (sky130_fd_sc_hd__clkdlybuf4s25_1)
                                                         net19 (net)
                      0.060005    0.000272    5.516093 v wire20/A (sky130_fd_sc_hd__buf_4)
    19    0.065640    0.065528    0.152218    5.668311 v wire20/X (sky130_fd_sc_hd__buf_4)
                                                         net20 (net)
                      0.065732    0.003088    5.671400 v fanout17/A (sky130_fd_sc_hd__clkdlybuf4s25_1)
     9    0.049981    0.251385    0.364269    6.035668 v fanout17/X (sky130_fd_sc_hd__clkdlybuf4s25_1)
                                                         net17 (net)
                      0.251395    0.001853    6.037522 v _615_/A (sky130_fd_sc_hd__inv_2)
     1    0.004281    0.054093    0.091086    6.128608 ^ _615_/Y (sky130_fd_sc_hd__inv_2)
                                                         _090_ (net)
                      0.054093    0.000042    6.128650 ^ _699_/RESET_B (sky130_fd_sc_hd__dfrtp_2)
                                              6.128650   data arrival time

                                 25.000000   25.000000   clock wb_clk_i (rise edge)
                                  0.000000   25.000000   clock source latency
     2    0.147291    0.498689    0.368759   25.368759 ^ wb_clk_i (in)
                                                         wb_clk_i (net)
                      0.521806    0.000000   25.368759 ^ clkbuf_0_wb_clk_i/A (sky130_fd_sc_hd__clkbuf_16)
    17    0.072495    0.077203    0.161485   25.530243 ^ clkbuf_0_wb_clk_i/X (sky130_fd_sc_hd__clkbuf_16)
                                                         clknet_0_wb_clk_i (net)
                      0.077233    0.001378   25.531622 ^ clkbuf_3_3_0_wb_clk_i/A (sky130_fd_sc_hd__clkbuf_8)
    11    0.036901    0.057806    0.110813   25.642435 ^ clkbuf_3_3_0_wb_clk_i/X (sky130_fd_sc_hd__clkbuf_8)
                                                         clknet_3_3_0_wb_clk_i (net)
                      0.057809    0.000476   25.642910 ^ _699_/CLK (sky130_fd_sc_hd__dfrtp_2)
                                 -0.250000   25.392912   clock uncertainty
                                  0.000000   25.392912   clock reconvergence pessimism
                                  0.131883   25.524796   library recovery time
                                             25.524796   data required time
---------------------------------------------------------------------------------------------
                                             25.524796   data required time
                                             -6.128650   data arrival time
---------------------------------------------------------------------------------------------
                                             19.396145   slack (MET)


Startpoint: wb_rst_i (input port clocked by wb_clk_i)
Endpoint: _748_ (recovery check against rising-edge clock wb_clk_i)
Path Group: asynchronous
Path Type: max

Fanout         Cap        Slew       Delay        Time   Description
---------------------------------------------------------------------------------------------
                                  0.000000    0.000000   clock wb_clk_i (rise edge)
                                  0.000000    0.000000   clock network delay (propagated)
                                  5.000000    5.000000 v input external delay
     2    0.004650    0.007618    0.004084    5.004084 v wb_rst_i (in)
                                                         wb_rst_i (net)
                      0.007618    0.000000    5.004084 v input1/A (sky130_fd_sc_hd__buf_2)
     5    0.122743    0.193729    0.183660    5.187744 v input1/X (sky130_fd_sc_hd__buf_2)
                                                         net1 (net)
                      0.229100    0.065513    5.253257 v fanout19/A (sky130_fd_sc_hd__clkdlybuf4s25_1)
     2    0.010172    0.060005    0.262564    5.515821 v fanout19/X (sky130_fd_sc_hd__clkdlybuf4s25_1)
                                                         net19 (net)
                      0.060005    0.000272    5.516093 v wire20/A (sky130_fd_sc_hd__buf_4)
    19    0.065640    0.065528    0.152218    5.668311 v wire20/X (sky130_fd_sc_hd__buf_4)
                                                         net20 (net)
                      0.065732    0.003088    5.671400 v fanout17/A (sky130_fd_sc_hd__clkdlybuf4s25_1)
     9    0.049981    0.251385    0.364269    6.035668 v fanout17/X (sky130_fd_sc_hd__clkdlybuf4s25_1)
                                                         net17 (net)
                      0.251394    0.001758    6.037427 v _664_/A (sky130_fd_sc_hd__inv_2)
     1    0.004242    0.053871    0.090821    6.128247 ^ _664_/Y (sky130_fd_sc_hd__inv_2)
                                                         _139_ (net)
                      0.053871    0.000038    6.128285 ^ _748_/RESET_B (sky130_fd_sc_hd__dfrtp_2)
                                              6.128285   data arrival time

                                 25.000000   25.000000   clock wb_clk_i (rise edge)
                                  0.000000   25.000000   clock source latency
     2    0.147291    0.498689    0.368759   25.368759 ^ wb_clk_i (in)
                                                         wb_clk_i (net)
                      0.521806    0.000000   25.368759 ^ clkbuf_0_wb_clk_i/A (sky130_fd_sc_hd__clkbuf_16)
    17    0.072495    0.077203    0.161485   25.530243 ^ clkbuf_0_wb_clk_i/X (sky130_fd_sc_hd__clkbuf_16)
                                                         clknet_0_wb_clk_i (net)
                      0.077264    0.001846   25.532089 ^ clkbuf_3_1_0_wb_clk_i/A (sky130_fd_sc_hd__clkbuf_8)
    11    0.036856    0.057752    0.110772   25.642860 ^ clkbuf_3_1_0_wb_clk_i/X (sky130_fd_sc_hd__clkbuf_8)
                                                         clknet_3_1_0_wb_clk_i (net)
                      0.057758    0.000609   25.643471 ^ _748_/CLK (sky130_fd_sc_hd__dfrtp_2)
                                 -0.250000   25.393471   clock uncertainty
                                  0.000000   25.393471   clock reconvergence pessimism
                                  0.131932   25.525402   library recovery time
                                             25.525402   data required time
---------------------------------------------------------------------------------------------
                                             25.525402   data required time
                                             -6.128285   data arrival time
---------------------------------------------------------------------------------------------
                                             19.397118   slack (MET)


Startpoint: wb_rst_i (input port clocked by wb_clk_i)
Endpoint: _694_ (recovery check against rising-edge clock wb_clk_i)
Path Group: asynchronous
Path Type: max

Fanout         Cap        Slew       Delay        Time   Description
---------------------------------------------------------------------------------------------
                                  0.000000    0.000000   clock wb_clk_i (rise edge)
                                  0.000000    0.000000   clock network delay (propagated)
                                  5.000000    5.000000 v input external delay
     2    0.004650    0.007618    0.004084    5.004084 v wb_rst_i (in)
                                                         wb_rst_i (net)
                      0.007618    0.000000    5.004084 v input1/A (sky130_fd_sc_hd__buf_2)
     5    0.122743    0.193729    0.183660    5.187744 v input1/X (sky130_fd_sc_hd__buf_2)
                                                         net1 (net)
                      0.229100    0.065513    5.253257 v fanout19/A (sky130_fd_sc_hd__clkdlybuf4s25_1)
     2    0.010172    0.060005    0.262564    5.515821 v fanout19/X (sky130_fd_sc_hd__clkdlybuf4s25_1)
                                                         net19 (net)
                      0.060005    0.000272    5.516093 v wire20/A (sky130_fd_sc_hd__buf_4)
    19    0.065640    0.065528    0.152218    5.668311 v wire20/X (sky130_fd_sc_hd__buf_4)
                                                         net20 (net)
                      0.065732    0.003088    5.671400 v fanout17/A (sky130_fd_sc_hd__clkdlybuf4s25_1)
     9    0.049981    0.251385    0.364269    6.035668 v fanout17/X (sky130_fd_sc_hd__clkdlybuf4s25_1)
                                                         net17 (net)
                      0.251391    0.001517    6.037186 v _610_/A (sky130_fd_sc_hd__inv_2)
     1    0.004150    0.053353    0.090199    6.127384 ^ _610_/Y (sky130_fd_sc_hd__inv_2)
                                                         _085_ (net)
                      0.053353    0.000035    6.127419 ^ _694_/RESET_B (sky130_fd_sc_hd__dfrtp_2)
                                              6.127419   data arrival time

                                 25.000000   25.000000   clock wb_clk_i (rise edge)
                                  0.000000   25.000000   clock source latency
     2    0.147291    0.498689    0.368759   25.368759 ^ wb_clk_i (in)
                                                         wb_clk_i (net)
                      0.521806    0.000000   25.368759 ^ clkbuf_0_wb_clk_i/A (sky130_fd_sc_hd__clkbuf_16)
    17    0.072495    0.077203    0.161485   25.530243 ^ clkbuf_0_wb_clk_i/X (sky130_fd_sc_hd__clkbuf_16)
                                                         clknet_0_wb_clk_i (net)
                      0.077264    0.001846   25.532089 ^ clkbuf_3_1_0_wb_clk_i/A (sky130_fd_sc_hd__clkbuf_8)
    11    0.036856    0.057752    0.110772   25.642860 ^ clkbuf_3_1_0_wb_clk_i/X (sky130_fd_sc_hd__clkbuf_8)
                                                         clknet_3_1_0_wb_clk_i (net)
                      0.057753    0.000364   25.643225 ^ _694_/CLK (sky130_fd_sc_hd__dfrtp_2)
                                 -0.250000   25.393227   clock uncertainty
                                  0.000000   25.393227   clock reconvergence pessimism
                                  0.132064   25.525290   library recovery time
                                             25.525290   data required time
---------------------------------------------------------------------------------------------
                                             25.525290   data required time
                                             -6.127419   data arrival time
---------------------------------------------------------------------------------------------
                                             19.397871   slack (MET)


Startpoint: wb_rst_i (input port clocked by wb_clk_i)
Endpoint: _747_ (recovery check against rising-edge clock wb_clk_i)
Path Group: asynchronous
Path Type: max

Fanout         Cap        Slew       Delay        Time   Description
---------------------------------------------------------------------------------------------
                                  0.000000    0.000000   clock wb_clk_i (rise edge)
                                  0.000000    0.000000   clock network delay (propagated)
                                  5.000000    5.000000 v input external delay
     2    0.004650    0.007618    0.004084    5.004084 v wb_rst_i (in)
                                                         wb_rst_i (net)
                      0.007618    0.000000    5.004084 v input1/A (sky130_fd_sc_hd__buf_2)
     5    0.122743    0.193729    0.183660    5.187744 v input1/X (sky130_fd_sc_hd__buf_2)
                                                         net1 (net)
                      0.229100    0.065513    5.253257 v fanout19/A (sky130_fd_sc_hd__clkdlybuf4s25_1)
     2    0.010172    0.060005    0.262564    5.515821 v fanout19/X (sky130_fd_sc_hd__clkdlybuf4s25_1)
                                                         net19 (net)
                      0.060005    0.000272    5.516093 v wire20/A (sky130_fd_sc_hd__buf_4)
    19    0.065640    0.065528    0.152218    5.668311 v wire20/X (sky130_fd_sc_hd__buf_4)
                                                         net20 (net)
                      0.065732    0.003088    5.671400 v fanout17/A (sky130_fd_sc_hd__clkdlybuf4s25_1)
     9    0.049981    0.251385    0.364269    6.035668 v fanout17/X (sky130_fd_sc_hd__clkdlybuf4s25_1)
                                                         net17 (net)
                      0.251395    0.001871    6.037539 v _663_/A (sky130_fd_sc_hd__inv_2)
     1    0.004120    0.053183    0.089993    6.127532 ^ _663_/Y (sky130_fd_sc_hd__inv_2)
                                                         _138_ (net)
                      0.053183    0.000034    6.127566 ^ _747_/RESET_B (sky130_fd_sc_hd__dfrtp_2)
                                              6.127566   data arrival time

                                 25.000000   25.000000   clock wb_clk_i (rise edge)
                                  0.000000   25.000000   clock source latency
     2    0.147291    0.498689    0.368759   25.368759 ^ wb_clk_i (in)
                                                         wb_clk_i (net)
                      0.521806    0.000000   25.368759 ^ clkbuf_0_wb_clk_i/A (sky130_fd_sc_hd__clkbuf_16)
    17    0.072495    0.077203    0.161485   25.530243 ^ clkbuf_0_wb_clk_i/X (sky130_fd_sc_hd__clkbuf_16)
                                                         clknet_0_wb_clk_i (net)
                      0.077264    0.001846   25.532089 ^ clkbuf_3_1_0_wb_clk_i/A (sky130_fd_sc_hd__clkbuf_8)
    11    0.036856    0.057752    0.110772   25.642860 ^ clkbuf_3_1_0_wb_clk_i/X (sky130_fd_sc_hd__clkbuf_8)
                                                         clknet_3_1_0_wb_clk_i (net)
                      0.057760    0.000668   25.643528 ^ _747_/CLK (sky130_fd_sc_hd__dfrtp_2)
                                 -0.250000   25.393530   clock uncertainty
                                  0.000000   25.393530   clock reconvergence pessimism
                                  0.132108   25.525637   library recovery time
                                             25.525637   data required time
---------------------------------------------------------------------------------------------
                                             25.525637   data required time
                                             -6.127566   data arrival time
---------------------------------------------------------------------------------------------
                                             19.398071   slack (MET)


Startpoint: wb_rst_i (input port clocked by wb_clk_i)
Endpoint: _695_ (recovery check against rising-edge clock wb_clk_i)
Path Group: asynchronous
Path Type: max

Fanout         Cap        Slew       Delay        Time   Description
---------------------------------------------------------------------------------------------
                                  0.000000    0.000000   clock wb_clk_i (rise edge)
                                  0.000000    0.000000   clock network delay (propagated)
                                  5.000000    5.000000 v input external delay
     2    0.004650    0.007618    0.004084    5.004084 v wb_rst_i (in)
                                                         wb_rst_i (net)
                      0.007618    0.000000    5.004084 v input1/A (sky130_fd_sc_hd__buf_2)
     5    0.122743    0.193729    0.183660    5.187744 v input1/X (sky130_fd_sc_hd__buf_2)
                                                         net1 (net)
                      0.229100    0.065513    5.253257 v fanout19/A (sky130_fd_sc_hd__clkdlybuf4s25_1)
     2    0.010172    0.060005    0.262564    5.515821 v fanout19/X (sky130_fd_sc_hd__clkdlybuf4s25_1)
                                                         net19 (net)
                      0.060005    0.000272    5.516093 v wire20/A (sky130_fd_sc_hd__buf_4)
    19    0.065640    0.065528    0.152218    5.668311 v wire20/X (sky130_fd_sc_hd__buf_4)
                                                         net20 (net)
                      0.065732    0.003088    5.671400 v fanout17/A (sky130_fd_sc_hd__clkdlybuf4s25_1)
     9    0.049981    0.251385    0.364269    6.035668 v fanout17/X (sky130_fd_sc_hd__clkdlybuf4s25_1)
                                                         net17 (net)
                      0.251388    0.001299    6.036968 v _611_/A (sky130_fd_sc_hd__inv_2)
     1    0.004084    0.052984    0.089751    6.126719 ^ _611_/Y (sky130_fd_sc_hd__inv_2)
                                                         _086_ (net)
                      0.052984    0.000034    6.126752 ^ _695_/RESET_B (sky130_fd_sc_hd__dfrtp_2)
                                              6.126752   data arrival time

                                 25.000000   25.000000   clock wb_clk_i (rise edge)
                                  0.000000   25.000000   clock source latency
     2    0.147291    0.498689    0.368759   25.368759 ^ wb_clk_i (in)
                                                         wb_clk_i (net)
                      0.521806    0.000000   25.368759 ^ clkbuf_0_wb_clk_i/A (sky130_fd_sc_hd__clkbuf_16)
    17    0.072495    0.077203    0.161485   25.530243 ^ clkbuf_0_wb_clk_i/X (sky130_fd_sc_hd__clkbuf_16)
                                                         clknet_0_wb_clk_i (net)
                      0.077264    0.001846   25.532089 ^ clkbuf_3_1_0_wb_clk_i/A (sky130_fd_sc_hd__clkbuf_8)
    11    0.036856    0.057752    0.110772   25.642860 ^ clkbuf_3_1_0_wb_clk_i/X (sky130_fd_sc_hd__clkbuf_8)
                                                         clknet_3_1_0_wb_clk_i (net)
                      0.057752    0.000238   25.643099 ^ _695_/CLK (sky130_fd_sc_hd__dfrtp_2)
                                 -0.250000   25.393101   clock uncertainty
                                  0.000000   25.393101   clock reconvergence pessimism
                                  0.132158   25.525257   library recovery time
                                             25.525257   data required time
---------------------------------------------------------------------------------------------
                                             25.525257   data required time
                                             -6.126752   data arrival time
---------------------------------------------------------------------------------------------
                                             19.398504   slack (MET)


Startpoint: wb_rst_i (input port clocked by wb_clk_i)
Endpoint: _698_ (recovery check against rising-edge clock wb_clk_i)
Path Group: asynchronous
Path Type: max

Fanout         Cap        Slew       Delay        Time   Description
---------------------------------------------------------------------------------------------
                                  0.000000    0.000000   clock wb_clk_i (rise edge)
                                  0.000000    0.000000   clock network delay (propagated)
                                  5.000000    5.000000 v input external delay
     2    0.004650    0.007618    0.004084    5.004084 v wb_rst_i (in)
                                                         wb_rst_i (net)
                      0.007618    0.000000    5.004084 v input1/A (sky130_fd_sc_hd__buf_2)
     5    0.122743    0.193729    0.183660    5.187744 v input1/X (sky130_fd_sc_hd__buf_2)
                                                         net1 (net)
                      0.229100    0.065513    5.253257 v fanout19/A (sky130_fd_sc_hd__clkdlybuf4s25_1)
     2    0.010172    0.060005    0.262564    5.515821 v fanout19/X (sky130_fd_sc_hd__clkdlybuf4s25_1)
                                                         net19 (net)
                      0.060005    0.000272    5.516093 v wire20/A (sky130_fd_sc_hd__buf_4)
    19    0.065640    0.065528    0.152218    5.668311 v wire20/X (sky130_fd_sc_hd__buf_4)
                                                         net20 (net)
                      0.065732    0.003088    5.671400 v fanout17/A (sky130_fd_sc_hd__clkdlybuf4s25_1)
     9    0.049981    0.251385    0.364269    6.035668 v fanout17/X (sky130_fd_sc_hd__clkdlybuf4s25_1)
                                                         net17 (net)
                      0.251394    0.001771    6.037439 v _614_/A (sky130_fd_sc_hd__inv_2)
     1    0.003978    0.052393    0.089031    6.126470 ^ _614_/Y (sky130_fd_sc_hd__inv_2)
                                                         _089_ (net)
                      0.052393    0.000032    6.126501 ^ _698_/RESET_B (sky130_fd_sc_hd__dfrtp_2)
                                              6.126501   data arrival time

                                 25.000000   25.000000   clock wb_clk_i (rise edge)
                                  0.000000   25.000000   clock source latency
     2    0.147291    0.498689    0.368759   25.368759 ^ wb_clk_i (in)
                                                         wb_clk_i (net)
                      0.521806    0.000000   25.368759 ^ clkbuf_0_wb_clk_i/A (sky130_fd_sc_hd__clkbuf_16)
    17    0.072495    0.077203    0.161485   25.530243 ^ clkbuf_0_wb_clk_i/X (sky130_fd_sc_hd__clkbuf_16)
                                                         clknet_0_wb_clk_i (net)
                      0.077264    0.001846   25.532089 ^ clkbuf_3_1_0_wb_clk_i/A (sky130_fd_sc_hd__clkbuf_8)
    11    0.036856    0.057752    0.110772   25.642860 ^ clkbuf_3_1_0_wb_clk_i/X (sky130_fd_sc_hd__clkbuf_8)
                                                         clknet_3_1_0_wb_clk_i (net)
                      0.057754    0.000430   25.643291 ^ _698_/CLK (sky130_fd_sc_hd__dfrtp_2)
                                 -0.250000   25.393291   clock uncertainty
                                  0.000000   25.393291   clock reconvergence pessimism
                                  0.132309   25.525600   library recovery time
                                             25.525600   data required time
---------------------------------------------------------------------------------------------
                                             25.525600   data required time
                                             -6.126501   data arrival time
---------------------------------------------------------------------------------------------
                                             19.399099   slack (MET)


Startpoint: wb_rst_i (input port clocked by wb_clk_i)
Endpoint: _749_ (recovery check against rising-edge clock wb_clk_i)
Path Group: asynchronous
Path Type: max

Fanout         Cap        Slew       Delay        Time   Description
---------------------------------------------------------------------------------------------
                                  0.000000    0.000000   clock wb_clk_i (rise edge)
                                  0.000000    0.000000   clock network delay (propagated)
                                  5.000000    5.000000 v input external delay
     2    0.004650    0.007618    0.004084    5.004084 v wb_rst_i (in)
                                                         wb_rst_i (net)
                      0.007618    0.000000    5.004084 v input1/A (sky130_fd_sc_hd__buf_2)
     5    0.122743    0.193729    0.183660    5.187744 v input1/X (sky130_fd_sc_hd__buf_2)
                                                         net1 (net)
                      0.229100    0.065513    5.253257 v fanout19/A (sky130_fd_sc_hd__clkdlybuf4s25_1)
     2    0.010172    0.060005    0.262564    5.515821 v fanout19/X (sky130_fd_sc_hd__clkdlybuf4s25_1)
                                                         net19 (net)
                      0.060005    0.000272    5.516093 v wire20/A (sky130_fd_sc_hd__buf_4)
    19    0.065640    0.065528    0.152218    5.668311 v wire20/X (sky130_fd_sc_hd__buf_4)
                                                         net20 (net)
                      0.065732    0.003088    5.671400 v fanout17/A (sky130_fd_sc_hd__clkdlybuf4s25_1)
     9    0.049981    0.251385    0.364269    6.035668 v fanout17/X (sky130_fd_sc_hd__clkdlybuf4s25_1)
                                                         net17 (net)
                      0.251396    0.001911    6.037580 v _665_/A (sky130_fd_sc_hd__inv_2)
     1    0.003963    0.052309    0.088928    6.126508 ^ _665_/Y (sky130_fd_sc_hd__inv_2)
                                                         _140_ (net)
                      0.052309    0.000030    6.126538 ^ _749_/RESET_B (sky130_fd_sc_hd__dfrtp_2)
                                              6.126538   data arrival time

                                 25.000000   25.000000   clock wb_clk_i (rise edge)
                                  0.000000   25.000000   clock source latency
     2    0.147291    0.498689    0.368759   25.368759 ^ wb_clk_i (in)
                                                         wb_clk_i (net)
                      0.521806    0.000000   25.368759 ^ clkbuf_0_wb_clk_i/A (sky130_fd_sc_hd__clkbuf_16)
    17    0.072495    0.077203    0.161485   25.530243 ^ clkbuf_0_wb_clk_i/X (sky130_fd_sc_hd__clkbuf_16)
                                                         clknet_0_wb_clk_i (net)
                      0.077264    0.001846   25.532089 ^ clkbuf_3_1_0_wb_clk_i/A (sky130_fd_sc_hd__clkbuf_8)
    11    0.036856    0.057752    0.110772   25.642860 ^ clkbuf_3_1_0_wb_clk_i/X (sky130_fd_sc_hd__clkbuf_8)
                                                         clknet_3_1_0_wb_clk_i (net)
                      0.057757    0.000577   25.643438 ^ _749_/CLK (sky130_fd_sc_hd__dfrtp_2)
                                 -0.250000   25.393438   clock uncertainty
                                  0.000000   25.393438   clock reconvergence pessimism
                                  0.132331   25.525770   library recovery time
                                             25.525770   data required time
---------------------------------------------------------------------------------------------
                                             25.525770   data required time
                                             -6.126538   data arrival time
---------------------------------------------------------------------------------------------
                                             19.399233   slack (MET)


Startpoint: wb_rst_i (input port clocked by wb_clk_i)
Endpoint: _696_ (recovery check against rising-edge clock wb_clk_i)
Path Group: asynchronous
Path Type: max

Fanout         Cap        Slew       Delay        Time   Description
---------------------------------------------------------------------------------------------
                                  0.000000    0.000000   clock wb_clk_i (rise edge)
                                  0.000000    0.000000   clock network delay (propagated)
                                  5.000000    5.000000 v input external delay
     2    0.004650    0.007618    0.004084    5.004084 v wb_rst_i (in)
                                                         wb_rst_i (net)
                      0.007618    0.000000    5.004084 v input1/A (sky130_fd_sc_hd__buf_2)
     5    0.122743    0.193729    0.183660    5.187744 v input1/X (sky130_fd_sc_hd__buf_2)
                                                         net1 (net)
                      0.229100    0.065513    5.253257 v fanout19/A (sky130_fd_sc_hd__clkdlybuf4s25_1)
     2    0.010172    0.060005    0.262564    5.515821 v fanout19/X (sky130_fd_sc_hd__clkdlybuf4s25_1)
                                                         net19 (net)
                      0.060005    0.000272    5.516093 v wire20/A (sky130_fd_sc_hd__buf_4)
    19    0.065640    0.065528    0.152218    5.668311 v wire20/X (sky130_fd_sc_hd__buf_4)
                                                         net20 (net)
                      0.065732    0.003088    5.671400 v fanout17/A (sky130_fd_sc_hd__clkdlybuf4s25_1)
     9    0.049981    0.251385    0.364269    6.035668 v fanout17/X (sky130_fd_sc_hd__clkdlybuf4s25_1)
                                                         net17 (net)
                      0.251385    0.000095    6.035764 v _612_/A (sky130_fd_sc_hd__inv_2)
     1    0.003993    0.052475    0.089131    6.124895 ^ _612_/Y (sky130_fd_sc_hd__inv_2)
                                                         _087_ (net)
                      0.052475    0.000032    6.124927 ^ _696_/RESET_B (sky130_fd_sc_hd__dfrtp_2)
                                              6.124927   data arrival time

                                 25.000000   25.000000   clock wb_clk_i (rise edge)
                                  0.000000   25.000000   clock source latency
     2    0.147291    0.498689    0.368759   25.368759 ^ wb_clk_i (in)
                                                         wb_clk_i (net)
                      0.521806    0.000000   25.368759 ^ clkbuf_0_wb_clk_i/A (sky130_fd_sc_hd__clkbuf_16)
    17    0.072495    0.077203    0.161485   25.530243 ^ clkbuf_0_wb_clk_i/X (sky130_fd_sc_hd__clkbuf_16)
                                                         clknet_0_wb_clk_i (net)
                      0.077264    0.001846   25.532089 ^ clkbuf_3_1_0_wb_clk_i/A (sky130_fd_sc_hd__clkbuf_8)
    11    0.036856    0.057752    0.110772   25.642860 ^ clkbuf_3_1_0_wb_clk_i/X (sky130_fd_sc_hd__clkbuf_8)
                                                         clknet_3_1_0_wb_clk_i (net)
                      0.057752    0.000313   25.643173 ^ _696_/CLK (sky130_fd_sc_hd__dfrtp_2)
                                 -0.250000   25.393175   clock uncertainty
                                  0.000000   25.393175   clock reconvergence pessimism
                                  0.132288   25.525461   library recovery time
                                             25.525461   data required time
---------------------------------------------------------------------------------------------
                                             25.525461   data required time
                                             -6.124927   data arrival time
---------------------------------------------------------------------------------------------
                                             19.400536   slack (MET)


Startpoint: wb_rst_i (input port clocked by wb_clk_i)
Endpoint: _714_ (recovery check against rising-edge clock wb_clk_i)
Path Group: asynchronous
Path Type: max

Fanout         Cap        Slew       Delay        Time   Description
---------------------------------------------------------------------------------------------
                                  0.000000    0.000000   clock wb_clk_i (rise edge)
                                  0.000000    0.000000   clock network delay (propagated)
                                  5.000000    5.000000 v input external delay
     2    0.004650    0.007618    0.004084    5.004084 v wb_rst_i (in)
                                                         wb_rst_i (net)
                      0.007618    0.000000    5.004084 v input1/A (sky130_fd_sc_hd__buf_2)
     5    0.122743    0.193729    0.183660    5.187744 v input1/X (sky130_fd_sc_hd__buf_2)
                                                         net1 (net)
                      0.229100    0.065513    5.253257 v fanout19/A (sky130_fd_sc_hd__clkdlybuf4s25_1)
     2    0.010172    0.060005    0.262564    5.515821 v fanout19/X (sky130_fd_sc_hd__clkdlybuf4s25_1)
                                                         net19 (net)
                      0.060005    0.000073    5.515894 v fanout15/A (sky130_fd_sc_hd__clkdlybuf4s25_1)
     8    0.043898    0.221500    0.339241    5.855135 v fanout15/X (sky130_fd_sc_hd__clkdlybuf4s25_1)
                                                         net15 (net)
                      0.221500    0.000624    5.855760 v load_slew16/A (sky130_fd_sc_hd__buf_4)
     9    0.053672    0.061430    0.212367    6.068127 v load_slew16/X (sky130_fd_sc_hd__buf_4)
                                                         net16 (net)
                      0.061477    0.001624    6.069752 v _630_/A (sky130_fd_sc_hd__inv_2)
     1    0.004475    0.026872    0.045211    6.114963 ^ _630_/Y (sky130_fd_sc_hd__inv_2)
                                                         _105_ (net)
                      0.026872    0.000046    6.115009 ^ _714_/RESET_B (sky130_fd_sc_hd__dfrtp_2)
                                              6.115009   data arrival time

                                 25.000000   25.000000   clock wb_clk_i (rise edge)
                                  0.000000   25.000000   clock source latency
     2    0.147291    0.498689    0.368759   25.368759 ^ wb_clk_i (in)
                                                         wb_clk_i (net)
                      0.521806    0.000000   25.368759 ^ clkbuf_0_wb_clk_i/A (sky130_fd_sc_hd__clkbuf_16)
    17    0.072495    0.077203    0.161485   25.530243 ^ clkbuf_0_wb_clk_i/X (sky130_fd_sc_hd__clkbuf_16)
                                                         clknet_0_wb_clk_i (net)
                      0.077310    0.002352   25.532595 ^ clkbuf_3_0_0_wb_clk_i/A (sky130_fd_sc_hd__clkbuf_8)
    11    0.035669    0.056319    0.109786   25.642382 ^ clkbuf_3_0_0_wb_clk_i/X (sky130_fd_sc_hd__clkbuf_8)
                                                         clknet_3_0_0_wb_clk_i (net)
                      0.056319    0.000266   25.642649 ^ _714_/CLK (sky130_fd_sc_hd__dfrtp_2)
                                 -0.250000   25.392649   clock uncertainty
                                  0.000000   25.392649   clock reconvergence pessimism
                                  0.138610   25.531258   library recovery time
                                             25.531258   data required time
---------------------------------------------------------------------------------------------
                                             25.531258   data required time
                                             -6.115009   data arrival time
---------------------------------------------------------------------------------------------
                                             19.416248   slack (MET)


Startpoint: wb_rst_i (input port clocked by wb_clk_i)
Endpoint: _708_ (recovery check against rising-edge clock wb_clk_i)
Path Group: asynchronous
Path Type: max

Fanout         Cap        Slew       Delay        Time   Description
---------------------------------------------------------------------------------------------
                                  0.000000    0.000000   clock wb_clk_i (rise edge)
                                  0.000000    0.000000   clock network delay (propagated)
                                  5.000000    5.000000 v input external delay
     2    0.004650    0.007618    0.004084    5.004084 v wb_rst_i (in)
                                                         wb_rst_i (net)
                      0.007618    0.000000    5.004084 v input1/A (sky130_fd_sc_hd__buf_2)
     5    0.122743    0.193729    0.183660    5.187744 v input1/X (sky130_fd_sc_hd__buf_2)
                                                         net1 (net)
                      0.229100    0.065513    5.253257 v fanout19/A (sky130_fd_sc_hd__clkdlybuf4s25_1)
     2    0.010172    0.060005    0.262564    5.515821 v fanout19/X (sky130_fd_sc_hd__clkdlybuf4s25_1)
                                                         net19 (net)
                      0.060005    0.000073    5.515894 v fanout15/A (sky130_fd_sc_hd__clkdlybuf4s25_1)
     8    0.043898    0.221500    0.339241    5.855135 v fanout15/X (sky130_fd_sc_hd__clkdlybuf4s25_1)
                                                         net15 (net)
                      0.221500    0.000624    5.855760 v load_slew16/A (sky130_fd_sc_hd__buf_4)
     9    0.053672    0.061430    0.212367    6.068127 v load_slew16/X (sky130_fd_sc_hd__buf_4)
                                                         net16 (net)
                      0.061497    0.001912    6.070039 v _624_/A (sky130_fd_sc_hd__inv_2)
     1    0.004342    0.026498    0.044735    6.114774 ^ _624_/Y (sky130_fd_sc_hd__inv_2)
                                                         _099_ (net)
                      0.026499    0.000040    6.114815 ^ _708_/RESET_B (sky130_fd_sc_hd__dfrtp_2)
                                              6.114815   data arrival time

                                 25.000000   25.000000   clock wb_clk_i (rise edge)
                                  0.000000   25.000000   clock source latency
     2    0.147291    0.498689    0.368759   25.368759 ^ wb_clk_i (in)
                                                         wb_clk_i (net)
                      0.521806    0.000000   25.368759 ^ clkbuf_0_wb_clk_i/A (sky130_fd_sc_hd__clkbuf_16)
    17    0.072495    0.077203    0.161485   25.530243 ^ clkbuf_0_wb_clk_i/X (sky130_fd_sc_hd__clkbuf_16)
                                                         clknet_0_wb_clk_i (net)
                      0.077264    0.001846   25.532089 ^ clkbuf_3_1_0_wb_clk_i/A (sky130_fd_sc_hd__clkbuf_8)
    11    0.036856    0.057752    0.110772   25.642860 ^ clkbuf_3_1_0_wb_clk_i/X (sky130_fd_sc_hd__clkbuf_8)
                                                         clknet_3_1_0_wb_clk_i (net)
                      0.057753    0.000352   25.643213 ^ _708_/CLK (sky130_fd_sc_hd__dfrtp_2)
                                 -0.250000   25.393213   clock uncertainty
                                  0.000000   25.393213   clock reconvergence pessimism
                                  0.138922   25.532135   library recovery time
                                             25.532135   data required time
---------------------------------------------------------------------------------------------
                                             25.532135   data required time
                                             -6.114815   data arrival time
---------------------------------------------------------------------------------------------
                                             19.417322   slack (MET)


Startpoint: wb_rst_i (input port clocked by wb_clk_i)
Endpoint: _711_ (recovery check against rising-edge clock wb_clk_i)
Path Group: asynchronous
Path Type: max

Fanout         Cap        Slew       Delay        Time   Description
---------------------------------------------------------------------------------------------
                                  0.000000    0.000000   clock wb_clk_i (rise edge)
                                  0.000000    0.000000   clock network delay (propagated)
                                  5.000000    5.000000 v input external delay
     2    0.004650    0.007618    0.004084    5.004084 v wb_rst_i (in)
                                                         wb_rst_i (net)
                      0.007618    0.000000    5.004084 v input1/A (sky130_fd_sc_hd__buf_2)
     5    0.122743    0.193729    0.183660    5.187744 v input1/X (sky130_fd_sc_hd__buf_2)
                                                         net1 (net)
                      0.229100    0.065513    5.253257 v fanout19/A (sky130_fd_sc_hd__clkdlybuf4s25_1)
     2    0.010172    0.060005    0.262564    5.515821 v fanout19/X (sky130_fd_sc_hd__clkdlybuf4s25_1)
                                                         net19 (net)
                      0.060005    0.000073    5.515894 v fanout15/A (sky130_fd_sc_hd__clkdlybuf4s25_1)
     8    0.043898    0.221500    0.339241    5.855135 v fanout15/X (sky130_fd_sc_hd__clkdlybuf4s25_1)
                                                         net15 (net)
                      0.221500    0.000624    5.855760 v load_slew16/A (sky130_fd_sc_hd__buf_4)
     9    0.053672    0.061430    0.212367    6.068127 v load_slew16/X (sky130_fd_sc_hd__buf_4)
                                                         net16 (net)
                      0.061439    0.000831    6.068958 v _627_/A (sky130_fd_sc_hd__inv_2)
     1    0.004199    0.026101    0.044196    6.113154 ^ _627_/Y (sky130_fd_sc_hd__inv_2)
                                                         _102_ (net)
                      0.026101    0.000040    6.113193 ^ _711_/RESET_B (sky130_fd_sc_hd__dfrtp_2)
                                              6.113193   data arrival time

                                 25.000000   25.000000   clock wb_clk_i (rise edge)
                                  0.000000   25.000000   clock source latency
     2    0.147291    0.498689    0.368759   25.368759 ^ wb_clk_i (in)
                                                         wb_clk_i (net)
                      0.521806    0.000000   25.368759 ^ clkbuf_0_wb_clk_i/A (sky130_fd_sc_hd__clkbuf_16)
    17    0.072495    0.077203    0.161485   25.530243 ^ clkbuf_0_wb_clk_i/X (sky130_fd_sc_hd__clkbuf_16)
                                                         clknet_0_wb_clk_i (net)
                      0.077310    0.002352   25.532595 ^ clkbuf_3_0_0_wb_clk_i/A (sky130_fd_sc_hd__clkbuf_8)
    11    0.035669    0.056319    0.109786   25.642382 ^ clkbuf_3_0_0_wb_clk_i/X (sky130_fd_sc_hd__clkbuf_8)
                                                         clknet_3_0_0_wb_clk_i (net)
                      0.056319    0.000297   25.642677 ^ _711_/CLK (sky130_fd_sc_hd__dfrtp_2)
                                 -0.250000   25.392679   clock uncertainty
                                  0.000000   25.392679   clock reconvergence pessimism
                                  0.138807   25.531485   library recovery time
                                             25.531485   data required time
---------------------------------------------------------------------------------------------
                                             25.531485   data required time
                                             -6.113193   data arrival time
---------------------------------------------------------------------------------------------
                                             19.418291   slack (MET)


Startpoint: wb_rst_i (input port clocked by wb_clk_i)
Endpoint: _713_ (recovery check against rising-edge clock wb_clk_i)
Path Group: asynchronous
Path Type: max

Fanout         Cap        Slew       Delay        Time   Description
---------------------------------------------------------------------------------------------
                                  0.000000    0.000000   clock wb_clk_i (rise edge)
                                  0.000000    0.000000   clock network delay (propagated)
                                  5.000000    5.000000 v input external delay
     2    0.004650    0.007618    0.004084    5.004084 v wb_rst_i (in)
                                                         wb_rst_i (net)
                      0.007618    0.000000    5.004084 v input1/A (sky130_fd_sc_hd__buf_2)
     5    0.122743    0.193729    0.183660    5.187744 v input1/X (sky130_fd_sc_hd__buf_2)
                                                         net1 (net)
                      0.229100    0.065513    5.253257 v fanout19/A (sky130_fd_sc_hd__clkdlybuf4s25_1)
     2    0.010172    0.060005    0.262564    5.515821 v fanout19/X (sky130_fd_sc_hd__clkdlybuf4s25_1)
                                                         net19 (net)
                      0.060005    0.000073    5.515894 v fanout15/A (sky130_fd_sc_hd__clkdlybuf4s25_1)
     8    0.043898    0.221500    0.339241    5.855135 v fanout15/X (sky130_fd_sc_hd__clkdlybuf4s25_1)
                                                         net15 (net)
                      0.221500    0.000624    5.855760 v load_slew16/A (sky130_fd_sc_hd__buf_4)
     9    0.053672    0.061430    0.212367    6.068127 v load_slew16/X (sky130_fd_sc_hd__buf_4)
                                                         net16 (net)
                      0.061474    0.001579    6.069706 v _629_/A (sky130_fd_sc_hd__inv_2)
     1    0.003956    0.025479    0.043322    6.113029 ^ _629_/Y (sky130_fd_sc_hd__inv_2)
                                                         _104_ (net)
                      0.025479    0.000029    6.113058 ^ _713_/RESET_B (sky130_fd_sc_hd__dfrtp_2)
                                              6.113058   data arrival time

                                 25.000000   25.000000   clock wb_clk_i (rise edge)
                                  0.000000   25.000000   clock source latency
     2    0.147291    0.498689    0.368759   25.368759 ^ wb_clk_i (in)
                                                         wb_clk_i (net)
                      0.521806    0.000000   25.368759 ^ clkbuf_0_wb_clk_i/A (sky130_fd_sc_hd__clkbuf_16)
    17    0.072495    0.077203    0.161485   25.530243 ^ clkbuf_0_wb_clk_i/X (sky130_fd_sc_hd__clkbuf_16)
                                                         clknet_0_wb_clk_i (net)
                      0.077310    0.002352   25.532595 ^ clkbuf_3_0_0_wb_clk_i/A (sky130_fd_sc_hd__clkbuf_8)
    11    0.035669    0.056319    0.109786   25.642382 ^ clkbuf_3_0_0_wb_clk_i/X (sky130_fd_sc_hd__clkbuf_8)
                                                         clknet_3_0_0_wb_clk_i (net)
                      0.056319    0.000233   25.642614 ^ _713_/CLK (sky130_fd_sc_hd__dfrtp_2)
                                 -0.250000   25.392614   clock uncertainty
                                  0.000000   25.392614   clock reconvergence pessimism
                                  0.138966   25.531582   library recovery time
                                             25.531582   data required time
---------------------------------------------------------------------------------------------
                                             25.531582   data required time
                                             -6.113058   data arrival time
---------------------------------------------------------------------------------------------
                                             19.418522   slack (MET)


Startpoint: wb_rst_i (input port clocked by wb_clk_i)
Endpoint: _710_ (recovery check against rising-edge clock wb_clk_i)
Path Group: asynchronous
Path Type: max

Fanout         Cap        Slew       Delay        Time   Description
---------------------------------------------------------------------------------------------
                                  0.000000    0.000000   clock wb_clk_i (rise edge)
                                  0.000000    0.000000   clock network delay (propagated)
                                  5.000000    5.000000 v input external delay
     2    0.004650    0.007618    0.004084    5.004084 v wb_rst_i (in)
                                                         wb_rst_i (net)
                      0.007618    0.000000    5.004084 v input1/A (sky130_fd_sc_hd__buf_2)
     5    0.122743    0.193729    0.183660    5.187744 v input1/X (sky130_fd_sc_hd__buf_2)
                                                         net1 (net)
                      0.229100    0.065513    5.253257 v fanout19/A (sky130_fd_sc_hd__clkdlybuf4s25_1)
     2    0.010172    0.060005    0.262564    5.515821 v fanout19/X (sky130_fd_sc_hd__clkdlybuf4s25_1)
                                                         net19 (net)
                      0.060005    0.000073    5.515894 v fanout15/A (sky130_fd_sc_hd__clkdlybuf4s25_1)
     8    0.043898    0.221500    0.339241    5.855135 v fanout15/X (sky130_fd_sc_hd__clkdlybuf4s25_1)
                                                         net15 (net)
                      0.221500    0.000624    5.855760 v load_slew16/A (sky130_fd_sc_hd__buf_4)
     9    0.053672    0.061430    0.212367    6.068127 v load_slew16/X (sky130_fd_sc_hd__buf_4)
                                                         net16 (net)
                      0.061474    0.001579    6.069706 v _626_/A (sky130_fd_sc_hd__inv_2)
     1    0.003918    0.025381    0.043183    6.112889 ^ _626_/Y (sky130_fd_sc_hd__inv_2)
                                                         _101_ (net)
                      0.025381    0.000029    6.112918 ^ _710_/RESET_B (sky130_fd_sc_hd__dfrtp_2)
                                              6.112918   data arrival time

                                 25.000000   25.000000   clock wb_clk_i (rise edge)
                                  0.000000   25.000000   clock source latency
     2    0.147291    0.498689    0.368759   25.368759 ^ wb_clk_i (in)
                                                         wb_clk_i (net)
                      0.521806    0.000000   25.368759 ^ clkbuf_0_wb_clk_i/A (sky130_fd_sc_hd__clkbuf_16)
    17    0.072495    0.077203    0.161485   25.530243 ^ clkbuf_0_wb_clk_i/X (sky130_fd_sc_hd__clkbuf_16)
                                                         clknet_0_wb_clk_i (net)
                      0.077310    0.002352   25.532595 ^ clkbuf_3_0_0_wb_clk_i/A (sky130_fd_sc_hd__clkbuf_8)
    11    0.035669    0.056319    0.109786   25.642382 ^ clkbuf_3_0_0_wb_clk_i/X (sky130_fd_sc_hd__clkbuf_8)
                                                         clknet_3_0_0_wb_clk_i (net)
                      0.056319    0.000243   25.642624 ^ _710_/CLK (sky130_fd_sc_hd__dfrtp_2)
                                 -0.250000   25.392626   clock uncertainty
                                  0.000000   25.392626   clock reconvergence pessimism
                                  0.138990   25.531616   library recovery time
                                             25.531616   data required time
---------------------------------------------------------------------------------------------
                                             25.531616   data required time
                                             -6.112918   data arrival time
---------------------------------------------------------------------------------------------
                                             19.418697   slack (MET)


Startpoint: wb_rst_i (input port clocked by wb_clk_i)
Endpoint: _709_ (recovery check against rising-edge clock wb_clk_i)
Path Group: asynchronous
Path Type: max

Fanout         Cap        Slew       Delay        Time   Description
---------------------------------------------------------------------------------------------
                                  0.000000    0.000000   clock wb_clk_i (rise edge)
                                  0.000000    0.000000   clock network delay (propagated)
                                  5.000000    5.000000 v input external delay
     2    0.004650    0.007618    0.004084    5.004084 v wb_rst_i (in)
                                                         wb_rst_i (net)
                      0.007618    0.000000    5.004084 v input1/A (sky130_fd_sc_hd__buf_2)
     5    0.122743    0.193729    0.183660    5.187744 v input1/X (sky130_fd_sc_hd__buf_2)
                                                         net1 (net)
                      0.229100    0.065513    5.253257 v fanout19/A (sky130_fd_sc_hd__clkdlybuf4s25_1)
     2    0.010172    0.060005    0.262564    5.515821 v fanout19/X (sky130_fd_sc_hd__clkdlybuf4s25_1)
                                                         net19 (net)
                      0.060005    0.000073    5.515894 v fanout15/A (sky130_fd_sc_hd__clkdlybuf4s25_1)
     8    0.043898    0.221500    0.339241    5.855135 v fanout15/X (sky130_fd_sc_hd__clkdlybuf4s25_1)
                                                         net15 (net)
                      0.221500    0.000624    5.855760 v load_slew16/A (sky130_fd_sc_hd__buf_4)
     9    0.053672    0.061430    0.212367    6.068127 v load_slew16/X (sky130_fd_sc_hd__buf_4)
                                                         net16 (net)
                      0.061476    0.001613    6.069740 v _625_/A (sky130_fd_sc_hd__inv_2)
     1    0.003913    0.025370    0.043166    6.112906 ^ _625_/Y (sky130_fd_sc_hd__inv_2)
                                                         _100_ (net)
                      0.025370    0.000030    6.112936 ^ _709_/RESET_B (sky130_fd_sc_hd__dfrtp_2)
                                              6.112936   data arrival time

                                 25.000000   25.000000   clock wb_clk_i (rise edge)
                                  0.000000   25.000000   clock source latency
     2    0.147291    0.498689    0.368759   25.368759 ^ wb_clk_i (in)
                                                         wb_clk_i (net)
                      0.521806    0.000000   25.368759 ^ clkbuf_0_wb_clk_i/A (sky130_fd_sc_hd__clkbuf_16)
    17    0.072495    0.077203    0.161485   25.530243 ^ clkbuf_0_wb_clk_i/X (sky130_fd_sc_hd__clkbuf_16)
                                                         clknet_0_wb_clk_i (net)
                      0.077310    0.002352   25.532595 ^ clkbuf_3_0_0_wb_clk_i/A (sky130_fd_sc_hd__clkbuf_8)
    11    0.035669    0.056319    0.109786   25.642382 ^ clkbuf_3_0_0_wb_clk_i/X (sky130_fd_sc_hd__clkbuf_8)
                                                         clknet_3_0_0_wb_clk_i (net)
                      0.056319    0.000291   25.642673 ^ _709_/CLK (sky130_fd_sc_hd__dfrtp_2)
                                 -0.250000   25.392673   clock uncertainty
                                  0.000000   25.392673   clock reconvergence pessimism
                                  0.138993   25.531666   library recovery time
                                             25.531666   data required time
---------------------------------------------------------------------------------------------
                                             25.531666   data required time
                                             -6.112936   data arrival time
---------------------------------------------------------------------------------------------
                                             19.418730   slack (MET)


Startpoint: wb_rst_i (input port clocked by wb_clk_i)
Endpoint: _721_ (recovery check against rising-edge clock wb_clk_i)
Path Group: asynchronous
Path Type: max

Fanout         Cap        Slew       Delay        Time   Description
---------------------------------------------------------------------------------------------
                                  0.000000    0.000000   clock wb_clk_i (rise edge)
                                  0.000000    0.000000   clock network delay (propagated)
                                  5.000000    5.000000 v input external delay
     2    0.004650    0.007618    0.004084    5.004084 v wb_rst_i (in)
                                                         wb_rst_i (net)
                      0.007618    0.000000    5.004084 v input1/A (sky130_fd_sc_hd__buf_2)
     5    0.122743    0.193729    0.183660    5.187744 v input1/X (sky130_fd_sc_hd__buf_2)
                                                         net1 (net)
                      0.229100    0.065513    5.253257 v fanout19/A (sky130_fd_sc_hd__clkdlybuf4s25_1)
     2    0.010172    0.060005    0.262564    5.515821 v fanout19/X (sky130_fd_sc_hd__clkdlybuf4s25_1)
                                                         net19 (net)
                      0.060005    0.000073    5.515894 v fanout15/A (sky130_fd_sc_hd__clkdlybuf4s25_1)
     8    0.043898    0.221500    0.339241    5.855135 v fanout15/X (sky130_fd_sc_hd__clkdlybuf4s25_1)
                                                         net15 (net)
                      0.221500    0.000624    5.855760 v load_slew16/A (sky130_fd_sc_hd__buf_4)
     9    0.053672    0.061430    0.212367    6.068127 v load_slew16/X (sky130_fd_sc_hd__buf_4)
                                                         net16 (net)
                      0.061431    0.000391    6.068518 v _637_/A (sky130_fd_sc_hd__inv_2)
     1    0.004166    0.026011    0.044073    6.112591 ^ _637_/Y (sky130_fd_sc_hd__inv_2)
                                                         _112_ (net)
                      0.026011    0.000037    6.112629 ^ _721_/RESET_B (sky130_fd_sc_hd__dfrtp_2)
                                              6.112629   data arrival time

                                 25.000000   25.000000   clock wb_clk_i (rise edge)
                                  0.000000   25.000000   clock source latency
     2    0.147291    0.498689    0.368759   25.368759 ^ wb_clk_i (in)
                                                         wb_clk_i (net)
                      0.521806    0.000000   25.368759 ^ clkbuf_0_wb_clk_i/A (sky130_fd_sc_hd__clkbuf_16)
    17    0.072495    0.077203    0.161485   25.530243 ^ clkbuf_0_wb_clk_i/X (sky130_fd_sc_hd__clkbuf_16)
                                                         clknet_0_wb_clk_i (net)
                      0.077310    0.002352   25.532595 ^ clkbuf_3_0_0_wb_clk_i/A (sky130_fd_sc_hd__clkbuf_8)
    11    0.035669    0.056319    0.109786   25.642382 ^ clkbuf_3_0_0_wb_clk_i/X (sky130_fd_sc_hd__clkbuf_8)
                                                         clknet_3_0_0_wb_clk_i (net)
                      0.056321    0.000409   25.642790 ^ _721_/CLK (sky130_fd_sc_hd__dfrtp_2)
                                 -0.250000   25.392792   clock uncertainty
                                  0.000000   25.392792   clock reconvergence pessimism
                                  0.138830   25.531620   library recovery time
                                             25.531620   data required time
---------------------------------------------------------------------------------------------
                                             25.531620   data required time
                                             -6.112629   data arrival time
---------------------------------------------------------------------------------------------
                                             19.418991   slack (MET)


Startpoint: wb_rst_i (input port clocked by wb_clk_i)
Endpoint: _712_ (recovery check against rising-edge clock wb_clk_i)
Path Group: asynchronous
Path Type: max

Fanout         Cap        Slew       Delay        Time   Description
---------------------------------------------------------------------------------------------
                                  0.000000    0.000000   clock wb_clk_i (rise edge)
                                  0.000000    0.000000   clock network delay (propagated)
                                  5.000000    5.000000 v input external delay
     2    0.004650    0.007618    0.004084    5.004084 v wb_rst_i (in)
                                                         wb_rst_i (net)
                      0.007618    0.000000    5.004084 v input1/A (sky130_fd_sc_hd__buf_2)
     5    0.122743    0.193729    0.183660    5.187744 v input1/X (sky130_fd_sc_hd__buf_2)
                                                         net1 (net)
                      0.229100    0.065513    5.253257 v fanout19/A (sky130_fd_sc_hd__clkdlybuf4s25_1)
     2    0.010172    0.060005    0.262564    5.515821 v fanout19/X (sky130_fd_sc_hd__clkdlybuf4s25_1)
                                                         net19 (net)
                      0.060005    0.000073    5.515894 v fanout15/A (sky130_fd_sc_hd__clkdlybuf4s25_1)
     8    0.043898    0.221500    0.339241    5.855135 v fanout15/X (sky130_fd_sc_hd__clkdlybuf4s25_1)
                                                         net15 (net)
                      0.221500    0.000624    5.855760 v load_slew16/A (sky130_fd_sc_hd__buf_4)
     9    0.053672    0.061430    0.212367    6.068127 v load_slew16/X (sky130_fd_sc_hd__buf_4)
                                                         net16 (net)
                      0.061436    0.000695    6.068821 v _628_/A (sky130_fd_sc_hd__inv_2)
     1    0.003972    0.025514    0.043368    6.112190 ^ _628_/Y (sky130_fd_sc_hd__inv_2)
                                                         _103_ (net)
                      0.025514    0.000032    6.112223 ^ _712_/RESET_B (sky130_fd_sc_hd__dfrtp_2)
                                              6.112223   data arrival time

                                 25.000000   25.000000   clock wb_clk_i (rise edge)
                                  0.000000   25.000000   clock source latency
     2    0.147291    0.498689    0.368759   25.368759 ^ wb_clk_i (in)
                                                         wb_clk_i (net)
                      0.521806    0.000000   25.368759 ^ clkbuf_0_wb_clk_i/A (sky130_fd_sc_hd__clkbuf_16)
    17    0.072495    0.077203    0.161485   25.530243 ^ clkbuf_0_wb_clk_i/X (sky130_fd_sc_hd__clkbuf_16)
                                                         clknet_0_wb_clk_i (net)
                      0.077310    0.002352   25.532595 ^ clkbuf_3_0_0_wb_clk_i/A (sky130_fd_sc_hd__clkbuf_8)
    11    0.035669    0.056319    0.109786   25.642382 ^ clkbuf_3_0_0_wb_clk_i/X (sky130_fd_sc_hd__clkbuf_8)
                                                         clknet_3_0_0_wb_clk_i (net)
                      0.056320    0.000327   25.642708 ^ _712_/CLK (sky130_fd_sc_hd__dfrtp_2)
                                 -0.250000   25.392710   clock uncertainty
                                  0.000000   25.392710   clock reconvergence pessimism
                                  0.138957   25.531666   library recovery time
                                             25.531666   data required time
---------------------------------------------------------------------------------------------
                                             25.531666   data required time
                                             -6.112223   data arrival time
---------------------------------------------------------------------------------------------
                                             19.419445   slack (MET)


Startpoint: wb_rst_i (input port clocked by wb_clk_i)
Endpoint: _706_ (recovery check against rising-edge clock wb_clk_i)
Path Group: asynchronous
Path Type: max

Fanout         Cap        Slew       Delay        Time   Description
---------------------------------------------------------------------------------------------
                                  0.000000    0.000000   clock wb_clk_i (rise edge)
                                  0.000000    0.000000   clock network delay (propagated)
                                  5.000000    5.000000 v input external delay
     2    0.004650    0.007618    0.004084    5.004084 v wb_rst_i (in)
                                                         wb_rst_i (net)
                      0.007618    0.000000    5.004084 v input1/A (sky130_fd_sc_hd__buf_2)
     5    0.122743    0.193729    0.183660    5.187744 v input1/X (sky130_fd_sc_hd__buf_2)
                                                         net1 (net)
                      0.229100    0.065513    5.253257 v fanout19/A (sky130_fd_sc_hd__clkdlybuf4s25_1)
     2    0.010172    0.060005    0.262564    5.515821 v fanout19/X (sky130_fd_sc_hd__clkdlybuf4s25_1)
                                                         net19 (net)
                      0.060005    0.000073    5.515894 v fanout15/A (sky130_fd_sc_hd__clkdlybuf4s25_1)
     8    0.043898    0.221500    0.339241    5.855135 v fanout15/X (sky130_fd_sc_hd__clkdlybuf4s25_1)
                                                         net15 (net)
                      0.221500    0.000624    5.855760 v load_slew16/A (sky130_fd_sc_hd__buf_4)
     9    0.053672    0.061430    0.212367    6.068127 v load_slew16/X (sky130_fd_sc_hd__buf_4)
                                                         net16 (net)
                      0.061486    0.001765    6.069892 v _622_/A (sky130_fd_sc_hd__inv_2)
     1    0.003780    0.025035    0.042683    6.112576 ^ _622_/Y (sky130_fd_sc_hd__inv_2)
                                                         _097_ (net)
                      0.025035    0.000027    6.112602 ^ _706_/RESET_B (sky130_fd_sc_hd__dfrtp_2)
                                              6.112602   data arrival time

                                 25.000000   25.000000   clock wb_clk_i (rise edge)
                                  0.000000   25.000000   clock source latency
     2    0.147291    0.498689    0.368759   25.368759 ^ wb_clk_i (in)
                                                         wb_clk_i (net)
                      0.521806    0.000000   25.368759 ^ clkbuf_0_wb_clk_i/A (sky130_fd_sc_hd__clkbuf_16)
    17    0.072495    0.077203    0.161485   25.530243 ^ clkbuf_0_wb_clk_i/X (sky130_fd_sc_hd__clkbuf_16)
                                                         clknet_0_wb_clk_i (net)
                      0.077293    0.002180   25.532423 ^ clkbuf_3_2_0_wb_clk_i/A (sky130_fd_sc_hd__clkbuf_8)
    11    0.036432    0.057163    0.110424   25.642847 ^ clkbuf_3_2_0_wb_clk_i/X (sky130_fd_sc_hd__clkbuf_8)
                                                         clknet_3_2_0_wb_clk_i (net)
                      0.057165    0.000426   25.643272 ^ _706_/CLK (sky130_fd_sc_hd__dfrtp_2)
                                 -0.250000   25.393274   clock uncertainty
                                  0.000000   25.393274   clock reconvergence pessimism
                                  0.139207   25.532482   library recovery time
                                             25.532482   data required time
---------------------------------------------------------------------------------------------
                                             25.532482   data required time
                                             -6.112602   data arrival time
---------------------------------------------------------------------------------------------
                                             19.419880   slack (MET)


Startpoint: wb_rst_i (input port clocked by wb_clk_i)
Endpoint: _724_ (recovery check against rising-edge clock wb_clk_i)
Path Group: asynchronous
Path Type: max

Fanout         Cap        Slew       Delay        Time   Description
---------------------------------------------------------------------------------------------
                                  0.000000    0.000000   clock wb_clk_i (rise edge)
                                  0.000000    0.000000   clock network delay (propagated)
                                  5.000000    5.000000 v input external delay
     2    0.004650    0.007618    0.004084    5.004084 v wb_rst_i (in)
                                                         wb_rst_i (net)
                      0.007618    0.000000    5.004084 v input1/A (sky130_fd_sc_hd__buf_2)
     5    0.122743    0.193729    0.183660    5.187744 v input1/X (sky130_fd_sc_hd__buf_2)
                                                         net1 (net)
                      0.229100    0.065513    5.253257 v fanout19/A (sky130_fd_sc_hd__clkdlybuf4s25_1)
     2    0.010172    0.060005    0.262564    5.515821 v fanout19/X (sky130_fd_sc_hd__clkdlybuf4s25_1)
                                                         net19 (net)
                      0.060005    0.000073    5.515894 v fanout15/A (sky130_fd_sc_hd__clkdlybuf4s25_1)
     8    0.043898    0.221500    0.339241    5.855135 v fanout15/X (sky130_fd_sc_hd__clkdlybuf4s25_1)
                                                         net15 (net)
                      0.221500    0.000580    5.855716 v _640_/A (sky130_fd_sc_hd__inv_2)
     1    0.004836    0.053253    0.087979    5.943695 ^ _640_/Y (sky130_fd_sc_hd__inv_2)
                                                         _115_ (net)
                      0.053253    0.000061    5.943756 ^ _724_/RESET_B (sky130_fd_sc_hd__dfrtp_2)
                                              5.943756   data arrival time

                                 25.000000   25.000000   clock wb_clk_i (rise edge)
                                  0.000000   25.000000   clock source latency
     2    0.147291    0.498689    0.368759   25.368759 ^ wb_clk_i (in)
                                                         wb_clk_i (net)
                      0.521806    0.000000   25.368759 ^ clkbuf_0_wb_clk_i/A (sky130_fd_sc_hd__clkbuf_16)
    17    0.072495    0.077203    0.161485   25.530243 ^ clkbuf_0_wb_clk_i/X (sky130_fd_sc_hd__clkbuf_16)
                                                         clknet_0_wb_clk_i (net)
                      0.077310    0.002352   25.532595 ^ clkbuf_3_0_0_wb_clk_i/A (sky130_fd_sc_hd__clkbuf_8)
    11    0.035669    0.056319    0.109786   25.642382 ^ clkbuf_3_0_0_wb_clk_i/X (sky130_fd_sc_hd__clkbuf_8)
                                                         clknet_3_0_0_wb_clk_i (net)
                      0.056323    0.000501   25.642881 ^ _724_/CLK (sky130_fd_sc_hd__dfrtp_2)
                                 -0.250000   25.392883   clock uncertainty
                                  0.000000   25.392883   clock reconvergence pessimism
                                  0.131871   25.524755   library recovery time
                                             25.524755   data required time
---------------------------------------------------------------------------------------------
                                             25.524755   data required time
                                             -5.943756   data arrival time
---------------------------------------------------------------------------------------------
                                             19.580999   slack (MET)


Startpoint: wb_rst_i (input port clocked by wb_clk_i)
Endpoint: _719_ (recovery check against rising-edge clock wb_clk_i)
Path Group: asynchronous
Path Type: max

Fanout         Cap        Slew       Delay        Time   Description
---------------------------------------------------------------------------------------------
                                  0.000000    0.000000   clock wb_clk_i (rise edge)
                                  0.000000    0.000000   clock network delay (propagated)
                                  5.000000    5.000000 v input external delay
     2    0.004650    0.007618    0.004084    5.004084 v wb_rst_i (in)
                                                         wb_rst_i (net)
                      0.007618    0.000000    5.004084 v input1/A (sky130_fd_sc_hd__buf_2)
     5    0.122743    0.193729    0.183660    5.187744 v input1/X (sky130_fd_sc_hd__buf_2)
                                                         net1 (net)
                      0.229100    0.065513    5.253257 v fanout19/A (sky130_fd_sc_hd__clkdlybuf4s25_1)
     2    0.010172    0.060005    0.262564    5.515821 v fanout19/X (sky130_fd_sc_hd__clkdlybuf4s25_1)
                                                         net19 (net)
                      0.060005    0.000073    5.515894 v fanout15/A (sky130_fd_sc_hd__clkdlybuf4s25_1)
     8    0.043898    0.221500    0.339241    5.855135 v fanout15/X (sky130_fd_sc_hd__clkdlybuf4s25_1)
                                                         net15 (net)
                      0.221504    0.001242    5.856377 v _635_/A (sky130_fd_sc_hd__inv_2)
     1    0.004387    0.050949    0.085229    5.941606 ^ _635_/Y (sky130_fd_sc_hd__inv_2)
                                                         _110_ (net)
                      0.050949    0.000046    5.941652 ^ _719_/RESET_B (sky130_fd_sc_hd__dfrtp_2)
                                              5.941652   data arrival time

                                 25.000000   25.000000   clock wb_clk_i (rise edge)
                                  0.000000   25.000000   clock source latency
     2    0.147291    0.498689    0.368759   25.368759 ^ wb_clk_i (in)
                                                         wb_clk_i (net)
                      0.521806    0.000000   25.368759 ^ clkbuf_0_wb_clk_i/A (sky130_fd_sc_hd__clkbuf_16)
    17    0.072495    0.077203    0.161485   25.530243 ^ clkbuf_0_wb_clk_i/X (sky130_fd_sc_hd__clkbuf_16)
                                                         clknet_0_wb_clk_i (net)
                      0.077293    0.002180   25.532423 ^ clkbuf_3_2_0_wb_clk_i/A (sky130_fd_sc_hd__clkbuf_8)
    11    0.036432    0.057163    0.110424   25.642847 ^ clkbuf_3_2_0_wb_clk_i/X (sky130_fd_sc_hd__clkbuf_8)
                                                         clknet_3_2_0_wb_clk_i (net)
                      0.057166    0.000471   25.643318 ^ _719_/CLK (sky130_fd_sc_hd__dfrtp_2)
                                 -0.250000   25.393318   clock uncertainty
                                  0.000000   25.393318   clock reconvergence pessimism
                                  0.132588   25.525908   library recovery time
                                             25.525908   data required time
---------------------------------------------------------------------------------------------
                                             25.525908   data required time
                                             -5.941652   data arrival time
---------------------------------------------------------------------------------------------
                                             19.584257   slack (MET)


Startpoint: wb_rst_i (input port clocked by wb_clk_i)
Endpoint: _723_ (recovery check against rising-edge clock wb_clk_i)
Path Group: asynchronous
Path Type: max

Fanout         Cap        Slew       Delay        Time   Description
---------------------------------------------------------------------------------------------
                                  0.000000    0.000000   clock wb_clk_i (rise edge)
                                  0.000000    0.000000   clock network delay (propagated)
                                  5.000000    5.000000 v input external delay
     2    0.004650    0.007618    0.004084    5.004084 v wb_rst_i (in)
                                                         wb_rst_i (net)
                      0.007618    0.000000    5.004084 v input1/A (sky130_fd_sc_hd__buf_2)
     5    0.122743    0.193729    0.183660    5.187744 v input1/X (sky130_fd_sc_hd__buf_2)
                                                         net1 (net)
                      0.229100    0.065513    5.253257 v fanout19/A (sky130_fd_sc_hd__clkdlybuf4s25_1)
     2    0.010172    0.060005    0.262564    5.515821 v fanout19/X (sky130_fd_sc_hd__clkdlybuf4s25_1)
                                                         net19 (net)
                      0.060005    0.000073    5.515894 v fanout15/A (sky130_fd_sc_hd__clkdlybuf4s25_1)
     8    0.043898    0.221500    0.339241    5.855135 v fanout15/X (sky130_fd_sc_hd__clkdlybuf4s25_1)
                                                         net15 (net)
                      0.221500    0.000096    5.855232 v _639_/A (sky130_fd_sc_hd__inv_2)
     1    0.004405    0.051047    0.085347    5.940578 ^ _639_/Y (sky130_fd_sc_hd__inv_2)
                                                         _114_ (net)
                      0.051047    0.000044    5.940622 ^ _723_/RESET_B (sky130_fd_sc_hd__dfrtp_2)
                                              5.940622   data arrival time

                                 25.000000   25.000000   clock wb_clk_i (rise edge)
                                  0.000000   25.000000   clock source latency
     2    0.147291    0.498689    0.368759   25.368759 ^ wb_clk_i (in)
                                                         wb_clk_i (net)
                      0.521806    0.000000   25.368759 ^ clkbuf_0_wb_clk_i/A (sky130_fd_sc_hd__clkbuf_16)
    17    0.072495    0.077203    0.161485   25.530243 ^ clkbuf_0_wb_clk_i/X (sky130_fd_sc_hd__clkbuf_16)
                                                         clknet_0_wb_clk_i (net)
                      0.077310    0.002352   25.532595 ^ clkbuf_3_0_0_wb_clk_i/A (sky130_fd_sc_hd__clkbuf_8)
    11    0.035669    0.056319    0.109786   25.642382 ^ clkbuf_3_0_0_wb_clk_i/X (sky130_fd_sc_hd__clkbuf_8)
                                                         clknet_3_0_0_wb_clk_i (net)
                      0.056325    0.000584   25.642965 ^ _723_/CLK (sky130_fd_sc_hd__dfrtp_2)
                                 -0.250000   25.392967   clock uncertainty
                                  0.000000   25.392967   clock reconvergence pessimism
                                  0.132434   25.525402   library recovery time
                                             25.525402   data required time
---------------------------------------------------------------------------------------------
                                             25.525402   data required time
                                             -5.940622   data arrival time
---------------------------------------------------------------------------------------------
                                             19.584780   slack (MET)


Startpoint: wb_rst_i (input port clocked by wb_clk_i)
Endpoint: _722_ (recovery check against rising-edge clock wb_clk_i)
Path Group: asynchronous
Path Type: max

Fanout         Cap        Slew       Delay        Time   Description
---------------------------------------------------------------------------------------------
                                  0.000000    0.000000   clock wb_clk_i (rise edge)
                                  0.000000    0.000000   clock network delay (propagated)
                                  5.000000    5.000000 v input external delay
     2    0.004650    0.007618    0.004084    5.004084 v wb_rst_i (in)
                                                         wb_rst_i (net)
                      0.007618    0.000000    5.004084 v input1/A (sky130_fd_sc_hd__buf_2)
     5    0.122743    0.193729    0.183660    5.187744 v input1/X (sky130_fd_sc_hd__buf_2)
                                                         net1 (net)
                      0.229100    0.065513    5.253257 v fanout19/A (sky130_fd_sc_hd__clkdlybuf4s25_1)
     2    0.010172    0.060005    0.262564    5.515821 v fanout19/X (sky130_fd_sc_hd__clkdlybuf4s25_1)
                                                         net19 (net)
                      0.060005    0.000073    5.515894 v fanout15/A (sky130_fd_sc_hd__clkdlybuf4s25_1)
     8    0.043898    0.221500    0.339241    5.855135 v fanout15/X (sky130_fd_sc_hd__clkdlybuf4s25_1)
                                                         net15 (net)
                      0.221500    0.000494    5.855629 v _638_/A (sky130_fd_sc_hd__inv_2)
     1    0.004270    0.050319    0.084478    5.940107 ^ _638_/Y (sky130_fd_sc_hd__inv_2)
                                                         _113_ (net)
                      0.050319    0.000043    5.940150 ^ _722_/RESET_B (sky130_fd_sc_hd__dfrtp_2)
                                              5.940150   data arrival time

                                 25.000000   25.000000   clock wb_clk_i (rise edge)
                                  0.000000   25.000000   clock source latency
     2    0.147291    0.498689    0.368759   25.368759 ^ wb_clk_i (in)
                                                         wb_clk_i (net)
                      0.521806    0.000000   25.368759 ^ clkbuf_0_wb_clk_i/A (sky130_fd_sc_hd__clkbuf_16)
    17    0.072495    0.077203    0.161485   25.530243 ^ clkbuf_0_wb_clk_i/X (sky130_fd_sc_hd__clkbuf_16)
                                                         clknet_0_wb_clk_i (net)
                      0.077310    0.002352   25.532595 ^ clkbuf_3_0_0_wb_clk_i/A (sky130_fd_sc_hd__clkbuf_8)
    11    0.035669    0.056319    0.109786   25.642382 ^ clkbuf_3_0_0_wb_clk_i/X (sky130_fd_sc_hd__clkbuf_8)
                                                         clknet_3_0_0_wb_clk_i (net)
                      0.056325    0.000574   25.642956 ^ _722_/CLK (sky130_fd_sc_hd__dfrtp_2)
                                 -0.250000   25.392956   clock uncertainty
                                  0.000000   25.392956   clock reconvergence pessimism
                                  0.132621   25.525578   library recovery time
                                             25.525578   data required time
---------------------------------------------------------------------------------------------
                                             25.525578   data required time
                                             -5.940150   data arrival time
---------------------------------------------------------------------------------------------
                                             19.585426   slack (MET)


Startpoint: wb_rst_i (input port clocked by wb_clk_i)
Endpoint: _718_ (recovery check against rising-edge clock wb_clk_i)
Path Group: asynchronous
Path Type: max

Fanout         Cap        Slew       Delay        Time   Description
---------------------------------------------------------------------------------------------
                                  0.000000    0.000000   clock wb_clk_i (rise edge)
                                  0.000000    0.000000   clock network delay (propagated)
                                  5.000000    5.000000 v input external delay
     2    0.004650    0.007618    0.004084    5.004084 v wb_rst_i (in)
                                                         wb_rst_i (net)
                      0.007618    0.000000    5.004084 v input1/A (sky130_fd_sc_hd__buf_2)
     5    0.122743    0.193729    0.183660    5.187744 v input1/X (sky130_fd_sc_hd__buf_2)
                                                         net1 (net)
                      0.229100    0.065513    5.253257 v fanout19/A (sky130_fd_sc_hd__clkdlybuf4s25_1)
     2    0.010172    0.060005    0.262564    5.515821 v fanout19/X (sky130_fd_sc_hd__clkdlybuf4s25_1)
                                                         net19 (net)
                      0.060005    0.000073    5.515894 v fanout15/A (sky130_fd_sc_hd__clkdlybuf4s25_1)
     8    0.043898    0.221500    0.339241    5.855135 v fanout15/X (sky130_fd_sc_hd__clkdlybuf4s25_1)
                                                         net15 (net)
                      0.221504    0.001163    5.856298 v _634_/A (sky130_fd_sc_hd__inv_2)
     1    0.003916    0.048458    0.082216    5.938514 ^ _634_/Y (sky130_fd_sc_hd__inv_2)
                                                         _109_ (net)
                      0.048458    0.000030    5.938544 ^ _718_/RESET_B (sky130_fd_sc_hd__dfrtp_2)
                                              5.938544   data arrival time

                                 25.000000   25.000000   clock wb_clk_i (rise edge)
                                  0.000000   25.000000   clock source latency
     2    0.147291    0.498689    0.368759   25.368759 ^ wb_clk_i (in)
                                                         wb_clk_i (net)
                      0.521806    0.000000   25.368759 ^ clkbuf_0_wb_clk_i/A (sky130_fd_sc_hd__clkbuf_16)
    17    0.072495    0.077203    0.161485   25.530243 ^ clkbuf_0_wb_clk_i/X (sky130_fd_sc_hd__clkbuf_16)
                                                         clknet_0_wb_clk_i (net)
                      0.077293    0.002180   25.532423 ^ clkbuf_3_2_0_wb_clk_i/A (sky130_fd_sc_hd__clkbuf_8)
    11    0.036432    0.057163    0.110424   25.642847 ^ clkbuf_3_2_0_wb_clk_i/X (sky130_fd_sc_hd__clkbuf_8)
                                                         clknet_3_2_0_wb_clk_i (net)
                      0.057165    0.000391   25.643238 ^ _718_/CLK (sky130_fd_sc_hd__dfrtp_2)
                                 -0.250000   25.393238   clock uncertainty
                                  0.000000   25.393238   clock reconvergence pessimism
                                  0.133224   25.526463   library recovery time
                                             25.526463   data required time
---------------------------------------------------------------------------------------------
                                             25.526463   data required time
                                             -5.938544   data arrival time
---------------------------------------------------------------------------------------------
                                             19.587919   slack (MET)


Startpoint: wb_rst_i (input port clocked by wb_clk_i)
Endpoint: _720_ (recovery check against rising-edge clock wb_clk_i)
Path Group: asynchronous
Path Type: max

Fanout         Cap        Slew       Delay        Time   Description
---------------------------------------------------------------------------------------------
                                  0.000000    0.000000   clock wb_clk_i (rise edge)
                                  0.000000    0.000000   clock network delay (propagated)
                                  5.000000    5.000000 v input external delay
     2    0.004650    0.007618    0.004084    5.004084 v wb_rst_i (in)
                                                         wb_rst_i (net)
                      0.007618    0.000000    5.004084 v input1/A (sky130_fd_sc_hd__buf_2)
     5    0.122743    0.193729    0.183660    5.187744 v input1/X (sky130_fd_sc_hd__buf_2)
                                                         net1 (net)
                      0.229100    0.065513    5.253257 v fanout19/A (sky130_fd_sc_hd__clkdlybuf4s25_1)
     2    0.010172    0.060005    0.262564    5.515821 v fanout19/X (sky130_fd_sc_hd__clkdlybuf4s25_1)
                                                         net19 (net)
                      0.060005    0.000073    5.515894 v fanout15/A (sky130_fd_sc_hd__clkdlybuf4s25_1)
     8    0.043898    0.221500    0.339241    5.855135 v fanout15/X (sky130_fd_sc_hd__clkdlybuf4s25_1)
                                                         net15 (net)
                      0.221503    0.001050    5.856185 v _636_/A (sky130_fd_sc_hd__inv_2)
     1    0.003867    0.048206    0.081904    5.938089 ^ _636_/Y (sky130_fd_sc_hd__inv_2)
                                                         _111_ (net)
                      0.048206    0.000028    5.938118 ^ _720_/RESET_B (sky130_fd_sc_hd__dfrtp_2)
                                              5.938118   data arrival time

                                 25.000000   25.000000   clock wb_clk_i (rise edge)
                                  0.000000   25.000000   clock source latency
     2    0.147291    0.498689    0.368759   25.368759 ^ wb_clk_i (in)
                                                         wb_clk_i (net)
                      0.521806    0.000000   25.368759 ^ clkbuf_0_wb_clk_i/A (sky130_fd_sc_hd__clkbuf_16)
    17    0.072495    0.077203    0.161485   25.530243 ^ clkbuf_0_wb_clk_i/X (sky130_fd_sc_hd__clkbuf_16)
                                                         clknet_0_wb_clk_i (net)
                      0.077293    0.002180   25.532423 ^ clkbuf_3_2_0_wb_clk_i/A (sky130_fd_sc_hd__clkbuf_8)
    11    0.036432    0.057163    0.110424   25.642847 ^ clkbuf_3_2_0_wb_clk_i/X (sky130_fd_sc_hd__clkbuf_8)
                                                         clknet_3_2_0_wb_clk_i (net)
                      0.057167    0.000515   25.643362 ^ _720_/CLK (sky130_fd_sc_hd__dfrtp_2)
                                 -0.250000   25.393362   clock uncertainty
                                  0.000000   25.393362   clock reconvergence pessimism
                                  0.133289   25.526651   library recovery time
                                             25.526651   data required time
---------------------------------------------------------------------------------------------
                                             25.526651   data required time
                                             -5.938118   data arrival time
---------------------------------------------------------------------------------------------
                                             19.588533   slack (MET)


Startpoint: wb_rst_i (input port clocked by wb_clk_i)
Endpoint: _725_ (recovery check against rising-edge clock wb_clk_i)
Path Group: asynchronous
Path Type: max

Fanout         Cap        Slew       Delay        Time   Description
---------------------------------------------------------------------------------------------
                                  0.000000    0.000000   clock wb_clk_i (rise edge)
                                  0.000000    0.000000   clock network delay (propagated)
                                  5.000000    5.000000 v input external delay
     2    0.004650    0.007618    0.004084    5.004084 v wb_rst_i (in)
                                                         wb_rst_i (net)
                      0.007618    0.000000    5.004084 v input1/A (sky130_fd_sc_hd__buf_2)
     5    0.122743    0.193729    0.183660    5.187744 v input1/X (sky130_fd_sc_hd__buf_2)
                                                         net1 (net)
                      0.229100    0.065513    5.253257 v fanout19/A (sky130_fd_sc_hd__clkdlybuf4s25_1)
     2    0.010172    0.060005    0.262564    5.515821 v fanout19/X (sky130_fd_sc_hd__clkdlybuf4s25_1)
                                                         net19 (net)
                      0.060005    0.000073    5.515894 v fanout15/A (sky130_fd_sc_hd__clkdlybuf4s25_1)
     8    0.043898    0.221500    0.339241    5.855135 v fanout15/X (sky130_fd_sc_hd__clkdlybuf4s25_1)
                                                         net15 (net)
                      0.221501    0.000877    5.856012 v _641_/A (sky130_fd_sc_hd__inv_2)
     1    0.003768    0.047710    0.081271    5.937284 ^ _641_/Y (sky130_fd_sc_hd__inv_2)
                                                         _116_ (net)
                      0.047710    0.000026    5.937309 ^ _725_/RESET_B (sky130_fd_sc_hd__dfrtp_2)
                                              5.937309   data arrival time

                                 25.000000   25.000000   clock wb_clk_i (rise edge)
                                  0.000000   25.000000   clock source latency
     2    0.147291    0.498689    0.368759   25.368759 ^ wb_clk_i (in)
                                                         wb_clk_i (net)
                      0.521806    0.000000   25.368759 ^ clkbuf_0_wb_clk_i/A (sky130_fd_sc_hd__clkbuf_16)
    17    0.072495    0.077203    0.161485   25.530243 ^ clkbuf_0_wb_clk_i/X (sky130_fd_sc_hd__clkbuf_16)
                                                         clknet_0_wb_clk_i (net)
                      0.077293    0.002180   25.532423 ^ clkbuf_3_2_0_wb_clk_i/A (sky130_fd_sc_hd__clkbuf_8)
    11    0.036432    0.057163    0.110424   25.642847 ^ clkbuf_3_2_0_wb_clk_i/X (sky130_fd_sc_hd__clkbuf_8)
                                                         clknet_3_2_0_wb_clk_i (net)
                      0.057168    0.000538   25.643385 ^ _725_/CLK (sky130_fd_sc_hd__dfrtp_2)
                                 -0.250000   25.393387   clock uncertainty
                                  0.000000   25.393387   clock reconvergence pessimism
                                  0.133416   25.526800   library recovery time
                                             25.526800   data required time
---------------------------------------------------------------------------------------------
                                             25.526800   data required time
                                             -5.937309   data arrival time
---------------------------------------------------------------------------------------------
                                             19.589491   slack (MET)


Startpoint: wb_rst_i (input port clocked by wb_clk_i)
Endpoint: _689_ (recovery check against rising-edge clock wb_clk_i)
Path Group: asynchronous
Path Type: max

Fanout         Cap        Slew       Delay        Time   Description
---------------------------------------------------------------------------------------------
                                  0.000000    0.000000   clock wb_clk_i (rise edge)
                                  0.000000    0.000000   clock network delay (propagated)
                                  5.000000    5.000000 v input external delay
     2    0.004650    0.007618    0.004084    5.004084 v wb_rst_i (in)
                                                         wb_rst_i (net)
                      0.007618    0.000000    5.004084 v input1/A (sky130_fd_sc_hd__buf_2)
     5    0.122743    0.193729    0.183660    5.187744 v input1/X (sky130_fd_sc_hd__buf_2)
                                                         net1 (net)
                      0.230626    0.067089    5.254832 v fanout25/A (sky130_fd_sc_hd__clkdlybuf4s25_1)
     8    0.040097    0.203973    0.377968    5.632801 v fanout25/X (sky130_fd_sc_hd__clkdlybuf4s25_1)
                                                         net25 (net)
                      0.203980    0.001431    5.634232 v load_slew26/A (sky130_fd_sc_hd__buf_4)
    15    0.056373    0.063871    0.206027    5.840259 v load_slew26/X (sky130_fd_sc_hd__buf_4)
                                                         net26 (net)
                      0.064087    0.003399    5.843657 v _605_/A (sky130_fd_sc_hd__inv_2)
     1    0.004002    0.026083    0.044260    5.887918 ^ _605_/Y (sky130_fd_sc_hd__inv_2)
                                                         _080_ (net)
                      0.026083    0.000033    5.887951 ^ _689_/RESET_B (sky130_fd_sc_hd__dfrtp_2)
                                              5.887951   data arrival time

                                 25.000000   25.000000   clock wb_clk_i (rise edge)
                                  0.000000   25.000000   clock source latency
     2    0.147291    0.498689    0.368759   25.368759 ^ wb_clk_i (in)
                                                         wb_clk_i (net)
                      0.521806    0.000000   25.368759 ^ clkbuf_0_wb_clk_i/A (sky130_fd_sc_hd__clkbuf_16)
    17    0.072495    0.077203    0.161485   25.530243 ^ clkbuf_0_wb_clk_i/X (sky130_fd_sc_hd__clkbuf_16)
                                                         clknet_0_wb_clk_i (net)
                      0.077266    0.001867   25.532110 ^ clkbuf_3_7_0_wb_clk_i/A (sky130_fd_sc_hd__clkbuf_8)
    12    0.036897    0.057721    0.110798   25.642908 ^ clkbuf_3_7_0_wb_clk_i/X (sky130_fd_sc_hd__clkbuf_8)
                                                         clknet_3_7_0_wb_clk_i (net)
                      0.057723    0.000398   25.643307 ^ _689_/CLK (sky130_fd_sc_hd__dfrtp_2)
                                 -0.250000   25.393309   clock uncertainty
                                  0.000000   25.393309   clock reconvergence pessimism
                                  0.139024   25.532331   library recovery time
                                             25.532331   data required time
---------------------------------------------------------------------------------------------
                                             25.532331   data required time
                                             -5.887951   data arrival time
---------------------------------------------------------------------------------------------
                                             19.644379   slack (MET)


Startpoint: wb_rst_i (input port clocked by wb_clk_i)
Endpoint: _692_ (recovery check against rising-edge clock wb_clk_i)
Path Group: asynchronous
Path Type: max

Fanout         Cap        Slew       Delay        Time   Description
---------------------------------------------------------------------------------------------
                                  0.000000    0.000000   clock wb_clk_i (rise edge)
                                  0.000000    0.000000   clock network delay (propagated)
                                  5.000000    5.000000 v input external delay
     2    0.004650    0.007618    0.004084    5.004084 v wb_rst_i (in)
                                                         wb_rst_i (net)
                      0.007618    0.000000    5.004084 v input1/A (sky130_fd_sc_hd__buf_2)
     5    0.122743    0.193729    0.183660    5.187744 v input1/X (sky130_fd_sc_hd__buf_2)
                                                         net1 (net)
                      0.230626    0.067089    5.254832 v fanout25/A (sky130_fd_sc_hd__clkdlybuf4s25_1)
     8    0.040097    0.203973    0.377968    5.632801 v fanout25/X (sky130_fd_sc_hd__clkdlybuf4s25_1)
                                                         net25 (net)
                      0.203980    0.001431    5.634232 v load_slew26/A (sky130_fd_sc_hd__buf_4)
    15    0.056373    0.063871    0.206027    5.840259 v load_slew26/X (sky130_fd_sc_hd__buf_4)
                                                         net26 (net)
                      0.064077    0.003328    5.843586 v _608_/A (sky130_fd_sc_hd__inv_2)
     1    0.003963    0.025979    0.044112    5.887699 ^ _608_/Y (sky130_fd_sc_hd__inv_2)
                                                         _083_ (net)
                      0.025979    0.000032    5.887731 ^ _692_/RESET_B (sky130_fd_sc_hd__dfrtp_2)
                                              5.887731   data arrival time

                                 25.000000   25.000000   clock wb_clk_i (rise edge)
                                  0.000000   25.000000   clock source latency
     2    0.147291    0.498689    0.368759   25.368759 ^ wb_clk_i (in)
                                                         wb_clk_i (net)
                      0.521806    0.000000   25.368759 ^ clkbuf_0_wb_clk_i/A (sky130_fd_sc_hd__clkbuf_16)
    17    0.072495    0.077203    0.161485   25.530243 ^ clkbuf_0_wb_clk_i/X (sky130_fd_sc_hd__clkbuf_16)
                                                         clknet_0_wb_clk_i (net)
                      0.077266    0.001867   25.532110 ^ clkbuf_3_7_0_wb_clk_i/A (sky130_fd_sc_hd__clkbuf_8)
    12    0.036897    0.057721    0.110798   25.642908 ^ clkbuf_3_7_0_wb_clk_i/X (sky130_fd_sc_hd__clkbuf_8)
                                                         clknet_3_7_0_wb_clk_i (net)
                      0.057722    0.000313   25.643221 ^ _692_/CLK (sky130_fd_sc_hd__dfrtp_2)
                                 -0.250000   25.393223   clock uncertainty
                                  0.000000   25.393223   clock reconvergence pessimism
                                  0.139050   25.532272   library recovery time
                                             25.532272   data required time
---------------------------------------------------------------------------------------------
                                             25.532272   data required time
                                             -5.887731   data arrival time
---------------------------------------------------------------------------------------------
                                             19.644541   slack (MET)


Startpoint: wb_rst_i (input port clocked by wb_clk_i)
Endpoint: _690_ (recovery check against rising-edge clock wb_clk_i)
Path Group: asynchronous
Path Type: max

Fanout         Cap        Slew       Delay        Time   Description
---------------------------------------------------------------------------------------------
                                  0.000000    0.000000   clock wb_clk_i (rise edge)
                                  0.000000    0.000000   clock network delay (propagated)
                                  5.000000    5.000000 v input external delay
     2    0.004650    0.007618    0.004084    5.004084 v wb_rst_i (in)
                                                         wb_rst_i (net)
                      0.007618    0.000000    5.004084 v input1/A (sky130_fd_sc_hd__buf_2)
     5    0.122743    0.193729    0.183660    5.187744 v input1/X (sky130_fd_sc_hd__buf_2)
                                                         net1 (net)
                      0.230626    0.067089    5.254832 v fanout25/A (sky130_fd_sc_hd__clkdlybuf4s25_1)
     8    0.040097    0.203973    0.377968    5.632801 v fanout25/X (sky130_fd_sc_hd__clkdlybuf4s25_1)
                                                         net25 (net)
                      0.203980    0.001431    5.634232 v load_slew26/A (sky130_fd_sc_hd__buf_4)
    15    0.056373    0.063871    0.206027    5.840259 v load_slew26/X (sky130_fd_sc_hd__buf_4)
                                                         net26 (net)
                      0.064147    0.003800    5.844059 v _606_/A (sky130_fd_sc_hd__inv_2)
     1    0.003816    0.025609    0.043586    5.887645 ^ _606_/Y (sky130_fd_sc_hd__inv_2)
                                                         _081_ (net)
                      0.025609    0.000027    5.887671 ^ _690_/RESET_B (sky130_fd_sc_hd__dfrtp_2)
                                              5.887671   data arrival time

                                 25.000000   25.000000   clock wb_clk_i (rise edge)
                                  0.000000   25.000000   clock source latency
     2    0.147291    0.498689    0.368759   25.368759 ^ wb_clk_i (in)
                                                         wb_clk_i (net)
                      0.521806    0.000000   25.368759 ^ clkbuf_0_wb_clk_i/A (sky130_fd_sc_hd__clkbuf_16)
    17    0.072495    0.077203    0.161485   25.530243 ^ clkbuf_0_wb_clk_i/X (sky130_fd_sc_hd__clkbuf_16)
                                                         clknet_0_wb_clk_i (net)
                      0.077266    0.001867   25.532110 ^ clkbuf_3_7_0_wb_clk_i/A (sky130_fd_sc_hd__clkbuf_8)
    12    0.036897    0.057721    0.110798   25.642908 ^ clkbuf_3_7_0_wb_clk_i/X (sky130_fd_sc_hd__clkbuf_8)
                                                         clknet_3_7_0_wb_clk_i (net)
                      0.057726    0.000535   25.643444 ^ _690_/CLK (sky130_fd_sc_hd__dfrtp_2)
                                 -0.250000   25.393444   clock uncertainty
                                  0.000000   25.393444   clock reconvergence pessimism
                                  0.139145   25.532591   library recovery time
                                             25.532591   data required time
---------------------------------------------------------------------------------------------
                                             25.532591   data required time
                                             -5.887671   data arrival time
---------------------------------------------------------------------------------------------
                                             19.644918   slack (MET)


Startpoint: wb_rst_i (input port clocked by wb_clk_i)
Endpoint: _683_ (recovery check against rising-edge clock wb_clk_i)
Path Group: asynchronous
Path Type: max

Fanout         Cap        Slew       Delay        Time   Description
---------------------------------------------------------------------------------------------
                                  0.000000    0.000000   clock wb_clk_i (rise edge)
                                  0.000000    0.000000   clock network delay (propagated)
                                  5.000000    5.000000 v input external delay
     2    0.004650    0.007618    0.004084    5.004084 v wb_rst_i (in)
                                                         wb_rst_i (net)
                      0.007618    0.000000    5.004084 v input1/A (sky130_fd_sc_hd__buf_2)
     5    0.122743    0.193729    0.183660    5.187744 v input1/X (sky130_fd_sc_hd__buf_2)
                                                         net1 (net)
                      0.230626    0.067089    5.254832 v fanout25/A (sky130_fd_sc_hd__clkdlybuf4s25_1)
     8    0.040097    0.203973    0.377968    5.632801 v fanout25/X (sky130_fd_sc_hd__clkdlybuf4s25_1)
                                                         net25 (net)
                      0.203980    0.001431    5.634232 v load_slew26/A (sky130_fd_sc_hd__buf_4)
    15    0.056373    0.063871    0.206027    5.840259 v load_slew26/X (sky130_fd_sc_hd__buf_4)
                                                         net26 (net)
                      0.064199    0.004109    5.844368 v _599_/A (sky130_fd_sc_hd__inv_2)
     1    0.004054    0.026235    0.044484    5.888852 ^ _599_/Y (sky130_fd_sc_hd__inv_2)
                                                         _074_ (net)
                      0.026235    0.000033    5.888885 ^ _683_/RESET_B (sky130_fd_sc_hd__dfrtp_2)
                                              5.888885   data arrival time

                                 25.000000   25.000000   clock wb_clk_i (rise edge)
                                  0.000000   25.000000   clock source latency
     2    0.147291    0.498689    0.368759   25.368759 ^ wb_clk_i (in)
                                                         wb_clk_i (net)
                      0.521806    0.000000   25.368759 ^ clkbuf_0_wb_clk_i/A (sky130_fd_sc_hd__clkbuf_16)
    17    0.072495    0.077203    0.161485   25.530243 ^ clkbuf_0_wb_clk_i/X (sky130_fd_sc_hd__clkbuf_16)
                                                         clknet_0_wb_clk_i (net)
                      0.077276    0.001995   25.532238 ^ clkbuf_3_5_0_wb_clk_i/A (sky130_fd_sc_hd__clkbuf_8)
    11    0.038208    0.059383    0.111976   25.644215 ^ clkbuf_3_5_0_wb_clk_i/X (sky130_fd_sc_hd__clkbuf_8)
                                                         clknet_3_5_0_wb_clk_i (net)
                      0.059385    0.000453   25.644667 ^ _683_/CLK (sky130_fd_sc_hd__dfrtp_2)
                                 -0.250000   25.394669   clock uncertainty
                                  0.000000   25.394669   clock reconvergence pessimism
                                  0.139237   25.533905   library recovery time
                                             25.533905   data required time
---------------------------------------------------------------------------------------------
                                             25.533905   data required time
                                             -5.888885   data arrival time
---------------------------------------------------------------------------------------------
                                             19.645020   slack (MET)


Startpoint: wb_rst_i (input port clocked by wb_clk_i)
Endpoint: _685_ (recovery check against rising-edge clock wb_clk_i)
Path Group: asynchronous
Path Type: max

Fanout         Cap        Slew       Delay        Time   Description
---------------------------------------------------------------------------------------------
                                  0.000000    0.000000   clock wb_clk_i (rise edge)
                                  0.000000    0.000000   clock network delay (propagated)
                                  5.000000    5.000000 v input external delay
     2    0.004650    0.007618    0.004084    5.004084 v wb_rst_i (in)
                                                         wb_rst_i (net)
                      0.007618    0.000000    5.004084 v input1/A (sky130_fd_sc_hd__buf_2)
     5    0.122743    0.193729    0.183660    5.187744 v input1/X (sky130_fd_sc_hd__buf_2)
                                                         net1 (net)
                      0.230626    0.067089    5.254832 v fanout25/A (sky130_fd_sc_hd__clkdlybuf4s25_1)
     8    0.040097    0.203973    0.377968    5.632801 v fanout25/X (sky130_fd_sc_hd__clkdlybuf4s25_1)
                                                         net25 (net)
                      0.203980    0.001431    5.634232 v load_slew26/A (sky130_fd_sc_hd__buf_4)
    15    0.056373    0.063871    0.206027    5.840259 v load_slew26/X (sky130_fd_sc_hd__buf_4)
                                                         net26 (net)
                      0.064056    0.003168    5.843427 v _601_/A (sky130_fd_sc_hd__inv_2)
     1    0.004054    0.026210    0.044443    5.887870 ^ _601_/Y (sky130_fd_sc_hd__inv_2)
                                                         _076_ (net)
                      0.026210    0.000035    5.887905 ^ _685_/RESET_B (sky130_fd_sc_hd__dfrtp_2)
                                              5.887905   data arrival time

                                 25.000000   25.000000   clock wb_clk_i (rise edge)
                                  0.000000   25.000000   clock source latency
     2    0.147291    0.498689    0.368759   25.368759 ^ wb_clk_i (in)
                                                         wb_clk_i (net)
                      0.521806    0.000000   25.368759 ^ clkbuf_0_wb_clk_i/A (sky130_fd_sc_hd__clkbuf_16)
    17    0.072495    0.077203    0.161485   25.530243 ^ clkbuf_0_wb_clk_i/X (sky130_fd_sc_hd__clkbuf_16)
                                                         clknet_0_wb_clk_i (net)
                      0.077276    0.001995   25.532238 ^ clkbuf_3_5_0_wb_clk_i/A (sky130_fd_sc_hd__clkbuf_8)
    11    0.038208    0.059383    0.111976   25.644215 ^ clkbuf_3_5_0_wb_clk_i/X (sky130_fd_sc_hd__clkbuf_8)
                                                         clknet_3_5_0_wb_clk_i (net)
                      0.059383    0.000311   25.644526 ^ _685_/CLK (sky130_fd_sc_hd__dfrtp_2)
                                 -0.250000   25.394526   clock uncertainty
                                  0.000000   25.394526   clock reconvergence pessimism
                                  0.139243   25.533770   library recovery time
                                             25.533770   data required time
---------------------------------------------------------------------------------------------
                                             25.533770   data required time
                                             -5.887905   data arrival time
---------------------------------------------------------------------------------------------
                                             19.645864   slack (MET)


Startpoint: wb_rst_i (input port clocked by wb_clk_i)
Endpoint: _684_ (recovery check against rising-edge clock wb_clk_i)
Path Group: asynchronous
Path Type: max

Fanout         Cap        Slew       Delay        Time   Description
---------------------------------------------------------------------------------------------
                                  0.000000    0.000000   clock wb_clk_i (rise edge)
                                  0.000000    0.000000   clock network delay (propagated)
                                  5.000000    5.000000 v input external delay
     2    0.004650    0.007618    0.004084    5.004084 v wb_rst_i (in)
                                                         wb_rst_i (net)
                      0.007618    0.000000    5.004084 v input1/A (sky130_fd_sc_hd__buf_2)
     5    0.122743    0.193729    0.183660    5.187744 v input1/X (sky130_fd_sc_hd__buf_2)
                                                         net1 (net)
                      0.230626    0.067089    5.254832 v fanout25/A (sky130_fd_sc_hd__clkdlybuf4s25_1)
     8    0.040097    0.203973    0.377968    5.632801 v fanout25/X (sky130_fd_sc_hd__clkdlybuf4s25_1)
                                                         net25 (net)
                      0.203980    0.001431    5.634232 v load_slew26/A (sky130_fd_sc_hd__buf_4)
    15    0.056373    0.063871    0.206027    5.840259 v load_slew26/X (sky130_fd_sc_hd__buf_4)
                                                         net26 (net)
                      0.064219    0.004223    5.844482 v _600_/A (sky130_fd_sc_hd__inv_2)
     1    0.003820    0.025635    0.043625    5.888107 ^ _600_/Y (sky130_fd_sc_hd__inv_2)
                                                         _075_ (net)
                      0.025635    0.000027    5.888134 ^ _684_/RESET_B (sky130_fd_sc_hd__dfrtp_2)
                                              5.888134   data arrival time

                                 25.000000   25.000000   clock wb_clk_i (rise edge)
                                  0.000000   25.000000   clock source latency
     2    0.147291    0.498689    0.368759   25.368759 ^ wb_clk_i (in)
                                                         wb_clk_i (net)
                      0.521806    0.000000   25.368759 ^ clkbuf_0_wb_clk_i/A (sky130_fd_sc_hd__clkbuf_16)
    17    0.072495    0.077203    0.161485   25.530243 ^ clkbuf_0_wb_clk_i/X (sky130_fd_sc_hd__clkbuf_16)
                                                         clknet_0_wb_clk_i (net)
                      0.077276    0.001995   25.532238 ^ clkbuf_3_5_0_wb_clk_i/A (sky130_fd_sc_hd__clkbuf_8)
    11    0.038208    0.059383    0.111976   25.644215 ^ clkbuf_3_5_0_wb_clk_i/X (sky130_fd_sc_hd__clkbuf_8)
                                                         clknet_3_5_0_wb_clk_i (net)
                      0.059385    0.000449   25.644665 ^ _684_/CLK (sky130_fd_sc_hd__dfrtp_2)
                                 -0.250000   25.394665   clock uncertainty
                                  0.000000   25.394665   clock reconvergence pessimism
                                  0.139390   25.534056   library recovery time
                                             25.534056   data required time
---------------------------------------------------------------------------------------------
                                             25.534056   data required time
                                             -5.888134   data arrival time
---------------------------------------------------------------------------------------------
                                             19.645922   slack (MET)


Startpoint: wb_rst_i (input port clocked by wb_clk_i)
Endpoint: _740_ (recovery check against rising-edge clock wb_clk_i)
Path Group: asynchronous
Path Type: max

Fanout         Cap        Slew       Delay        Time   Description
---------------------------------------------------------------------------------------------
                                  0.000000    0.000000   clock wb_clk_i (rise edge)
                                  0.000000    0.000000   clock network delay (propagated)
                                  5.000000    5.000000 v input external delay
     2    0.004650    0.007618    0.004084    5.004084 v wb_rst_i (in)
                                                         wb_rst_i (net)
                      0.007618    0.000000    5.004084 v input1/A (sky130_fd_sc_hd__buf_2)
     5    0.122743    0.193729    0.183660    5.187744 v input1/X (sky130_fd_sc_hd__buf_2)
                                                         net1 (net)
                      0.230626    0.067089    5.254832 v fanout25/A (sky130_fd_sc_hd__clkdlybuf4s25_1)
     8    0.040097    0.203973    0.377968    5.632801 v fanout25/X (sky130_fd_sc_hd__clkdlybuf4s25_1)
                                                         net25 (net)
                      0.203976    0.001091    5.633892 v _656_/A (sky130_fd_sc_hd__inv_2)
     1    0.004389    0.048763    0.081389    5.715281 ^ _656_/Y (sky130_fd_sc_hd__inv_2)
                                                         _131_ (net)
                      0.048763    0.000041    5.715322 ^ _740_/RESET_B (sky130_fd_sc_hd__dfrtp_2)
                                              5.715322   data arrival time

                                 25.000000   25.000000   clock wb_clk_i (rise edge)
                                  0.000000   25.000000   clock source latency
     2    0.147291    0.498689    0.368759   25.368759 ^ wb_clk_i (in)
                                                         wb_clk_i (net)
                      0.521806    0.000000   25.368759 ^ clkbuf_0_wb_clk_i/A (sky130_fd_sc_hd__clkbuf_16)
    17    0.072495    0.077203    0.161485   25.530243 ^ clkbuf_0_wb_clk_i/X (sky130_fd_sc_hd__clkbuf_16)
                                                         clknet_0_wb_clk_i (net)
                      0.077234    0.001398   25.531641 ^ clkbuf_3_4_0_wb_clk_i/A (sky130_fd_sc_hd__clkbuf_8)
    11    0.037149    0.058025    0.111003   25.642645 ^ clkbuf_3_4_0_wb_clk_i/X (sky130_fd_sc_hd__clkbuf_8)
                                                         clknet_3_4_0_wb_clk_i (net)
                      0.058025    0.000290   25.642933 ^ _740_/CLK (sky130_fd_sc_hd__dfrtp_2)
                                 -0.250000   25.392935   clock uncertainty
                                  0.000000   25.392935   clock reconvergence pessimism
                                  0.133278   25.526213   library recovery time
                                             25.526213   data required time
---------------------------------------------------------------------------------------------
                                             25.526213   data required time
                                             -5.715322   data arrival time
---------------------------------------------------------------------------------------------
                                             19.810892   slack (MET)


Startpoint: wb_rst_i (input port clocked by wb_clk_i)
Endpoint: _736_ (recovery check against rising-edge clock wb_clk_i)
Path Group: asynchronous
Path Type: max

Fanout         Cap        Slew       Delay        Time   Description
---------------------------------------------------------------------------------------------
                                  0.000000    0.000000   clock wb_clk_i (rise edge)
                                  0.000000    0.000000   clock network delay (propagated)
                                  5.000000    5.000000 v input external delay
     2    0.004650    0.007618    0.004084    5.004084 v wb_rst_i (in)
                                                         wb_rst_i (net)
                      0.007618    0.000000    5.004084 v input1/A (sky130_fd_sc_hd__buf_2)
     5    0.122743    0.193729    0.183660    5.187744 v input1/X (sky130_fd_sc_hd__buf_2)
                                                         net1 (net)
                      0.230626    0.067089    5.254832 v fanout25/A (sky130_fd_sc_hd__clkdlybuf4s25_1)
     8    0.040097    0.203973    0.377968    5.632801 v fanout25/X (sky130_fd_sc_hd__clkdlybuf4s25_1)
                                                         net25 (net)
                      0.203981    0.001464    5.634264 v _652_/A (sky130_fd_sc_hd__inv_2)
     1    0.004152    0.047542    0.079926    5.714190 ^ _652_/Y (sky130_fd_sc_hd__inv_2)
                                                         _127_ (net)
                      0.047542    0.000036    5.714227 ^ _736_/RESET_B (sky130_fd_sc_hd__dfrtp_2)
                                              5.714227   data arrival time

                                 25.000000   25.000000   clock wb_clk_i (rise edge)
                                  0.000000   25.000000   clock source latency
     2    0.147291    0.498689    0.368759   25.368759 ^ wb_clk_i (in)
                                                         wb_clk_i (net)
                      0.521806    0.000000   25.368759 ^ clkbuf_0_wb_clk_i/A (sky130_fd_sc_hd__clkbuf_16)
    17    0.072495    0.077203    0.161485   25.530243 ^ clkbuf_0_wb_clk_i/X (sky130_fd_sc_hd__clkbuf_16)
                                                         clknet_0_wb_clk_i (net)
                      0.077234    0.001398   25.531641 ^ clkbuf_3_4_0_wb_clk_i/A (sky130_fd_sc_hd__clkbuf_8)
    11    0.037149    0.058025    0.111003   25.642645 ^ clkbuf_3_4_0_wb_clk_i/X (sky130_fd_sc_hd__clkbuf_8)
                                                         clknet_3_4_0_wb_clk_i (net)
                      0.058027    0.000458   25.643103 ^ _736_/CLK (sky130_fd_sc_hd__dfrtp_2)
                                 -0.250000   25.393103   clock uncertainty
                                  0.000000   25.393103   clock reconvergence pessimism
                                  0.133590   25.526693   library recovery time
                                             25.526693   data required time
---------------------------------------------------------------------------------------------
                                             25.526693   data required time
                                             -5.714227   data arrival time
---------------------------------------------------------------------------------------------
                                             19.812466   slack (MET)


Startpoint: wb_rst_i (input port clocked by wb_clk_i)
Endpoint: _756_ (recovery check against rising-edge clock wb_clk_i)
Path Group: asynchronous
Path Type: max

Fanout         Cap        Slew       Delay        Time   Description
---------------------------------------------------------------------------------------------
                                  0.000000    0.000000   clock wb_clk_i (rise edge)
                                  0.000000    0.000000   clock network delay (propagated)
                                  5.000000    5.000000 v input external delay
     2    0.004650    0.007618    0.004084    5.004084 v wb_rst_i (in)
                                                         wb_rst_i (net)
                      0.007618    0.000000    5.004084 v input1/A (sky130_fd_sc_hd__buf_2)
     5    0.122743    0.193729    0.183660    5.187744 v input1/X (sky130_fd_sc_hd__buf_2)
                                                         net1 (net)
                      0.229100    0.065513    5.253257 v fanout19/A (sky130_fd_sc_hd__clkdlybuf4s25_1)
     2    0.010172    0.060005    0.262564    5.515821 v fanout19/X (sky130_fd_sc_hd__clkdlybuf4s25_1)
                                                         net19 (net)
                      0.060005    0.000272    5.516093 v wire20/A (sky130_fd_sc_hd__buf_4)
    19    0.065640    0.065528    0.152218    5.668311 v wire20/X (sky130_fd_sc_hd__buf_4)
                                                         net20 (net)
                      0.066016    0.004720    5.673031 v _672_/A (sky130_fd_sc_hd__inv_2)
     1    0.004289    0.027225    0.045908    5.718939 ^ _672_/Y (sky130_fd_sc_hd__inv_2)
                                                         _147_ (net)
                      0.027225    0.000039    5.718978 ^ _756_/RESET_B (sky130_fd_sc_hd__dfrtp_2)
                                              5.718978   data arrival time

                                 25.000000   25.000000   clock wb_clk_i (rise edge)
                                  0.000000   25.000000   clock source latency
     2    0.147291    0.498689    0.368759   25.368759 ^ wb_clk_i (in)
                                                         wb_clk_i (net)
                      0.521806    0.000000   25.368759 ^ clkbuf_0_wb_clk_i/A (sky130_fd_sc_hd__clkbuf_16)
    17    0.072495    0.077203    0.161485   25.530243 ^ clkbuf_0_wb_clk_i/X (sky130_fd_sc_hd__clkbuf_16)
                                                         clknet_0_wb_clk_i (net)
                      0.077233    0.001378   25.531622 ^ clkbuf_3_3_0_wb_clk_i/A (sky130_fd_sc_hd__clkbuf_8)
    11    0.036901    0.057806    0.110813   25.642435 ^ clkbuf_3_3_0_wb_clk_i/X (sky130_fd_sc_hd__clkbuf_8)
                                                         clknet_3_3_0_wb_clk_i (net)
                      0.057809    0.000448   25.642881 ^ _756_/CLK (sky130_fd_sc_hd__dfrtp_2)
                                 -0.250000   25.392883   clock uncertainty
                                  0.000000   25.392883   clock reconvergence pessimism
                                  0.138745   25.531630   library recovery time
                                             25.531630   data required time
---------------------------------------------------------------------------------------------
                                             25.531630   data required time
                                             -5.718978   data arrival time
---------------------------------------------------------------------------------------------
                                             19.812653   slack (MET)


Startpoint: wb_rst_i (input port clocked by wb_clk_i)
Endpoint: _757_ (recovery check against rising-edge clock wb_clk_i)
Path Group: asynchronous
Path Type: max

Fanout         Cap        Slew       Delay        Time   Description
---------------------------------------------------------------------------------------------
                                  0.000000    0.000000   clock wb_clk_i (rise edge)
                                  0.000000    0.000000   clock network delay (propagated)
                                  5.000000    5.000000 v input external delay
     2    0.004650    0.007618    0.004084    5.004084 v wb_rst_i (in)
                                                         wb_rst_i (net)
                      0.007618    0.000000    5.004084 v input1/A (sky130_fd_sc_hd__buf_2)
     5    0.122743    0.193729    0.183660    5.187744 v input1/X (sky130_fd_sc_hd__buf_2)
                                                         net1 (net)
                      0.229100    0.065513    5.253257 v fanout19/A (sky130_fd_sc_hd__clkdlybuf4s25_1)
     2    0.010172    0.060005    0.262564    5.515821 v fanout19/X (sky130_fd_sc_hd__clkdlybuf4s25_1)
                                                         net19 (net)
                      0.060005    0.000272    5.516093 v wire20/A (sky130_fd_sc_hd__buf_4)
    19    0.065640    0.065528    0.152218    5.668311 v wire20/X (sky130_fd_sc_hd__buf_4)
                                                         net20 (net)
                      0.065917    0.004221    5.672532 v _673_/A (sky130_fd_sc_hd__inv_2)
     1    0.004307    0.027256    0.045943    5.718475 ^ _673_/Y (sky130_fd_sc_hd__inv_2)
                                                         _148_ (net)
                      0.027256    0.000041    5.718516 ^ _757_/RESET_B (sky130_fd_sc_hd__dfrtp_2)
                                              5.718516   data arrival time

                                 25.000000   25.000000   clock wb_clk_i (rise edge)
                                  0.000000   25.000000   clock source latency
     2    0.147291    0.498689    0.368759   25.368759 ^ wb_clk_i (in)
                                                         wb_clk_i (net)
                      0.521806    0.000000   25.368759 ^ clkbuf_0_wb_clk_i/A (sky130_fd_sc_hd__clkbuf_16)
    17    0.072495    0.077203    0.161485   25.530243 ^ clkbuf_0_wb_clk_i/X (sky130_fd_sc_hd__clkbuf_16)
                                                         clknet_0_wb_clk_i (net)
                      0.077233    0.001378   25.531622 ^ clkbuf_3_3_0_wb_clk_i/A (sky130_fd_sc_hd__clkbuf_8)
    11    0.036901    0.057806    0.110813   25.642435 ^ clkbuf_3_3_0_wb_clk_i/X (sky130_fd_sc_hd__clkbuf_8)
                                                         clknet_3_3_0_wb_clk_i (net)
                      0.057808    0.000407   25.642841 ^ _757_/CLK (sky130_fd_sc_hd__dfrtp_2)
                                 -0.250000   25.392843   clock uncertainty
                                  0.000000   25.392843   clock reconvergence pessimism
                                  0.138737   25.531580   library recovery time
                                             25.531580   data required time
---------------------------------------------------------------------------------------------
                                             25.531580   data required time
                                             -5.718516   data arrival time
---------------------------------------------------------------------------------------------
                                             19.813065   slack (MET)


Startpoint: wb_rst_i (input port clocked by wb_clk_i)
Endpoint: _758_ (recovery check against rising-edge clock wb_clk_i)
Path Group: asynchronous
Path Type: max

Fanout         Cap        Slew       Delay        Time   Description
---------------------------------------------------------------------------------------------
                                  0.000000    0.000000   clock wb_clk_i (rise edge)
                                  0.000000    0.000000   clock network delay (propagated)
                                  5.000000    5.000000 v input external delay
     2    0.004650    0.007618    0.004084    5.004084 v wb_rst_i (in)
                                                         wb_rst_i (net)
                      0.007618    0.000000    5.004084 v input1/A (sky130_fd_sc_hd__buf_2)
     5    0.122743    0.193729    0.183660    5.187744 v input1/X (sky130_fd_sc_hd__buf_2)
                                                         net1 (net)
                      0.229100    0.065513    5.253257 v fanout19/A (sky130_fd_sc_hd__clkdlybuf4s25_1)
     2    0.010172    0.060005    0.262564    5.515821 v fanout19/X (sky130_fd_sc_hd__clkdlybuf4s25_1)
                                                         net19 (net)
                      0.060005    0.000272    5.516093 v wire20/A (sky130_fd_sc_hd__buf_4)
    19    0.065640    0.065528    0.152218    5.668311 v wire20/X (sky130_fd_sc_hd__buf_4)
                                                         net20 (net)
                      0.065972    0.004507    5.672818 v _674_/A (sky130_fd_sc_hd__inv_2)
     1    0.004124    0.026758    0.045273    5.718091 ^ _674_/Y (sky130_fd_sc_hd__inv_2)
                                                         _149_ (net)
                      0.026758    0.000038    5.718129 ^ _758_/RESET_B (sky130_fd_sc_hd__dfrtp_2)
                                              5.718129   data arrival time

                                 25.000000   25.000000   clock wb_clk_i (rise edge)
                                  0.000000   25.000000   clock source latency
     2    0.147291    0.498689    0.368759   25.368759 ^ wb_clk_i (in)
                                                         wb_clk_i (net)
                      0.521806    0.000000   25.368759 ^ clkbuf_0_wb_clk_i/A (sky130_fd_sc_hd__clkbuf_16)
    17    0.072495    0.077203    0.161485   25.530243 ^ clkbuf_0_wb_clk_i/X (sky130_fd_sc_hd__clkbuf_16)
                                                         clknet_0_wb_clk_i (net)
                      0.077233    0.001378   25.531622 ^ clkbuf_3_3_0_wb_clk_i/A (sky130_fd_sc_hd__clkbuf_8)
    11    0.036901    0.057806    0.110813   25.642435 ^ clkbuf_3_3_0_wb_clk_i/X (sky130_fd_sc_hd__clkbuf_8)
                                                         clknet_3_3_0_wb_clk_i (net)
                      0.057809    0.000478   25.642912 ^ _758_/CLK (sky130_fd_sc_hd__dfrtp_2)
                                 -0.250000   25.392914   clock uncertainty
                                  0.000000   25.392914   clock reconvergence pessimism
                                  0.138865   25.531778   library recovery time
                                             25.531778   data required time
---------------------------------------------------------------------------------------------
                                             25.531778   data required time
                                             -5.718129   data arrival time
---------------------------------------------------------------------------------------------
                                             19.813648   slack (MET)


Startpoint: wb_rst_i (input port clocked by wb_clk_i)
Endpoint: _737_ (recovery check against rising-edge clock wb_clk_i)
Path Group: asynchronous
Path Type: max

Fanout         Cap        Slew       Delay        Time   Description
---------------------------------------------------------------------------------------------
                                  0.000000    0.000000   clock wb_clk_i (rise edge)
                                  0.000000    0.000000   clock network delay (propagated)
                                  5.000000    5.000000 v input external delay
     2    0.004650    0.007618    0.004084    5.004084 v wb_rst_i (in)
                                                         wb_rst_i (net)
                      0.007618    0.000000    5.004084 v input1/A (sky130_fd_sc_hd__buf_2)
     5    0.122743    0.193729    0.183660    5.187744 v input1/X (sky130_fd_sc_hd__buf_2)
                                                         net1 (net)
                      0.230626    0.067089    5.254832 v fanout25/A (sky130_fd_sc_hd__clkdlybuf4s25_1)
     8    0.040097    0.203973    0.377968    5.632801 v fanout25/X (sky130_fd_sc_hd__clkdlybuf4s25_1)
                                                         net25 (net)
                      0.203980    0.001440    5.634241 v _653_/A (sky130_fd_sc_hd__inv_2)
     1    0.004054    0.047045    0.079321    5.713562 ^ _653_/Y (sky130_fd_sc_hd__inv_2)
                                                         _128_ (net)
                      0.047045    0.000033    5.713595 ^ _737_/RESET_B (sky130_fd_sc_hd__dfrtp_2)
                                              5.713595   data arrival time

                                 25.000000   25.000000   clock wb_clk_i (rise edge)
                                  0.000000   25.000000   clock source latency
     2    0.147291    0.498689    0.368759   25.368759 ^ wb_clk_i (in)
                                                         wb_clk_i (net)
                      0.521806    0.000000   25.368759 ^ clkbuf_0_wb_clk_i/A (sky130_fd_sc_hd__clkbuf_16)
    17    0.072495    0.077203    0.161485   25.530243 ^ clkbuf_0_wb_clk_i/X (sky130_fd_sc_hd__clkbuf_16)
                                                         clknet_0_wb_clk_i (net)
                      0.077221    0.001144   25.531387 ^ clkbuf_3_6_0_wb_clk_i/A (sky130_fd_sc_hd__clkbuf_8)
    12    0.038165    0.059236    0.111804   25.643192 ^ clkbuf_3_6_0_wb_clk_i/X (sky130_fd_sc_hd__clkbuf_8)
                                                         clknet_3_6_0_wb_clk_i (net)
                      0.059236    0.000339   25.643530 ^ _737_/CLK (sky130_fd_sc_hd__dfrtp_2)
                                 -0.250000   25.393532   clock uncertainty
                                  0.000000   25.393532   clock reconvergence pessimism
                                  0.133901   25.527433   library recovery time
                                             25.527433   data required time
---------------------------------------------------------------------------------------------
                                             25.527433   data required time
                                             -5.713595   data arrival time
---------------------------------------------------------------------------------------------
                                             19.813839   slack (MET)


Startpoint: wb_rst_i (input port clocked by wb_clk_i)
Endpoint: _755_ (recovery check against rising-edge clock wb_clk_i)
Path Group: asynchronous
Path Type: max

Fanout         Cap        Slew       Delay        Time   Description
---------------------------------------------------------------------------------------------
                                  0.000000    0.000000   clock wb_clk_i (rise edge)
                                  0.000000    0.000000   clock network delay (propagated)
                                  5.000000    5.000000 v input external delay
     2    0.004650    0.007618    0.004084    5.004084 v wb_rst_i (in)
                                                         wb_rst_i (net)
                      0.007618    0.000000    5.004084 v input1/A (sky130_fd_sc_hd__buf_2)
     5    0.122743    0.193729    0.183660    5.187744 v input1/X (sky130_fd_sc_hd__buf_2)
                                                         net1 (net)
                      0.229100    0.065513    5.253257 v fanout19/A (sky130_fd_sc_hd__clkdlybuf4s25_1)
     2    0.010172    0.060005    0.262564    5.515821 v fanout19/X (sky130_fd_sc_hd__clkdlybuf4s25_1)
                                                         net19 (net)
                      0.060005    0.000272    5.516093 v wire20/A (sky130_fd_sc_hd__buf_4)
    19    0.065640    0.065528    0.152218    5.668311 v wire20/X (sky130_fd_sc_hd__buf_4)
                                                         net20 (net)
                      0.066046    0.004860    5.673171 v _671_/A (sky130_fd_sc_hd__inv_2)
     1    0.003998    0.026437    0.044823    5.717994 ^ _671_/Y (sky130_fd_sc_hd__inv_2)
                                                         _146_ (net)
                      0.026437    0.000032    5.718026 ^ _755_/RESET_B (sky130_fd_sc_hd__dfrtp_2)
                                              5.718026   data arrival time

                                 25.000000   25.000000   clock wb_clk_i (rise edge)
                                  0.000000   25.000000   clock source latency
     2    0.147291    0.498689    0.368759   25.368759 ^ wb_clk_i (in)
                                                         wb_clk_i (net)
                      0.521806    0.000000   25.368759 ^ clkbuf_0_wb_clk_i/A (sky130_fd_sc_hd__clkbuf_16)
    17    0.072495    0.077203    0.161485   25.530243 ^ clkbuf_0_wb_clk_i/X (sky130_fd_sc_hd__clkbuf_16)
                                                         clknet_0_wb_clk_i (net)
                      0.077233    0.001378   25.531622 ^ clkbuf_3_3_0_wb_clk_i/A (sky130_fd_sc_hd__clkbuf_8)
    11    0.036901    0.057806    0.110813   25.642435 ^ clkbuf_3_3_0_wb_clk_i/X (sky130_fd_sc_hd__clkbuf_8)
                                                         clknet_3_3_0_wb_clk_i (net)
                      0.057810    0.000492   25.642927 ^ _755_/CLK (sky130_fd_sc_hd__dfrtp_2)
                                 -0.250000   25.392927   clock uncertainty
                                  0.000000   25.392927   clock reconvergence pessimism
                                  0.138947   25.531874   library recovery time
                                             25.531874   data required time
---------------------------------------------------------------------------------------------
                                             25.531874   data required time
                                             -5.718026   data arrival time
---------------------------------------------------------------------------------------------
                                             19.813847   slack (MET)


Startpoint: wb_rst_i (input port clocked by wb_clk_i)
Endpoint: _742_ (recovery check against rising-edge clock wb_clk_i)
Path Group: asynchronous
Path Type: max

Fanout         Cap        Slew       Delay        Time   Description
---------------------------------------------------------------------------------------------
                                  0.000000    0.000000   clock wb_clk_i (rise edge)
                                  0.000000    0.000000   clock network delay (propagated)
                                  5.000000    5.000000 v input external delay
     2    0.004650    0.007618    0.004084    5.004084 v wb_rst_i (in)
                                                         wb_rst_i (net)
                      0.007618    0.000000    5.004084 v input1/A (sky130_fd_sc_hd__buf_2)
     5    0.122743    0.193729    0.183660    5.187744 v input1/X (sky130_fd_sc_hd__buf_2)
                                                         net1 (net)
                      0.230626    0.067089    5.254832 v fanout25/A (sky130_fd_sc_hd__clkdlybuf4s25_1)
     8    0.040097    0.203973    0.377968    5.632801 v fanout25/X (sky130_fd_sc_hd__clkdlybuf4s25_1)
                                                         net25 (net)
                      0.203978    0.001287    5.634087 v _658_/A (sky130_fd_sc_hd__inv_2)
     1    0.003869    0.046121    0.078174    5.712262 ^ _658_/Y (sky130_fd_sc_hd__inv_2)
                                                         _133_ (net)
                      0.046121    0.000028    5.712290 ^ _742_/RESET_B (sky130_fd_sc_hd__dfrtp_2)
                                              5.712290   data arrival time

                                 25.000000   25.000000   clock wb_clk_i (rise edge)
                                  0.000000   25.000000   clock source latency
     2    0.147291    0.498689    0.368759   25.368759 ^ wb_clk_i (in)
                                                         wb_clk_i (net)
                      0.521806    0.000000   25.368759 ^ clkbuf_0_wb_clk_i/A (sky130_fd_sc_hd__clkbuf_16)
    17    0.072495    0.077203    0.161485   25.530243 ^ clkbuf_0_wb_clk_i/X (sky130_fd_sc_hd__clkbuf_16)
                                                         clknet_0_wb_clk_i (net)
                      0.077234    0.001398   25.531641 ^ clkbuf_3_4_0_wb_clk_i/A (sky130_fd_sc_hd__clkbuf_8)
    11    0.037149    0.058025    0.111003   25.642645 ^ clkbuf_3_4_0_wb_clk_i/X (sky130_fd_sc_hd__clkbuf_8)
                                                         clknet_3_4_0_wb_clk_i (net)
                      0.058026    0.000400   25.643044 ^ _742_/CLK (sky130_fd_sc_hd__dfrtp_2)
                                 -0.250000   25.393045   clock uncertainty
                                  0.000000   25.393045   clock reconvergence pessimism
                                  0.133952   25.526997   library recovery time
                                             25.526997   data required time
---------------------------------------------------------------------------------------------
                                             25.526997   data required time
                                             -5.712290   data arrival time
---------------------------------------------------------------------------------------------
                                             19.814707   slack (MET)


Startpoint: wb_rst_i (input port clocked by wb_clk_i)
Endpoint: _750_ (recovery check against rising-edge clock wb_clk_i)
Path Group: asynchronous
Path Type: max

Fanout         Cap        Slew       Delay        Time   Description
---------------------------------------------------------------------------------------------
                                  0.000000    0.000000   clock wb_clk_i (rise edge)
                                  0.000000    0.000000   clock network delay (propagated)
                                  5.000000    5.000000 v input external delay
     2    0.004650    0.007618    0.004084    5.004084 v wb_rst_i (in)
                                                         wb_rst_i (net)
                      0.007618    0.000000    5.004084 v input1/A (sky130_fd_sc_hd__buf_2)
     5    0.122743    0.193729    0.183660    5.187744 v input1/X (sky130_fd_sc_hd__buf_2)
                                                         net1 (net)
                      0.229100    0.065513    5.253257 v fanout19/A (sky130_fd_sc_hd__clkdlybuf4s25_1)
     2    0.010172    0.060005    0.262564    5.515821 v fanout19/X (sky130_fd_sc_hd__clkdlybuf4s25_1)
                                                         net19 (net)
                      0.060005    0.000272    5.516093 v wire20/A (sky130_fd_sc_hd__buf_4)
    19    0.065640    0.065528    0.152218    5.668311 v wire20/X (sky130_fd_sc_hd__buf_4)
                                                         net20 (net)
                      0.066050    0.004881    5.673193 v _666_/A (sky130_fd_sc_hd__inv_2)
     1    0.003761    0.025814    0.043935    5.717127 ^ _666_/Y (sky130_fd_sc_hd__inv_2)
                                                         _141_ (net)
                      0.025814    0.000026    5.717154 ^ _750_/RESET_B (sky130_fd_sc_hd__dfrtp_2)
                                              5.717154   data arrival time

                                 25.000000   25.000000   clock wb_clk_i (rise edge)
                                  0.000000   25.000000   clock source latency
     2    0.147291    0.498689    0.368759   25.368759 ^ wb_clk_i (in)
                                                         wb_clk_i (net)
                      0.521806    0.000000   25.368759 ^ clkbuf_0_wb_clk_i/A (sky130_fd_sc_hd__clkbuf_16)
    17    0.072495    0.077203    0.161485   25.530243 ^ clkbuf_0_wb_clk_i/X (sky130_fd_sc_hd__clkbuf_16)
                                                         clknet_0_wb_clk_i (net)
                      0.077233    0.001378   25.531622 ^ clkbuf_3_3_0_wb_clk_i/A (sky130_fd_sc_hd__clkbuf_8)
    11    0.036901    0.057806    0.110813   25.642435 ^ clkbuf_3_3_0_wb_clk_i/X (sky130_fd_sc_hd__clkbuf_8)
                                                         clknet_3_3_0_wb_clk_i (net)
                      0.057810    0.000494   25.642929 ^ _750_/CLK (sky130_fd_sc_hd__dfrtp_2)
                                 -0.250000   25.392929   clock uncertainty
                                  0.000000   25.392929   clock reconvergence pessimism
                                  0.139106   25.532036   library recovery time
                                             25.532036   data required time
---------------------------------------------------------------------------------------------
                                             25.532036   data required time
                                             -5.717154   data arrival time
---------------------------------------------------------------------------------------------
                                             19.814882   slack (MET)


Startpoint: wb_rst_i (input port clocked by wb_clk_i)
Endpoint: _743_ (recovery check against rising-edge clock wb_clk_i)
Path Group: asynchronous
Path Type: max

Fanout         Cap        Slew       Delay        Time   Description
---------------------------------------------------------------------------------------------
                                  0.000000    0.000000   clock wb_clk_i (rise edge)
                                  0.000000    0.000000   clock network delay (propagated)
                                  5.000000    5.000000 v input external delay
     2    0.004650    0.007618    0.004084    5.004084 v wb_rst_i (in)
                                                         wb_rst_i (net)
                      0.007618    0.000000    5.004084 v input1/A (sky130_fd_sc_hd__buf_2)
     5    0.122743    0.193729    0.183660    5.187744 v input1/X (sky130_fd_sc_hd__buf_2)
                                                         net1 (net)
                      0.230626    0.067089    5.254832 v fanout25/A (sky130_fd_sc_hd__clkdlybuf4s25_1)
     8    0.040097    0.203973    0.377968    5.632801 v fanout25/X (sky130_fd_sc_hd__clkdlybuf4s25_1)
                                                         net25 (net)
                      0.203973    0.000708    5.633509 v _659_/A (sky130_fd_sc_hd__inv_2)
     1    0.003924    0.046392    0.078518    5.712026 ^ _659_/Y (sky130_fd_sc_hd__inv_2)
                                                         _134_ (net)
                      0.046392    0.000029    5.712055 ^ _743_/RESET_B (sky130_fd_sc_hd__dfrtp_2)
                                              5.712055   data arrival time

                                 25.000000   25.000000   clock wb_clk_i (rise edge)
                                  0.000000   25.000000   clock source latency
     2    0.147291    0.498689    0.368759   25.368759 ^ wb_clk_i (in)
                                                         wb_clk_i (net)
                      0.521806    0.000000   25.368759 ^ clkbuf_0_wb_clk_i/A (sky130_fd_sc_hd__clkbuf_16)
    17    0.072495    0.077203    0.161485   25.530243 ^ clkbuf_0_wb_clk_i/X (sky130_fd_sc_hd__clkbuf_16)
                                                         clknet_0_wb_clk_i (net)
                      0.077234    0.001398   25.531641 ^ clkbuf_3_4_0_wb_clk_i/A (sky130_fd_sc_hd__clkbuf_8)
    11    0.037149    0.058025    0.111003   25.642645 ^ clkbuf_3_4_0_wb_clk_i/X (sky130_fd_sc_hd__clkbuf_8)
                                                         clknet_3_4_0_wb_clk_i (net)
                      0.058027    0.000457   25.643101 ^ _743_/CLK (sky130_fd_sc_hd__dfrtp_2)
                                 -0.250000   25.393101   clock uncertainty
                                  0.000000   25.393101   clock reconvergence pessimism
                                  0.133883   25.526985   library recovery time
                                             25.526985   data required time
---------------------------------------------------------------------------------------------
                                             25.526985   data required time
                                             -5.712055   data arrival time
---------------------------------------------------------------------------------------------
                                             19.814930   slack (MET)


Startpoint: wb_rst_i (input port clocked by wb_clk_i)
Endpoint: _739_ (recovery check against rising-edge clock wb_clk_i)
Path Group: asynchronous
Path Type: max

Fanout         Cap        Slew       Delay        Time   Description
---------------------------------------------------------------------------------------------
                                  0.000000    0.000000   clock wb_clk_i (rise edge)
                                  0.000000    0.000000   clock network delay (propagated)
                                  5.000000    5.000000 v input external delay
     2    0.004650    0.007618    0.004084    5.004084 v wb_rst_i (in)
                                                         wb_rst_i (net)
                      0.007618    0.000000    5.004084 v input1/A (sky130_fd_sc_hd__buf_2)
     5    0.122743    0.193729    0.183660    5.187744 v input1/X (sky130_fd_sc_hd__buf_2)
                                                         net1 (net)
                      0.230626    0.067089    5.254832 v fanout25/A (sky130_fd_sc_hd__clkdlybuf4s25_1)
     8    0.040097    0.203973    0.377968    5.632801 v fanout25/X (sky130_fd_sc_hd__clkdlybuf4s25_1)
                                                         net25 (net)
                      0.203980    0.001440    5.634240 v _655_/A (sky130_fd_sc_hd__inv_2)
     1    0.003766    0.045631    0.077542    5.711783 ^ _655_/Y (sky130_fd_sc_hd__inv_2)
                                                         _130_ (net)
                      0.045631    0.000026    5.711809 ^ _739_/RESET_B (sky130_fd_sc_hd__dfrtp_2)
                                              5.711809   data arrival time

                                 25.000000   25.000000   clock wb_clk_i (rise edge)
                                  0.000000   25.000000   clock source latency
     2    0.147291    0.498689    0.368759   25.368759 ^ wb_clk_i (in)
                                                         wb_clk_i (net)
                      0.521806    0.000000   25.368759 ^ clkbuf_0_wb_clk_i/A (sky130_fd_sc_hd__clkbuf_16)
    17    0.072495    0.077203    0.161485   25.530243 ^ clkbuf_0_wb_clk_i/X (sky130_fd_sc_hd__clkbuf_16)
                                                         clknet_0_wb_clk_i (net)
                      0.077234    0.001398   25.531641 ^ clkbuf_3_4_0_wb_clk_i/A (sky130_fd_sc_hd__clkbuf_8)
    11    0.037149    0.058025    0.111003   25.642645 ^ clkbuf_3_4_0_wb_clk_i/X (sky130_fd_sc_hd__clkbuf_8)
                                                         clknet_3_4_0_wb_clk_i (net)
                      0.058025    0.000105   25.642750 ^ _739_/CLK (sky130_fd_sc_hd__dfrtp_2)
                                 -0.250000   25.392750   clock uncertainty
                                  0.000000   25.392750   clock reconvergence pessimism
                                  0.134077   25.526827   library recovery time
                                             25.526827   data required time
---------------------------------------------------------------------------------------------
                                             25.526827   data required time
                                             -5.711809   data arrival time
---------------------------------------------------------------------------------------------
                                             19.815020   slack (MET)


Startpoint: wb_rst_i (input port clocked by wb_clk_i)
Endpoint: _715_ (recovery check against rising-edge clock wb_clk_i)
Path Group: asynchronous
Path Type: max

Fanout         Cap        Slew       Delay        Time   Description
---------------------------------------------------------------------------------------------
                                  0.000000    0.000000   clock wb_clk_i (rise edge)
                                  0.000000    0.000000   clock network delay (propagated)
                                  5.000000    5.000000 v input external delay
     2    0.004650    0.007618    0.004084    5.004084 v wb_rst_i (in)
                                                         wb_rst_i (net)
                      0.007618    0.000000    5.004084 v input1/A (sky130_fd_sc_hd__buf_2)
     5    0.122743    0.193729    0.183660    5.187744 v input1/X (sky130_fd_sc_hd__buf_2)
                                                         net1 (net)
                      0.229100    0.065513    5.253257 v fanout19/A (sky130_fd_sc_hd__clkdlybuf4s25_1)
     2    0.010172    0.060005    0.262564    5.515821 v fanout19/X (sky130_fd_sc_hd__clkdlybuf4s25_1)
                                                         net19 (net)
                      0.060005    0.000272    5.516093 v wire20/A (sky130_fd_sc_hd__buf_4)
    19    0.065640    0.065528    0.152218    5.668311 v wire20/X (sky130_fd_sc_hd__buf_4)
                                                         net20 (net)
                      0.065652    0.002428    5.670740 v _631_/A (sky130_fd_sc_hd__inv_2)
     1    0.004001    0.026372    0.044718    5.715457 ^ _631_/Y (sky130_fd_sc_hd__inv_2)
                                                         _106_ (net)
                      0.026372    0.000032    5.715490 ^ _715_/RESET_B (sky130_fd_sc_hd__dfrtp_2)
                                              5.715490   data arrival time

                                 25.000000   25.000000   clock wb_clk_i (rise edge)
                                  0.000000   25.000000   clock source latency
     2    0.147291    0.498689    0.368759   25.368759 ^ wb_clk_i (in)
                                                         wb_clk_i (net)
                      0.521806    0.000000   25.368759 ^ clkbuf_0_wb_clk_i/A (sky130_fd_sc_hd__clkbuf_16)
    17    0.072495    0.077203    0.161485   25.530243 ^ clkbuf_0_wb_clk_i/X (sky130_fd_sc_hd__clkbuf_16)
                                                         clknet_0_wb_clk_i (net)
                      0.077293    0.002180   25.532423 ^ clkbuf_3_2_0_wb_clk_i/A (sky130_fd_sc_hd__clkbuf_8)
    11    0.036432    0.057163    0.110424   25.642847 ^ clkbuf_3_2_0_wb_clk_i/X (sky130_fd_sc_hd__clkbuf_8)
                                                         clknet_3_2_0_wb_clk_i (net)
                      0.057164    0.000368   25.643215 ^ _715_/CLK (sky130_fd_sc_hd__dfrtp_2)
                                 -0.250000   25.393215   clock uncertainty
                                  0.000000   25.393215   clock reconvergence pessimism
                                  0.138865   25.532080   library recovery time
                                             25.532080   data required time
---------------------------------------------------------------------------------------------
                                             25.532080   data required time
                                             -5.715490   data arrival time
---------------------------------------------------------------------------------------------
                                             19.816589   slack (MET)


Startpoint: wb_rst_i (input port clocked by wb_clk_i)
Endpoint: _717_ (recovery check against rising-edge clock wb_clk_i)
Path Group: asynchronous
Path Type: max

Fanout         Cap        Slew       Delay        Time   Description
---------------------------------------------------------------------------------------------
                                  0.000000    0.000000   clock wb_clk_i (rise edge)
                                  0.000000    0.000000   clock network delay (propagated)
                                  5.000000    5.000000 v input external delay
     2    0.004650    0.007618    0.004084    5.004084 v wb_rst_i (in)
                                                         wb_rst_i (net)
                      0.007618    0.000000    5.004084 v input1/A (sky130_fd_sc_hd__buf_2)
     5    0.122743    0.193729    0.183660    5.187744 v input1/X (sky130_fd_sc_hd__buf_2)
                                                         net1 (net)
                      0.229100    0.065513    5.253257 v fanout19/A (sky130_fd_sc_hd__clkdlybuf4s25_1)
     2    0.010172    0.060005    0.262564    5.515821 v fanout19/X (sky130_fd_sc_hd__clkdlybuf4s25_1)
                                                         net19 (net)
                      0.060005    0.000272    5.516093 v wire20/A (sky130_fd_sc_hd__buf_4)
    19    0.065640    0.065528    0.152218    5.668311 v wire20/X (sky130_fd_sc_hd__buf_4)
                                                         net20 (net)
                      0.065564    0.001336    5.669648 v _633_/A (sky130_fd_sc_hd__inv_2)
     1    0.004088    0.026581    0.045015    5.714662 ^ _633_/Y (sky130_fd_sc_hd__inv_2)
                                                         _108_ (net)
                      0.026581    0.000036    5.714698 ^ _717_/RESET_B (sky130_fd_sc_hd__dfrtp_2)
                                              5.714698   data arrival time

                                 25.000000   25.000000   clock wb_clk_i (rise edge)
                                  0.000000   25.000000   clock source latency
     2    0.147291    0.498689    0.368759   25.368759 ^ wb_clk_i (in)
                                                         wb_clk_i (net)
                      0.521806    0.000000   25.368759 ^ clkbuf_0_wb_clk_i/A (sky130_fd_sc_hd__clkbuf_16)
    17    0.072495    0.077203    0.161485   25.530243 ^ clkbuf_0_wb_clk_i/X (sky130_fd_sc_hd__clkbuf_16)
                                                         clknet_0_wb_clk_i (net)
                      0.077293    0.002180   25.532423 ^ clkbuf_3_2_0_wb_clk_i/A (sky130_fd_sc_hd__clkbuf_8)
    11    0.036432    0.057163    0.110424   25.642847 ^ clkbuf_3_2_0_wb_clk_i/X (sky130_fd_sc_hd__clkbuf_8)
                                                         clknet_3_2_0_wb_clk_i (net)
                      0.057163    0.000245   25.643091 ^ _717_/CLK (sky130_fd_sc_hd__dfrtp_2)
                                 -0.250000   25.393093   clock uncertainty
                                  0.000000   25.393093   clock reconvergence pessimism
                                  0.138812   25.531904   library recovery time
                                             25.531904   data required time
---------------------------------------------------------------------------------------------
                                             25.531904   data required time
                                             -5.714698   data arrival time
---------------------------------------------------------------------------------------------
                                             19.817205   slack (MET)


Startpoint: wb_rst_i (input port clocked by wb_clk_i)
Endpoint: _716_ (recovery check against rising-edge clock wb_clk_i)
Path Group: asynchronous
Path Type: max

Fanout         Cap        Slew       Delay        Time   Description
---------------------------------------------------------------------------------------------
                                  0.000000    0.000000   clock wb_clk_i (rise edge)
                                  0.000000    0.000000   clock network delay (propagated)
                                  5.000000    5.000000 v input external delay
     2    0.004650    0.007618    0.004084    5.004084 v wb_rst_i (in)
                                                         wb_rst_i (net)
                      0.007618    0.000000    5.004084 v input1/A (sky130_fd_sc_hd__buf_2)
     5    0.122743    0.193729    0.183660    5.187744 v input1/X (sky130_fd_sc_hd__buf_2)
                                                         net1 (net)
                      0.229100    0.065513    5.253257 v fanout19/A (sky130_fd_sc_hd__clkdlybuf4s25_1)
     2    0.010172    0.060005    0.262564    5.515821 v fanout19/X (sky130_fd_sc_hd__clkdlybuf4s25_1)
                                                         net19 (net)
                      0.060005    0.000272    5.516093 v wire20/A (sky130_fd_sc_hd__buf_4)
    19    0.065640    0.065528    0.152218    5.668311 v wire20/X (sky130_fd_sc_hd__buf_4)
                                                         net20 (net)
                      0.065570    0.001444    5.669755 v _632_/A (sky130_fd_sc_hd__inv_2)
     1    0.003874    0.026020    0.044218    5.713974 ^ _632_/Y (sky130_fd_sc_hd__inv_2)
                                                         _107_ (net)
                      0.026020    0.000028    5.714002 ^ _716_/RESET_B (sky130_fd_sc_hd__dfrtp_2)
                                              5.714002   data arrival time

                                 25.000000   25.000000   clock wb_clk_i (rise edge)
                                  0.000000   25.000000   clock source latency
     2    0.147291    0.498689    0.368759   25.368759 ^ wb_clk_i (in)
                                                         wb_clk_i (net)
                      0.521806    0.000000   25.368759 ^ clkbuf_0_wb_clk_i/A (sky130_fd_sc_hd__clkbuf_16)
    17    0.072495    0.077203    0.161485   25.530243 ^ clkbuf_0_wb_clk_i/X (sky130_fd_sc_hd__clkbuf_16)
                                                         clknet_0_wb_clk_i (net)
                      0.077293    0.002180   25.532423 ^ clkbuf_3_2_0_wb_clk_i/A (sky130_fd_sc_hd__clkbuf_8)
    11    0.036432    0.057163    0.110424   25.642847 ^ clkbuf_3_2_0_wb_clk_i/X (sky130_fd_sc_hd__clkbuf_8)
                                                         clknet_3_2_0_wb_clk_i (net)
                      0.057163    0.000172   25.643019 ^ _716_/CLK (sky130_fd_sc_hd__dfrtp_2)
                                 -0.250000   25.393021   clock uncertainty
                                  0.000000   25.393021   clock reconvergence pessimism
                                  0.138955   25.531975   library recovery time
                                             25.531975   data required time
---------------------------------------------------------------------------------------------
                                             25.531975   data required time
                                             -5.714002   data arrival time
---------------------------------------------------------------------------------------------
                                             19.817974   slack (MET)


Startpoint: _722_ (rising edge-triggered flip-flop clocked by wb_clk_i)
Endpoint: _694_ (rising edge-triggered flip-flop clocked by wb_clk_i)
Path Group: wb_clk_i
Path Type: max

Fanout         Cap        Slew       Delay        Time   Description
---------------------------------------------------------------------------------------------
                                  0.000000    0.000000   clock wb_clk_i (rise edge)
                                  0.000000    0.000000   clock source latency
     2    0.147291    0.498689    0.407575    0.407575 ^ wb_clk_i (in)
                                                         wb_clk_i (net)
                      0.521806    0.000000    0.407575 ^ clkbuf_0_wb_clk_i/A (sky130_fd_sc_hd__clkbuf_16)
    17    0.072495    0.077203    0.178484    0.586059 ^ clkbuf_0_wb_clk_i/X (sky130_fd_sc_hd__clkbuf_16)
                                                         clknet_0_wb_clk_i (net)
                      0.077310    0.002600    0.588659 ^ clkbuf_3_0_0_wb_clk_i/A (sky130_fd_sc_hd__clkbuf_8)
    11    0.035669    0.056319    0.121342    0.710001 ^ clkbuf_3_0_0_wb_clk_i/X (sky130_fd_sc_hd__clkbuf_8)
                                                         clknet_3_0_0_wb_clk_i (net)
                      0.056325    0.000635    0.710636 ^ _722_/CLK (sky130_fd_sc_hd__dfrtp_2)
     2    0.005245    0.032961    0.263211    0.973847 v _722_/Q (sky130_fd_sc_hd__dfrtp_2)
                                                         timer.scan_div[28] (net)
                      0.032961    0.000035    0.973882 v hold117/A (sky130_fd_sc_hd__dlygate4sd3_1)
     4    0.021133    0.096032    0.449455    1.423337 v hold117/X (sky130_fd_sc_hd__dlygate4sd3_1)
                                                         net117 (net)
                      0.096032    0.000240    1.423577 v _390_/A (sky130_fd_sc_hd__or4_2)
     1    0.004939    0.071387    0.415354    1.838932 v _390_/X (sky130_fd_sc_hd__or4_2)
                                                         _205_ (net)
                      0.071388    0.000115    1.839046 v _392_/C (sky130_fd_sc_hd__or4_2)
     1    0.003553    0.066889    0.366361    2.205407 v _392_/X (sky130_fd_sc_hd__or4_2)
                                                         _207_ (net)
                      0.066889    0.000060    2.205467 v _393_/D (sky130_fd_sc_hd__or4_2)
     1    0.007388    0.076695    0.336791    2.542258 v _393_/X (sky130_fd_sc_hd__or4_2)
                                                         _208_ (net)
                      0.076695    0.000252    2.542510 v _399_/A (sky130_fd_sc_hd__or4_2)
     4    0.016204    0.097640    0.451890    2.994399 v _399_/X (sky130_fd_sc_hd__or4_2)
                                                         _214_ (net)
                      0.097640    0.000356    2.994756 v _488_/B (sky130_fd_sc_hd__and2b_2)
     1    0.002216    0.024696    0.145599    3.140354 v _488_/X (sky130_fd_sc_hd__and2b_2)
                                                         _001_ (net)
                      0.024696    0.000023    3.140377 v hold173/A (sky130_fd_sc_hd__dlygate4sd3_1)
     1    0.002298    0.036410    0.372222    3.512599 v hold173/X (sky130_fd_sc_hd__dlygate4sd3_1)
                                                         net173 (net)
                      0.036410    0.000020    3.512620 v _694_/D (sky130_fd_sc_hd__dfrtp_2)
                                              3.512620   data arrival time

                                 25.000000   25.000000   clock wb_clk_i (rise edge)
                                  0.000000   25.000000   clock source latency
     2    0.147291    0.498689    0.368759   25.368759 ^ wb_clk_i (in)
                                                         wb_clk_i (net)
                      0.521806    0.000000   25.368759 ^ clkbuf_0_wb_clk_i/A (sky130_fd_sc_hd__clkbuf_16)
    17    0.072495    0.077203    0.161485   25.530243 ^ clkbuf_0_wb_clk_i/X (sky130_fd_sc_hd__clkbuf_16)
                                                         clknet_0_wb_clk_i (net)
                      0.077264    0.001846   25.532089 ^ clkbuf_3_1_0_wb_clk_i/A (sky130_fd_sc_hd__clkbuf_8)
    11    0.036856    0.057752    0.110772   25.642860 ^ clkbuf_3_1_0_wb_clk_i/X (sky130_fd_sc_hd__clkbuf_8)
                                                         clknet_3_1_0_wb_clk_i (net)
                      0.057753    0.000364   25.643225 ^ _694_/CLK (sky130_fd_sc_hd__dfrtp_2)
                                 -0.250000   25.393227   clock uncertainty
                                  0.055815   25.449041   clock reconvergence pessimism
                                 -0.072760   25.376282   library setup time
                                             25.376282   data required time
---------------------------------------------------------------------------------------------
                                             25.376282   data required time
                                             -3.512620   data arrival time
---------------------------------------------------------------------------------------------
                                             21.863661   slack (MET)


Startpoint: _722_ (rising edge-triggered flip-flop clocked by wb_clk_i)
Endpoint: _698_ (rising edge-triggered flip-flop clocked by wb_clk_i)
Path Group: wb_clk_i
Path Type: max

Fanout         Cap        Slew       Delay        Time   Description
---------------------------------------------------------------------------------------------
                                  0.000000    0.000000   clock wb_clk_i (rise edge)
                                  0.000000    0.000000   clock source latency
     2    0.147291    0.498689    0.407575    0.407575 ^ wb_clk_i (in)
                                                         wb_clk_i (net)
                      0.521806    0.000000    0.407575 ^ clkbuf_0_wb_clk_i/A (sky130_fd_sc_hd__clkbuf_16)
    17    0.072495    0.077203    0.178484    0.586059 ^ clkbuf_0_wb_clk_i/X (sky130_fd_sc_hd__clkbuf_16)
                                                         clknet_0_wb_clk_i (net)
                      0.077310    0.002600    0.588659 ^ clkbuf_3_0_0_wb_clk_i/A (sky130_fd_sc_hd__clkbuf_8)
    11    0.035669    0.056319    0.121342    0.710001 ^ clkbuf_3_0_0_wb_clk_i/X (sky130_fd_sc_hd__clkbuf_8)
                                                         clknet_3_0_0_wb_clk_i (net)
                      0.056325    0.000635    0.710636 ^ _722_/CLK (sky130_fd_sc_hd__dfrtp_2)
     2    0.005245    0.032961    0.263211    0.973847 v _722_/Q (sky130_fd_sc_hd__dfrtp_2)
                                                         timer.scan_div[28] (net)
                      0.032961    0.000035    0.973882 v hold117/A (sky130_fd_sc_hd__dlygate4sd3_1)
     4    0.021133    0.096032    0.449455    1.423337 v hold117/X (sky130_fd_sc_hd__dlygate4sd3_1)
                                                         net117 (net)
                      0.096032    0.000240    1.423577 v _390_/A (sky130_fd_sc_hd__or4_2)
     1    0.004939    0.071387    0.415354    1.838932 v _390_/X (sky130_fd_sc_hd__or4_2)
                                                         _205_ (net)
                      0.071388    0.000115    1.839046 v _392_/C (sky130_fd_sc_hd__or4_2)
     1    0.003553    0.066889    0.366361    2.205407 v _392_/X (sky130_fd_sc_hd__or4_2)
                                                         _207_ (net)
                      0.066889    0.000060    2.205467 v _393_/D (sky130_fd_sc_hd__or4_2)
     1    0.007388    0.076695    0.336791    2.542258 v _393_/X (sky130_fd_sc_hd__or4_2)
                                                         _208_ (net)
                      0.076695    0.000252    2.542510 v _399_/A (sky130_fd_sc_hd__or4_2)
     4    0.016204    0.097640    0.451890    2.994399 v _399_/X (sky130_fd_sc_hd__or4_2)
                                                         _214_ (net)
                      0.097640    0.000255    2.994654 v _498_/A (sky130_fd_sc_hd__and3_2)
     1    0.002936    0.027759    0.136382    3.131036 v _498_/X (sky130_fd_sc_hd__and3_2)
                                                         _027_ (net)
                      0.027759    0.000041    3.131077 v hold188/A (sky130_fd_sc_hd__dlygate4sd3_1)
     1    0.002969    0.038868    0.377679    3.508756 v hold188/X (sky130_fd_sc_hd__dlygate4sd3_1)
                                                         net188 (net)
                      0.038868    0.000034    3.508790 v _698_/D (sky130_fd_sc_hd__dfrtp_2)
                                              3.508790   data arrival time

                                 25.000000   25.000000   clock wb_clk_i (rise edge)
                                  0.000000   25.000000   clock source latency
     2    0.147291    0.498689    0.368759   25.368759 ^ wb_clk_i (in)
                                                         wb_clk_i (net)
                      0.521806    0.000000   25.368759 ^ clkbuf_0_wb_clk_i/A (sky130_fd_sc_hd__clkbuf_16)
    17    0.072495    0.077203    0.161485   25.530243 ^ clkbuf_0_wb_clk_i/X (sky130_fd_sc_hd__clkbuf_16)
                                                         clknet_0_wb_clk_i (net)
                      0.077264    0.001846   25.532089 ^ clkbuf_3_1_0_wb_clk_i/A (sky130_fd_sc_hd__clkbuf_8)
    11    0.036856    0.057752    0.110772   25.642860 ^ clkbuf_3_1_0_wb_clk_i/X (sky130_fd_sc_hd__clkbuf_8)
                                                         clknet_3_1_0_wb_clk_i (net)
                      0.057754    0.000430   25.643291 ^ _698_/CLK (sky130_fd_sc_hd__dfrtp_2)
                                 -0.250000   25.393291   clock uncertainty
                                  0.055815   25.449106   clock reconvergence pessimism
                                 -0.073637   25.375469   library setup time
                                             25.375469   data required time
---------------------------------------------------------------------------------------------
                                             25.375469   data required time
                                             -3.508790   data arrival time
---------------------------------------------------------------------------------------------
                                             21.866680   slack (MET)


Startpoint: _733_ (rising edge-triggered flip-flop clocked by wb_clk_i)
Endpoint: _737_ (rising edge-triggered flip-flop clocked by wb_clk_i)
Path Group: wb_clk_i
Path Type: max

Fanout         Cap        Slew       Delay        Time   Description
---------------------------------------------------------------------------------------------
                                  0.000000    0.000000   clock wb_clk_i (rise edge)
                                  0.000000    0.000000   clock source latency
     2    0.147291    0.498689    0.407575    0.407575 ^ wb_clk_i (in)
                                                         wb_clk_i (net)
                      0.521806    0.000000    0.407575 ^ clkbuf_0_wb_clk_i/A (sky130_fd_sc_hd__clkbuf_16)
    17    0.072495    0.077203    0.178484    0.586059 ^ clkbuf_0_wb_clk_i/X (sky130_fd_sc_hd__clkbuf_16)
                                                         clknet_0_wb_clk_i (net)
                      0.077221    0.001265    0.587324 ^ clkbuf_3_6_0_wb_clk_i/A (sky130_fd_sc_hd__clkbuf_8)
    12    0.038165    0.059236    0.123573    0.710897 ^ clkbuf_3_6_0_wb_clk_i/X (sky130_fd_sc_hd__clkbuf_8)
                                                         clknet_3_6_0_wb_clk_i (net)
                      0.059236    0.000321    0.711218 ^ _733_/CLK (sky130_fd_sc_hd__dfrtp_2)
     2    0.006146    0.036471    0.236976    0.948194 ^ _733_/Q (sky130_fd_sc_hd__dfrtp_2)
                                                         timer.sec_div[6] (net)
                      0.036471    0.000051    0.948245 ^ hold177/A (sky130_fd_sc_hd__dlygate4sd3_1)
     3    0.012672    0.105104    0.446977    1.395222 ^ hold177/X (sky130_fd_sc_hd__dlygate4sd3_1)
                                                         net177 (net)
                      0.105104    0.000195    1.395417 ^ _407_/A (sky130_fd_sc_hd__and4_2)
     1    0.002575    0.030494    0.129544    1.524961 ^ _407_/X (sky130_fd_sc_hd__and4_2)
                                                         _221_ (net)
                      0.030494    0.000029    1.524989 ^ hold195/A (sky130_fd_sc_hd__dlygate4sd3_1)
     1    0.002095    0.033278    0.384467    1.909456 ^ hold195/X (sky130_fd_sc_hd__dlygate4sd3_1)
                                                         net195 (net)
                      0.033278    0.000020    1.909476 ^ _408_/D_N (sky130_fd_sc_hd__or4b_2)
     1    0.005173    0.072537    0.347027    2.256504 v _408_/X (sky130_fd_sc_hd__or4b_2)
                                                         _222_ (net)
                      0.072537    0.000128    2.256632 v _411_/B (sky130_fd_sc_hd__or4_2)
     6    0.022768    0.109235    0.456304    2.712936 v _411_/X (sky130_fd_sc_hd__or4_2)
                                                         _225_ (net)
                      0.109235    0.000030    2.712966 v _437_/A (sky130_fd_sc_hd__and3_2)
     1    0.001918    0.025685    0.137971    2.850937 v _437_/X (sky130_fd_sc_hd__and3_2)
                                                         _035_ (net)
                      0.025685    0.000017    2.850953 v hold191/A (sky130_fd_sc_hd__dlygate4sd3_1)
     1    0.002655    0.037528    0.374870    3.225823 v hold191/X (sky130_fd_sc_hd__dlygate4sd3_1)
                                                         net191 (net)
                      0.037528    0.000026    3.225849 v _737_/D (sky130_fd_sc_hd__dfrtp_2)
                                              3.225849   data arrival time

                                 25.000000   25.000000   clock wb_clk_i (rise edge)
                                  0.000000   25.000000   clock source latency
     2    0.147291    0.498689    0.368759   25.368759 ^ wb_clk_i (in)
                                                         wb_clk_i (net)
                      0.521806    0.000000   25.368759 ^ clkbuf_0_wb_clk_i/A (sky130_fd_sc_hd__clkbuf_16)
    17    0.072495    0.077203    0.161485   25.530243 ^ clkbuf_0_wb_clk_i/X (sky130_fd_sc_hd__clkbuf_16)
                                                         clknet_0_wb_clk_i (net)
                      0.077221    0.001144   25.531387 ^ clkbuf_3_6_0_wb_clk_i/A (sky130_fd_sc_hd__clkbuf_8)
    12    0.038165    0.059236    0.111804   25.643192 ^ clkbuf_3_6_0_wb_clk_i/X (sky130_fd_sc_hd__clkbuf_8)
                                                         clknet_3_6_0_wb_clk_i (net)
                      0.059236    0.000339   25.643530 ^ _737_/CLK (sky130_fd_sc_hd__dfrtp_2)
                                 -0.250000   25.393532   clock uncertainty
                                  0.067704   25.461235   clock reconvergence pessimism
                                 -0.073016   25.388218   library setup time
                                             25.388218   data required time
---------------------------------------------------------------------------------------------
                                             25.388218   data required time
                                             -3.225849   data arrival time
---------------------------------------------------------------------------------------------
                                             22.162369   slack (MET)


Startpoint: _733_ (rising edge-triggered flip-flop clocked by wb_clk_i)
Endpoint: _733_ (rising edge-triggered flip-flop clocked by wb_clk_i)
Path Group: wb_clk_i
Path Type: max

Fanout         Cap        Slew       Delay        Time   Description
---------------------------------------------------------------------------------------------
                                  0.000000    0.000000   clock wb_clk_i (rise edge)
                                  0.000000    0.000000   clock source latency
     2    0.147291    0.498689    0.407575    0.407575 ^ wb_clk_i (in)
                                                         wb_clk_i (net)
                      0.521806    0.000000    0.407575 ^ clkbuf_0_wb_clk_i/A (sky130_fd_sc_hd__clkbuf_16)
    17    0.072495    0.077203    0.178484    0.586059 ^ clkbuf_0_wb_clk_i/X (sky130_fd_sc_hd__clkbuf_16)
                                                         clknet_0_wb_clk_i (net)
                      0.077221    0.001265    0.587324 ^ clkbuf_3_6_0_wb_clk_i/A (sky130_fd_sc_hd__clkbuf_8)
    12    0.038165    0.059236    0.123573    0.710897 ^ clkbuf_3_6_0_wb_clk_i/X (sky130_fd_sc_hd__clkbuf_8)
                                                         clknet_3_6_0_wb_clk_i (net)
                      0.059236    0.000321    0.711218 ^ _733_/CLK (sky130_fd_sc_hd__dfrtp_2)
     2    0.006146    0.036471    0.236976    0.948194 ^ _733_/Q (sky130_fd_sc_hd__dfrtp_2)
                                                         timer.sec_div[6] (net)
                      0.036471    0.000051    0.948245 ^ hold177/A (sky130_fd_sc_hd__dlygate4sd3_1)
     3    0.012672    0.105104    0.446977    1.395222 ^ hold177/X (sky130_fd_sc_hd__dlygate4sd3_1)
                                                         net177 (net)
                      0.105104    0.000195    1.395417 ^ _407_/A (sky130_fd_sc_hd__and4_2)
     1    0.002575    0.030494    0.129544    1.524961 ^ _407_/X (sky130_fd_sc_hd__and4_2)
                                                         _221_ (net)
                      0.030494    0.000029    1.524989 ^ hold195/A (sky130_fd_sc_hd__dlygate4sd3_1)
     1    0.002095    0.033278    0.384467    1.909456 ^ hold195/X (sky130_fd_sc_hd__dlygate4sd3_1)
                                                         net195 (net)
                      0.033278    0.000020    1.909476 ^ _408_/D_N (sky130_fd_sc_hd__or4b_2)
     1    0.005173    0.072537    0.347027    2.256504 v _408_/X (sky130_fd_sc_hd__or4b_2)
                                                         _222_ (net)
                      0.072537    0.000128    2.256632 v _411_/B (sky130_fd_sc_hd__or4_2)
     6    0.022768    0.109235    0.456304    2.712936 v _411_/X (sky130_fd_sc_hd__or4_2)
                                                         _225_ (net)
                      0.109235    0.000300    2.713236 v _426_/A (sky130_fd_sc_hd__and3_2)
     1    0.001818    0.025519    0.137644    2.850880 v _426_/X (sky130_fd_sc_hd__and3_2)
                                                         _062_ (net)
                      0.025519    0.000008    2.850888 v hold179/A (sky130_fd_sc_hd__dlygate4sd3_1)
     1    0.002578    0.037292    0.374321    3.225209 v hold179/X (sky130_fd_sc_hd__dlygate4sd3_1)
                                                         net179 (net)
                      0.037292    0.000025    3.225235 v _733_/D (sky130_fd_sc_hd__dfrtp_2)
                                              3.225235   data arrival time

                                 25.000000   25.000000   clock wb_clk_i (rise edge)
                                  0.000000   25.000000   clock source latency
     2    0.147291    0.498689    0.368759   25.368759 ^ wb_clk_i (in)
                                                         wb_clk_i (net)
                      0.521806    0.000000   25.368759 ^ clkbuf_0_wb_clk_i/A (sky130_fd_sc_hd__clkbuf_16)
    17    0.072495    0.077203    0.161485   25.530243 ^ clkbuf_0_wb_clk_i/X (sky130_fd_sc_hd__clkbuf_16)
                                                         clknet_0_wb_clk_i (net)
                      0.077221    0.001144   25.531387 ^ clkbuf_3_6_0_wb_clk_i/A (sky130_fd_sc_hd__clkbuf_8)
    12    0.038165    0.059236    0.111804   25.643192 ^ clkbuf_3_6_0_wb_clk_i/X (sky130_fd_sc_hd__clkbuf_8)
                                                         clknet_3_6_0_wb_clk_i (net)
                      0.059236    0.000290   25.643480 ^ _733_/CLK (sky130_fd_sc_hd__dfrtp_2)
                                 -0.250000   25.393482   clock uncertainty
                                  0.067735   25.461216   clock reconvergence pessimism
                                 -0.072932   25.388285   library setup time
                                             25.388285   data required time
---------------------------------------------------------------------------------------------
                                             25.388285   data required time
                                             -3.225235   data arrival time
---------------------------------------------------------------------------------------------
                                             22.163052   slack (MET)


Startpoint: _733_ (rising edge-triggered flip-flop clocked by wb_clk_i)
Endpoint: _727_ (rising edge-triggered flip-flop clocked by wb_clk_i)
Path Group: wb_clk_i
Path Type: max

Fanout         Cap        Slew       Delay        Time   Description
---------------------------------------------------------------------------------------------
                                  0.000000    0.000000   clock wb_clk_i (rise edge)
                                  0.000000    0.000000   clock source latency
     2    0.147291    0.498689    0.407575    0.407575 ^ wb_clk_i (in)
                                                         wb_clk_i (net)
                      0.521806    0.000000    0.407575 ^ clkbuf_0_wb_clk_i/A (sky130_fd_sc_hd__clkbuf_16)
    17    0.072495    0.077203    0.178484    0.586059 ^ clkbuf_0_wb_clk_i/X (sky130_fd_sc_hd__clkbuf_16)
                                                         clknet_0_wb_clk_i (net)
                      0.077221    0.001265    0.587324 ^ clkbuf_3_6_0_wb_clk_i/A (sky130_fd_sc_hd__clkbuf_8)
    12    0.038165    0.059236    0.123573    0.710897 ^ clkbuf_3_6_0_wb_clk_i/X (sky130_fd_sc_hd__clkbuf_8)
                                                         clknet_3_6_0_wb_clk_i (net)
                      0.059236    0.000321    0.711218 ^ _733_/CLK (sky130_fd_sc_hd__dfrtp_2)
     2    0.006146    0.036471    0.236976    0.948194 ^ _733_/Q (sky130_fd_sc_hd__dfrtp_2)
                                                         timer.sec_div[6] (net)
                      0.036471    0.000051    0.948245 ^ hold177/A (sky130_fd_sc_hd__dlygate4sd3_1)
     3    0.012672    0.105104    0.446977    1.395222 ^ hold177/X (sky130_fd_sc_hd__dlygate4sd3_1)
                                                         net177 (net)
                      0.105104    0.000195    1.395417 ^ _407_/A (sky130_fd_sc_hd__and4_2)
     1    0.002575    0.030494    0.129544    1.524961 ^ _407_/X (sky130_fd_sc_hd__and4_2)
                                                         _221_ (net)
                      0.030494    0.000029    1.524989 ^ hold195/A (sky130_fd_sc_hd__dlygate4sd3_1)
     1    0.002095    0.033278    0.384467    1.909456 ^ hold195/X (sky130_fd_sc_hd__dlygate4sd3_1)
                                                         net195 (net)
                      0.033278    0.000020    1.909476 ^ _408_/D_N (sky130_fd_sc_hd__or4b_2)
     1    0.005173    0.072537    0.347027    2.256504 v _408_/X (sky130_fd_sc_hd__or4b_2)
                                                         _222_ (net)
                      0.072537    0.000128    2.256632 v _411_/B (sky130_fd_sc_hd__or4_2)
     6    0.022768    0.109235    0.456304    2.712936 v _411_/X (sky130_fd_sc_hd__or4_2)
                                                         _225_ (net)
                      0.109235    0.000420    2.713356 v _412_/A (sky130_fd_sc_hd__inv_2)
     3    0.014630    0.062308    0.093035    2.806391 ^ _412_/Y (sky130_fd_sc_hd__inv_2)
                                                         _033_ (net)
                      0.062308    0.000151    2.806543 ^ _413_/B (sky130_fd_sc_hd__nor2_2)
     1    0.002145    0.032567    0.017161    2.823704 v _413_/Y (sky130_fd_sc_hd__nor2_2)
                                                         _034_ (net)
                      0.032567    0.000021    2.823725 v hold28/A (sky130_fd_sc_hd__dlygate4sd3_1)
     1    0.002423    0.036833    0.376153    3.199878 v hold28/X (sky130_fd_sc_hd__dlygate4sd3_1)
                                                         net28 (net)
                      0.036833    0.000022    3.199901 v _727_/D (sky130_fd_sc_hd__dfrtp_2)
                                              3.199901   data arrival time

                                 25.000000   25.000000   clock wb_clk_i (rise edge)
                                  0.000000   25.000000   clock source latency
     2    0.147291    0.498689    0.368759   25.368759 ^ wb_clk_i (in)
                                                         wb_clk_i (net)
                      0.521806    0.000000   25.368759 ^ clkbuf_0_wb_clk_i/A (sky130_fd_sc_hd__clkbuf_16)
    17    0.072495    0.077203    0.161485   25.530243 ^ clkbuf_0_wb_clk_i/X (sky130_fd_sc_hd__clkbuf_16)
                                                         clknet_0_wb_clk_i (net)
                      0.077266    0.001867   25.532110 ^ clkbuf_3_7_0_wb_clk_i/A (sky130_fd_sc_hd__clkbuf_8)
    12    0.036897    0.057721    0.110798   25.642908 ^ clkbuf_3_7_0_wb_clk_i/X (sky130_fd_sc_hd__clkbuf_8)
                                                         clknet_3_7_0_wb_clk_i (net)
                      0.057725    0.000488   25.643398 ^ _727_/CLK (sky130_fd_sc_hd__dfrtp_2)
                                 -0.250000   25.393398   clock uncertainty
                                  0.055815   25.449213   clock reconvergence pessimism
                                 -0.072914   25.376299   library setup time
                                             25.376299   data required time
---------------------------------------------------------------------------------------------
                                             25.376299   data required time
                                             -3.199901   data arrival time
---------------------------------------------------------------------------------------------
                                             22.176397   slack (MET)


Startpoint: _733_ (rising edge-triggered flip-flop clocked by wb_clk_i)
Endpoint: _735_ (rising edge-triggered flip-flop clocked by wb_clk_i)
Path Group: wb_clk_i
Path Type: max

Fanout         Cap        Slew       Delay        Time   Description
---------------------------------------------------------------------------------------------
                                  0.000000    0.000000   clock wb_clk_i (rise edge)
                                  0.000000    0.000000   clock source latency
     2    0.147291    0.498689    0.407575    0.407575 ^ wb_clk_i (in)
                                                         wb_clk_i (net)
                      0.521806    0.000000    0.407575 ^ clkbuf_0_wb_clk_i/A (sky130_fd_sc_hd__clkbuf_16)
    17    0.072495    0.077203    0.178484    0.586059 ^ clkbuf_0_wb_clk_i/X (sky130_fd_sc_hd__clkbuf_16)
                                                         clknet_0_wb_clk_i (net)
                      0.077221    0.001265    0.587324 ^ clkbuf_3_6_0_wb_clk_i/A (sky130_fd_sc_hd__clkbuf_8)
    12    0.038165    0.059236    0.123573    0.710897 ^ clkbuf_3_6_0_wb_clk_i/X (sky130_fd_sc_hd__clkbuf_8)
                                                         clknet_3_6_0_wb_clk_i (net)
                      0.059236    0.000321    0.711218 ^ _733_/CLK (sky130_fd_sc_hd__dfrtp_2)
     2    0.006146    0.036471    0.236976    0.948194 ^ _733_/Q (sky130_fd_sc_hd__dfrtp_2)
                                                         timer.sec_div[6] (net)
                      0.036471    0.000051    0.948245 ^ hold177/A (sky130_fd_sc_hd__dlygate4sd3_1)
     3    0.012672    0.105104    0.446977    1.395222 ^ hold177/X (sky130_fd_sc_hd__dlygate4sd3_1)
                                                         net177 (net)
                      0.105104    0.000195    1.395417 ^ _407_/A (sky130_fd_sc_hd__and4_2)
     1    0.002575    0.030494    0.129544    1.524961 ^ _407_/X (sky130_fd_sc_hd__and4_2)
                                                         _221_ (net)
                      0.030494    0.000029    1.524989 ^ hold195/A (sky130_fd_sc_hd__dlygate4sd3_1)
     1    0.002095    0.033278    0.384467    1.909456 ^ hold195/X (sky130_fd_sc_hd__dlygate4sd3_1)
                                                         net195 (net)
                      0.033278    0.000020    1.909476 ^ _408_/D_N (sky130_fd_sc_hd__or4b_2)
     1    0.005173    0.072537    0.347027    2.256504 v _408_/X (sky130_fd_sc_hd__or4b_2)
                                                         _222_ (net)
                      0.072537    0.000128    2.256632 v _411_/B (sky130_fd_sc_hd__or4_2)
     6    0.022768    0.109235    0.456304    2.712936 v _411_/X (sky130_fd_sc_hd__or4_2)
                                                         _225_ (net)
                      0.109235    0.000428    2.713364 v _431_/C1 (sky130_fd_sc_hd__o211a_2)
     1    0.002138    0.028502    0.105599    2.818963 v _431_/X (sky130_fd_sc_hd__o211a_2)
                                                         _064_ (net)
                      0.028502    0.000022    2.818985 v hold162/A (sky130_fd_sc_hd__dlygate4sd3_1)
     1    0.002491    0.037027    0.374958    3.193943 v hold162/X (sky130_fd_sc_hd__dlygate4sd3_1)
                                                         net162 (net)
                      0.037027    0.000024    3.193967 v _735_/D (sky130_fd_sc_hd__dfrtp_2)
                                              3.193967   data arrival time

                                 25.000000   25.000000   clock wb_clk_i (rise edge)
                                  0.000000   25.000000   clock source latency
     2    0.147291    0.498689    0.368759   25.368759 ^ wb_clk_i (in)
                                                         wb_clk_i (net)
                      0.521806    0.000000   25.368759 ^ clkbuf_0_wb_clk_i/A (sky130_fd_sc_hd__clkbuf_16)
    17    0.072495    0.077203    0.161485   25.530243 ^ clkbuf_0_wb_clk_i/X (sky130_fd_sc_hd__clkbuf_16)
                                                         clknet_0_wb_clk_i (net)
                      0.077276    0.001995   25.532238 ^ clkbuf_3_5_0_wb_clk_i/A (sky130_fd_sc_hd__clkbuf_8)
    11    0.038208    0.059383    0.111976   25.644215 ^ clkbuf_3_5_0_wb_clk_i/X (sky130_fd_sc_hd__clkbuf_8)
                                                         clknet_3_5_0_wb_clk_i (net)
                      0.059383    0.000290   25.644505 ^ _735_/CLK (sky130_fd_sc_hd__dfrtp_2)
                                 -0.250000   25.394505   clock uncertainty
                                  0.055815   25.450319   clock reconvergence pessimism
                                 -0.072823   25.377497   library setup time
                                             25.377497   data required time
---------------------------------------------------------------------------------------------
                                             25.377497   data required time
                                             -3.193967   data arrival time
---------------------------------------------------------------------------------------------
                                             22.183531   slack (MET)


Startpoint: _733_ (rising edge-triggered flip-flop clocked by wb_clk_i)
Endpoint: _734_ (rising edge-triggered flip-flop clocked by wb_clk_i)
Path Group: wb_clk_i
Path Type: max

Fanout         Cap        Slew       Delay        Time   Description
---------------------------------------------------------------------------------------------
                                  0.000000    0.000000   clock wb_clk_i (rise edge)
                                  0.000000    0.000000   clock source latency
     2    0.147291    0.498689    0.407575    0.407575 ^ wb_clk_i (in)
                                                         wb_clk_i (net)
                      0.521806    0.000000    0.407575 ^ clkbuf_0_wb_clk_i/A (sky130_fd_sc_hd__clkbuf_16)
    17    0.072495    0.077203    0.178484    0.586059 ^ clkbuf_0_wb_clk_i/X (sky130_fd_sc_hd__clkbuf_16)
                                                         clknet_0_wb_clk_i (net)
                      0.077221    0.001265    0.587324 ^ clkbuf_3_6_0_wb_clk_i/A (sky130_fd_sc_hd__clkbuf_8)
    12    0.038165    0.059236    0.123573    0.710897 ^ clkbuf_3_6_0_wb_clk_i/X (sky130_fd_sc_hd__clkbuf_8)
                                                         clknet_3_6_0_wb_clk_i (net)
                      0.059236    0.000321    0.711218 ^ _733_/CLK (sky130_fd_sc_hd__dfrtp_2)
     2    0.006146    0.036471    0.236976    0.948194 ^ _733_/Q (sky130_fd_sc_hd__dfrtp_2)
                                                         timer.sec_div[6] (net)
                      0.036471    0.000051    0.948245 ^ hold177/A (sky130_fd_sc_hd__dlygate4sd3_1)
     3    0.012672    0.105104    0.446977    1.395222 ^ hold177/X (sky130_fd_sc_hd__dlygate4sd3_1)
                                                         net177 (net)
                      0.105104    0.000195    1.395417 ^ _407_/A (sky130_fd_sc_hd__and4_2)
     1    0.002575    0.030494    0.129544    1.524961 ^ _407_/X (sky130_fd_sc_hd__and4_2)
                                                         _221_ (net)
                      0.030494    0.000029    1.524989 ^ hold195/A (sky130_fd_sc_hd__dlygate4sd3_1)
     1    0.002095    0.033278    0.384467    1.909456 ^ hold195/X (sky130_fd_sc_hd__dlygate4sd3_1)
                                                         net195 (net)
                      0.033278    0.000020    1.909476 ^ _408_/D_N (sky130_fd_sc_hd__or4b_2)
     1    0.005173    0.072537    0.347027    2.256504 v _408_/X (sky130_fd_sc_hd__or4b_2)
                                                         _222_ (net)
                      0.072537    0.000128    2.256632 v _411_/B (sky130_fd_sc_hd__or4_2)
     6    0.022768    0.109235    0.456304    2.712936 v _411_/X (sky130_fd_sc_hd__or4_2)
                                                         _225_ (net)
                      0.109235    0.000420    2.713356 v _412_/A (sky130_fd_sc_hd__inv_2)
     3    0.014630    0.062308    0.093035    2.806391 ^ _412_/Y (sky130_fd_sc_hd__inv_2)
                                                         _033_ (net)
                      0.062308    0.000020    2.806412 ^ _429_/C1 (sky130_fd_sc_hd__a211oi_2)
     1    0.002495    0.031298    0.020124    2.826536 v _429_/Y (sky130_fd_sc_hd__a211oi_2)
                                                         _063_ (net)
                      0.031298    0.000028    2.826564 v hold149/A (sky130_fd_sc_hd__dlygate4sd3_1)
     1    0.002363    0.036660    0.375269    3.201833 v hold149/X (sky130_fd_sc_hd__dlygate4sd3_1)
                                                         net149 (net)
                      0.036660    0.000012    3.201845 v _734_/D (sky130_fd_sc_hd__dfrtp_2)
                                              3.201845   data arrival time

                                 25.000000   25.000000   clock wb_clk_i (rise edge)
                                  0.000000   25.000000   clock source latency
     2    0.147291    0.498689    0.368759   25.368759 ^ wb_clk_i (in)
                                                         wb_clk_i (net)
                      0.521806    0.000000   25.368759 ^ clkbuf_0_wb_clk_i/A (sky130_fd_sc_hd__clkbuf_16)
    17    0.072495    0.077203    0.161485   25.530243 ^ clkbuf_0_wb_clk_i/X (sky130_fd_sc_hd__clkbuf_16)
                                                         clknet_0_wb_clk_i (net)
                      0.077221    0.001144   25.531387 ^ clkbuf_3_6_0_wb_clk_i/A (sky130_fd_sc_hd__clkbuf_8)
    12    0.038165    0.059236    0.111804   25.643192 ^ clkbuf_3_6_0_wb_clk_i/X (sky130_fd_sc_hd__clkbuf_8)
                                                         clknet_3_6_0_wb_clk_i (net)
                      0.059236    0.000339   25.643530 ^ _734_/CLK (sky130_fd_sc_hd__dfrtp_2)
                                 -0.250000   25.393532   clock uncertainty
                                  0.067704   25.461235   clock reconvergence pessimism
                                 -0.072707   25.388529   library setup time
                                             25.388529   data required time
---------------------------------------------------------------------------------------------
                                             25.388529   data required time
                                             -3.201845   data arrival time
---------------------------------------------------------------------------------------------
                                             22.186686   slack (MET)


Startpoint: _733_ (rising edge-triggered flip-flop clocked by wb_clk_i)
Endpoint: _736_ (rising edge-triggered flip-flop clocked by wb_clk_i)
Path Group: wb_clk_i
Path Type: max

Fanout         Cap        Slew       Delay        Time   Description
---------------------------------------------------------------------------------------------
                                  0.000000    0.000000   clock wb_clk_i (rise edge)
                                  0.000000    0.000000   clock source latency
     2    0.147291    0.498689    0.407575    0.407575 ^ wb_clk_i (in)
                                                         wb_clk_i (net)
                      0.521806    0.000000    0.407575 ^ clkbuf_0_wb_clk_i/A (sky130_fd_sc_hd__clkbuf_16)
    17    0.072495    0.077203    0.178484    0.586059 ^ clkbuf_0_wb_clk_i/X (sky130_fd_sc_hd__clkbuf_16)
                                                         clknet_0_wb_clk_i (net)
                      0.077221    0.001265    0.587324 ^ clkbuf_3_6_0_wb_clk_i/A (sky130_fd_sc_hd__clkbuf_8)
    12    0.038165    0.059236    0.123573    0.710897 ^ clkbuf_3_6_0_wb_clk_i/X (sky130_fd_sc_hd__clkbuf_8)
                                                         clknet_3_6_0_wb_clk_i (net)
                      0.059236    0.000321    0.711218 ^ _733_/CLK (sky130_fd_sc_hd__dfrtp_2)
     2    0.006146    0.036471    0.236976    0.948194 ^ _733_/Q (sky130_fd_sc_hd__dfrtp_2)
                                                         timer.sec_div[6] (net)
                      0.036471    0.000051    0.948245 ^ hold177/A (sky130_fd_sc_hd__dlygate4sd3_1)
     3    0.012672    0.105104    0.446977    1.395222 ^ hold177/X (sky130_fd_sc_hd__dlygate4sd3_1)
                                                         net177 (net)
                      0.105104    0.000195    1.395417 ^ _407_/A (sky130_fd_sc_hd__and4_2)
     1    0.002575    0.030494    0.129544    1.524961 ^ _407_/X (sky130_fd_sc_hd__and4_2)
                                                         _221_ (net)
                      0.030494    0.000029    1.524989 ^ hold195/A (sky130_fd_sc_hd__dlygate4sd3_1)
     1    0.002095    0.033278    0.384467    1.909456 ^ hold195/X (sky130_fd_sc_hd__dlygate4sd3_1)
                                                         net195 (net)
                      0.033278    0.000020    1.909476 ^ _408_/D_N (sky130_fd_sc_hd__or4b_2)
     1    0.005173    0.072537    0.347027    2.256504 v _408_/X (sky130_fd_sc_hd__or4b_2)
                                                         _222_ (net)
                      0.072537    0.000128    2.256632 v _411_/B (sky130_fd_sc_hd__or4_2)
     6    0.022768    0.109235    0.456304    2.712936 v _411_/X (sky130_fd_sc_hd__or4_2)
                                                         _225_ (net)
                      0.109235    0.000391    2.713327 v _433_/B1 (sky130_fd_sc_hd__o21ai_2)
     1    0.004996    0.076180    0.071123    2.784450 ^ _433_/Y (sky130_fd_sc_hd__o21ai_2)
                                                         _237_ (net)
                      0.076180    0.000024    2.784475 ^ _434_/B1 (sky130_fd_sc_hd__a21oi_2)
     1    0.003268    0.024952    0.018978    2.803452 v _434_/Y (sky130_fd_sc_hd__a21oi_2)
                                                         _065_ (net)
                      0.024952    0.000046    2.803499 v hold155/A (sky130_fd_sc_hd__dlygate4sd3_1)
     1    0.002910    0.038617    0.376186    3.179685 v hold155/X (sky130_fd_sc_hd__dlygate4sd3_1)
                                                         net155 (net)
                      0.038617    0.000032    3.179717 v _736_/D (sky130_fd_sc_hd__dfrtp_2)
                                              3.179717   data arrival time

                                 25.000000   25.000000   clock wb_clk_i (rise edge)
                                  0.000000   25.000000   clock source latency
     2    0.147291    0.498689    0.368759   25.368759 ^ wb_clk_i (in)
                                                         wb_clk_i (net)
                      0.521806    0.000000   25.368759 ^ clkbuf_0_wb_clk_i/A (sky130_fd_sc_hd__clkbuf_16)
    17    0.072495    0.077203    0.161485   25.530243 ^ clkbuf_0_wb_clk_i/X (sky130_fd_sc_hd__clkbuf_16)
                                                         clknet_0_wb_clk_i (net)
                      0.077234    0.001398   25.531641 ^ clkbuf_3_4_0_wb_clk_i/A (sky130_fd_sc_hd__clkbuf_8)
    11    0.037149    0.058025    0.111003   25.642645 ^ clkbuf_3_4_0_wb_clk_i/X (sky130_fd_sc_hd__clkbuf_8)
                                                         clknet_3_4_0_wb_clk_i (net)
                      0.058027    0.000458   25.643103 ^ _736_/CLK (sky130_fd_sc_hd__dfrtp_2)
                                 -0.250000   25.393103   clock uncertainty
                                  0.055815   25.448919   clock reconvergence pessimism
                                 -0.073521   25.375397   library setup time
                                             25.375397   data required time
---------------------------------------------------------------------------------------------
                                             25.375397   data required time
                                             -3.179717   data arrival time
---------------------------------------------------------------------------------------------
                                             22.195679   slack (MET)


Startpoint: _722_ (rising edge-triggered flip-flop clocked by wb_clk_i)
Endpoint: _696_ (rising edge-triggered flip-flop clocked by wb_clk_i)
Path Group: wb_clk_i
Path Type: max

Fanout         Cap        Slew       Delay        Time   Description
---------------------------------------------------------------------------------------------
                                  0.000000    0.000000   clock wb_clk_i (rise edge)
                                  0.000000    0.000000   clock source latency
     2    0.147291    0.498689    0.407575    0.407575 ^ wb_clk_i (in)
                                                         wb_clk_i (net)
                      0.521806    0.000000    0.407575 ^ clkbuf_0_wb_clk_i/A (sky130_fd_sc_hd__clkbuf_16)
    17    0.072495    0.077203    0.178484    0.586059 ^ clkbuf_0_wb_clk_i/X (sky130_fd_sc_hd__clkbuf_16)
                                                         clknet_0_wb_clk_i (net)
                      0.077310    0.002600    0.588659 ^ clkbuf_3_0_0_wb_clk_i/A (sky130_fd_sc_hd__clkbuf_8)
    11    0.035669    0.056319    0.121342    0.710001 ^ clkbuf_3_0_0_wb_clk_i/X (sky130_fd_sc_hd__clkbuf_8)
                                                         clknet_3_0_0_wb_clk_i (net)
                      0.056325    0.000635    0.710636 ^ _722_/CLK (sky130_fd_sc_hd__dfrtp_2)
     2    0.005245    0.032961    0.263211    0.973847 v _722_/Q (sky130_fd_sc_hd__dfrtp_2)
                                                         timer.scan_div[28] (net)
                      0.032961    0.000035    0.973882 v hold117/A (sky130_fd_sc_hd__dlygate4sd3_1)
     4    0.021133    0.096032    0.449455    1.423337 v hold117/X (sky130_fd_sc_hd__dlygate4sd3_1)
                                                         net117 (net)
                      0.096032    0.000240    1.423577 v _390_/A (sky130_fd_sc_hd__or4_2)
     1    0.004939    0.071387    0.415354    1.838932 v _390_/X (sky130_fd_sc_hd__or4_2)
                                                         _205_ (net)
                      0.071388    0.000115    1.839046 v _392_/C (sky130_fd_sc_hd__or4_2)
     1    0.003553    0.066889    0.366361    2.205407 v _392_/X (sky130_fd_sc_hd__or4_2)
                                                         _207_ (net)
                      0.066889    0.000060    2.205467 v _393_/D (sky130_fd_sc_hd__or4_2)
     1    0.007388    0.076695    0.336791    2.542258 v _393_/X (sky130_fd_sc_hd__or4_2)
                                                         _208_ (net)
                      0.076695    0.000252    2.542510 v _399_/A (sky130_fd_sc_hd__or4_2)
     4    0.016204    0.097640    0.451890    2.994399 v _399_/X (sky130_fd_sc_hd__or4_2)
                                                         _214_ (net)
                      0.097640    0.000092    2.994491 v _493_/A (sky130_fd_sc_hd__and3_2)
     1    0.002555    0.027009    0.135131    3.129622 v _493_/X (sky130_fd_sc_hd__and3_2)
                                                         _023_ (net)
                      0.027009    0.000026    3.129648 v _696_/D (sky130_fd_sc_hd__dfrtp_2)
                                              3.129648   data arrival time

                                 25.000000   25.000000   clock wb_clk_i (rise edge)
                                  0.000000   25.000000   clock source latency
     2    0.147291    0.498689    0.368759   25.368759 ^ wb_clk_i (in)
                                                         wb_clk_i (net)
                      0.521806    0.000000   25.368759 ^ clkbuf_0_wb_clk_i/A (sky130_fd_sc_hd__clkbuf_16)
    17    0.072495    0.077203    0.161485   25.530243 ^ clkbuf_0_wb_clk_i/X (sky130_fd_sc_hd__clkbuf_16)
                                                         clknet_0_wb_clk_i (net)
                      0.077264    0.001846   25.532089 ^ clkbuf_3_1_0_wb_clk_i/A (sky130_fd_sc_hd__clkbuf_8)
    11    0.036856    0.057752    0.110772   25.642860 ^ clkbuf_3_1_0_wb_clk_i/X (sky130_fd_sc_hd__clkbuf_8)
                                                         clknet_3_1_0_wb_clk_i (net)
                      0.057752    0.000313   25.643173 ^ _696_/CLK (sky130_fd_sc_hd__dfrtp_2)
                                 -0.250000   25.393175   clock uncertainty
                                  0.055815   25.448990   clock reconvergence pessimism
                                 -0.069407   25.379581   library setup time
                                             25.379581   data required time
---------------------------------------------------------------------------------------------
                                             25.379581   data required time
                                             -3.129648   data arrival time
---------------------------------------------------------------------------------------------
                                             22.249933   slack (MET)


Startpoint: _722_ (rising edge-triggered flip-flop clocked by wb_clk_i)
Endpoint: _726_ (rising edge-triggered flip-flop clocked by wb_clk_i)
Path Group: wb_clk_i
Path Type: max

Fanout         Cap        Slew       Delay        Time   Description
---------------------------------------------------------------------------------------------
                                  0.000000    0.000000   clock wb_clk_i (rise edge)
                                  0.000000    0.000000   clock source latency
     2    0.147291    0.498689    0.407575    0.407575 ^ wb_clk_i (in)
                                                         wb_clk_i (net)
                      0.521806    0.000000    0.407575 ^ clkbuf_0_wb_clk_i/A (sky130_fd_sc_hd__clkbuf_16)
    17    0.072495    0.077203    0.178484    0.586059 ^ clkbuf_0_wb_clk_i/X (sky130_fd_sc_hd__clkbuf_16)
                                                         clknet_0_wb_clk_i (net)
                      0.077310    0.002600    0.588659 ^ clkbuf_3_0_0_wb_clk_i/A (sky130_fd_sc_hd__clkbuf_8)
    11    0.035669    0.056319    0.121342    0.710001 ^ clkbuf_3_0_0_wb_clk_i/X (sky130_fd_sc_hd__clkbuf_8)
                                                         clknet_3_0_0_wb_clk_i (net)
                      0.056325    0.000635    0.710636 ^ _722_/CLK (sky130_fd_sc_hd__dfrtp_2)
     2    0.005245    0.032961    0.263211    0.973847 v _722_/Q (sky130_fd_sc_hd__dfrtp_2)
                                                         timer.scan_div[28] (net)
                      0.032961    0.000035    0.973882 v hold117/A (sky130_fd_sc_hd__dlygate4sd3_1)
     4    0.021133    0.096032    0.449455    1.423337 v hold117/X (sky130_fd_sc_hd__dlygate4sd3_1)
                                                         net117 (net)
                      0.096032    0.000240    1.423577 v _390_/A (sky130_fd_sc_hd__or4_2)
     1    0.004939    0.071387    0.415354    1.838932 v _390_/X (sky130_fd_sc_hd__or4_2)
                                                         _205_ (net)
                      0.071388    0.000115    1.839046 v _392_/C (sky130_fd_sc_hd__or4_2)
     1    0.003553    0.066889    0.366361    2.205407 v _392_/X (sky130_fd_sc_hd__or4_2)
                                                         _207_ (net)
                      0.066889    0.000060    2.205467 v _393_/D (sky130_fd_sc_hd__or4_2)
     1    0.007388    0.076695    0.336791    2.542258 v _393_/X (sky130_fd_sc_hd__or4_2)
                                                         _208_ (net)
                      0.076695    0.000252    2.542510 v _399_/A (sky130_fd_sc_hd__or4_2)
     4    0.016204    0.097640    0.451890    2.994399 v _399_/X (sky130_fd_sc_hd__or4_2)
                                                         _214_ (net)
                      0.097640    0.000407    2.994806 v _400_/A (sky130_fd_sc_hd__inv_2)
     1    0.010144    0.049166    0.073949    3.068755 ^ _400_/Y (sky130_fd_sc_hd__inv_2)
                                                         _000_ (net)
                      0.049192    0.000464    3.069219 ^ _726_/D (sky130_fd_sc_hd__dfrtp_2)
                                              3.069219   data arrival time

                                 25.000000   25.000000   clock wb_clk_i (rise edge)
                                  0.000000   25.000000   clock source latency
     2    0.147291    0.498689    0.368759   25.368759 ^ wb_clk_i (in)
                                                         wb_clk_i (net)
                      0.521806    0.000000   25.368759 ^ clkbuf_0_wb_clk_i/A (sky130_fd_sc_hd__clkbuf_16)
    17    0.072495    0.077203    0.161485   25.530243 ^ clkbuf_0_wb_clk_i/X (sky130_fd_sc_hd__clkbuf_16)
                                                         clknet_0_wb_clk_i (net)
                      0.077234    0.001398   25.531641 ^ clkbuf_3_4_0_wb_clk_i/A (sky130_fd_sc_hd__clkbuf_8)
    11    0.037149    0.058025    0.111003   25.642645 ^ clkbuf_3_4_0_wb_clk_i/X (sky130_fd_sc_hd__clkbuf_8)
                                                         clknet_3_4_0_wb_clk_i (net)
                      0.058027    0.000416   25.643061 ^ _726_/CLK (sky130_fd_sc_hd__dfrtp_2)
                                 -0.250000   25.393061   clock uncertainty
                                  0.055815   25.448875   clock reconvergence pessimism
                                 -0.037171   25.411705   library setup time
                                             25.411705   data required time
---------------------------------------------------------------------------------------------
                                             25.411705   data required time
                                             -3.069219   data arrival time
---------------------------------------------------------------------------------------------
                                             22.342485   slack (MET)


Startpoint: _727_ (rising edge-triggered flip-flop clocked by wb_clk_i)
Endpoint: _756_ (rising edge-triggered flip-flop clocked by wb_clk_i)
Path Group: wb_clk_i
Path Type: max

Fanout         Cap        Slew       Delay        Time   Description
---------------------------------------------------------------------------------------------
                                  0.000000    0.000000   clock wb_clk_i (rise edge)
                                  0.000000    0.000000   clock source latency
     2    0.147291    0.498689    0.407575    0.407575 ^ wb_clk_i (in)
                                                         wb_clk_i (net)
                      0.521806    0.000000    0.407575 ^ clkbuf_0_wb_clk_i/A (sky130_fd_sc_hd__clkbuf_16)
    17    0.072495    0.077203    0.178484    0.586059 ^ clkbuf_0_wb_clk_i/X (sky130_fd_sc_hd__clkbuf_16)
                                                         clknet_0_wb_clk_i (net)
                      0.077266    0.002064    0.588122 ^ clkbuf_3_7_0_wb_clk_i/A (sky130_fd_sc_hd__clkbuf_8)
    12    0.036897    0.057721    0.122462    0.710585 ^ clkbuf_3_7_0_wb_clk_i/X (sky130_fd_sc_hd__clkbuf_8)
                                                         clknet_3_7_0_wb_clk_i (net)
                      0.057725    0.000540    0.711125 ^ _727_/CLK (sky130_fd_sc_hd__dfrtp_2)
     1    0.002121    0.023820    0.221686    0.932810 ^ _727_/Q (sky130_fd_sc_hd__dfrtp_2)
                                                         timer.sec_div[0] (net)
                      0.023820    0.000019    0.932829 ^ hold27/A (sky130_fd_sc_hd__dlygate4sd3_1)
     5    0.018945    0.150307    0.477911    1.410740 ^ hold27/X (sky130_fd_sc_hd__dlygate4sd3_1)
                                                         net27 (net)
                      0.150307    0.000117    1.410857 ^ _417_/A (sky130_fd_sc_hd__and4_2)
     8    0.027926    0.118915    0.222443    1.633301 ^ _417_/X (sky130_fd_sc_hd__and4_2)
                                                         _227_ (net)
                      0.118918    0.000780    1.634081 ^ _445_/A (sky130_fd_sc_hd__and4_2)
     9    0.033755    0.139361    0.232608    1.866689 ^ _445_/X (sky130_fd_sc_hd__and4_2)
                                                         _245_ (net)
                      0.139366    0.001023    1.867712 ^ _478_/A (sky130_fd_sc_hd__and4_2)
     5    0.023159    0.101905    0.206696    2.074408 ^ _478_/X (sky130_fd_sc_hd__and4_2)
                                                         _264_ (net)
                      0.101906    0.000576    2.074984 ^ _483_/A2 (sky130_fd_sc_hd__a21oi_2)
     1    0.002361    0.028642    0.035775    2.110759 v _483_/Y (sky130_fd_sc_hd__a21oi_2)
                                                         _267_ (net)
                      0.028642    0.000015    2.110773 v hold73/A (sky130_fd_sc_hd__dlygate4sd3_1)
     1    0.005078    0.046454    0.388958    2.499732 v hold73/X (sky130_fd_sc_hd__dlygate4sd3_1)
                                                         net73 (net)
                      0.046454    0.000065    2.499796 v _484_/B (sky130_fd_sc_hd__nor2_2)
     1    0.002566    0.042593    0.053740    2.553536 ^ _484_/Y (sky130_fd_sc_hd__nor2_2)
                                                         _055_ (net)
                      0.042593    0.000029    2.553565 ^ hold74/A (sky130_fd_sc_hd__dlygate4sd3_1)
     1    0.002636    0.036329    0.390843    2.944408 ^ hold74/X (sky130_fd_sc_hd__dlygate4sd3_1)
                                                         net74 (net)
                      0.036329    0.000028    2.944435 ^ _756_/D (sky130_fd_sc_hd__dfrtp_2)
                                              2.944435   data arrival time

                                 25.000000   25.000000   clock wb_clk_i (rise edge)
                                  0.000000   25.000000   clock source latency
     2    0.147291    0.498689    0.368759   25.368759 ^ wb_clk_i (in)
                                                         wb_clk_i (net)
                      0.521806    0.000000   25.368759 ^ clkbuf_0_wb_clk_i/A (sky130_fd_sc_hd__clkbuf_16)
    17    0.072495    0.077203    0.161485   25.530243 ^ clkbuf_0_wb_clk_i/X (sky130_fd_sc_hd__clkbuf_16)
                                                         clknet_0_wb_clk_i (net)
                      0.077233    0.001378   25.531622 ^ clkbuf_3_3_0_wb_clk_i/A (sky130_fd_sc_hd__clkbuf_8)
    11    0.036901    0.057806    0.110813   25.642435 ^ clkbuf_3_3_0_wb_clk_i/X (sky130_fd_sc_hd__clkbuf_8)
                                                         clknet_3_3_0_wb_clk_i (net)
                      0.057809    0.000448   25.642881 ^ _756_/CLK (sky130_fd_sc_hd__dfrtp_2)
                                 -0.250000   25.392883   clock uncertainty
                                  0.055815   25.448698   clock reconvergence pessimism
                                 -0.035884   25.412813   library setup time
                                             25.412813   data required time
---------------------------------------------------------------------------------------------
                                             25.412813   data required time
                                             -2.944435   data arrival time
---------------------------------------------------------------------------------------------
                                             22.468378   slack (MET)


Startpoint: _691_ (rising edge-triggered flip-flop clocked by wb_clk_i)
Endpoint: _684_ (rising edge-triggered flip-flop clocked by wb_clk_i)
Path Group: wb_clk_i
Path Type: max

Fanout         Cap        Slew       Delay        Time   Description
---------------------------------------------------------------------------------------------
                                  0.000000    0.000000   clock wb_clk_i (rise edge)
                                  0.000000    0.000000   clock source latency
     2    0.147291    0.498689    0.407575    0.407575 ^ wb_clk_i (in)
                                                         wb_clk_i (net)
                      0.521806    0.000000    0.407575 ^ clkbuf_0_wb_clk_i/A (sky130_fd_sc_hd__clkbuf_16)
    17    0.072495    0.077203    0.178484    0.586059 ^ clkbuf_0_wb_clk_i/X (sky130_fd_sc_hd__clkbuf_16)
                                                         clknet_0_wb_clk_i (net)
                      0.077266    0.002064    0.588122 ^ clkbuf_3_7_0_wb_clk_i/A (sky130_fd_sc_hd__clkbuf_8)
    12    0.036897    0.057721    0.122462    0.710585 ^ clkbuf_3_7_0_wb_clk_i/X (sky130_fd_sc_hd__clkbuf_8)
                                                         clknet_3_7_0_wb_clk_i (net)
                      0.057721    0.000290    0.710874 ^ _691_/CLK (sky130_fd_sc_hd__dfrtp_2)
     4    0.013167    0.047596    0.284094    0.994969 v _691_/Q (sky130_fd_sc_hd__dfrtp_2)
                                                         timer.sec_ones[2] (net)
                      0.047596    0.000028    0.994996 v hold142/A (sky130_fd_sc_hd__dlygate4sd3_1)
     2    0.012176    0.068119    0.426238    1.421234 v hold142/X (sky130_fd_sc_hd__dlygate4sd3_1)
                                                         net142 (net)
                      0.068119    0.000095    1.421329 v _343_/A_N (sky130_fd_sc_hd__and4b_2)
     3    0.010238    0.058608    0.205418    1.626747 ^ _343_/X (sky130_fd_sc_hd__and4b_2)
                                                         _178_ (net)
                      0.058608    0.000096    1.626843 ^ _356_/C (sky130_fd_sc_hd__and4b_2)
     6    0.027762    0.120462    0.209417    1.836260 ^ _356_/X (sky130_fd_sc_hd__and4b_2)
                                                         _186_ (net)
                      0.120463    0.000590    1.836850 ^ _363_/D (sky130_fd_sc_hd__and4_2)
     2    0.012117    0.064564    0.173749    2.010599 ^ _363_/X (sky130_fd_sc_hd__and4_2)
                                                         _190_ (net)
                      0.064564    0.000158    2.010757 ^ _365_/B (sky130_fd_sc_hd__xnor2_2)
     1    0.002775    0.075509    0.067965    2.078722 ^ _365_/Y (sky130_fd_sc_hd__xnor2_2)
                                                         _192_ (net)
                      0.075509    0.000034    2.078755 ^ hold159/A (sky130_fd_sc_hd__dlygate4sd3_1)
     1    0.004689    0.051958    0.409755    2.488510 ^ hold159/X (sky130_fd_sc_hd__dlygate4sd3_1)
                                                         net159 (net)
                      0.051958    0.000018    2.488528 ^ _368_/A (sky130_fd_sc_hd__nor2_2)
     1    0.002075    0.018576    0.023095    2.511622 v _368_/Y (sky130_fd_sc_hd__nor2_2)
                                                         _159_ (net)
                      0.018576    0.000020    2.511642 v hold160/A (sky130_fd_sc_hd__dlygate4sd3_1)
     1    0.002922    0.038675    0.374150    2.885793 v hold160/X (sky130_fd_sc_hd__dlygate4sd3_1)
                                                         net160 (net)
                      0.038675    0.000034    2.885826 v _684_/D (sky130_fd_sc_hd__dfrtp_2)
                                              2.885826   data arrival time

                                 25.000000   25.000000   clock wb_clk_i (rise edge)
                                  0.000000   25.000000   clock source latency
     2    0.147291    0.498689    0.368759   25.368759 ^ wb_clk_i (in)
                                                         wb_clk_i (net)
                      0.521806    0.000000   25.368759 ^ clkbuf_0_wb_clk_i/A (sky130_fd_sc_hd__clkbuf_16)
    17    0.072495    0.077203    0.161485   25.530243 ^ clkbuf_0_wb_clk_i/X (sky130_fd_sc_hd__clkbuf_16)
                                                         clknet_0_wb_clk_i (net)
                      0.077276    0.001995   25.532238 ^ clkbuf_3_5_0_wb_clk_i/A (sky130_fd_sc_hd__clkbuf_8)
    11    0.038208    0.059383    0.111976   25.644215 ^ clkbuf_3_5_0_wb_clk_i/X (sky130_fd_sc_hd__clkbuf_8)
                                                         clknet_3_5_0_wb_clk_i (net)
                      0.059385    0.000449   25.644665 ^ _684_/CLK (sky130_fd_sc_hd__dfrtp_2)
                                 -0.250000   25.394665   clock uncertainty
                                  0.055815   25.450480   clock reconvergence pessimism
                                 -0.073411   25.377068   library setup time
                                             25.377068   data required time
---------------------------------------------------------------------------------------------
                                             25.377068   data required time
                                             -2.885826   data arrival time
---------------------------------------------------------------------------------------------
                                             22.491241   slack (MET)


Startpoint: _691_ (rising edge-triggered flip-flop clocked by wb_clk_i)
Endpoint: _687_ (rising edge-triggered flip-flop clocked by wb_clk_i)
Path Group: wb_clk_i
Path Type: max

Fanout         Cap        Slew       Delay        Time   Description
---------------------------------------------------------------------------------------------
                                  0.000000    0.000000   clock wb_clk_i (rise edge)
                                  0.000000    0.000000   clock source latency
     2    0.147291    0.498689    0.407575    0.407575 ^ wb_clk_i (in)
                                                         wb_clk_i (net)
                      0.521806    0.000000    0.407575 ^ clkbuf_0_wb_clk_i/A (sky130_fd_sc_hd__clkbuf_16)
    17    0.072495    0.077203    0.178484    0.586059 ^ clkbuf_0_wb_clk_i/X (sky130_fd_sc_hd__clkbuf_16)
                                                         clknet_0_wb_clk_i (net)
                      0.077266    0.002064    0.588122 ^ clkbuf_3_7_0_wb_clk_i/A (sky130_fd_sc_hd__clkbuf_8)
    12    0.036897    0.057721    0.122462    0.710585 ^ clkbuf_3_7_0_wb_clk_i/X (sky130_fd_sc_hd__clkbuf_8)
                                                         clknet_3_7_0_wb_clk_i (net)
                      0.057721    0.000290    0.710874 ^ _691_/CLK (sky130_fd_sc_hd__dfrtp_2)
     4    0.013167    0.047596    0.284094    0.994969 v _691_/Q (sky130_fd_sc_hd__dfrtp_2)
                                                         timer.sec_ones[2] (net)
                      0.047596    0.000028    0.994996 v hold142/A (sky130_fd_sc_hd__dlygate4sd3_1)
     2    0.012176    0.068119    0.426238    1.421234 v hold142/X (sky130_fd_sc_hd__dlygate4sd3_1)
                                                         net142 (net)
                      0.068119    0.000095    1.421329 v _343_/A_N (sky130_fd_sc_hd__and4b_2)
     3    0.010238    0.058608    0.205418    1.626747 ^ _343_/X (sky130_fd_sc_hd__and4b_2)
                                                         _178_ (net)
                      0.058608    0.000079    1.626827 ^ _344_/B (sky130_fd_sc_hd__and2b_2)
     5    0.026873    0.105521    0.157200    1.784026 ^ _344_/X (sky130_fd_sc_hd__and2b_2)
                                                         _179_ (net)
                      0.105522    0.000541    1.784568 ^ _351_/C (sky130_fd_sc_hd__and3_2)
     3    0.011764    0.057999    0.146000    1.930568 ^ _351_/X (sky130_fd_sc_hd__and3_2)
                                                         _182_ (net)
                      0.057999    0.000211    1.930779 ^ _352_/B (sky130_fd_sc_hd__nand2_2)
     2    0.010865    0.046322    0.048390    1.979169 v _352_/Y (sky130_fd_sc_hd__nand2_2)
                                                         _183_ (net)
                      0.046322    0.000104    1.979273 v hold182/A (sky130_fd_sc_hd__dlygate4sd3_1)
     1    0.002007    0.035409    0.379025    2.358298 v hold182/X (sky130_fd_sc_hd__dlygate4sd3_1)
                                                         net182 (net)
                      0.035409    0.000012    2.358310 v _358_/A (sky130_fd_sc_hd__and3_2)
     1    0.002845    0.027632    0.110322    2.468632 v _358_/X (sky130_fd_sc_hd__and3_2)
                                                         _162_ (net)
                      0.027632    0.000038    2.468670 v hold183/A (sky130_fd_sc_hd__dlygate4sd3_1)
     1    0.002757    0.037921    0.376293    2.844963 v hold183/X (sky130_fd_sc_hd__dlygate4sd3_1)
                                                         net183 (net)
                      0.037921    0.000030    2.844993 v _687_/D (sky130_fd_sc_hd__dfrtp_2)
                                              2.844993   data arrival time

                                 25.000000   25.000000   clock wb_clk_i (rise edge)
                                  0.000000   25.000000   clock source latency
     2    0.147291    0.498689    0.368759   25.368759 ^ wb_clk_i (in)
                                                         wb_clk_i (net)
                      0.521806    0.000000   25.368759 ^ clkbuf_0_wb_clk_i/A (sky130_fd_sc_hd__clkbuf_16)
    17    0.072495    0.077203    0.161485   25.530243 ^ clkbuf_0_wb_clk_i/X (sky130_fd_sc_hd__clkbuf_16)
                                                         clknet_0_wb_clk_i (net)
                      0.077276    0.001995   25.532238 ^ clkbuf_3_5_0_wb_clk_i/A (sky130_fd_sc_hd__clkbuf_8)
    11    0.038208    0.059383    0.111976   25.644215 ^ clkbuf_3_5_0_wb_clk_i/X (sky130_fd_sc_hd__clkbuf_8)
                                                         clknet_3_5_0_wb_clk_i (net)
                      0.059383    0.000245   25.644461 ^ _687_/CLK (sky130_fd_sc_hd__dfrtp_2)
                                 -0.250000   25.394461   clock uncertainty
                                  0.055815   25.450275   clock reconvergence pessimism
                                 -0.073142   25.377134   library setup time
                                             25.377134   data required time
---------------------------------------------------------------------------------------------
                                             25.377134   data required time
                                             -2.844993   data arrival time
---------------------------------------------------------------------------------------------
                                             22.532143   slack (MET)


Startpoint: _733_ (rising edge-triggered flip-flop clocked by wb_clk_i)
Endpoint: _731_ (rising edge-triggered flip-flop clocked by wb_clk_i)
Path Group: wb_clk_i
Path Type: max

Fanout         Cap        Slew       Delay        Time   Description
---------------------------------------------------------------------------------------------
                                  0.000000    0.000000   clock wb_clk_i (rise edge)
                                  0.000000    0.000000   clock source latency
     2    0.147291    0.498689    0.407575    0.407575 ^ wb_clk_i (in)
                                                         wb_clk_i (net)
                      0.521806    0.000000    0.407575 ^ clkbuf_0_wb_clk_i/A (sky130_fd_sc_hd__clkbuf_16)
    17    0.072495    0.077203    0.178484    0.586059 ^ clkbuf_0_wb_clk_i/X (sky130_fd_sc_hd__clkbuf_16)
                                                         clknet_0_wb_clk_i (net)
                      0.077221    0.001265    0.587324 ^ clkbuf_3_6_0_wb_clk_i/A (sky130_fd_sc_hd__clkbuf_8)
    12    0.038165    0.059236    0.123573    0.710897 ^ clkbuf_3_6_0_wb_clk_i/X (sky130_fd_sc_hd__clkbuf_8)
                                                         clknet_3_6_0_wb_clk_i (net)
                      0.059236    0.000321    0.711218 ^ _733_/CLK (sky130_fd_sc_hd__dfrtp_2)
     2    0.006146    0.036471    0.236976    0.948194 ^ _733_/Q (sky130_fd_sc_hd__dfrtp_2)
                                                         timer.sec_div[6] (net)
                      0.036471    0.000051    0.948245 ^ hold177/A (sky130_fd_sc_hd__dlygate4sd3_1)
     3    0.012672    0.105104    0.446977    1.395222 ^ hold177/X (sky130_fd_sc_hd__dlygate4sd3_1)
                                                         net177 (net)
                      0.105104    0.000195    1.395417 ^ _407_/A (sky130_fd_sc_hd__and4_2)
     1    0.002575    0.030494    0.129544    1.524961 ^ _407_/X (sky130_fd_sc_hd__and4_2)
                                                         _221_ (net)
                      0.030494    0.000029    1.524989 ^ hold195/A (sky130_fd_sc_hd__dlygate4sd3_1)
     1    0.002095    0.033278    0.384467    1.909456 ^ hold195/X (sky130_fd_sc_hd__dlygate4sd3_1)
                                                         net195 (net)
                      0.033278    0.000020    1.909476 ^ _408_/D_N (sky130_fd_sc_hd__or4b_2)
     1    0.005173    0.072537    0.347027    2.256504 v _408_/X (sky130_fd_sc_hd__or4b_2)
                                                         _222_ (net)
                      0.072537    0.000128    2.256632 v _411_/B (sky130_fd_sc_hd__or4_2)
     6    0.022768    0.109235    0.456304    2.712936 v _411_/X (sky130_fd_sc_hd__or4_2)
                                                         _225_ (net)
                      0.109235    0.000135    2.713071 v _422_/A (sky130_fd_sc_hd__and3_2)
     1    0.002731    0.027342    0.140647    2.853718 v _422_/X (sky130_fd_sc_hd__and3_2)
                                                         _060_ (net)
                      0.027342    0.000029    2.853747 v _731_/D (sky130_fd_sc_hd__dfrtp_2)
                                              2.853747   data arrival time

                                 25.000000   25.000000   clock wb_clk_i (rise edge)
                                  0.000000   25.000000   clock source latency
     2    0.147291    0.498689    0.368759   25.368759 ^ wb_clk_i (in)
                                                         wb_clk_i (net)
                      0.521806    0.000000   25.368759 ^ clkbuf_0_wb_clk_i/A (sky130_fd_sc_hd__clkbuf_16)
    17    0.072495    0.077203    0.161485   25.530243 ^ clkbuf_0_wb_clk_i/X (sky130_fd_sc_hd__clkbuf_16)
                                                         clknet_0_wb_clk_i (net)
                      0.077221    0.001144   25.531387 ^ clkbuf_3_6_0_wb_clk_i/A (sky130_fd_sc_hd__clkbuf_8)
    12    0.038165    0.059236    0.111804   25.643192 ^ clkbuf_3_6_0_wb_clk_i/X (sky130_fd_sc_hd__clkbuf_8)
                                                         clknet_3_6_0_wb_clk_i (net)
                      0.059236    0.000087   25.643278 ^ _731_/CLK (sky130_fd_sc_hd__dfrtp_2)
                                 -0.250000   25.393280   clock uncertainty
                                  0.067704   25.460983   clock reconvergence pessimism
                                 -0.069383   25.391602   library setup time
                                             25.391602   data required time
---------------------------------------------------------------------------------------------
                                             25.391602   data required time
                                             -2.853747   data arrival time
---------------------------------------------------------------------------------------------
                                             22.537855   slack (MET)


Startpoint: _691_ (rising edge-triggered flip-flop clocked by wb_clk_i)
Endpoint: _677_ (rising edge-triggered flip-flop clocked by wb_clk_i)
Path Group: wb_clk_i
Path Type: max

Fanout         Cap        Slew       Delay        Time   Description
---------------------------------------------------------------------------------------------
                                  0.000000    0.000000   clock wb_clk_i (rise edge)
                                  0.000000    0.000000   clock source latency
     2    0.147291    0.498689    0.407575    0.407575 ^ wb_clk_i (in)
                                                         wb_clk_i (net)
                      0.521806    0.000000    0.407575 ^ clkbuf_0_wb_clk_i/A (sky130_fd_sc_hd__clkbuf_16)
    17    0.072495    0.077203    0.178484    0.586059 ^ clkbuf_0_wb_clk_i/X (sky130_fd_sc_hd__clkbuf_16)
                                                         clknet_0_wb_clk_i (net)
                      0.077266    0.002064    0.588122 ^ clkbuf_3_7_0_wb_clk_i/A (sky130_fd_sc_hd__clkbuf_8)
    12    0.036897    0.057721    0.122462    0.710585 ^ clkbuf_3_7_0_wb_clk_i/X (sky130_fd_sc_hd__clkbuf_8)
                                                         clknet_3_7_0_wb_clk_i (net)
                      0.057721    0.000290    0.710874 ^ _691_/CLK (sky130_fd_sc_hd__dfrtp_2)
     4    0.013167    0.047596    0.284094    0.994969 v _691_/Q (sky130_fd_sc_hd__dfrtp_2)
                                                         timer.sec_ones[2] (net)
                      0.047596    0.000028    0.994996 v hold142/A (sky130_fd_sc_hd__dlygate4sd3_1)
     2    0.012176    0.068119    0.426238    1.421234 v hold142/X (sky130_fd_sc_hd__dlygate4sd3_1)
                                                         net142 (net)
                      0.068119    0.000095    1.421329 v _343_/A_N (sky130_fd_sc_hd__and4b_2)
     3    0.010238    0.058608    0.205418    1.626747 ^ _343_/X (sky130_fd_sc_hd__and4b_2)
                                                         _178_ (net)
                      0.058608    0.000096    1.626843 ^ _356_/C (sky130_fd_sc_hd__and4b_2)
     6    0.027762    0.120462    0.209417    1.836260 ^ _356_/X (sky130_fd_sc_hd__and4b_2)
                                                         _186_ (net)
                      0.120463    0.000603    1.836863 ^ _367_/A (sky130_fd_sc_hd__and3_2)
     2    0.012456    0.060089    0.150687    1.987550 ^ _367_/X (sky130_fd_sc_hd__and3_2)
                                                         _194_ (net)
                      0.060089    0.000174    1.987724 ^ _382_/B (sky130_fd_sc_hd__nor2_2)
     1    0.002707    0.021609    0.018786    2.006510 v _382_/Y (sky130_fd_sc_hd__nor2_2)
                                                         _202_ (net)
                      0.021609    0.000032    2.006542 v hold68/A (sky130_fd_sc_hd__dlygate4sd3_1)
     1    0.004379    0.044177    0.383101    2.389642 v hold68/X (sky130_fd_sc_hd__dlygate4sd3_1)
                                                         net68 (net)
                      0.044177    0.000021    2.389663 v _383_/B (sky130_fd_sc_hd__nor2_2)
     1    0.003654    0.049913    0.058884    2.448548 ^ _383_/Y (sky130_fd_sc_hd__nor2_2)
                                                         _152_ (net)
                      0.049913    0.000055    2.448603 ^ hold69/A (sky130_fd_sc_hd__dlygate4sd3_1)
     1    0.002614    0.036203    0.392343    2.840945 ^ hold69/X (sky130_fd_sc_hd__dlygate4sd3_1)
                                                         net69 (net)
                      0.036203    0.000025    2.840971 ^ _677_/D (sky130_fd_sc_hd__dfrtp_2)
                                              2.840971   data arrival time

                                 25.000000   25.000000   clock wb_clk_i (rise edge)
                                  0.000000   25.000000   clock source latency
     2    0.147291    0.498689    0.368759   25.368759 ^ wb_clk_i (in)
                                                         wb_clk_i (net)
                      0.521806    0.000000   25.368759 ^ clkbuf_0_wb_clk_i/A (sky130_fd_sc_hd__clkbuf_16)
    17    0.072495    0.077203    0.161485   25.530243 ^ clkbuf_0_wb_clk_i/X (sky130_fd_sc_hd__clkbuf_16)
                                                         clknet_0_wb_clk_i (net)
                      0.077276    0.001995   25.532238 ^ clkbuf_3_5_0_wb_clk_i/A (sky130_fd_sc_hd__clkbuf_8)
    11    0.038208    0.059383    0.111976   25.644215 ^ clkbuf_3_5_0_wb_clk_i/X (sky130_fd_sc_hd__clkbuf_8)
                                                         clknet_3_5_0_wb_clk_i (net)
                      0.059385    0.000428   25.644642 ^ _677_/CLK (sky130_fd_sc_hd__dfrtp_2)
                                 -0.250000   25.394644   clock uncertainty
                                  0.055815   25.450459   clock reconvergence pessimism
                                 -0.035812   25.414648   library setup time
                                             25.414648   data required time
---------------------------------------------------------------------------------------------
                                             25.414648   data required time
                                             -2.840971   data arrival time
---------------------------------------------------------------------------------------------
                                             22.573677   slack (MET)


Startpoint: _733_ (rising edge-triggered flip-flop clocked by wb_clk_i)
Endpoint: _693_ (rising edge-triggered flip-flop clocked by wb_clk_i)
Path Group: wb_clk_i
Path Type: max

Fanout         Cap        Slew       Delay        Time   Description
---------------------------------------------------------------------------------------------
                                  0.000000    0.000000   clock wb_clk_i (rise edge)
                                  0.000000    0.000000   clock source latency
     2    0.147291    0.498689    0.407575    0.407575 ^ wb_clk_i (in)
                                                         wb_clk_i (net)
                      0.521806    0.000000    0.407575 ^ clkbuf_0_wb_clk_i/A (sky130_fd_sc_hd__clkbuf_16)
    17    0.072495    0.077203    0.178484    0.586059 ^ clkbuf_0_wb_clk_i/X (sky130_fd_sc_hd__clkbuf_16)
                                                         clknet_0_wb_clk_i (net)
                      0.077221    0.001265    0.587324 ^ clkbuf_3_6_0_wb_clk_i/A (sky130_fd_sc_hd__clkbuf_8)
    12    0.038165    0.059236    0.123573    0.710897 ^ clkbuf_3_6_0_wb_clk_i/X (sky130_fd_sc_hd__clkbuf_8)
                                                         clknet_3_6_0_wb_clk_i (net)
                      0.059236    0.000321    0.711218 ^ _733_/CLK (sky130_fd_sc_hd__dfrtp_2)
     2    0.006146    0.036471    0.236976    0.948194 ^ _733_/Q (sky130_fd_sc_hd__dfrtp_2)
                                                         timer.sec_div[6] (net)
                      0.036471    0.000051    0.948245 ^ hold177/A (sky130_fd_sc_hd__dlygate4sd3_1)
     3    0.012672    0.105104    0.446977    1.395222 ^ hold177/X (sky130_fd_sc_hd__dlygate4sd3_1)
                                                         net177 (net)
                      0.105104    0.000195    1.395417 ^ _407_/A (sky130_fd_sc_hd__and4_2)
     1    0.002575    0.030494    0.129544    1.524961 ^ _407_/X (sky130_fd_sc_hd__and4_2)
                                                         _221_ (net)
                      0.030494    0.000029    1.524989 ^ hold195/A (sky130_fd_sc_hd__dlygate4sd3_1)
     1    0.002095    0.033278    0.384467    1.909456 ^ hold195/X (sky130_fd_sc_hd__dlygate4sd3_1)
                                                         net195 (net)
                      0.033278    0.000020    1.909476 ^ _408_/D_N (sky130_fd_sc_hd__or4b_2)
     1    0.005173    0.072537    0.347027    2.256504 v _408_/X (sky130_fd_sc_hd__or4b_2)
                                                         _222_ (net)
                      0.072537    0.000128    2.256632 v _411_/B (sky130_fd_sc_hd__or4_2)
     6    0.022768    0.109235    0.456304    2.712936 v _411_/X (sky130_fd_sc_hd__or4_2)
                                                         _225_ (net)
                      0.109235    0.000420    2.713356 v _412_/A (sky130_fd_sc_hd__inv_2)
     3    0.014630    0.062308    0.093035    2.806391 ^ _412_/Y (sky130_fd_sc_hd__inv_2)
                                                         _033_ (net)
                      0.062308    0.000154    2.806546 ^ _693_/D (sky130_fd_sc_hd__dfrtp_2)
                                              2.806546   data arrival time

                                 25.000000   25.000000   clock wb_clk_i (rise edge)
                                  0.000000   25.000000   clock source latency
     2    0.147291    0.498689    0.368759   25.368759 ^ wb_clk_i (in)
                                                         wb_clk_i (net)
                      0.521806    0.000000   25.368759 ^ clkbuf_0_wb_clk_i/A (sky130_fd_sc_hd__clkbuf_16)
    17    0.072495    0.077203    0.161485   25.530243 ^ clkbuf_0_wb_clk_i/X (sky130_fd_sc_hd__clkbuf_16)
                                                         clknet_0_wb_clk_i (net)
                      0.077266    0.001867   25.532110 ^ clkbuf_3_7_0_wb_clk_i/A (sky130_fd_sc_hd__clkbuf_8)
    12    0.036897    0.057721    0.110798   25.642908 ^ clkbuf_3_7_0_wb_clk_i/X (sky130_fd_sc_hd__clkbuf_8)
                                                         clknet_3_7_0_wb_clk_i (net)
                      0.057724    0.000457   25.643366 ^ _693_/CLK (sky130_fd_sc_hd__dfrtp_2)
                                 -0.250000   25.393366   clock uncertainty
                                  0.055815   25.449181   clock reconvergence pessimism
                                 -0.038503   25.410679   library setup time
                                             25.410679   data required time
---------------------------------------------------------------------------------------------
                                             25.410679   data required time
                                             -2.806546   data arrival time
---------------------------------------------------------------------------------------------
                                             22.604132   slack (MET)


Startpoint: _727_ (rising edge-triggered flip-flop clocked by wb_clk_i)
Endpoint: _758_ (rising edge-triggered flip-flop clocked by wb_clk_i)
Path Group: wb_clk_i
Path Type: max

Fanout         Cap        Slew       Delay        Time   Description
---------------------------------------------------------------------------------------------
                                  0.000000    0.000000   clock wb_clk_i (rise edge)
                                  0.000000    0.000000   clock source latency
     2    0.147291    0.498689    0.407575    0.407575 ^ wb_clk_i (in)
                                                         wb_clk_i (net)
                      0.521806    0.000000    0.407575 ^ clkbuf_0_wb_clk_i/A (sky130_fd_sc_hd__clkbuf_16)
    17    0.072495    0.077203    0.178484    0.586059 ^ clkbuf_0_wb_clk_i/X (sky130_fd_sc_hd__clkbuf_16)
                                                         clknet_0_wb_clk_i (net)
                      0.077266    0.002064    0.588122 ^ clkbuf_3_7_0_wb_clk_i/A (sky130_fd_sc_hd__clkbuf_8)
    12    0.036897    0.057721    0.122462    0.710585 ^ clkbuf_3_7_0_wb_clk_i/X (sky130_fd_sc_hd__clkbuf_8)
                                                         clknet_3_7_0_wb_clk_i (net)
                      0.057725    0.000540    0.711125 ^ _727_/CLK (sky130_fd_sc_hd__dfrtp_2)
     1    0.002121    0.023820    0.221686    0.932810 ^ _727_/Q (sky130_fd_sc_hd__dfrtp_2)
                                                         timer.sec_div[0] (net)
                      0.023820    0.000019    0.932829 ^ hold27/A (sky130_fd_sc_hd__dlygate4sd3_1)
     5    0.018945    0.150307    0.477911    1.410740 ^ hold27/X (sky130_fd_sc_hd__dlygate4sd3_1)
                                                         net27 (net)
                      0.150307    0.000117    1.410857 ^ _417_/A (sky130_fd_sc_hd__and4_2)
     8    0.027926    0.118915    0.222443    1.633301 ^ _417_/X (sky130_fd_sc_hd__and4_2)
                                                         _227_ (net)
                      0.118918    0.000780    1.634081 ^ _445_/A (sky130_fd_sc_hd__and4_2)
     9    0.033755    0.139361    0.232608    1.866689 ^ _445_/X (sky130_fd_sc_hd__and4_2)
                                                         _245_ (net)
                      0.139366    0.001023    1.867712 ^ _478_/A (sky130_fd_sc_hd__and4_2)
     5    0.023159    0.101905    0.206696    2.074408 ^ _478_/X (sky130_fd_sc_hd__and4_2)
                                                         _264_ (net)
                      0.101905    0.000412    2.074820 ^ _485_/D (sky130_fd_sc_hd__and4_2)
     1    0.009153    0.053578    0.160538    2.235358 ^ _485_/X (sky130_fd_sc_hd__and4_2)
                                                         _268_ (net)
                      0.053578    0.000100    2.235457 ^ _487_/B (sky130_fd_sc_hd__xor2_2)
     1    0.002648    0.068013    0.083392    2.318850 ^ _487_/X (sky130_fd_sc_hd__xor2_2)
                                                         _058_ (net)
                      0.068013    0.000031    2.318880 ^ hold32/A (sky130_fd_sc_hd__dlygate4sd3_1)
     1    0.002295    0.034387    0.393381    2.712261 ^ hold32/X (sky130_fd_sc_hd__dlygate4sd3_1)
                                                         net32 (net)
                      0.034387    0.000020    2.712282 ^ _758_/D (sky130_fd_sc_hd__dfrtp_2)
                                              2.712282   data arrival time

                                 25.000000   25.000000   clock wb_clk_i (rise edge)
                                  0.000000   25.000000   clock source latency
     2    0.147291    0.498689    0.368759   25.368759 ^ wb_clk_i (in)
                                                         wb_clk_i (net)
                      0.521806    0.000000   25.368759 ^ clkbuf_0_wb_clk_i/A (sky130_fd_sc_hd__clkbuf_16)
    17    0.072495    0.077203    0.161485   25.530243 ^ clkbuf_0_wb_clk_i/X (sky130_fd_sc_hd__clkbuf_16)
                                                         clknet_0_wb_clk_i (net)
                      0.077233    0.001378   25.531622 ^ clkbuf_3_3_0_wb_clk_i/A (sky130_fd_sc_hd__clkbuf_8)
    11    0.036901    0.057806    0.110813   25.642435 ^ clkbuf_3_3_0_wb_clk_i/X (sky130_fd_sc_hd__clkbuf_8)
                                                         clknet_3_3_0_wb_clk_i (net)
                      0.057809    0.000478   25.642912 ^ _758_/CLK (sky130_fd_sc_hd__dfrtp_2)
                                 -0.250000   25.392914   clock uncertainty
                                  0.055815   25.448729   clock reconvergence pessimism
                                 -0.035688   25.413040   library setup time
                                             25.413040   data required time
---------------------------------------------------------------------------------------------
                                             25.413040   data required time
                                             -2.712282   data arrival time
---------------------------------------------------------------------------------------------
                                             22.700758   slack (MET)


Startpoint: _727_ (rising edge-triggered flip-flop clocked by wb_clk_i)
Endpoint: _757_ (rising edge-triggered flip-flop clocked by wb_clk_i)
Path Group: wb_clk_i
Path Type: max

Fanout         Cap        Slew       Delay        Time   Description
---------------------------------------------------------------------------------------------
                                  0.000000    0.000000   clock wb_clk_i (rise edge)
                                  0.000000    0.000000   clock source latency
     2    0.147291    0.498689    0.407575    0.407575 ^ wb_clk_i (in)
                                                         wb_clk_i (net)
                      0.521806    0.000000    0.407575 ^ clkbuf_0_wb_clk_i/A (sky130_fd_sc_hd__clkbuf_16)
    17    0.072495    0.077203    0.178484    0.586059 ^ clkbuf_0_wb_clk_i/X (sky130_fd_sc_hd__clkbuf_16)
                                                         clknet_0_wb_clk_i (net)
                      0.077266    0.002064    0.588122 ^ clkbuf_3_7_0_wb_clk_i/A (sky130_fd_sc_hd__clkbuf_8)
    12    0.036897    0.057721    0.122462    0.710585 ^ clkbuf_3_7_0_wb_clk_i/X (sky130_fd_sc_hd__clkbuf_8)
                                                         clknet_3_7_0_wb_clk_i (net)
                      0.057725    0.000540    0.711125 ^ _727_/CLK (sky130_fd_sc_hd__dfrtp_2)
     1    0.002121    0.023820    0.221686    0.932810 ^ _727_/Q (sky130_fd_sc_hd__dfrtp_2)
                                                         timer.sec_div[0] (net)
                      0.023820    0.000019    0.932829 ^ hold27/A (sky130_fd_sc_hd__dlygate4sd3_1)
     5    0.018945    0.150307    0.477911    1.410740 ^ hold27/X (sky130_fd_sc_hd__dlygate4sd3_1)
                                                         net27 (net)
                      0.150307    0.000117    1.410857 ^ _417_/A (sky130_fd_sc_hd__and4_2)
     8    0.027926    0.118915    0.222443    1.633301 ^ _417_/X (sky130_fd_sc_hd__and4_2)
                                                         _227_ (net)
                      0.118918    0.000780    1.634081 ^ _445_/A (sky130_fd_sc_hd__and4_2)
     9    0.033755    0.139361    0.232608    1.866689 ^ _445_/X (sky130_fd_sc_hd__and4_2)
                                                         _245_ (net)
                      0.139366    0.001023    1.867712 ^ _478_/A (sky130_fd_sc_hd__and4_2)
     5    0.023159    0.101905    0.206696    2.074408 ^ _478_/X (sky130_fd_sc_hd__and4_2)
                                                         _264_ (net)
                      0.101906    0.000507    2.074914 ^ _482_/C (sky130_fd_sc_hd__and3_2)
     2    0.014395    0.065683    0.153670    2.228585 ^ _482_/X (sky130_fd_sc_hd__and3_2)
                                                         _266_ (net)
                      0.065683    0.000185    2.228770 ^ _486_/B (sky130_fd_sc_hd__xor2_2)
     1    0.002510    0.067067    0.082808    2.311578 ^ _486_/X (sky130_fd_sc_hd__xor2_2)
                                                         _057_ (net)
                      0.067067    0.000029    2.311606 ^ hold42/A (sky130_fd_sc_hd__dlygate4sd3_1)
     1    0.002390    0.034918    0.393865    2.705472 ^ hold42/X (sky130_fd_sc_hd__dlygate4sd3_1)
                                                         net42 (net)
                      0.034918    0.000021    2.705493 ^ _757_/D (sky130_fd_sc_hd__dfrtp_2)
                                              2.705493   data arrival time

                                 25.000000   25.000000   clock wb_clk_i (rise edge)
                                  0.000000   25.000000   clock source latency
     2    0.147291    0.498689    0.368759   25.368759 ^ wb_clk_i (in)
                                                         wb_clk_i (net)
                      0.521806    0.000000   25.368759 ^ clkbuf_0_wb_clk_i/A (sky130_fd_sc_hd__clkbuf_16)
    17    0.072495    0.077203    0.161485   25.530243 ^ clkbuf_0_wb_clk_i/X (sky130_fd_sc_hd__clkbuf_16)
                                                         clknet_0_wb_clk_i (net)
                      0.077233    0.001378   25.531622 ^ clkbuf_3_3_0_wb_clk_i/A (sky130_fd_sc_hd__clkbuf_8)
    11    0.036901    0.057806    0.110813   25.642435 ^ clkbuf_3_3_0_wb_clk_i/X (sky130_fd_sc_hd__clkbuf_8)
                                                         clknet_3_3_0_wb_clk_i (net)
                      0.057808    0.000407   25.642841 ^ _757_/CLK (sky130_fd_sc_hd__dfrtp_2)
                                 -0.250000   25.392843   clock uncertainty
                                  0.055815   25.448658   clock reconvergence pessimism
                                 -0.035742   25.412914   library setup time
                                             25.412914   data required time
---------------------------------------------------------------------------------------------
                                             25.412914   data required time
                                             -2.705493   data arrival time
---------------------------------------------------------------------------------------------
                                             22.707422   slack (MET)


Startpoint: _727_ (rising edge-triggered flip-flop clocked by wb_clk_i)
Endpoint: _750_ (rising edge-triggered flip-flop clocked by wb_clk_i)
Path Group: wb_clk_i
Path Type: max

Fanout         Cap        Slew       Delay        Time   Description
---------------------------------------------------------------------------------------------
                                  0.000000    0.000000   clock wb_clk_i (rise edge)
                                  0.000000    0.000000   clock source latency
     2    0.147291    0.498689    0.407575    0.407575 ^ wb_clk_i (in)
                                                         wb_clk_i (net)
                      0.521806    0.000000    0.407575 ^ clkbuf_0_wb_clk_i/A (sky130_fd_sc_hd__clkbuf_16)
    17    0.072495    0.077203    0.178484    0.586059 ^ clkbuf_0_wb_clk_i/X (sky130_fd_sc_hd__clkbuf_16)
                                                         clknet_0_wb_clk_i (net)
                      0.077266    0.002064    0.588122 ^ clkbuf_3_7_0_wb_clk_i/A (sky130_fd_sc_hd__clkbuf_8)
    12    0.036897    0.057721    0.122462    0.710585 ^ clkbuf_3_7_0_wb_clk_i/X (sky130_fd_sc_hd__clkbuf_8)
                                                         clknet_3_7_0_wb_clk_i (net)
                      0.057725    0.000540    0.711125 ^ _727_/CLK (sky130_fd_sc_hd__dfrtp_2)
     1    0.002121    0.023820    0.221686    0.932810 ^ _727_/Q (sky130_fd_sc_hd__dfrtp_2)
                                                         timer.sec_div[0] (net)
                      0.023820    0.000019    0.932829 ^ hold27/A (sky130_fd_sc_hd__dlygate4sd3_1)
     5    0.018945    0.150307    0.477911    1.410740 ^ hold27/X (sky130_fd_sc_hd__dlygate4sd3_1)
                                                         net27 (net)
                      0.150307    0.000117    1.410857 ^ _417_/A (sky130_fd_sc_hd__and4_2)
     8    0.027926    0.118915    0.222443    1.633301 ^ _417_/X (sky130_fd_sc_hd__and4_2)
                                                         _227_ (net)
                      0.118918    0.000780    1.634081 ^ _445_/A (sky130_fd_sc_hd__and4_2)
     9    0.033755    0.139361    0.232608    1.866689 ^ _445_/X (sky130_fd_sc_hd__and4_2)
                                                         _245_ (net)
                      0.139365    0.000990    1.867679 ^ _460_/A (sky130_fd_sc_hd__and3_2)
     5    0.023081    0.096077    0.183588    2.051266 ^ _460_/X (sky130_fd_sc_hd__and3_2)
                                                         _254_ (net)
                      0.096077    0.000405    2.051672 ^ _466_/D (sky130_fd_sc_hd__and4_2)
     1    0.008697    0.051949    0.158112    2.209784 ^ _466_/X (sky130_fd_sc_hd__and4_2)
                                                         _257_ (net)
                      0.051949    0.000028    2.209811 ^ _468_/B (sky130_fd_sc_hd__xor2_2)
     1    0.002160    0.064550    0.080228    2.290039 ^ _468_/X (sky130_fd_sc_hd__xor2_2)
                                                         _049_ (net)
                      0.064550    0.000011    2.290050 ^ hold40/A (sky130_fd_sc_hd__dlygate4sd3_1)
     1    0.002423    0.035105    0.393672    2.683722 ^ hold40/X (sky130_fd_sc_hd__dlygate4sd3_1)
                                                         net40 (net)
                      0.035105    0.000022    2.683744 ^ _750_/D (sky130_fd_sc_hd__dfrtp_2)
                                              2.683744   data arrival time

                                 25.000000   25.000000   clock wb_clk_i (rise edge)
                                  0.000000   25.000000   clock source latency
     2    0.147291    0.498689    0.368759   25.368759 ^ wb_clk_i (in)
                                                         wb_clk_i (net)
                      0.521806    0.000000   25.368759 ^ clkbuf_0_wb_clk_i/A (sky130_fd_sc_hd__clkbuf_16)
    17    0.072495    0.077203    0.161485   25.530243 ^ clkbuf_0_wb_clk_i/X (sky130_fd_sc_hd__clkbuf_16)
                                                         clknet_0_wb_clk_i (net)
                      0.077233    0.001378   25.531622 ^ clkbuf_3_3_0_wb_clk_i/A (sky130_fd_sc_hd__clkbuf_8)
    11    0.036901    0.057806    0.110813   25.642435 ^ clkbuf_3_3_0_wb_clk_i/X (sky130_fd_sc_hd__clkbuf_8)
                                                         clknet_3_3_0_wb_clk_i (net)
                      0.057810    0.000494   25.642929 ^ _750_/CLK (sky130_fd_sc_hd__dfrtp_2)
                                 -0.250000   25.392929   clock uncertainty
                                  0.055815   25.448744   clock reconvergence pessimism
                                 -0.035761   25.412985   library setup time
                                             25.412985   data required time
---------------------------------------------------------------------------------------------
                                             25.412985   data required time
                                             -2.683744   data arrival time
---------------------------------------------------------------------------------------------
                                             22.729240   slack (MET)


Startpoint: _697_ (rising edge-triggered flip-flop clocked by wb_clk_i)
Endpoint: _725_ (rising edge-triggered flip-flop clocked by wb_clk_i)
Path Group: wb_clk_i
Path Type: max

Fanout         Cap        Slew       Delay        Time   Description
---------------------------------------------------------------------------------------------
                                  0.000000    0.000000   clock wb_clk_i (rise edge)
                                  0.000000    0.000000   clock source latency
     2    0.147291    0.498689    0.407575    0.407575 ^ wb_clk_i (in)
                                                         wb_clk_i (net)
                      0.521806    0.000000    0.407575 ^ clkbuf_0_wb_clk_i/A (sky130_fd_sc_hd__clkbuf_16)
    17    0.072495    0.077203    0.178484    0.586059 ^ clkbuf_0_wb_clk_i/X (sky130_fd_sc_hd__clkbuf_16)
                                                         clknet_0_wb_clk_i (net)
                      0.077264    0.002040    0.588099 ^ clkbuf_3_1_0_wb_clk_i/A (sky130_fd_sc_hd__clkbuf_8)
    11    0.036856    0.057752    0.122433    0.710532 ^ clkbuf_3_1_0_wb_clk_i/X (sky130_fd_sc_hd__clkbuf_8)
                                                         clknet_3_1_0_wb_clk_i (net)
                      0.057752    0.000278    0.710810 ^ _697_/CLK (sky130_fd_sc_hd__dfrtp_2)
     1    0.002587    0.025203    0.223576    0.934386 ^ _697_/Q (sky130_fd_sc_hd__dfrtp_2)
                                                         timer.scan_div[3] (net)
                      0.025203    0.000029    0.934415 ^ hold37/A (sky130_fd_sc_hd__dlygate4sd3_1)
     3    0.014661    0.119414    0.455172    1.389587 ^ hold37/X (sky130_fd_sc_hd__dlygate4sd3_1)
                                                         net37 (net)
                      0.119414    0.000082    1.389669 ^ _494_/C (sky130_fd_sc_hd__and4_2)
     6    0.018620    0.085713    0.193467    1.583135 ^ _494_/X (sky130_fd_sc_hd__and4_2)
                                                         _272_ (net)
                      0.085713    0.000255    1.583391 ^ _516_/A (sky130_fd_sc_hd__and4_2)
     8    0.034517    0.142088    0.225609    1.808999 ^ _516_/X (sky130_fd_sc_hd__and4_2)
                                                         _286_ (net)
                      0.142093    0.001079    1.810079 ^ _554_/A (sky130_fd_sc_hd__and4_2)
     5    0.027951    0.118891    0.220953    2.031032 ^ _554_/X (sky130_fd_sc_hd__and4_2)
                                                         _308_ (net)
                      0.118891    0.000586    2.031618 ^ _561_/D (sky130_fd_sc_hd__and4_2)
     1    0.008728    0.052106    0.161527    2.193144 ^ _561_/X (sky130_fd_sc_hd__and4_2)
                                                         _312_ (net)
                      0.052106    0.000028    2.193172 ^ _563_/B (sky130_fd_sc_hd__xor2_2)
     1    0.002107    0.063815    0.079903    2.273075 ^ _563_/X (sky130_fd_sc_hd__xor2_2)
                                                         _025_ (net)
                      0.063815    0.000010    2.273086 ^ hold30/A (sky130_fd_sc_hd__dlygate4sd3_1)
     1    0.002317    0.034510    0.392836    2.665922 ^ hold30/X (sky130_fd_sc_hd__dlygate4sd3_1)
                                                         net30 (net)
                      0.034510    0.000020    2.665942 ^ _725_/D (sky130_fd_sc_hd__dfrtp_2)
                                              2.665942   data arrival time

                                 25.000000   25.000000   clock wb_clk_i (rise edge)
                                  0.000000   25.000000   clock source latency
     2    0.147291    0.498689    0.368759   25.368759 ^ wb_clk_i (in)
                                                         wb_clk_i (net)
                      0.521806    0.000000   25.368759 ^ clkbuf_0_wb_clk_i/A (sky130_fd_sc_hd__clkbuf_16)
    17    0.072495    0.077203    0.161485   25.530243 ^ clkbuf_0_wb_clk_i/X (sky130_fd_sc_hd__clkbuf_16)
                                                         clknet_0_wb_clk_i (net)
                      0.077293    0.002180   25.532423 ^ clkbuf_3_2_0_wb_clk_i/A (sky130_fd_sc_hd__clkbuf_8)
    11    0.036432    0.057163    0.110424   25.642847 ^ clkbuf_3_2_0_wb_clk_i/X (sky130_fd_sc_hd__clkbuf_8)
                                                         clknet_3_2_0_wb_clk_i (net)
                      0.057168    0.000538   25.643385 ^ _725_/CLK (sky130_fd_sc_hd__dfrtp_2)
                                 -0.250000   25.393387   clock uncertainty
                                  0.055815   25.449202   clock reconvergence pessimism
                                 -0.035725   25.413477   library setup time
                                             25.413477   data required time
---------------------------------------------------------------------------------------------
                                             25.413477   data required time
                                             -2.665942   data arrival time
---------------------------------------------------------------------------------------------
                                             22.747534   slack (MET)


Startpoint: _727_ (rising edge-triggered flip-flop clocked by wb_clk_i)
Endpoint: _753_ (rising edge-triggered flip-flop clocked by wb_clk_i)
Path Group: wb_clk_i
Path Type: max

Fanout         Cap        Slew       Delay        Time   Description
---------------------------------------------------------------------------------------------
                                  0.000000    0.000000   clock wb_clk_i (rise edge)
                                  0.000000    0.000000   clock source latency
     2    0.147291    0.498689    0.407575    0.407575 ^ wb_clk_i (in)
                                                         wb_clk_i (net)
                      0.521806    0.000000    0.407575 ^ clkbuf_0_wb_clk_i/A (sky130_fd_sc_hd__clkbuf_16)
    17    0.072495    0.077203    0.178484    0.586059 ^ clkbuf_0_wb_clk_i/X (sky130_fd_sc_hd__clkbuf_16)
                                                         clknet_0_wb_clk_i (net)
                      0.077266    0.002064    0.588122 ^ clkbuf_3_7_0_wb_clk_i/A (sky130_fd_sc_hd__clkbuf_8)
    12    0.036897    0.057721    0.122462    0.710585 ^ clkbuf_3_7_0_wb_clk_i/X (sky130_fd_sc_hd__clkbuf_8)
                                                         clknet_3_7_0_wb_clk_i (net)
                      0.057725    0.000540    0.711125 ^ _727_/CLK (sky130_fd_sc_hd__dfrtp_2)
     1    0.002121    0.023820    0.221686    0.932810 ^ _727_/Q (sky130_fd_sc_hd__dfrtp_2)
                                                         timer.sec_div[0] (net)
                      0.023820    0.000019    0.932829 ^ hold27/A (sky130_fd_sc_hd__dlygate4sd3_1)
     5    0.018945    0.150307    0.477911    1.410740 ^ hold27/X (sky130_fd_sc_hd__dlygate4sd3_1)
                                                         net27 (net)
                      0.150307    0.000117    1.410857 ^ _417_/A (sky130_fd_sc_hd__and4_2)
     8    0.027926    0.118915    0.222443    1.633301 ^ _417_/X (sky130_fd_sc_hd__and4_2)
                                                         _227_ (net)
                      0.118918    0.000780    1.634081 ^ _445_/A (sky130_fd_sc_hd__and4_2)
     9    0.033755    0.139361    0.232608    1.866689 ^ _445_/X (sky130_fd_sc_hd__and4_2)
                                                         _245_ (net)
                      0.139365    0.001016    1.867705 ^ _471_/A (sky130_fd_sc_hd__and3_2)
     4    0.022058    0.092548    0.180739    2.048444 ^ _471_/X (sky130_fd_sc_hd__and3_2)
                                                         _260_ (net)
                      0.092549    0.000512    2.048955 ^ _474_/C (sky130_fd_sc_hd__and3_2)
     1    0.009670    0.050327    0.137028    2.185983 ^ _474_/X (sky130_fd_sc_hd__and3_2)
                                                         _262_ (net)
                      0.050327    0.000125    2.186108 ^ _476_/B (sky130_fd_sc_hd__xor2_2)
     1    0.002811    0.069798    0.084207    2.270314 ^ _476_/X (sky130_fd_sc_hd__xor2_2)
                                                         _052_ (net)
                      0.069798    0.000036    2.270350 ^ hold56/A (sky130_fd_sc_hd__dlygate4sd3_1)
     1    0.002599    0.036104    0.395718    2.666068 ^ hold56/X (sky130_fd_sc_hd__dlygate4sd3_1)
                                                         net56 (net)
                      0.036104    0.000026    2.666094 ^ _753_/D (sky130_fd_sc_hd__dfrtp_2)
                                              2.666094   data arrival time

                                 25.000000   25.000000   clock wb_clk_i (rise edge)
                                  0.000000   25.000000   clock source latency
     2    0.147291    0.498689    0.368759   25.368759 ^ wb_clk_i (in)
                                                         wb_clk_i (net)
                      0.521806    0.000000   25.368759 ^ clkbuf_0_wb_clk_i/A (sky130_fd_sc_hd__clkbuf_16)
    17    0.072495    0.077203    0.161485   25.530243 ^ clkbuf_0_wb_clk_i/X (sky130_fd_sc_hd__clkbuf_16)
                                                         clknet_0_wb_clk_i (net)
                      0.077221    0.001144   25.531387 ^ clkbuf_3_6_0_wb_clk_i/A (sky130_fd_sc_hd__clkbuf_8)
    12    0.038165    0.059236    0.111804   25.643192 ^ clkbuf_3_6_0_wb_clk_i/X (sky130_fd_sc_hd__clkbuf_8)
                                                         clknet_3_6_0_wb_clk_i (net)
                      0.059252    0.000897   25.644089 ^ _753_/CLK (sky130_fd_sc_hd__dfrtp_2)
                                 -0.250000   25.394089   clock uncertainty
                                  0.055815   25.449903   clock reconvergence pessimism
                                 -0.035807   25.414097   library setup time
                                             25.414097   data required time
---------------------------------------------------------------------------------------------
                                             25.414097   data required time
                                             -2.666094   data arrival time
---------------------------------------------------------------------------------------------
                                             22.748003   slack (MET)


Startpoint: _727_ (rising edge-triggered flip-flop clocked by wb_clk_i)
Endpoint: _749_ (rising edge-triggered flip-flop clocked by wb_clk_i)
Path Group: wb_clk_i
Path Type: max

Fanout         Cap        Slew       Delay        Time   Description
---------------------------------------------------------------------------------------------
                                  0.000000    0.000000   clock wb_clk_i (rise edge)
                                  0.000000    0.000000   clock source latency
     2    0.147291    0.498689    0.407575    0.407575 ^ wb_clk_i (in)
                                                         wb_clk_i (net)
                      0.521806    0.000000    0.407575 ^ clkbuf_0_wb_clk_i/A (sky130_fd_sc_hd__clkbuf_16)
    17    0.072495    0.077203    0.178484    0.586059 ^ clkbuf_0_wb_clk_i/X (sky130_fd_sc_hd__clkbuf_16)
                                                         clknet_0_wb_clk_i (net)
                      0.077266    0.002064    0.588122 ^ clkbuf_3_7_0_wb_clk_i/A (sky130_fd_sc_hd__clkbuf_8)
    12    0.036897    0.057721    0.122462    0.710585 ^ clkbuf_3_7_0_wb_clk_i/X (sky130_fd_sc_hd__clkbuf_8)
                                                         clknet_3_7_0_wb_clk_i (net)
                      0.057725    0.000540    0.711125 ^ _727_/CLK (sky130_fd_sc_hd__dfrtp_2)
     1    0.002121    0.023820    0.221686    0.932810 ^ _727_/Q (sky130_fd_sc_hd__dfrtp_2)
                                                         timer.sec_div[0] (net)
                      0.023820    0.000019    0.932829 ^ hold27/A (sky130_fd_sc_hd__dlygate4sd3_1)
     5    0.018945    0.150307    0.477911    1.410740 ^ hold27/X (sky130_fd_sc_hd__dlygate4sd3_1)
                                                         net27 (net)
                      0.150307    0.000117    1.410857 ^ _417_/A (sky130_fd_sc_hd__and4_2)
     8    0.027926    0.118915    0.222443    1.633301 ^ _417_/X (sky130_fd_sc_hd__and4_2)
                                                         _227_ (net)
                      0.118918    0.000780    1.634081 ^ _445_/A (sky130_fd_sc_hd__and4_2)
     9    0.033755    0.139361    0.232608    1.866689 ^ _445_/X (sky130_fd_sc_hd__and4_2)
                                                         _245_ (net)
                      0.139365    0.000990    1.867679 ^ _460_/A (sky130_fd_sc_hd__and3_2)
     5    0.023081    0.096077    0.183588    2.051266 ^ _460_/X (sky130_fd_sc_hd__and3_2)
                                                         _254_ (net)
                      0.096078    0.000508    2.051774 ^ _464_/C (sky130_fd_sc_hd__and3_2)
     1    0.008954    0.047926    0.135413    2.187188 ^ _464_/X (sky130_fd_sc_hd__and3_2)
                                                         _256_ (net)
                      0.047926    0.000080    2.187267 ^ _467_/B (sky130_fd_sc_hd__xor2_2)
     1    0.002279    0.065466    0.080705    2.267973 ^ _467_/X (sky130_fd_sc_hd__xor2_2)
                                                         _048_ (net)
                      0.065466    0.000023    2.267996 ^ hold64/A (sky130_fd_sc_hd__dlygate4sd3_1)
     1    0.002486    0.035459    0.394243    2.662239 ^ hold64/X (sky130_fd_sc_hd__dlygate4sd3_1)
                                                         net64 (net)
                      0.035459    0.000024    2.662262 ^ _749_/D (sky130_fd_sc_hd__dfrtp_2)
                                              2.662262   data arrival time

                                 25.000000   25.000000   clock wb_clk_i (rise edge)
                                  0.000000   25.000000   clock source latency
     2    0.147291    0.498689    0.368759   25.368759 ^ wb_clk_i (in)
                                                         wb_clk_i (net)
                      0.521806    0.000000   25.368759 ^ clkbuf_0_wb_clk_i/A (sky130_fd_sc_hd__clkbuf_16)
    17    0.072495    0.077203    0.161485   25.530243 ^ clkbuf_0_wb_clk_i/X (sky130_fd_sc_hd__clkbuf_16)
                                                         clknet_0_wb_clk_i (net)
                      0.077264    0.001846   25.532089 ^ clkbuf_3_1_0_wb_clk_i/A (sky130_fd_sc_hd__clkbuf_8)
    11    0.036856    0.057752    0.110772   25.642860 ^ clkbuf_3_1_0_wb_clk_i/X (sky130_fd_sc_hd__clkbuf_8)
                                                         clknet_3_1_0_wb_clk_i (net)
                      0.057757    0.000577   25.643438 ^ _749_/CLK (sky130_fd_sc_hd__dfrtp_2)
                                 -0.250000   25.393438   clock uncertainty
                                  0.055815   25.449255   clock reconvergence pessimism
                                 -0.035798   25.413456   library setup time
                                             25.413456   data required time
---------------------------------------------------------------------------------------------
                                             25.413456   data required time
                                             -2.662262   data arrival time
---------------------------------------------------------------------------------------------
                                             22.751192   slack (MET)


Startpoint: _729_ (rising edge-triggered flip-flop clocked by wb_clk_i)
Endpoint: _739_ (rising edge-triggered flip-flop clocked by wb_clk_i)
Path Group: wb_clk_i
Path Type: max

Fanout         Cap        Slew       Delay        Time   Description
---------------------------------------------------------------------------------------------
                                  0.000000    0.000000   clock wb_clk_i (rise edge)
                                  0.000000    0.000000   clock source latency
     2    0.147291    0.498689    0.407575    0.407575 ^ wb_clk_i (in)
                                                         wb_clk_i (net)
                      0.521806    0.000000    0.407575 ^ clkbuf_0_wb_clk_i/A (sky130_fd_sc_hd__clkbuf_16)
    17    0.072495    0.077203    0.178484    0.586059 ^ clkbuf_0_wb_clk_i/X (sky130_fd_sc_hd__clkbuf_16)
                                                         clknet_0_wb_clk_i (net)
                      0.077266    0.002064    0.588122 ^ clkbuf_3_7_0_wb_clk_i/A (sky130_fd_sc_hd__clkbuf_8)
    12    0.036897    0.057721    0.122462    0.710585 ^ clkbuf_3_7_0_wb_clk_i/X (sky130_fd_sc_hd__clkbuf_8)
                                                         clknet_3_7_0_wb_clk_i (net)
                      0.057722    0.000393    0.710978 ^ _729_/CLK (sky130_fd_sc_hd__dfrtp_2)
     1    0.002152    0.025959    0.252604    0.963582 v _729_/Q (sky130_fd_sc_hd__dfrtp_2)
                                                         timer.sec_div[2] (net)
                      0.025959    0.000021    0.963603 v hold59/A (sky130_fd_sc_hd__dlygate4sd3_1)
     4    0.016759    0.082365    0.432486    1.396089 v hold59/X (sky130_fd_sc_hd__dlygate4sd3_1)
                                                         net59 (net)
                      0.082365    0.000136    1.396225 v _417_/D (sky130_fd_sc_hd__and4_2)
     8    0.026334    0.064954    0.219192    1.615417 v _417_/X (sky130_fd_sc_hd__and4_2)
                                                         _227_ (net)
                      0.064962    0.000782    1.616199 v _439_/A (sky130_fd_sc_hd__and3_2)
     3    0.013848    0.046278    0.149274    1.765473 v _439_/X (sky130_fd_sc_hd__and3_2)
                                                         _241_ (net)
                      0.046278    0.000114    1.765588 v _442_/B (sky130_fd_sc_hd__nor2_2)
     1    0.002135    0.040631    0.051277    1.816864 ^ _442_/Y (sky130_fd_sc_hd__nor2_2)
                                                         _243_ (net)
                      0.040631    0.000019    1.816883 ^ hold97/A (sky130_fd_sc_hd__dlygate4sd3_1)
     1    0.005280    0.054037    0.406596    2.223479 ^ hold97/X (sky130_fd_sc_hd__dlygate4sd3_1)
                                                         net97 (net)
                      0.054037    0.000036    2.223515 ^ _443_/B (sky130_fd_sc_hd__nor2_2)
     1    0.001754    0.017030    0.016473    2.239988 v _443_/Y (sky130_fd_sc_hd__nor2_2)
                                                         _037_ (net)
                      0.017030    0.000007    2.239995 v hold98/A (sky130_fd_sc_hd__dlygate4sd3_1)
     1    0.003032    0.039181    0.374377    2.614371 v hold98/X (sky130_fd_sc_hd__dlygate4sd3_1)
                                                         net98 (net)
                      0.039181    0.000038    2.614409 v _739_/D (sky130_fd_sc_hd__dfrtp_2)
                                              2.614409   data arrival time

                                 25.000000   25.000000   clock wb_clk_i (rise edge)
                                  0.000000   25.000000   clock source latency
     2    0.147291    0.498689    0.368759   25.368759 ^ wb_clk_i (in)
                                                         wb_clk_i (net)
                      0.521806    0.000000   25.368759 ^ clkbuf_0_wb_clk_i/A (sky130_fd_sc_hd__clkbuf_16)
    17    0.072495    0.077203    0.161485   25.530243 ^ clkbuf_0_wb_clk_i/X (sky130_fd_sc_hd__clkbuf_16)
                                                         clknet_0_wb_clk_i (net)
                      0.077234    0.001398   25.531641 ^ clkbuf_3_4_0_wb_clk_i/A (sky130_fd_sc_hd__clkbuf_8)
    11    0.037149    0.058025    0.111003   25.642645 ^ clkbuf_3_4_0_wb_clk_i/X (sky130_fd_sc_hd__clkbuf_8)
                                                         clknet_3_4_0_wb_clk_i (net)
                      0.058025    0.000105   25.642750 ^ _739_/CLK (sky130_fd_sc_hd__dfrtp_2)
                                 -0.250000   25.392750   clock uncertainty
                                  0.055815   25.448565   clock reconvergence pessimism
                                 -0.073723   25.374842   library setup time
                                             25.374842   data required time
---------------------------------------------------------------------------------------------
                                             25.374842   data required time
                                             -2.614409   data arrival time
---------------------------------------------------------------------------------------------
                                             22.760433   slack (MET)


Startpoint: _691_ (rising edge-triggered flip-flop clocked by wb_clk_i)
Endpoint: _680_ (rising edge-triggered flip-flop clocked by wb_clk_i)
Path Group: wb_clk_i
Path Type: max

Fanout         Cap        Slew       Delay        Time   Description
---------------------------------------------------------------------------------------------
                                  0.000000    0.000000   clock wb_clk_i (rise edge)
                                  0.000000    0.000000   clock source latency
     2    0.147291    0.498689    0.407575    0.407575 ^ wb_clk_i (in)
                                                         wb_clk_i (net)
                      0.521806    0.000000    0.407575 ^ clkbuf_0_wb_clk_i/A (sky130_fd_sc_hd__clkbuf_16)
    17    0.072495    0.077203    0.178484    0.586059 ^ clkbuf_0_wb_clk_i/X (sky130_fd_sc_hd__clkbuf_16)
                                                         clknet_0_wb_clk_i (net)
                      0.077266    0.002064    0.588122 ^ clkbuf_3_7_0_wb_clk_i/A (sky130_fd_sc_hd__clkbuf_8)
    12    0.036897    0.057721    0.122462    0.710585 ^ clkbuf_3_7_0_wb_clk_i/X (sky130_fd_sc_hd__clkbuf_8)
                                                         clknet_3_7_0_wb_clk_i (net)
                      0.057721    0.000290    0.710874 ^ _691_/CLK (sky130_fd_sc_hd__dfrtp_2)
     4    0.013167    0.047596    0.284094    0.994969 v _691_/Q (sky130_fd_sc_hd__dfrtp_2)
                                                         timer.sec_ones[2] (net)
                      0.047596    0.000028    0.994996 v hold142/A (sky130_fd_sc_hd__dlygate4sd3_1)
     2    0.012176    0.068119    0.426238    1.421234 v hold142/X (sky130_fd_sc_hd__dlygate4sd3_1)
                                                         net142 (net)
                      0.068119    0.000095    1.421329 v _343_/A_N (sky130_fd_sc_hd__and4b_2)
     3    0.010238    0.058608    0.205418    1.626747 ^ _343_/X (sky130_fd_sc_hd__and4b_2)
                                                         _178_ (net)
                      0.058608    0.000096    1.626843 ^ _356_/C (sky130_fd_sc_hd__and4b_2)
     6    0.027762    0.120462    0.209417    1.836260 ^ _356_/X (sky130_fd_sc_hd__and4b_2)
                                                         _186_ (net)
                      0.120463    0.000652    1.836913 ^ _374_/B (sky130_fd_sc_hd__and4_2)
     5    0.021905    0.097292    0.203832    2.040745 ^ _374_/X (sky130_fd_sc_hd__and4_2)
                                                         _197_ (net)
                      0.097293    0.000527    2.041272 ^ _375_/C (sky130_fd_sc_hd__and3_2)
     1    0.009652    0.050615    0.137826    2.179098 ^ _375_/X (sky130_fd_sc_hd__and3_2)
                                                         _198_ (net)
                      0.050615    0.000126    2.179224 ^ _376_/B (sky130_fd_sc_hd__xor2_2)
     1    0.002228    0.064765    0.080568    2.259792 ^ _376_/X (sky130_fd_sc_hd__xor2_2)
                                                         _155_ (net)
                      0.064765    0.000012    2.259805 ^ hold46/A (sky130_fd_sc_hd__dlygate4sd3_1)
     1    0.002422    0.035098    0.393699    2.653503 ^ hold46/X (sky130_fd_sc_hd__dlygate4sd3_1)
                                                         net46 (net)
                      0.035098    0.000022    2.653526 ^ _680_/D (sky130_fd_sc_hd__dfrtp_2)
                                              2.653526   data arrival time

                                 25.000000   25.000000   clock wb_clk_i (rise edge)
                                  0.000000   25.000000   clock source latency
     2    0.147291    0.498689    0.368759   25.368759 ^ wb_clk_i (in)
                                                         wb_clk_i (net)
                      0.521806    0.000000   25.368759 ^ clkbuf_0_wb_clk_i/A (sky130_fd_sc_hd__clkbuf_16)
    17    0.072495    0.077203    0.161485   25.530243 ^ clkbuf_0_wb_clk_i/X (sky130_fd_sc_hd__clkbuf_16)
                                                         clknet_0_wb_clk_i (net)
                      0.077276    0.001995   25.532238 ^ clkbuf_3_5_0_wb_clk_i/A (sky130_fd_sc_hd__clkbuf_8)
    11    0.038208    0.059383    0.111976   25.644215 ^ clkbuf_3_5_0_wb_clk_i/X (sky130_fd_sc_hd__clkbuf_8)
                                                         clknet_3_5_0_wb_clk_i (net)
                      0.059383    0.000268   25.644484 ^ _680_/CLK (sky130_fd_sc_hd__dfrtp_2)
                                 -0.250000   25.394484   clock uncertainty
                                  0.055815   25.450298   clock reconvergence pessimism
                                 -0.035701   25.414597   library setup time
                                             25.414597   data required time
---------------------------------------------------------------------------------------------
                                             25.414597   data required time
                                             -2.653526   data arrival time
---------------------------------------------------------------------------------------------
                                             22.761072   slack (MET)


Startpoint: _697_ (rising edge-triggered flip-flop clocked by wb_clk_i)
Endpoint: _712_ (rising edge-triggered flip-flop clocked by wb_clk_i)
Path Group: wb_clk_i
Path Type: max

Fanout         Cap        Slew       Delay        Time   Description
---------------------------------------------------------------------------------------------
                                  0.000000    0.000000   clock wb_clk_i (rise edge)
                                  0.000000    0.000000   clock source latency
     2    0.147291    0.498689    0.407575    0.407575 ^ wb_clk_i (in)
                                                         wb_clk_i (net)
                      0.521806    0.000000    0.407575 ^ clkbuf_0_wb_clk_i/A (sky130_fd_sc_hd__clkbuf_16)
    17    0.072495    0.077203    0.178484    0.586059 ^ clkbuf_0_wb_clk_i/X (sky130_fd_sc_hd__clkbuf_16)
                                                         clknet_0_wb_clk_i (net)
                      0.077264    0.002040    0.588099 ^ clkbuf_3_1_0_wb_clk_i/A (sky130_fd_sc_hd__clkbuf_8)
    11    0.036856    0.057752    0.122433    0.710532 ^ clkbuf_3_1_0_wb_clk_i/X (sky130_fd_sc_hd__clkbuf_8)
                                                         clknet_3_1_0_wb_clk_i (net)
                      0.057752    0.000278    0.710810 ^ _697_/CLK (sky130_fd_sc_hd__dfrtp_2)
     1    0.002587    0.025203    0.223576    0.934386 ^ _697_/Q (sky130_fd_sc_hd__dfrtp_2)
                                                         timer.scan_div[3] (net)
                      0.025203    0.000029    0.934415 ^ hold37/A (sky130_fd_sc_hd__dlygate4sd3_1)
     3    0.014661    0.119414    0.455172    1.389587 ^ hold37/X (sky130_fd_sc_hd__dlygate4sd3_1)
                                                         net37 (net)
                      0.119414    0.000082    1.389669 ^ _494_/C (sky130_fd_sc_hd__and4_2)
     6    0.018620    0.085713    0.193467    1.583135 ^ _494_/X (sky130_fd_sc_hd__and4_2)
                                                         _272_ (net)
                      0.085713    0.000255    1.583391 ^ _516_/A (sky130_fd_sc_hd__and4_2)
     8    0.034517    0.142088    0.225609    1.808999 ^ _516_/X (sky130_fd_sc_hd__and4_2)
                                                         _286_ (net)
                      0.142092    0.000994    1.809993 ^ _526_/A (sky130_fd_sc_hd__and2_2)
     6    0.034448    0.136172    0.195225    2.005218 ^ _526_/X (sky130_fd_sc_hd__and2_2)
                                                         _292_ (net)
                      0.136175    0.000941    2.006160 ^ _530_/C (sky130_fd_sc_hd__and3_2)
     2    0.015364    0.070108    0.161670    2.167830 ^ _530_/X (sky130_fd_sc_hd__and3_2)
                                                         _294_ (net)
                      0.070108    0.000181    2.168010 ^ _533_/B (sky130_fd_sc_hd__xor2_2)
     1    0.002688    0.068928    0.084041    2.252052 ^ _533_/X (sky130_fd_sc_hd__xor2_2)
                                                         _010_ (net)
                      0.068928    0.000032    2.252083 ^ hold58/A (sky130_fd_sc_hd__dlygate4sd3_1)
     1    0.002982    0.038497    0.398155    2.650238 ^ hold58/X (sky130_fd_sc_hd__dlygate4sd3_1)
                                                         net58 (net)
                      0.038497    0.000034    2.650271 ^ _712_/D (sky130_fd_sc_hd__dfrtp_2)
                                              2.650271   data arrival time

                                 25.000000   25.000000   clock wb_clk_i (rise edge)
                                  0.000000   25.000000   clock source latency
     2    0.147291    0.498689    0.368759   25.368759 ^ wb_clk_i (in)
                                                         wb_clk_i (net)
                      0.521806    0.000000   25.368759 ^ clkbuf_0_wb_clk_i/A (sky130_fd_sc_hd__clkbuf_16)
    17    0.072495    0.077203    0.161485   25.530243 ^ clkbuf_0_wb_clk_i/X (sky130_fd_sc_hd__clkbuf_16)
                                                         clknet_0_wb_clk_i (net)
                      0.077310    0.002352   25.532595 ^ clkbuf_3_0_0_wb_clk_i/A (sky130_fd_sc_hd__clkbuf_8)
    11    0.035669    0.056319    0.109786   25.642382 ^ clkbuf_3_0_0_wb_clk_i/X (sky130_fd_sc_hd__clkbuf_8)
                                                         clknet_3_0_0_wb_clk_i (net)
                      0.056320    0.000327   25.642708 ^ _712_/CLK (sky130_fd_sc_hd__dfrtp_2)
                                 -0.250000   25.392710   clock uncertainty
                                  0.055815   25.448524   clock reconvergence pessimism
                                 -0.036158   25.412367   library setup time
                                             25.412367   data required time
---------------------------------------------------------------------------------------------
                                             25.412367   data required time
                                             -2.650271   data arrival time
---------------------------------------------------------------------------------------------
                                             22.762094   slack (MET)


Startpoint: _691_ (rising edge-triggered flip-flop clocked by wb_clk_i)
Endpoint: _678_ (rising edge-triggered flip-flop clocked by wb_clk_i)
Path Group: wb_clk_i
Path Type: max

Fanout         Cap        Slew       Delay        Time   Description
---------------------------------------------------------------------------------------------
                                  0.000000    0.000000   clock wb_clk_i (rise edge)
                                  0.000000    0.000000   clock source latency
     2    0.147291    0.498689    0.407575    0.407575 ^ wb_clk_i (in)
                                                         wb_clk_i (net)
                      0.521806    0.000000    0.407575 ^ clkbuf_0_wb_clk_i/A (sky130_fd_sc_hd__clkbuf_16)
    17    0.072495    0.077203    0.178484    0.586059 ^ clkbuf_0_wb_clk_i/X (sky130_fd_sc_hd__clkbuf_16)
                                                         clknet_0_wb_clk_i (net)
                      0.077266    0.002064    0.588122 ^ clkbuf_3_7_0_wb_clk_i/A (sky130_fd_sc_hd__clkbuf_8)
    12    0.036897    0.057721    0.122462    0.710585 ^ clkbuf_3_7_0_wb_clk_i/X (sky130_fd_sc_hd__clkbuf_8)
                                                         clknet_3_7_0_wb_clk_i (net)
                      0.057721    0.000290    0.710874 ^ _691_/CLK (sky130_fd_sc_hd__dfrtp_2)
     4    0.013167    0.047596    0.284094    0.994969 v _691_/Q (sky130_fd_sc_hd__dfrtp_2)
                                                         timer.sec_ones[2] (net)
                      0.047596    0.000028    0.994996 v hold142/A (sky130_fd_sc_hd__dlygate4sd3_1)
     2    0.012176    0.068119    0.426238    1.421234 v hold142/X (sky130_fd_sc_hd__dlygate4sd3_1)
                                                         net142 (net)
                      0.068119    0.000095    1.421329 v _343_/A_N (sky130_fd_sc_hd__and4b_2)
     3    0.010238    0.058608    0.205418    1.626747 ^ _343_/X (sky130_fd_sc_hd__and4b_2)
                                                         _178_ (net)
                      0.058608    0.000096    1.626843 ^ _356_/C (sky130_fd_sc_hd__and4b_2)
     6    0.027762    0.120462    0.209417    1.836260 ^ _356_/X (sky130_fd_sc_hd__and4b_2)
                                                         _186_ (net)
                      0.120463    0.000652    1.836913 ^ _374_/B (sky130_fd_sc_hd__and4_2)
     5    0.021905    0.097292    0.203832    2.040745 ^ _374_/X (sky130_fd_sc_hd__and4_2)
                                                         _197_ (net)
                      0.097292    0.000478    2.041223 ^ _379_/B1 (sky130_fd_sc_hd__o21a_2)
     2    0.007865    0.039617    0.086142    2.127365 ^ _379_/X (sky130_fd_sc_hd__o21a_2)
                                                         _201_ (net)
                      0.039617    0.000068    2.127432 ^ _381_/B1_N (sky130_fd_sc_hd__o21ba_2)
     1    0.003144    0.025860    0.097648    2.225080 v _381_/X (sky130_fd_sc_hd__o21ba_2)
                                                         _153_ (net)
                      0.025860    0.000041    2.225121 v hold153/A (sky130_fd_sc_hd__dlygate4sd3_1)
     1    0.002316    0.036479    0.372799    2.597920 v hold153/X (sky130_fd_sc_hd__dlygate4sd3_1)
                                                         net153 (net)
                      0.036479    0.000020    2.597941 v _678_/D (sky130_fd_sc_hd__dfrtp_2)
                                              2.597941   data arrival time

                                 25.000000   25.000000   clock wb_clk_i (rise edge)
                                  0.000000   25.000000   clock source latency
     2    0.147291    0.498689    0.368759   25.368759 ^ wb_clk_i (in)
                                                         wb_clk_i (net)
                      0.521806    0.000000   25.368759 ^ clkbuf_0_wb_clk_i/A (sky130_fd_sc_hd__clkbuf_16)
    17    0.072495    0.077203    0.161485   25.530243 ^ clkbuf_0_wb_clk_i/X (sky130_fd_sc_hd__clkbuf_16)
                                                         clknet_0_wb_clk_i (net)
                      0.077276    0.001995   25.532238 ^ clkbuf_3_5_0_wb_clk_i/A (sky130_fd_sc_hd__clkbuf_8)
    11    0.038208    0.059383    0.111976   25.644215 ^ clkbuf_3_5_0_wb_clk_i/X (sky130_fd_sc_hd__clkbuf_8)
                                                         clknet_3_5_0_wb_clk_i (net)
                      0.059383    0.000277   25.644491 ^ _678_/CLK (sky130_fd_sc_hd__dfrtp_2)
                                 -0.250000   25.394493   clock uncertainty
                                  0.055815   25.450308   clock reconvergence pessimism
                                 -0.072628   25.377680   library setup time
                                             25.377680   data required time
---------------------------------------------------------------------------------------------
                                             25.377680   data required time
                                             -2.597941   data arrival time
---------------------------------------------------------------------------------------------
                                             22.779737   slack (MET)


Startpoint: _729_ (rising edge-triggered flip-flop clocked by wb_clk_i)
Endpoint: _746_ (rising edge-triggered flip-flop clocked by wb_clk_i)
Path Group: wb_clk_i
Path Type: max

Fanout         Cap        Slew       Delay        Time   Description
---------------------------------------------------------------------------------------------
                                  0.000000    0.000000   clock wb_clk_i (rise edge)
                                  0.000000    0.000000   clock source latency
     2    0.147291    0.498689    0.407575    0.407575 ^ wb_clk_i (in)
                                                         wb_clk_i (net)
                      0.521806    0.000000    0.407575 ^ clkbuf_0_wb_clk_i/A (sky130_fd_sc_hd__clkbuf_16)
    17    0.072495    0.077203    0.178484    0.586059 ^ clkbuf_0_wb_clk_i/X (sky130_fd_sc_hd__clkbuf_16)
                                                         clknet_0_wb_clk_i (net)
                      0.077266    0.002064    0.588122 ^ clkbuf_3_7_0_wb_clk_i/A (sky130_fd_sc_hd__clkbuf_8)
    12    0.036897    0.057721    0.122462    0.710585 ^ clkbuf_3_7_0_wb_clk_i/X (sky130_fd_sc_hd__clkbuf_8)
                                                         clknet_3_7_0_wb_clk_i (net)
                      0.057722    0.000393    0.710978 ^ _729_/CLK (sky130_fd_sc_hd__dfrtp_2)
     1    0.002152    0.025959    0.252604    0.963582 v _729_/Q (sky130_fd_sc_hd__dfrtp_2)
                                                         timer.sec_div[2] (net)
                      0.025959    0.000021    0.963603 v hold59/A (sky130_fd_sc_hd__dlygate4sd3_1)
     4    0.016759    0.082365    0.432486    1.396089 v hold59/X (sky130_fd_sc_hd__dlygate4sd3_1)
                                                         net59 (net)
                      0.082365    0.000136    1.396225 v _417_/D (sky130_fd_sc_hd__and4_2)
     8    0.026334    0.064954    0.219192    1.615417 v _417_/X (sky130_fd_sc_hd__and4_2)
                                                         _227_ (net)
                      0.064961    0.000743    1.616160 v _445_/A (sky130_fd_sc_hd__and4_2)
     9    0.032127    0.073596    0.180164    1.796324 v _445_/X (sky130_fd_sc_hd__and4_2)
                                                         _245_ (net)
                      0.073605    0.000895    1.797218 v _455_/C (sky130_fd_sc_hd__and4_2)
     2    0.010388    0.042633    0.178070    1.975288 v _455_/X (sky130_fd_sc_hd__and4_2)
                                                         _251_ (net)
                      0.042633    0.000056    1.975344 v _457_/B (sky130_fd_sc_hd__and2_2)
     1    0.004098    0.029048    0.127314    2.102658 v _457_/X (sky130_fd_sc_hd__and2_2)
                                                         _252_ (net)
                      0.029048    0.000071    2.102729 v _461_/A2 (sky130_fd_sc_hd__o21ba_2)
     1    0.002493    0.024622    0.118778    2.221507 v _461_/X (sky130_fd_sc_hd__o21ba_2)
                                                         _044_ (net)
                      0.024622    0.000028    2.221535 v hold82/A (sky130_fd_sc_hd__dlygate4sd3_1)
     1    0.002356    0.036631    0.372559    2.594094 v hold82/X (sky130_fd_sc_hd__dlygate4sd3_1)
                                                         net82 (net)
                      0.036631    0.000021    2.594115 v _746_/D (sky130_fd_sc_hd__dfrtp_2)
                                              2.594115   data arrival time

                                 25.000000   25.000000   clock wb_clk_i (rise edge)
                                  0.000000   25.000000   clock source latency
     2    0.147291    0.498689    0.368759   25.368759 ^ wb_clk_i (in)
                                                         wb_clk_i (net)
                      0.521806    0.000000   25.368759 ^ clkbuf_0_wb_clk_i/A (sky130_fd_sc_hd__clkbuf_16)
    17    0.072495    0.077203    0.161485   25.530243 ^ clkbuf_0_wb_clk_i/X (sky130_fd_sc_hd__clkbuf_16)
                                                         clknet_0_wb_clk_i (net)
                      0.077234    0.001398   25.531641 ^ clkbuf_3_4_0_wb_clk_i/A (sky130_fd_sc_hd__clkbuf_8)
    11    0.037149    0.058025    0.111003   25.642645 ^ clkbuf_3_4_0_wb_clk_i/X (sky130_fd_sc_hd__clkbuf_8)
                                                         clknet_3_4_0_wb_clk_i (net)
                      0.058032    0.000638   25.643282 ^ _746_/CLK (sky130_fd_sc_hd__dfrtp_2)
                                 -0.250000   25.393282   clock uncertainty
                                  0.055815   25.449099   clock reconvergence pessimism
                                 -0.072812   25.376286   library setup time
                                             25.376286   data required time
---------------------------------------------------------------------------------------------
                                             25.376286   data required time
                                             -2.594115   data arrival time
---------------------------------------------------------------------------------------------
                                             22.782169   slack (MET)


Startpoint: _697_ (rising edge-triggered flip-flop clocked by wb_clk_i)
Endpoint: _721_ (rising edge-triggered flip-flop clocked by wb_clk_i)
Path Group: wb_clk_i
Path Type: max

Fanout         Cap        Slew       Delay        Time   Description
---------------------------------------------------------------------------------------------
                                  0.000000    0.000000   clock wb_clk_i (rise edge)
                                  0.000000    0.000000   clock source latency
     2    0.147291    0.498689    0.407575    0.407575 ^ wb_clk_i (in)
                                                         wb_clk_i (net)
                      0.521806    0.000000    0.407575 ^ clkbuf_0_wb_clk_i/A (sky130_fd_sc_hd__clkbuf_16)
    17    0.072495    0.077203    0.178484    0.586059 ^ clkbuf_0_wb_clk_i/X (sky130_fd_sc_hd__clkbuf_16)
                                                         clknet_0_wb_clk_i (net)
                      0.077264    0.002040    0.588099 ^ clkbuf_3_1_0_wb_clk_i/A (sky130_fd_sc_hd__clkbuf_8)
    11    0.036856    0.057752    0.122433    0.710532 ^ clkbuf_3_1_0_wb_clk_i/X (sky130_fd_sc_hd__clkbuf_8)
                                                         clknet_3_1_0_wb_clk_i (net)
                      0.057752    0.000278    0.710810 ^ _697_/CLK (sky130_fd_sc_hd__dfrtp_2)
     1    0.002417    0.026539    0.253601    0.964411 v _697_/Q (sky130_fd_sc_hd__dfrtp_2)
                                                         timer.scan_div[3] (net)
                      0.026539    0.000027    0.964438 v hold37/A (sky130_fd_sc_hd__dlygate4sd3_1)
     3    0.013703    0.073084    0.422772    1.387209 v hold37/X (sky130_fd_sc_hd__dlygate4sd3_1)
                                                         net37 (net)
                      0.073084    0.000077    1.387286 v _494_/C (sky130_fd_sc_hd__and4_2)
     6    0.017792    0.053086    0.193146    1.580432 v _494_/X (sky130_fd_sc_hd__and4_2)
                                                         _272_ (net)
                      0.053087    0.000244    1.580676 v _516_/A (sky130_fd_sc_hd__and4_2)
     8    0.032878    0.074795    0.176220    1.756896 v _516_/X (sky130_fd_sc_hd__and4_2)
                                                         _286_ (net)
                      0.074809    0.001045    1.757940 v _546_/A (sky130_fd_sc_hd__and3_2)
     5    0.021513    0.056796    0.165777    1.923717 v _546_/X (sky130_fd_sc_hd__and3_2)
                                                         _304_ (net)
                      0.056796    0.000271    1.923988 v _555_/A4 (sky130_fd_sc_hd__a41o_2)
     1    0.002365    0.027061    0.181978    2.105966 v _555_/X (sky130_fd_sc_hd__a41o_2)
                                                         _309_ (net)
                      0.027061    0.000026    2.105993 v _556_/B (sky130_fd_sc_hd__and2b_2)
     1    0.001904    0.024089    0.114076    2.220068 v _556_/X (sky130_fd_sc_hd__and2b_2)
                                                         _020_ (net)
                      0.024089    0.000009    2.220077 v hold164/A (sky130_fd_sc_hd__dlygate4sd3_1)
     1    0.002372    0.036684    0.372442    2.592520 v hold164/X (sky130_fd_sc_hd__dlygate4sd3_1)
                                                         net164 (net)
                      0.036684    0.000022    2.592541 v _721_/D (sky130_fd_sc_hd__dfrtp_2)
                                              2.592541   data arrival time

                                 25.000000   25.000000   clock wb_clk_i (rise edge)
                                  0.000000   25.000000   clock source latency
     2    0.147291    0.498689    0.368759   25.368759 ^ wb_clk_i (in)
                                                         wb_clk_i (net)
                      0.521806    0.000000   25.368759 ^ clkbuf_0_wb_clk_i/A (sky130_fd_sc_hd__clkbuf_16)
    17    0.072495    0.077203    0.161485   25.530243 ^ clkbuf_0_wb_clk_i/X (sky130_fd_sc_hd__clkbuf_16)
                                                         clknet_0_wb_clk_i (net)
                      0.077310    0.002352   25.532595 ^ clkbuf_3_0_0_wb_clk_i/A (sky130_fd_sc_hd__clkbuf_8)
    11    0.035669    0.056319    0.109786   25.642382 ^ clkbuf_3_0_0_wb_clk_i/X (sky130_fd_sc_hd__clkbuf_8)
                                                         clknet_3_0_0_wb_clk_i (net)
                      0.056321    0.000409   25.642790 ^ _721_/CLK (sky130_fd_sc_hd__dfrtp_2)
                                 -0.250000   25.392792   clock uncertainty
                                  0.055815   25.448606   clock reconvergence pessimism
                                 -0.072996   25.375610   library setup time
                                             25.375610   data required time
---------------------------------------------------------------------------------------------
                                             25.375610   data required time
                                             -2.592541   data arrival time
---------------------------------------------------------------------------------------------
                                             22.783068   slack (MET)


Startpoint: _697_ (rising edge-triggered flip-flop clocked by wb_clk_i)
Endpoint: _713_ (rising edge-triggered flip-flop clocked by wb_clk_i)
Path Group: wb_clk_i
Path Type: max

Fanout         Cap        Slew       Delay        Time   Description
---------------------------------------------------------------------------------------------
                                  0.000000    0.000000   clock wb_clk_i (rise edge)
                                  0.000000    0.000000   clock source latency
     2    0.147291    0.498689    0.407575    0.407575 ^ wb_clk_i (in)
                                                         wb_clk_i (net)
                      0.521806    0.000000    0.407575 ^ clkbuf_0_wb_clk_i/A (sky130_fd_sc_hd__clkbuf_16)
    17    0.072495    0.077203    0.178484    0.586059 ^ clkbuf_0_wb_clk_i/X (sky130_fd_sc_hd__clkbuf_16)
                                                         clknet_0_wb_clk_i (net)
                      0.077264    0.002040    0.588099 ^ clkbuf_3_1_0_wb_clk_i/A (sky130_fd_sc_hd__clkbuf_8)
    11    0.036856    0.057752    0.122433    0.710532 ^ clkbuf_3_1_0_wb_clk_i/X (sky130_fd_sc_hd__clkbuf_8)
                                                         clknet_3_1_0_wb_clk_i (net)
                      0.057752    0.000278    0.710810 ^ _697_/CLK (sky130_fd_sc_hd__dfrtp_2)
     1    0.002417    0.026539    0.253601    0.964411 v _697_/Q (sky130_fd_sc_hd__dfrtp_2)
                                                         timer.scan_div[3] (net)
                      0.026539    0.000027    0.964438 v hold37/A (sky130_fd_sc_hd__dlygate4sd3_1)
     3    0.013703    0.073084    0.422772    1.387209 v hold37/X (sky130_fd_sc_hd__dlygate4sd3_1)
                                                         net37 (net)
                      0.073084    0.000077    1.387286 v _494_/C (sky130_fd_sc_hd__and4_2)
     6    0.017792    0.053086    0.193146    1.580432 v _494_/X (sky130_fd_sc_hd__and4_2)
                                                         _272_ (net)
                      0.053087    0.000244    1.580676 v _516_/A (sky130_fd_sc_hd__and4_2)
     8    0.032878    0.074795    0.176220    1.756896 v _516_/X (sky130_fd_sc_hd__and4_2)
                                                         _286_ (net)
                      0.074806    0.000945    1.757841 v _526_/A (sky130_fd_sc_hd__and2_2)
     6    0.032230    0.070458    0.177268    1.935108 v _526_/X (sky130_fd_sc_hd__and2_2)
                                                         _292_ (net)
                      0.070466    0.000813    1.935921 v _532_/D (sky130_fd_sc_hd__and4_2)
     1    0.002842    0.029448    0.163128    2.099049 v _532_/X (sky130_fd_sc_hd__and4_2)
                                                         _295_ (net)
                      0.029448    0.000029    2.099078 v _536_/A2 (sky130_fd_sc_hd__o21a_2)
     1    0.002111    0.023033    0.116961    2.216039 v _536_/X (sky130_fd_sc_hd__o21a_2)
                                                         _011_ (net)
                      0.023033    0.000020    2.216058 v hold62/A (sky130_fd_sc_hd__dlygate4sd3_1)
     1    0.002644    0.037501    0.373743    2.589802 v hold62/X (sky130_fd_sc_hd__dlygate4sd3_1)
                                                         net62 (net)
                      0.037501    0.000028    2.589830 v _713_/D (sky130_fd_sc_hd__dfrtp_2)
                                              2.589830   data arrival time

                                 25.000000   25.000000   clock wb_clk_i (rise edge)
                                  0.000000   25.000000   clock source latency
     2    0.147291    0.498689    0.368759   25.368759 ^ wb_clk_i (in)
                                                         wb_clk_i (net)
                      0.521806    0.000000   25.368759 ^ clkbuf_0_wb_clk_i/A (sky130_fd_sc_hd__clkbuf_16)
    17    0.072495    0.077203    0.161485   25.530243 ^ clkbuf_0_wb_clk_i/X (sky130_fd_sc_hd__clkbuf_16)
                                                         clknet_0_wb_clk_i (net)
                      0.077310    0.002352   25.532595 ^ clkbuf_3_0_0_wb_clk_i/A (sky130_fd_sc_hd__clkbuf_8)
    11    0.035669    0.056319    0.109786   25.642382 ^ clkbuf_3_0_0_wb_clk_i/X (sky130_fd_sc_hd__clkbuf_8)
                                                         clknet_3_0_0_wb_clk_i (net)
                      0.056319    0.000233   25.642614 ^ _713_/CLK (sky130_fd_sc_hd__dfrtp_2)
                                 -0.250000   25.392614   clock uncertainty
                                  0.055815   25.448429   clock reconvergence pessimism
                                 -0.073288   25.375143   library setup time
                                             25.375143   data required time
---------------------------------------------------------------------------------------------
                                             25.375143   data required time
                                             -2.589830   data arrival time
---------------------------------------------------------------------------------------------
                                             22.785313   slack (MET)


Startpoint: _697_ (rising edge-triggered flip-flop clocked by wb_clk_i)
Endpoint: _724_ (rising edge-triggered flip-flop clocked by wb_clk_i)
Path Group: wb_clk_i
Path Type: max

Fanout         Cap        Slew       Delay        Time   Description
---------------------------------------------------------------------------------------------
                                  0.000000    0.000000   clock wb_clk_i (rise edge)
                                  0.000000    0.000000   clock source latency
     2    0.147291    0.498689    0.407575    0.407575 ^ wb_clk_i (in)
                                                         wb_clk_i (net)
                      0.521806    0.000000    0.407575 ^ clkbuf_0_wb_clk_i/A (sky130_fd_sc_hd__clkbuf_16)
    17    0.072495    0.077203    0.178484    0.586059 ^ clkbuf_0_wb_clk_i/X (sky130_fd_sc_hd__clkbuf_16)
                                                         clknet_0_wb_clk_i (net)
                      0.077264    0.002040    0.588099 ^ clkbuf_3_1_0_wb_clk_i/A (sky130_fd_sc_hd__clkbuf_8)
    11    0.036856    0.057752    0.122433    0.710532 ^ clkbuf_3_1_0_wb_clk_i/X (sky130_fd_sc_hd__clkbuf_8)
                                                         clknet_3_1_0_wb_clk_i (net)
                      0.057752    0.000278    0.710810 ^ _697_/CLK (sky130_fd_sc_hd__dfrtp_2)
     1    0.002587    0.025203    0.223576    0.934386 ^ _697_/Q (sky130_fd_sc_hd__dfrtp_2)
                                                         timer.scan_div[3] (net)
                      0.025203    0.000029    0.934415 ^ hold37/A (sky130_fd_sc_hd__dlygate4sd3_1)
     3    0.014661    0.119414    0.455172    1.389587 ^ hold37/X (sky130_fd_sc_hd__dlygate4sd3_1)
                                                         net37 (net)
                      0.119414    0.000082    1.389669 ^ _494_/C (sky130_fd_sc_hd__and4_2)
     6    0.018620    0.085713    0.193467    1.583135 ^ _494_/X (sky130_fd_sc_hd__and4_2)
                                                         _272_ (net)
                      0.085713    0.000255    1.583391 ^ _516_/A (sky130_fd_sc_hd__and4_2)
     8    0.034517    0.142088    0.225609    1.808999 ^ _516_/X (sky130_fd_sc_hd__and4_2)
                                                         _286_ (net)
                      0.142093    0.001079    1.810079 ^ _554_/A (sky130_fd_sc_hd__and4_2)
     5    0.027951    0.118891    0.220953    2.031032 ^ _554_/X (sky130_fd_sc_hd__and4_2)
                                                         _308_ (net)
                      0.118891    0.000609    2.031640 ^ _558_/C (sky130_fd_sc_hd__nand3_2)
     2    0.011120    0.074699    0.069724    2.101364 v _558_/Y (sky130_fd_sc_hd__nand3_2)
                                                         _310_ (net)
                      0.074699    0.000117    2.101480 v _562_/B (sky130_fd_sc_hd__xnor2_2)
     1    0.002687    0.032811    0.097452    2.198933 v _562_/Y (sky130_fd_sc_hd__xnor2_2)
                                                         _024_ (net)
                      0.032811    0.000032    2.198964 v hold36/A (sky130_fd_sc_hd__dlygate4sd3_1)
     1    0.002387    0.036733    0.376023    2.574988 v hold36/X (sky130_fd_sc_hd__dlygate4sd3_1)
                                                         net36 (net)
                      0.036733    0.000022    2.575010 v _724_/D (sky130_fd_sc_hd__dfrtp_2)
                                              2.575010   data arrival time

                                 25.000000   25.000000   clock wb_clk_i (rise edge)
                                  0.000000   25.000000   clock source latency
     2    0.147291    0.498689    0.368759   25.368759 ^ wb_clk_i (in)
                                                         wb_clk_i (net)
                      0.521806    0.000000   25.368759 ^ clkbuf_0_wb_clk_i/A (sky130_fd_sc_hd__clkbuf_16)
    17    0.072495    0.077203    0.161485   25.530243 ^ clkbuf_0_wb_clk_i/X (sky130_fd_sc_hd__clkbuf_16)
                                                         clknet_0_wb_clk_i (net)
                      0.077310    0.002352   25.532595 ^ clkbuf_3_0_0_wb_clk_i/A (sky130_fd_sc_hd__clkbuf_8)
    11    0.035669    0.056319    0.109786   25.642382 ^ clkbuf_3_0_0_wb_clk_i/X (sky130_fd_sc_hd__clkbuf_8)
                                                         clknet_3_0_0_wb_clk_i (net)
                      0.056323    0.000501   25.642881 ^ _724_/CLK (sky130_fd_sc_hd__dfrtp_2)
                                 -0.250000   25.392883   clock uncertainty
                                  0.055815   25.448698   clock reconvergence pessimism
                                 -0.073013   25.375685   library setup time
                                             25.375685   data required time
---------------------------------------------------------------------------------------------
                                             25.375685   data required time
                                             -2.575010   data arrival time
---------------------------------------------------------------------------------------------
                                             22.800674   slack (MET)


Startpoint: _697_ (rising edge-triggered flip-flop clocked by wb_clk_i)
Endpoint: _702_ (rising edge-triggered flip-flop clocked by wb_clk_i)
Path Group: wb_clk_i
Path Type: max

Fanout         Cap        Slew       Delay        Time   Description
---------------------------------------------------------------------------------------------
                                  0.000000    0.000000   clock wb_clk_i (rise edge)
                                  0.000000    0.000000   clock source latency
     2    0.147291    0.498689    0.407575    0.407575 ^ wb_clk_i (in)
                                                         wb_clk_i (net)
                      0.521806    0.000000    0.407575 ^ clkbuf_0_wb_clk_i/A (sky130_fd_sc_hd__clkbuf_16)
    17    0.072495    0.077203    0.178484    0.586059 ^ clkbuf_0_wb_clk_i/X (sky130_fd_sc_hd__clkbuf_16)
                                                         clknet_0_wb_clk_i (net)
                      0.077264    0.002040    0.588099 ^ clkbuf_3_1_0_wb_clk_i/A (sky130_fd_sc_hd__clkbuf_8)
    11    0.036856    0.057752    0.122433    0.710532 ^ clkbuf_3_1_0_wb_clk_i/X (sky130_fd_sc_hd__clkbuf_8)
                                                         clknet_3_1_0_wb_clk_i (net)
                      0.057752    0.000278    0.710810 ^ _697_/CLK (sky130_fd_sc_hd__dfrtp_2)
     1    0.002417    0.026539    0.253601    0.964411 v _697_/Q (sky130_fd_sc_hd__dfrtp_2)
                                                         timer.scan_div[3] (net)
                      0.026539    0.000027    0.964438 v hold37/A (sky130_fd_sc_hd__dlygate4sd3_1)
     3    0.013703    0.073084    0.422772    1.387209 v hold37/X (sky130_fd_sc_hd__dlygate4sd3_1)
                                                         net37 (net)
                      0.073084    0.000077    1.387286 v _494_/C (sky130_fd_sc_hd__and4_2)
     6    0.017792    0.053086    0.193146    1.580432 v _494_/X (sky130_fd_sc_hd__and4_2)
                                                         _272_ (net)
                      0.053086    0.000134    1.580566 v _506_/A (sky130_fd_sc_hd__and3_2)
     4    0.011804    0.043421    0.139523    1.720089 v _506_/X (sky130_fd_sc_hd__and3_2)
                                                         _280_ (net)
                      0.043421    0.000118    1.720207 v _509_/B (sky130_fd_sc_hd__nor2_2)
     1    0.002457    0.043528    0.051901    1.772108 ^ _509_/Y (sky130_fd_sc_hd__nor2_2)
                                                         _282_ (net)
                      0.043528    0.000025    1.772134 ^ hold115/A (sky130_fd_sc_hd__dlygate4sd3_1)
     1    0.005559    0.055902    0.408838    2.180972 ^ hold115/X (sky130_fd_sc_hd__dlygate4sd3_1)
                                                         net115 (net)
                      0.055902    0.000042    2.181013 ^ _510_/B (sky130_fd_sc_hd__nor2_2)
     1    0.001906    0.023714    0.016788    2.197802 v _510_/Y (sky130_fd_sc_hd__nor2_2)
                                                         _031_ (net)
                      0.023714    0.000009    2.197811 v hold116/A (sky130_fd_sc_hd__dlygate4sd3_1)
     1    0.002910    0.038626    0.375693    2.573504 v hold116/X (sky130_fd_sc_hd__dlygate4sd3_1)
                                                         net116 (net)
                      0.038626    0.000032    2.573536 v _702_/D (sky130_fd_sc_hd__dfrtp_2)
                                              2.573536   data arrival time

                                 25.000000   25.000000   clock wb_clk_i (rise edge)
                                  0.000000   25.000000   clock source latency
     2    0.147291    0.498689    0.368759   25.368759 ^ wb_clk_i (in)
                                                         wb_clk_i (net)
                      0.521806    0.000000   25.368759 ^ clkbuf_0_wb_clk_i/A (sky130_fd_sc_hd__clkbuf_16)
    17    0.072495    0.077203    0.161485   25.530243 ^ clkbuf_0_wb_clk_i/X (sky130_fd_sc_hd__clkbuf_16)
                                                         clknet_0_wb_clk_i (net)
                      0.077233    0.001378   25.531622 ^ clkbuf_3_3_0_wb_clk_i/A (sky130_fd_sc_hd__clkbuf_8)
    11    0.036901    0.057806    0.110813   25.642435 ^ clkbuf_3_3_0_wb_clk_i/X (sky130_fd_sc_hd__clkbuf_8)
                                                         clknet_3_3_0_wb_clk_i (net)
                      0.057806    0.000243   25.642677 ^ _702_/CLK (sky130_fd_sc_hd__dfrtp_2)
                                 -0.250000   25.392679   clock uncertainty
                                  0.055815   25.448494   clock reconvergence pessimism
                                 -0.073546   25.374947   library setup time
                                             25.374947   data required time
---------------------------------------------------------------------------------------------
                                             25.374947   data required time
                                             -2.573536   data arrival time
---------------------------------------------------------------------------------------------
                                             22.801411   slack (MET)


Startpoint: _697_ (rising edge-triggered flip-flop clocked by wb_clk_i)
Endpoint: _720_ (rising edge-triggered flip-flop clocked by wb_clk_i)
Path Group: wb_clk_i
Path Type: max

Fanout         Cap        Slew       Delay        Time   Description
---------------------------------------------------------------------------------------------
                                  0.000000    0.000000   clock wb_clk_i (rise edge)
                                  0.000000    0.000000   clock source latency
     2    0.147291    0.498689    0.407575    0.407575 ^ wb_clk_i (in)
                                                         wb_clk_i (net)
                      0.521806    0.000000    0.407575 ^ clkbuf_0_wb_clk_i/A (sky130_fd_sc_hd__clkbuf_16)
    17    0.072495    0.077203    0.178484    0.586059 ^ clkbuf_0_wb_clk_i/X (sky130_fd_sc_hd__clkbuf_16)
                                                         clknet_0_wb_clk_i (net)
                      0.077264    0.002040    0.588099 ^ clkbuf_3_1_0_wb_clk_i/A (sky130_fd_sc_hd__clkbuf_8)
    11    0.036856    0.057752    0.122433    0.710532 ^ clkbuf_3_1_0_wb_clk_i/X (sky130_fd_sc_hd__clkbuf_8)
                                                         clknet_3_1_0_wb_clk_i (net)
                      0.057752    0.000278    0.710810 ^ _697_/CLK (sky130_fd_sc_hd__dfrtp_2)
     1    0.002587    0.025203    0.223576    0.934386 ^ _697_/Q (sky130_fd_sc_hd__dfrtp_2)
                                                         timer.scan_div[3] (net)
                      0.025203    0.000029    0.934415 ^ hold37/A (sky130_fd_sc_hd__dlygate4sd3_1)
     3    0.014661    0.119414    0.455172    1.389587 ^ hold37/X (sky130_fd_sc_hd__dlygate4sd3_1)
                                                         net37 (net)
                      0.119414    0.000082    1.389669 ^ _494_/C (sky130_fd_sc_hd__and4_2)
     6    0.018620    0.085713    0.193467    1.583135 ^ _494_/X (sky130_fd_sc_hd__and4_2)
                                                         _272_ (net)
                      0.085713    0.000255    1.583391 ^ _516_/A (sky130_fd_sc_hd__and4_2)
     8    0.034517    0.142088    0.225609    1.808999 ^ _516_/X (sky130_fd_sc_hd__and4_2)
                                                         _286_ (net)
                      0.142093    0.001095    1.810095 ^ _546_/A (sky130_fd_sc_hd__and3_2)
     5    0.023107    0.096188    0.184229    1.994324 ^ _546_/X (sky130_fd_sc_hd__and3_2)
                                                         _304_ (net)
                      0.096188    0.000279    1.994603 ^ _550_/C (sky130_fd_sc_hd__and3_2)
     1    0.009143    0.048565    0.136019    2.130622 ^ _550_/X (sky130_fd_sc_hd__and3_2)
                                                         _306_ (net)
                      0.048565    0.000105    2.130728 ^ _552_/B (sky130_fd_sc_hd__xor2_2)
     1    0.002088    0.064452    0.079546    2.210273 ^ _552_/X (sky130_fd_sc_hd__xor2_2)
                                                         _019_ (net)
                      0.064452    0.000010    2.210284 ^ hold71/A (sky130_fd_sc_hd__dlygate4sd3_1)
     1    0.002348    0.034681    0.393148    2.603431 ^ hold71/X (sky130_fd_sc_hd__dlygate4sd3_1)
                                                         net71 (net)
                      0.034681    0.000021    2.603452 ^ _720_/D (sky130_fd_sc_hd__dfrtp_2)
                                              2.603452   data arrival time

                                 25.000000   25.000000   clock wb_clk_i (rise edge)
                                  0.000000   25.000000   clock source latency
     2    0.147291    0.498689    0.368759   25.368759 ^ wb_clk_i (in)
                                                         wb_clk_i (net)
                      0.521806    0.000000   25.368759 ^ clkbuf_0_wb_clk_i/A (sky130_fd_sc_hd__clkbuf_16)
    17    0.072495    0.077203    0.161485   25.530243 ^ clkbuf_0_wb_clk_i/X (sky130_fd_sc_hd__clkbuf_16)
                                                         clknet_0_wb_clk_i (net)
                      0.077293    0.002180   25.532423 ^ clkbuf_3_2_0_wb_clk_i/A (sky130_fd_sc_hd__clkbuf_8)
    11    0.036432    0.057163    0.110424   25.642847 ^ clkbuf_3_2_0_wb_clk_i/X (sky130_fd_sc_hd__clkbuf_8)
                                                         clknet_3_2_0_wb_clk_i (net)
                      0.057167    0.000515   25.643362 ^ _720_/CLK (sky130_fd_sc_hd__dfrtp_2)
                                 -0.250000   25.393362   clock uncertainty
                                  0.055815   25.449177   clock reconvergence pessimism
                                 -0.035742   25.413435   library setup time
                                             25.413435   data required time
---------------------------------------------------------------------------------------------
                                             25.413435   data required time
                                             -2.603452   data arrival time
---------------------------------------------------------------------------------------------
                                             22.809984   slack (MET)


Startpoint: _697_ (rising edge-triggered flip-flop clocked by wb_clk_i)
Endpoint: _717_ (rising edge-triggered flip-flop clocked by wb_clk_i)
Path Group: wb_clk_i
Path Type: max

Fanout         Cap        Slew       Delay        Time   Description
---------------------------------------------------------------------------------------------
                                  0.000000    0.000000   clock wb_clk_i (rise edge)
                                  0.000000    0.000000   clock source latency
     2    0.147291    0.498689    0.407575    0.407575 ^ wb_clk_i (in)
                                                         wb_clk_i (net)
                      0.521806    0.000000    0.407575 ^ clkbuf_0_wb_clk_i/A (sky130_fd_sc_hd__clkbuf_16)
    17    0.072495    0.077203    0.178484    0.586059 ^ clkbuf_0_wb_clk_i/X (sky130_fd_sc_hd__clkbuf_16)
                                                         clknet_0_wb_clk_i (net)
                      0.077264    0.002040    0.588099 ^ clkbuf_3_1_0_wb_clk_i/A (sky130_fd_sc_hd__clkbuf_8)
    11    0.036856    0.057752    0.122433    0.710532 ^ clkbuf_3_1_0_wb_clk_i/X (sky130_fd_sc_hd__clkbuf_8)
                                                         clknet_3_1_0_wb_clk_i (net)
                      0.057752    0.000278    0.710810 ^ _697_/CLK (sky130_fd_sc_hd__dfrtp_2)
     1    0.002417    0.026539    0.253601    0.964411 v _697_/Q (sky130_fd_sc_hd__dfrtp_2)
                                                         timer.scan_div[3] (net)
                      0.026539    0.000027    0.964438 v hold37/A (sky130_fd_sc_hd__dlygate4sd3_1)
     3    0.013703    0.073084    0.422772    1.387209 v hold37/X (sky130_fd_sc_hd__dlygate4sd3_1)
                                                         net37 (net)
                      0.073084    0.000077    1.387286 v _494_/C (sky130_fd_sc_hd__and4_2)
     6    0.017792    0.053086    0.193146    1.580432 v _494_/X (sky130_fd_sc_hd__and4_2)
                                                         _272_ (net)
                      0.053087    0.000244    1.580676 v _516_/A (sky130_fd_sc_hd__and4_2)
     8    0.032878    0.074795    0.176220    1.756896 v _516_/X (sky130_fd_sc_hd__and4_2)
                                                         _286_ (net)
                      0.074808    0.001006    1.757901 v _537_/B (sky130_fd_sc_hd__and4_2)
     3    0.012819    0.047289    0.172965    1.930867 v _537_/X (sky130_fd_sc_hd__and4_2)
                                                         _298_ (net)
                      0.047289    0.000111    1.930978 v _542_/C (sky130_fd_sc_hd__and3_2)
     1    0.003466    0.028874    0.140375    2.071353 v _542_/X (sky130_fd_sc_hd__and3_2)
                                                         _301_ (net)
                      0.028874    0.000048    2.071401 v _547_/A2 (sky130_fd_sc_hd__o21ba_2)
     1    0.002608    0.024849    0.119130    2.190531 v _547_/X (sky130_fd_sc_hd__o21ba_2)
                                                         _016_ (net)
                      0.024849    0.000032    2.190562 v hold86/A (sky130_fd_sc_hd__dlygate4sd3_1)
     1    0.002256    0.036250    0.372018    2.562581 v hold86/X (sky130_fd_sc_hd__dlygate4sd3_1)
                                                         net86 (net)
                      0.036250    0.000020    2.562600 v _717_/D (sky130_fd_sc_hd__dfrtp_2)
                                              2.562600   data arrival time

                                 25.000000   25.000000   clock wb_clk_i (rise edge)
                                  0.000000   25.000000   clock source latency
     2    0.147291    0.498689    0.368759   25.368759 ^ wb_clk_i (in)
                                                         wb_clk_i (net)
                      0.521806    0.000000   25.368759 ^ clkbuf_0_wb_clk_i/A (sky130_fd_sc_hd__clkbuf_16)
    17    0.072495    0.077203    0.161485   25.530243 ^ clkbuf_0_wb_clk_i/X (sky130_fd_sc_hd__clkbuf_16)
                                                         clknet_0_wb_clk_i (net)
                      0.077293    0.002180   25.532423 ^ clkbuf_3_2_0_wb_clk_i/A (sky130_fd_sc_hd__clkbuf_8)
    11    0.036432    0.057163    0.110424   25.642847 ^ clkbuf_3_2_0_wb_clk_i/X (sky130_fd_sc_hd__clkbuf_8)
                                                         clknet_3_2_0_wb_clk_i (net)
                      0.057163    0.000245   25.643091 ^ _717_/CLK (sky130_fd_sc_hd__dfrtp_2)
                                 -0.250000   25.393093   clock uncertainty
                                  0.055815   25.448908   clock reconvergence pessimism
                                 -0.072760   25.376148   library setup time
                                             25.376148   data required time
---------------------------------------------------------------------------------------------
                                             25.376148   data required time
                                             -2.562600   data arrival time
---------------------------------------------------------------------------------------------
                                             22.813547   slack (MET)


Startpoint: _727_ (rising edge-triggered flip-flop clocked by wb_clk_i)
Endpoint: _748_ (rising edge-triggered flip-flop clocked by wb_clk_i)
Path Group: wb_clk_i
Path Type: max

Fanout         Cap        Slew       Delay        Time   Description
---------------------------------------------------------------------------------------------
                                  0.000000    0.000000   clock wb_clk_i (rise edge)
                                  0.000000    0.000000   clock source latency
     2    0.147291    0.498689    0.407575    0.407575 ^ wb_clk_i (in)
                                                         wb_clk_i (net)
                      0.521806    0.000000    0.407575 ^ clkbuf_0_wb_clk_i/A (sky130_fd_sc_hd__clkbuf_16)
    17    0.072495    0.077203    0.178484    0.586059 ^ clkbuf_0_wb_clk_i/X (sky130_fd_sc_hd__clkbuf_16)
                                                         clknet_0_wb_clk_i (net)
                      0.077266    0.002064    0.588122 ^ clkbuf_3_7_0_wb_clk_i/A (sky130_fd_sc_hd__clkbuf_8)
    12    0.036897    0.057721    0.122462    0.710585 ^ clkbuf_3_7_0_wb_clk_i/X (sky130_fd_sc_hd__clkbuf_8)
                                                         clknet_3_7_0_wb_clk_i (net)
                      0.057725    0.000540    0.711125 ^ _727_/CLK (sky130_fd_sc_hd__dfrtp_2)
     1    0.002121    0.023820    0.221686    0.932810 ^ _727_/Q (sky130_fd_sc_hd__dfrtp_2)
                                                         timer.sec_div[0] (net)
                      0.023820    0.000019    0.932829 ^ hold27/A (sky130_fd_sc_hd__dlygate4sd3_1)
     5    0.018945    0.150307    0.477911    1.410740 ^ hold27/X (sky130_fd_sc_hd__dlygate4sd3_1)
                                                         net27 (net)
                      0.150307    0.000117    1.410857 ^ _417_/A (sky130_fd_sc_hd__and4_2)
     8    0.027926    0.118915    0.222443    1.633301 ^ _417_/X (sky130_fd_sc_hd__and4_2)
                                                         _227_ (net)
                      0.118918    0.000780    1.634081 ^ _445_/A (sky130_fd_sc_hd__and4_2)
     9    0.033755    0.139361    0.232608    1.866689 ^ _445_/X (sky130_fd_sc_hd__and4_2)
                                                         _245_ (net)
                      0.139365    0.000990    1.867679 ^ _460_/A (sky130_fd_sc_hd__and3_2)
     5    0.023081    0.096077    0.183588    2.051266 ^ _460_/X (sky130_fd_sc_hd__and3_2)
                                                         _254_ (net)
                      0.096078    0.000511    2.051778 ^ _462_/B (sky130_fd_sc_hd__nand2_2)
     1    0.008904    0.038159    0.048442    2.100220 v _462_/Y (sky130_fd_sc_hd__nand2_2)
                                                         _255_ (net)
                      0.038159    0.000123    2.100343 v _465_/B (sky130_fd_sc_hd__xnor2_2)
     1    0.002145    0.035202    0.080954    2.181297 v _465_/Y (sky130_fd_sc_hd__xnor2_2)
                                                         _047_ (net)
                      0.035202    0.000021    2.181319 v hold66/A (sky130_fd_sc_hd__dlygate4sd3_1)
     1    0.002954    0.038752    0.380562    2.561880 v hold66/X (sky130_fd_sc_hd__dlygate4sd3_1)
                                                         net66 (net)
                      0.038752    0.000034    2.561914 v _748_/D (sky130_fd_sc_hd__dfrtp_2)
                                              2.561914   data arrival time

                                 25.000000   25.000000   clock wb_clk_i (rise edge)
                                  0.000000   25.000000   clock source latency
     2    0.147291    0.498689    0.368759   25.368759 ^ wb_clk_i (in)
                                                         wb_clk_i (net)
                      0.521806    0.000000   25.368759 ^ clkbuf_0_wb_clk_i/A (sky130_fd_sc_hd__clkbuf_16)
    17    0.072495    0.077203    0.161485   25.530243 ^ clkbuf_0_wb_clk_i/X (sky130_fd_sc_hd__clkbuf_16)
                                                         clknet_0_wb_clk_i (net)
                      0.077264    0.001846   25.532089 ^ clkbuf_3_1_0_wb_clk_i/A (sky130_fd_sc_hd__clkbuf_8)
    11    0.036856    0.057752    0.110772   25.642860 ^ clkbuf_3_1_0_wb_clk_i/X (sky130_fd_sc_hd__clkbuf_8)
                                                         clknet_3_1_0_wb_clk_i (net)
                      0.057758    0.000609   25.643471 ^ _748_/CLK (sky130_fd_sc_hd__dfrtp_2)
                                 -0.250000   25.393471   clock uncertainty
                                  0.055815   25.449286   clock reconvergence pessimism
                                 -0.073595   25.375690   library setup time
                                             25.375690   data required time
---------------------------------------------------------------------------------------------
                                             25.375690   data required time
                                             -2.561914   data arrival time
---------------------------------------------------------------------------------------------
                                             22.813776   slack (MET)


Startpoint: _697_ (rising edge-triggered flip-flop clocked by wb_clk_i)
Endpoint: _700_ (rising edge-triggered flip-flop clocked by wb_clk_i)
Path Group: wb_clk_i
Path Type: max

Fanout         Cap        Slew       Delay        Time   Description
---------------------------------------------------------------------------------------------
                                  0.000000    0.000000   clock wb_clk_i (rise edge)
                                  0.000000    0.000000   clock source latency
     2    0.147291    0.498689    0.407575    0.407575 ^ wb_clk_i (in)
                                                         wb_clk_i (net)
                      0.521806    0.000000    0.407575 ^ clkbuf_0_wb_clk_i/A (sky130_fd_sc_hd__clkbuf_16)
    17    0.072495    0.077203    0.178484    0.586059 ^ clkbuf_0_wb_clk_i/X (sky130_fd_sc_hd__clkbuf_16)
                                                         clknet_0_wb_clk_i (net)
                      0.077264    0.002040    0.588099 ^ clkbuf_3_1_0_wb_clk_i/A (sky130_fd_sc_hd__clkbuf_8)
    11    0.036856    0.057752    0.122433    0.710532 ^ clkbuf_3_1_0_wb_clk_i/X (sky130_fd_sc_hd__clkbuf_8)
                                                         clknet_3_1_0_wb_clk_i (net)
                      0.057752    0.000278    0.710810 ^ _697_/CLK (sky130_fd_sc_hd__dfrtp_2)
     1    0.002417    0.026539    0.253601    0.964411 v _697_/Q (sky130_fd_sc_hd__dfrtp_2)
                                                         timer.scan_div[3] (net)
                      0.026539    0.000027    0.964438 v hold37/A (sky130_fd_sc_hd__dlygate4sd3_1)
     3    0.013703    0.073084    0.422772    1.387209 v hold37/X (sky130_fd_sc_hd__dlygate4sd3_1)
                                                         net37 (net)
                      0.073084    0.000077    1.387286 v _494_/C (sky130_fd_sc_hd__and4_2)
     6    0.017792    0.053086    0.193146    1.580432 v _494_/X (sky130_fd_sc_hd__and4_2)
                                                         _272_ (net)
                      0.053088    0.000372    1.580804 v _500_/A (sky130_fd_sc_hd__and2_2)
     2    0.009667    0.037757    0.131063    1.711867 v _500_/X (sky130_fd_sc_hd__and2_2)
                                                         _276_ (net)
                      0.037757    0.000064    1.711931 v _503_/B (sky130_fd_sc_hd__nor2_2)
     1    0.002734    0.044913    0.051162    1.763093 ^ _503_/Y (sky130_fd_sc_hd__nor2_2)
                                                         _278_ (net)
                      0.044913    0.000032    1.763125 ^ hold90/A (sky130_fd_sc_hd__dlygate4sd3_1)
     1    0.005059    0.052559    0.406293    2.169418 ^ hold90/X (sky130_fd_sc_hd__dlygate4sd3_1)
                                                         net90 (net)
                      0.052559    0.000025    2.169443 ^ _504_/B (sky130_fd_sc_hd__nor2_2)
     1    0.002652    0.019192    0.018818    2.188261 v _504_/Y (sky130_fd_sc_hd__nor2_2)
                                                         _029_ (net)
                      0.019192    0.000029    2.188290 v hold91/A (sky130_fd_sc_hd__dlygate4sd3_1)
     1    0.002406    0.036774    0.371075    2.559364 v hold91/X (sky130_fd_sc_hd__dlygate4sd3_1)
                                                         net91 (net)
                      0.036774    0.000022    2.559386 v _700_/D (sky130_fd_sc_hd__dfrtp_2)
                                              2.559386   data arrival time

                                 25.000000   25.000000   clock wb_clk_i (rise edge)
                                  0.000000   25.000000   clock source latency
     2    0.147291    0.498689    0.368759   25.368759 ^ wb_clk_i (in)
                                                         wb_clk_i (net)
                      0.521806    0.000000   25.368759 ^ clkbuf_0_wb_clk_i/A (sky130_fd_sc_hd__clkbuf_16)
    17    0.072495    0.077203    0.161485   25.530243 ^ clkbuf_0_wb_clk_i/X (sky130_fd_sc_hd__clkbuf_16)
                                                         clknet_0_wb_clk_i (net)
                      0.077233    0.001378   25.531622 ^ clkbuf_3_3_0_wb_clk_i/A (sky130_fd_sc_hd__clkbuf_8)
    11    0.036901    0.057806    0.110813   25.642435 ^ clkbuf_3_3_0_wb_clk_i/X (sky130_fd_sc_hd__clkbuf_8)
                                                         clknet_3_3_0_wb_clk_i (net)
                      0.057807    0.000313   25.642748 ^ _700_/CLK (sky130_fd_sc_hd__dfrtp_2)
                                 -0.250000   25.392748   clock uncertainty
                                  0.055815   25.448563   clock reconvergence pessimism
                                 -0.072885   25.375677   library setup time
                                             25.375677   data required time
---------------------------------------------------------------------------------------------
                                             25.375677   data required time
                                             -2.559386   data arrival time
---------------------------------------------------------------------------------------------
                                             22.816292   slack (MET)


Startpoint: _727_ (rising edge-triggered flip-flop clocked by wb_clk_i)
Endpoint: _752_ (rising edge-triggered flip-flop clocked by wb_clk_i)
Path Group: wb_clk_i
Path Type: max

Fanout         Cap        Slew       Delay        Time   Description
---------------------------------------------------------------------------------------------
                                  0.000000    0.000000   clock wb_clk_i (rise edge)
                                  0.000000    0.000000   clock source latency
     2    0.147291    0.498689    0.407575    0.407575 ^ wb_clk_i (in)
                                                         wb_clk_i (net)
                      0.521806    0.000000    0.407575 ^ clkbuf_0_wb_clk_i/A (sky130_fd_sc_hd__clkbuf_16)
    17    0.072495    0.077203    0.178484    0.586059 ^ clkbuf_0_wb_clk_i/X (sky130_fd_sc_hd__clkbuf_16)
                                                         clknet_0_wb_clk_i (net)
                      0.077266    0.002064    0.588122 ^ clkbuf_3_7_0_wb_clk_i/A (sky130_fd_sc_hd__clkbuf_8)
    12    0.036897    0.057721    0.122462    0.710585 ^ clkbuf_3_7_0_wb_clk_i/X (sky130_fd_sc_hd__clkbuf_8)
                                                         clknet_3_7_0_wb_clk_i (net)
                      0.057725    0.000540    0.711125 ^ _727_/CLK (sky130_fd_sc_hd__dfrtp_2)
     1    0.002121    0.023820    0.221686    0.932810 ^ _727_/Q (sky130_fd_sc_hd__dfrtp_2)
                                                         timer.sec_div[0] (net)
                      0.023820    0.000019    0.932829 ^ hold27/A (sky130_fd_sc_hd__dlygate4sd3_1)
     5    0.018945    0.150307    0.477911    1.410740 ^ hold27/X (sky130_fd_sc_hd__dlygate4sd3_1)
                                                         net27 (net)
                      0.150307    0.000117    1.410857 ^ _417_/A (sky130_fd_sc_hd__and4_2)
     8    0.027926    0.118915    0.222443    1.633301 ^ _417_/X (sky130_fd_sc_hd__and4_2)
                                                         _227_ (net)
                      0.118918    0.000780    1.634081 ^ _445_/A (sky130_fd_sc_hd__and4_2)
     9    0.033755    0.139361    0.232608    1.866689 ^ _445_/X (sky130_fd_sc_hd__and4_2)
                                                         _245_ (net)
                      0.139365    0.001016    1.867705 ^ _471_/A (sky130_fd_sc_hd__and3_2)
     4    0.022058    0.092548    0.180739    2.048444 ^ _471_/X (sky130_fd_sc_hd__and3_2)
                                                         _260_ (net)
                      0.092551    0.000664    2.049108 ^ _472_/B (sky130_fd_sc_hd__nand2_2)
     1    0.008155    0.035944    0.046170    2.095277 v _472_/Y (sky130_fd_sc_hd__nand2_2)
                                                         _261_ (net)
                      0.035944    0.000034    2.095311 v _475_/B (sky130_fd_sc_hd__xnor2_2)
     1    0.002599    0.038020    0.081229    2.176540 v _475_/Y (sky130_fd_sc_hd__xnor2_2)
                                                         _051_ (net)
                      0.038020    0.000031    2.176571 v hold80/A (sky130_fd_sc_hd__dlygate4sd3_1)
     1    0.002489    0.037017    0.378753    2.555323 v hold80/X (sky130_fd_sc_hd__dlygate4sd3_1)
                                                         net80 (net)
                      0.037017    0.000024    2.555347 v _752_/D (sky130_fd_sc_hd__dfrtp_2)
                                              2.555347   data arrival time

                                 25.000000   25.000000   clock wb_clk_i (rise edge)
                                  0.000000   25.000000   clock source latency
     2    0.147291    0.498689    0.368759   25.368759 ^ wb_clk_i (in)
                                                         wb_clk_i (net)
                      0.521806    0.000000   25.368759 ^ clkbuf_0_wb_clk_i/A (sky130_fd_sc_hd__clkbuf_16)
    17    0.072495    0.077203    0.161485   25.530243 ^ clkbuf_0_wb_clk_i/X (sky130_fd_sc_hd__clkbuf_16)
                                                         clknet_0_wb_clk_i (net)
                      0.077221    0.001144   25.531387 ^ clkbuf_3_6_0_wb_clk_i/A (sky130_fd_sc_hd__clkbuf_8)
    12    0.038165    0.059236    0.111804   25.643192 ^ clkbuf_3_6_0_wb_clk_i/X (sky130_fd_sc_hd__clkbuf_8)
                                                         clknet_3_6_0_wb_clk_i (net)
                      0.059254    0.000950   25.644142 ^ _752_/CLK (sky130_fd_sc_hd__dfrtp_2)
                                 -0.250000   25.394142   clock uncertainty
                                  0.055815   25.449957   clock reconvergence pessimism
                                 -0.072832   25.377125   library setup time
                                             25.377125   data required time
---------------------------------------------------------------------------------------------
                                             25.377125   data required time
                                             -2.555347   data arrival time
---------------------------------------------------------------------------------------------
                                             22.821779   slack (MET)


Startpoint: _697_ (rising edge-triggered flip-flop clocked by wb_clk_i)
Endpoint: _714_ (rising edge-triggered flip-flop clocked by wb_clk_i)
Path Group: wb_clk_i
Path Type: max

Fanout         Cap        Slew       Delay        Time   Description
---------------------------------------------------------------------------------------------
                                  0.000000    0.000000   clock wb_clk_i (rise edge)
                                  0.000000    0.000000   clock source latency
     2    0.147291    0.498689    0.407575    0.407575 ^ wb_clk_i (in)
                                                         wb_clk_i (net)
                      0.521806    0.000000    0.407575 ^ clkbuf_0_wb_clk_i/A (sky130_fd_sc_hd__clkbuf_16)
    17    0.072495    0.077203    0.178484    0.586059 ^ clkbuf_0_wb_clk_i/X (sky130_fd_sc_hd__clkbuf_16)
                                                         clknet_0_wb_clk_i (net)
                      0.077264    0.002040    0.588099 ^ clkbuf_3_1_0_wb_clk_i/A (sky130_fd_sc_hd__clkbuf_8)
    11    0.036856    0.057752    0.122433    0.710532 ^ clkbuf_3_1_0_wb_clk_i/X (sky130_fd_sc_hd__clkbuf_8)
                                                         clknet_3_1_0_wb_clk_i (net)
                      0.057752    0.000278    0.710810 ^ _697_/CLK (sky130_fd_sc_hd__dfrtp_2)
     1    0.002587    0.025203    0.223576    0.934386 ^ _697_/Q (sky130_fd_sc_hd__dfrtp_2)
                                                         timer.scan_div[3] (net)
                      0.025203    0.000029    0.934415 ^ hold37/A (sky130_fd_sc_hd__dlygate4sd3_1)
     3    0.014661    0.119414    0.455172    1.389587 ^ hold37/X (sky130_fd_sc_hd__dlygate4sd3_1)
                                                         net37 (net)
                      0.119414    0.000082    1.389669 ^ _494_/C (sky130_fd_sc_hd__and4_2)
     6    0.018620    0.085713    0.193467    1.583135 ^ _494_/X (sky130_fd_sc_hd__and4_2)
                                                         _272_ (net)
                      0.085713    0.000255    1.583391 ^ _516_/A (sky130_fd_sc_hd__and4_2)
     8    0.034517    0.142088    0.225609    1.808999 ^ _516_/X (sky130_fd_sc_hd__and4_2)
                                                         _286_ (net)
                      0.142092    0.000994    1.809993 ^ _526_/A (sky130_fd_sc_hd__and2_2)
     6    0.034448    0.136172    0.195225    2.005218 ^ _526_/X (sky130_fd_sc_hd__and2_2)
                                                         _292_ (net)
                      0.136177    0.001065    2.006283 ^ _535_/A (sky130_fd_sc_hd__nand2_2)
     2    0.013399    0.059209    0.061556    2.067839 v _535_/Y (sky130_fd_sc_hd__nand2_2)
                                                         _297_ (net)
                      0.059209    0.000151    2.067990 v _538_/B (sky130_fd_sc_hd__xnor2_2)
     1    0.002469    0.036206    0.090530    2.158520 v _538_/Y (sky130_fd_sc_hd__xnor2_2)
                                                         _013_ (net)
                      0.036206    0.000029    2.158549 v hold48/A (sky130_fd_sc_hd__dlygate4sd3_1)
     1    0.002683    0.037582    0.379249    2.537798 v hold48/X (sky130_fd_sc_hd__dlygate4sd3_1)
                                                         net48 (net)
                      0.037582    0.000027    2.537825 v _714_/D (sky130_fd_sc_hd__dfrtp_2)
                                              2.537825   data arrival time

                                 25.000000   25.000000   clock wb_clk_i (rise edge)
                                  0.000000   25.000000   clock source latency
     2    0.147291    0.498689    0.368759   25.368759 ^ wb_clk_i (in)
                                                         wb_clk_i (net)
                      0.521806    0.000000   25.368759 ^ clkbuf_0_wb_clk_i/A (sky130_fd_sc_hd__clkbuf_16)
    17    0.072495    0.077203    0.161485   25.530243 ^ clkbuf_0_wb_clk_i/X (sky130_fd_sc_hd__clkbuf_16)
                                                         clknet_0_wb_clk_i (net)
                      0.077310    0.002352   25.532595 ^ clkbuf_3_0_0_wb_clk_i/A (sky130_fd_sc_hd__clkbuf_8)
    11    0.035669    0.056319    0.109786   25.642382 ^ clkbuf_3_0_0_wb_clk_i/X (sky130_fd_sc_hd__clkbuf_8)
                                                         clknet_3_0_0_wb_clk_i (net)
                      0.056319    0.000266   25.642649 ^ _714_/CLK (sky130_fd_sc_hd__dfrtp_2)
                                 -0.250000   25.392649   clock uncertainty
                                  0.055815   25.448463   clock reconvergence pessimism
                                 -0.073317   25.375147   library setup time
                                             25.375147   data required time
---------------------------------------------------------------------------------------------
                                             25.375147   data required time
                                             -2.537825   data arrival time
---------------------------------------------------------------------------------------------
                                             22.837320   slack (MET)


Startpoint: _691_ (rising edge-triggered flip-flop clocked by wb_clk_i)
Endpoint: _679_ (rising edge-triggered flip-flop clocked by wb_clk_i)
Path Group: wb_clk_i
Path Type: max

Fanout         Cap        Slew       Delay        Time   Description
---------------------------------------------------------------------------------------------
                                  0.000000    0.000000   clock wb_clk_i (rise edge)
                                  0.000000    0.000000   clock source latency
     2    0.147291    0.498689    0.407575    0.407575 ^ wb_clk_i (in)
                                                         wb_clk_i (net)
                      0.521806    0.000000    0.407575 ^ clkbuf_0_wb_clk_i/A (sky130_fd_sc_hd__clkbuf_16)
    17    0.072495    0.077203    0.178484    0.586059 ^ clkbuf_0_wb_clk_i/X (sky130_fd_sc_hd__clkbuf_16)
                                                         clknet_0_wb_clk_i (net)
                      0.077266    0.002064    0.588122 ^ clkbuf_3_7_0_wb_clk_i/A (sky130_fd_sc_hd__clkbuf_8)
    12    0.036897    0.057721    0.122462    0.710585 ^ clkbuf_3_7_0_wb_clk_i/X (sky130_fd_sc_hd__clkbuf_8)
                                                         clknet_3_7_0_wb_clk_i (net)
                      0.057721    0.000290    0.710874 ^ _691_/CLK (sky130_fd_sc_hd__dfrtp_2)
     4    0.013167    0.047596    0.284094    0.994969 v _691_/Q (sky130_fd_sc_hd__dfrtp_2)
                                                         timer.sec_ones[2] (net)
                      0.047596    0.000028    0.994996 v hold142/A (sky130_fd_sc_hd__dlygate4sd3_1)
     2    0.012176    0.068119    0.426238    1.421234 v hold142/X (sky130_fd_sc_hd__dlygate4sd3_1)
                                                         net142 (net)
                      0.068119    0.000095    1.421329 v _343_/A_N (sky130_fd_sc_hd__and4b_2)
     3    0.010238    0.058608    0.205418    1.626747 ^ _343_/X (sky130_fd_sc_hd__and4b_2)
                                                         _178_ (net)
                      0.058608    0.000096    1.626843 ^ _356_/C (sky130_fd_sc_hd__and4b_2)
     6    0.027762    0.120462    0.209417    1.836260 ^ _356_/X (sky130_fd_sc_hd__and4b_2)
                                                         _186_ (net)
                      0.120463    0.000652    1.836913 ^ _374_/B (sky130_fd_sc_hd__and4_2)
     5    0.021905    0.097292    0.203832    2.040745 ^ _374_/X (sky130_fd_sc_hd__and4_2)
                                                         _197_ (net)
                      0.097292    0.000478    2.041223 ^ _379_/B1 (sky130_fd_sc_hd__o21a_2)
     2    0.007865    0.039617    0.086142    2.127365 ^ _379_/X (sky130_fd_sc_hd__o21a_2)
                                                         _201_ (net)
                      0.039617    0.000075    2.127440 ^ _380_/A2 (sky130_fd_sc_hd__a21oi_2)
     1    0.001822    0.033348    0.028383    2.155823 v _380_/Y (sky130_fd_sc_hd__a21oi_2)
                                                         _154_ (net)
                      0.033348    0.000008    2.155831 v hold34/A (sky130_fd_sc_hd__dlygate4sd3_1)
     1    0.002881    0.038441    0.379362    2.535192 v hold34/X (sky130_fd_sc_hd__dlygate4sd3_1)
                                                         net34 (net)
                      0.038441    0.000033    2.535225 v _679_/D (sky130_fd_sc_hd__dfrtp_2)
                                              2.535225   data arrival time

                                 25.000000   25.000000   clock wb_clk_i (rise edge)
                                  0.000000   25.000000   clock source latency
     2    0.147291    0.498689    0.368759   25.368759 ^ wb_clk_i (in)
                                                         wb_clk_i (net)
                      0.521806    0.000000   25.368759 ^ clkbuf_0_wb_clk_i/A (sky130_fd_sc_hd__clkbuf_16)
    17    0.072495    0.077203    0.161485   25.530243 ^ clkbuf_0_wb_clk_i/X (sky130_fd_sc_hd__clkbuf_16)
                                                         clknet_0_wb_clk_i (net)
                      0.077276    0.001995   25.532238 ^ clkbuf_3_5_0_wb_clk_i/A (sky130_fd_sc_hd__clkbuf_8)
    11    0.038208    0.059383    0.111976   25.644215 ^ clkbuf_3_5_0_wb_clk_i/X (sky130_fd_sc_hd__clkbuf_8)
                                                         clknet_3_5_0_wb_clk_i (net)
                      0.059383    0.000238   25.644453 ^ _679_/CLK (sky130_fd_sc_hd__dfrtp_2)
                                 -0.250000   25.394453   clock uncertainty
                                  0.055815   25.450268   clock reconvergence pessimism
                                 -0.073328   25.376940   library setup time
                                             25.376940   data required time
---------------------------------------------------------------------------------------------
                                             25.376940   data required time
                                             -2.535225   data arrival time
---------------------------------------------------------------------------------------------
                                             22.841715   slack (MET)


Startpoint: _727_ (rising edge-triggered flip-flop clocked by wb_clk_i)
Endpoint: _755_ (rising edge-triggered flip-flop clocked by wb_clk_i)
Path Group: wb_clk_i
Path Type: max

Fanout         Cap        Slew       Delay        Time   Description
---------------------------------------------------------------------------------------------
                                  0.000000    0.000000   clock wb_clk_i (rise edge)
                                  0.000000    0.000000   clock source latency
     2    0.147291    0.498689    0.407575    0.407575 ^ wb_clk_i (in)
                                                         wb_clk_i (net)
                      0.521806    0.000000    0.407575 ^ clkbuf_0_wb_clk_i/A (sky130_fd_sc_hd__clkbuf_16)
    17    0.072495    0.077203    0.178484    0.586059 ^ clkbuf_0_wb_clk_i/X (sky130_fd_sc_hd__clkbuf_16)
                                                         clknet_0_wb_clk_i (net)
                      0.077266    0.002064    0.588122 ^ clkbuf_3_7_0_wb_clk_i/A (sky130_fd_sc_hd__clkbuf_8)
    12    0.036897    0.057721    0.122462    0.710585 ^ clkbuf_3_7_0_wb_clk_i/X (sky130_fd_sc_hd__clkbuf_8)
                                                         clknet_3_7_0_wb_clk_i (net)
                      0.057725    0.000540    0.711125 ^ _727_/CLK (sky130_fd_sc_hd__dfrtp_2)
     1    0.002121    0.023820    0.221686    0.932810 ^ _727_/Q (sky130_fd_sc_hd__dfrtp_2)
                                                         timer.sec_div[0] (net)
                      0.023820    0.000019    0.932829 ^ hold27/A (sky130_fd_sc_hd__dlygate4sd3_1)
     5    0.018945    0.150307    0.477911    1.410740 ^ hold27/X (sky130_fd_sc_hd__dlygate4sd3_1)
                                                         net27 (net)
                      0.150307    0.000117    1.410857 ^ _417_/A (sky130_fd_sc_hd__and4_2)
     8    0.027926    0.118915    0.222443    1.633301 ^ _417_/X (sky130_fd_sc_hd__and4_2)
                                                         _227_ (net)
                      0.118918    0.000780    1.634081 ^ _445_/A (sky130_fd_sc_hd__and4_2)
     9    0.033755    0.139361    0.232608    1.866689 ^ _445_/X (sky130_fd_sc_hd__and4_2)
                                                         _245_ (net)
                      0.139366    0.001023    1.867712 ^ _478_/A (sky130_fd_sc_hd__and4_2)
     5    0.023159    0.101905    0.206696    2.074408 ^ _478_/X (sky130_fd_sc_hd__and4_2)
                                                         _264_ (net)
                      0.101906    0.000523    2.074931 ^ _481_/B (sky130_fd_sc_hd__xor2_2)
     1    0.002427    0.066294    0.083149    2.158080 ^ _481_/X (sky130_fd_sc_hd__xor2_2)
                                                         _054_ (net)
                      0.066294    0.000026    2.158106 ^ hold102/A (sky130_fd_sc_hd__dlygate4sd3_1)
     1    0.002384    0.034887    0.393700    2.551806 ^ hold102/X (sky130_fd_sc_hd__dlygate4sd3_1)
                                                         net102 (net)
                      0.034887    0.000011    2.551817 ^ _755_/D (sky130_fd_sc_hd__dfrtp_2)
                                              2.551817   data arrival time

                                 25.000000   25.000000   clock wb_clk_i (rise edge)
                                  0.000000   25.000000   clock source latency
     2    0.147291    0.498689    0.368759   25.368759 ^ wb_clk_i (in)
                                                         wb_clk_i (net)
                      0.521806    0.000000   25.368759 ^ clkbuf_0_wb_clk_i/A (sky130_fd_sc_hd__clkbuf_16)
    17    0.072495    0.077203    0.161485   25.530243 ^ clkbuf_0_wb_clk_i/X (sky130_fd_sc_hd__clkbuf_16)
                                                         clknet_0_wb_clk_i (net)
                      0.077233    0.001378   25.531622 ^ clkbuf_3_3_0_wb_clk_i/A (sky130_fd_sc_hd__clkbuf_8)
    11    0.036901    0.057806    0.110813   25.642435 ^ clkbuf_3_3_0_wb_clk_i/X (sky130_fd_sc_hd__clkbuf_8)
                                                         clknet_3_3_0_wb_clk_i (net)
                      0.057810    0.000492   25.642927 ^ _755_/CLK (sky130_fd_sc_hd__dfrtp_2)
                                 -0.250000   25.392927   clock uncertainty
                                  0.055815   25.448742   clock reconvergence pessimism
                                 -0.035739   25.413004   library setup time
                                             25.413004   data required time
---------------------------------------------------------------------------------------------
                                             25.413004   data required time
                                             -2.551817   data arrival time
---------------------------------------------------------------------------------------------
                                             22.861187   slack (MET)


Startpoint: _697_ (rising edge-triggered flip-flop clocked by wb_clk_i)
Endpoint: _716_ (rising edge-triggered flip-flop clocked by wb_clk_i)
Path Group: wb_clk_i
Path Type: max

Fanout         Cap        Slew       Delay        Time   Description
---------------------------------------------------------------------------------------------
                                  0.000000    0.000000   clock wb_clk_i (rise edge)
                                  0.000000    0.000000   clock source latency
     2    0.147291    0.498689    0.407575    0.407575 ^ wb_clk_i (in)
                                                         wb_clk_i (net)
                      0.521806    0.000000    0.407575 ^ clkbuf_0_wb_clk_i/A (sky130_fd_sc_hd__clkbuf_16)
    17    0.072495    0.077203    0.178484    0.586059 ^ clkbuf_0_wb_clk_i/X (sky130_fd_sc_hd__clkbuf_16)
                                                         clknet_0_wb_clk_i (net)
                      0.077264    0.002040    0.588099 ^ clkbuf_3_1_0_wb_clk_i/A (sky130_fd_sc_hd__clkbuf_8)
    11    0.036856    0.057752    0.122433    0.710532 ^ clkbuf_3_1_0_wb_clk_i/X (sky130_fd_sc_hd__clkbuf_8)
                                                         clknet_3_1_0_wb_clk_i (net)
                      0.057752    0.000278    0.710810 ^ _697_/CLK (sky130_fd_sc_hd__dfrtp_2)
     1    0.002587    0.025203    0.223576    0.934386 ^ _697_/Q (sky130_fd_sc_hd__dfrtp_2)
                                                         timer.scan_div[3] (net)
                      0.025203    0.000029    0.934415 ^ hold37/A (sky130_fd_sc_hd__dlygate4sd3_1)
     3    0.014661    0.119414    0.455172    1.389587 ^ hold37/X (sky130_fd_sc_hd__dlygate4sd3_1)
                                                         net37 (net)
                      0.119414    0.000082    1.389669 ^ _494_/C (sky130_fd_sc_hd__and4_2)
     6    0.018620    0.085713    0.193467    1.583135 ^ _494_/X (sky130_fd_sc_hd__and4_2)
                                                         _272_ (net)
                      0.085713    0.000255    1.583391 ^ _516_/A (sky130_fd_sc_hd__and4_2)
     8    0.034517    0.142088    0.225609    1.808999 ^ _516_/X (sky130_fd_sc_hd__and4_2)
                                                         _286_ (net)
                      0.142093    0.001055    1.810055 ^ _537_/B (sky130_fd_sc_hd__and4_2)
     3    0.013983    0.070143    0.185089    1.995144 ^ _537_/X (sky130_fd_sc_hd__and4_2)
                                                         _298_ (net)
                      0.070143    0.000189    1.995332 ^ _540_/B (sky130_fd_sc_hd__nand2_2)
     2    0.011231    0.050944    0.050933    2.046265 v _540_/Y (sky130_fd_sc_hd__nand2_2)
                                                         _300_ (net)
                      0.050944    0.000042    2.046307 v _543_/B (sky130_fd_sc_hd__xnor2_2)
     1    0.002344    0.035981    0.086802    2.133109 v _543_/Y (sky130_fd_sc_hd__xnor2_2)
                                                         _015_ (net)
                      0.035981    0.000026    2.133135 v hold50/A (sky130_fd_sc_hd__dlygate4sd3_1)
     1    0.002484    0.037004    0.377907    2.511042 v hold50/X (sky130_fd_sc_hd__dlygate4sd3_1)
                                                         net50 (net)
                      0.037004    0.000023    2.511065 v _716_/D (sky130_fd_sc_hd__dfrtp_2)
                                              2.511065   data arrival time

                                 25.000000   25.000000   clock wb_clk_i (rise edge)
                                  0.000000   25.000000   clock source latency
     2    0.147291    0.498689    0.368759   25.368759 ^ wb_clk_i (in)
                                                         wb_clk_i (net)
                      0.521806    0.000000   25.368759 ^ clkbuf_0_wb_clk_i/A (sky130_fd_sc_hd__clkbuf_16)
    17    0.072495    0.077203    0.161485   25.530243 ^ clkbuf_0_wb_clk_i/X (sky130_fd_sc_hd__clkbuf_16)
                                                         clknet_0_wb_clk_i (net)
                      0.077293    0.002180   25.532423 ^ clkbuf_3_2_0_wb_clk_i/A (sky130_fd_sc_hd__clkbuf_8)
    11    0.036432    0.057163    0.110424   25.642847 ^ clkbuf_3_2_0_wb_clk_i/X (sky130_fd_sc_hd__clkbuf_8)
                                                         clknet_3_2_0_wb_clk_i (net)
                      0.057163    0.000172   25.643019 ^ _716_/CLK (sky130_fd_sc_hd__dfrtp_2)
                                 -0.250000   25.393021   clock uncertainty
                                  0.055815   25.448835   clock reconvergence pessimism
                                 -0.073029   25.375805   library setup time
                                             25.375805   data required time
---------------------------------------------------------------------------------------------
                                             25.375805   data required time
                                             -2.511065   data arrival time
---------------------------------------------------------------------------------------------
                                             22.864740   slack (MET)


Startpoint: _697_ (rising edge-triggered flip-flop clocked by wb_clk_i)
Endpoint: _715_ (rising edge-triggered flip-flop clocked by wb_clk_i)
Path Group: wb_clk_i
Path Type: max

Fanout         Cap        Slew       Delay        Time   Description
---------------------------------------------------------------------------------------------
                                  0.000000    0.000000   clock wb_clk_i (rise edge)
                                  0.000000    0.000000   clock source latency
     2    0.147291    0.498689    0.407575    0.407575 ^ wb_clk_i (in)
                                                         wb_clk_i (net)
                      0.521806    0.000000    0.407575 ^ clkbuf_0_wb_clk_i/A (sky130_fd_sc_hd__clkbuf_16)
    17    0.072495    0.077203    0.178484    0.586059 ^ clkbuf_0_wb_clk_i/X (sky130_fd_sc_hd__clkbuf_16)
                                                         clknet_0_wb_clk_i (net)
                      0.077264    0.002040    0.588099 ^ clkbuf_3_1_0_wb_clk_i/A (sky130_fd_sc_hd__clkbuf_8)
    11    0.036856    0.057752    0.122433    0.710532 ^ clkbuf_3_1_0_wb_clk_i/X (sky130_fd_sc_hd__clkbuf_8)
                                                         clknet_3_1_0_wb_clk_i (net)
                      0.057752    0.000278    0.710810 ^ _697_/CLK (sky130_fd_sc_hd__dfrtp_2)
     1    0.002417    0.026539    0.253601    0.964411 v _697_/Q (sky130_fd_sc_hd__dfrtp_2)
                                                         timer.scan_div[3] (net)
                      0.026539    0.000027    0.964438 v hold37/A (sky130_fd_sc_hd__dlygate4sd3_1)
     3    0.013703    0.073084    0.422772    1.387209 v hold37/X (sky130_fd_sc_hd__dlygate4sd3_1)
                                                         net37 (net)
                      0.073084    0.000077    1.387286 v _494_/C (sky130_fd_sc_hd__and4_2)
     6    0.017792    0.053086    0.193146    1.580432 v _494_/X (sky130_fd_sc_hd__and4_2)
                                                         _272_ (net)
                      0.053087    0.000244    1.580676 v _516_/A (sky130_fd_sc_hd__and4_2)
     8    0.032878    0.074795    0.176220    1.756896 v _516_/X (sky130_fd_sc_hd__and4_2)
                                                         _286_ (net)
                      0.074808    0.001006    1.757901 v _537_/B (sky130_fd_sc_hd__and4_2)
     3    0.012819    0.047289    0.172965    1.930867 v _537_/X (sky130_fd_sc_hd__and4_2)
                                                         _298_ (net)
                      0.047289    0.000157    1.931024 v _539_/B (sky130_fd_sc_hd__nor2_2)
     1    0.003050    0.047130    0.056762    1.987786 ^ _539_/Y (sky130_fd_sc_hd__nor2_2)
                                                         _299_ (net)
                      0.047130    0.000040    1.987826 ^ hold185/A (sky130_fd_sc_hd__dlygate4sd3_1)
     1    0.002675    0.036552    0.392121    2.379947 ^ hold185/X (sky130_fd_sc_hd__dlygate4sd3_1)
                                                         net185 (net)
                      0.036552    0.000033    2.379980 ^ _541_/A_N (sky130_fd_sc_hd__and2b_2)
     1    0.003329    0.026952    0.132947    2.512927 v _541_/X (sky130_fd_sc_hd__and2b_2)
                                                         _014_ (net)
                      0.026952    0.000046    2.512973 v _715_/D (sky130_fd_sc_hd__dfrtp_2)
                                              2.512973   data arrival time

                                 25.000000   25.000000   clock wb_clk_i (rise edge)
                                  0.000000   25.000000   clock source latency
     2    0.147291    0.498689    0.368759   25.368759 ^ wb_clk_i (in)
                                                         wb_clk_i (net)
                      0.521806    0.000000   25.368759 ^ clkbuf_0_wb_clk_i/A (sky130_fd_sc_hd__clkbuf_16)
    17    0.072495    0.077203    0.161485   25.530243 ^ clkbuf_0_wb_clk_i/X (sky130_fd_sc_hd__clkbuf_16)
                                                         clknet_0_wb_clk_i (net)
                      0.077293    0.002180   25.532423 ^ clkbuf_3_2_0_wb_clk_i/A (sky130_fd_sc_hd__clkbuf_8)
    11    0.036432    0.057163    0.110424   25.642847 ^ clkbuf_3_2_0_wb_clk_i/X (sky130_fd_sc_hd__clkbuf_8)
                                                         clknet_3_2_0_wb_clk_i (net)
                      0.057164    0.000368   25.643215 ^ _715_/CLK (sky130_fd_sc_hd__dfrtp_2)
                                 -0.250000   25.393215   clock uncertainty
                                  0.055815   25.449030   clock reconvergence pessimism
                                 -0.069443   25.379587   library setup time
                                             25.379587   data required time
---------------------------------------------------------------------------------------------
                                             25.379587   data required time
                                             -2.512973   data arrival time
---------------------------------------------------------------------------------------------
                                             22.866613   slack (MET)


Startpoint: _697_ (rising edge-triggered flip-flop clocked by wb_clk_i)
Endpoint: _719_ (rising edge-triggered flip-flop clocked by wb_clk_i)
Path Group: wb_clk_i
Path Type: max

Fanout         Cap        Slew       Delay        Time   Description
---------------------------------------------------------------------------------------------
                                  0.000000    0.000000   clock wb_clk_i (rise edge)
                                  0.000000    0.000000   clock source latency
     2    0.147291    0.498689    0.407575    0.407575 ^ wb_clk_i (in)
                                                         wb_clk_i (net)
                      0.521806    0.000000    0.407575 ^ clkbuf_0_wb_clk_i/A (sky130_fd_sc_hd__clkbuf_16)
    17    0.072495    0.077203    0.178484    0.586059 ^ clkbuf_0_wb_clk_i/X (sky130_fd_sc_hd__clkbuf_16)
                                                         clknet_0_wb_clk_i (net)
                      0.077264    0.002040    0.588099 ^ clkbuf_3_1_0_wb_clk_i/A (sky130_fd_sc_hd__clkbuf_8)
    11    0.036856    0.057752    0.122433    0.710532 ^ clkbuf_3_1_0_wb_clk_i/X (sky130_fd_sc_hd__clkbuf_8)
                                                         clknet_3_1_0_wb_clk_i (net)
                      0.057752    0.000278    0.710810 ^ _697_/CLK (sky130_fd_sc_hd__dfrtp_2)
     1    0.002587    0.025203    0.223576    0.934386 ^ _697_/Q (sky130_fd_sc_hd__dfrtp_2)
                                                         timer.scan_div[3] (net)
                      0.025203    0.000029    0.934415 ^ hold37/A (sky130_fd_sc_hd__dlygate4sd3_1)
     3    0.014661    0.119414    0.455172    1.389587 ^ hold37/X (sky130_fd_sc_hd__dlygate4sd3_1)
                                                         net37 (net)
                      0.119414    0.000082    1.389669 ^ _494_/C (sky130_fd_sc_hd__and4_2)
     6    0.018620    0.085713    0.193467    1.583135 ^ _494_/X (sky130_fd_sc_hd__and4_2)
                                                         _272_ (net)
                      0.085713    0.000255    1.583391 ^ _516_/A (sky130_fd_sc_hd__and4_2)
     8    0.034517    0.142088    0.225609    1.808999 ^ _516_/X (sky130_fd_sc_hd__and4_2)
                                                         _286_ (net)
                      0.142093    0.001095    1.810095 ^ _546_/A (sky130_fd_sc_hd__and3_2)
     5    0.023107    0.096188    0.184229    1.994324 ^ _546_/X (sky130_fd_sc_hd__and3_2)
                                                         _304_ (net)
                      0.096188    0.000313    1.994637 ^ _548_/B (sky130_fd_sc_hd__nand2_2)
     1    0.008765    0.037871    0.048094    2.042731 v _548_/Y (sky130_fd_sc_hd__nand2_2)
                                                         _305_ (net)
                      0.037871    0.000113    2.042845 v _551_/B (sky130_fd_sc_hd__xnor2_2)
     1    0.001830    0.037537    0.080004    2.122849 v _551_/Y (sky130_fd_sc_hd__xnor2_2)
                                                         _018_ (net)
                      0.037537    0.000008    2.122857 v hold76/A (sky130_fd_sc_hd__dlygate4sd3_1)
     1    0.002545    0.037175    0.378912    2.501769 v hold76/X (sky130_fd_sc_hd__dlygate4sd3_1)
                                                         net76 (net)
                      0.037175    0.000025    2.501794 v _719_/D (sky130_fd_sc_hd__dfrtp_2)
                                              2.501794   data arrival time

                                 25.000000   25.000000   clock wb_clk_i (rise edge)
                                  0.000000   25.000000   clock source latency
     2    0.147291    0.498689    0.368759   25.368759 ^ wb_clk_i (in)
                                                         wb_clk_i (net)
                      0.521806    0.000000   25.368759 ^ clkbuf_0_wb_clk_i/A (sky130_fd_sc_hd__clkbuf_16)
    17    0.072495    0.077203    0.161485   25.530243 ^ clkbuf_0_wb_clk_i/X (sky130_fd_sc_hd__clkbuf_16)
                                                         clknet_0_wb_clk_i (net)
                      0.077293    0.002180   25.532423 ^ clkbuf_3_2_0_wb_clk_i/A (sky130_fd_sc_hd__clkbuf_8)
    11    0.036432    0.057163    0.110424   25.642847 ^ clkbuf_3_2_0_wb_clk_i/X (sky130_fd_sc_hd__clkbuf_8)
                                                         clknet_3_2_0_wb_clk_i (net)
                      0.057166    0.000471   25.643318 ^ _719_/CLK (sky130_fd_sc_hd__dfrtp_2)
                                 -0.250000   25.393318   clock uncertainty
                                  0.055815   25.449133   clock reconvergence pessimism
                                 -0.073090   25.376043   library setup time
                                             25.376043   data required time
---------------------------------------------------------------------------------------------
                                             25.376043   data required time
                                             -2.501794   data arrival time
---------------------------------------------------------------------------------------------
                                             22.874249   slack (MET)


Startpoint: _727_ (rising edge-triggered flip-flop clocked by wb_clk_i)
Endpoint: _747_ (rising edge-triggered flip-flop clocked by wb_clk_i)
Path Group: wb_clk_i
Path Type: max

Fanout         Cap        Slew       Delay        Time   Description
---------------------------------------------------------------------------------------------
                                  0.000000    0.000000   clock wb_clk_i (rise edge)
                                  0.000000    0.000000   clock source latency
     2    0.147291    0.498689    0.407575    0.407575 ^ wb_clk_i (in)
                                                         wb_clk_i (net)
                      0.521806    0.000000    0.407575 ^ clkbuf_0_wb_clk_i/A (sky130_fd_sc_hd__clkbuf_16)
    17    0.072495    0.077203    0.178484    0.586059 ^ clkbuf_0_wb_clk_i/X (sky130_fd_sc_hd__clkbuf_16)
                                                         clknet_0_wb_clk_i (net)
                      0.077266    0.002064    0.588122 ^ clkbuf_3_7_0_wb_clk_i/A (sky130_fd_sc_hd__clkbuf_8)
    12    0.036897    0.057721    0.122462    0.710585 ^ clkbuf_3_7_0_wb_clk_i/X (sky130_fd_sc_hd__clkbuf_8)
                                                         clknet_3_7_0_wb_clk_i (net)
                      0.057725    0.000540    0.711125 ^ _727_/CLK (sky130_fd_sc_hd__dfrtp_2)
     1    0.002121    0.023820    0.221686    0.932810 ^ _727_/Q (sky130_fd_sc_hd__dfrtp_2)
                                                         timer.sec_div[0] (net)
                      0.023820    0.000019    0.932829 ^ hold27/A (sky130_fd_sc_hd__dlygate4sd3_1)
     5    0.018945    0.150307    0.477911    1.410740 ^ hold27/X (sky130_fd_sc_hd__dlygate4sd3_1)
                                                         net27 (net)
                      0.150307    0.000117    1.410857 ^ _417_/A (sky130_fd_sc_hd__and4_2)
     8    0.027926    0.118915    0.222443    1.633301 ^ _417_/X (sky130_fd_sc_hd__and4_2)
                                                         _227_ (net)
                      0.118918    0.000780    1.634081 ^ _445_/A (sky130_fd_sc_hd__and4_2)
     9    0.033755    0.139361    0.232608    1.866689 ^ _445_/X (sky130_fd_sc_hd__and4_2)
                                                         _245_ (net)
                      0.139365    0.000990    1.867679 ^ _460_/A (sky130_fd_sc_hd__and3_2)
     5    0.023081    0.096077    0.183588    2.051266 ^ _460_/X (sky130_fd_sc_hd__and3_2)
                                                         _254_ (net)
                      0.096078    0.000454    2.051720 ^ _463_/B (sky130_fd_sc_hd__xor2_2)
     1    0.002859    0.070032    0.085755    2.137475 ^ _463_/X (sky130_fd_sc_hd__xor2_2)
                                                         _046_ (net)
                      0.070032    0.000034    2.137510 ^ hold125/A (sky130_fd_sc_hd__dlygate4sd3_1)
     1    0.002318    0.034512    0.393866    2.531375 ^ hold125/X (sky130_fd_sc_hd__dlygate4sd3_1)
                                                         net125 (net)
                      0.034512    0.000021    2.531396 ^ _747_/D (sky130_fd_sc_hd__dfrtp_2)
                                              2.531396   data arrival time

                                 25.000000   25.000000   clock wb_clk_i (rise edge)
                                  0.000000   25.000000   clock source latency
     2    0.147291    0.498689    0.368759   25.368759 ^ wb_clk_i (in)
                                                         wb_clk_i (net)
                      0.521806    0.000000   25.368759 ^ clkbuf_0_wb_clk_i/A (sky130_fd_sc_hd__clkbuf_16)
    17    0.072495    0.077203    0.161485   25.530243 ^ clkbuf_0_wb_clk_i/X (sky130_fd_sc_hd__clkbuf_16)
                                                         clknet_0_wb_clk_i (net)
                      0.077264    0.001846   25.532089 ^ clkbuf_3_1_0_wb_clk_i/A (sky130_fd_sc_hd__clkbuf_8)
    11    0.036856    0.057752    0.110772   25.642860 ^ clkbuf_3_1_0_wb_clk_i/X (sky130_fd_sc_hd__clkbuf_8)
                                                         clknet_3_1_0_wb_clk_i (net)
                      0.057760    0.000668   25.643528 ^ _747_/CLK (sky130_fd_sc_hd__dfrtp_2)
                                 -0.250000   25.393530   clock uncertainty
                                  0.055815   25.449345   clock reconvergence pessimism
                                 -0.035703   25.413641   library setup time
                                             25.413641   data required time
---------------------------------------------------------------------------------------------
                                             25.413641   data required time
                                             -2.531396   data arrival time
---------------------------------------------------------------------------------------------
                                             22.882246   slack (MET)


Startpoint: _697_ (rising edge-triggered flip-flop clocked by wb_clk_i)
Endpoint: _722_ (rising edge-triggered flip-flop clocked by wb_clk_i)
Path Group: wb_clk_i
Path Type: max

Fanout         Cap        Slew       Delay        Time   Description
---------------------------------------------------------------------------------------------
                                  0.000000    0.000000   clock wb_clk_i (rise edge)
                                  0.000000    0.000000   clock source latency
     2    0.147291    0.498689    0.407575    0.407575 ^ wb_clk_i (in)
                                                         wb_clk_i (net)
                      0.521806    0.000000    0.407575 ^ clkbuf_0_wb_clk_i/A (sky130_fd_sc_hd__clkbuf_16)
    17    0.072495    0.077203    0.178484    0.586059 ^ clkbuf_0_wb_clk_i/X (sky130_fd_sc_hd__clkbuf_16)
                                                         clknet_0_wb_clk_i (net)
                      0.077264    0.002040    0.588099 ^ clkbuf_3_1_0_wb_clk_i/A (sky130_fd_sc_hd__clkbuf_8)
    11    0.036856    0.057752    0.122433    0.710532 ^ clkbuf_3_1_0_wb_clk_i/X (sky130_fd_sc_hd__clkbuf_8)
                                                         clknet_3_1_0_wb_clk_i (net)
                      0.057752    0.000278    0.710810 ^ _697_/CLK (sky130_fd_sc_hd__dfrtp_2)
     1    0.002587    0.025203    0.223576    0.934386 ^ _697_/Q (sky130_fd_sc_hd__dfrtp_2)
                                                         timer.scan_div[3] (net)
                      0.025203    0.000029    0.934415 ^ hold37/A (sky130_fd_sc_hd__dlygate4sd3_1)
     3    0.014661    0.119414    0.455172    1.389587 ^ hold37/X (sky130_fd_sc_hd__dlygate4sd3_1)
                                                         net37 (net)
                      0.119414    0.000082    1.389669 ^ _494_/C (sky130_fd_sc_hd__and4_2)
     6    0.018620    0.085713    0.193467    1.583135 ^ _494_/X (sky130_fd_sc_hd__and4_2)
                                                         _272_ (net)
                      0.085713    0.000255    1.583391 ^ _516_/A (sky130_fd_sc_hd__and4_2)
     8    0.034517    0.142088    0.225609    1.808999 ^ _516_/X (sky130_fd_sc_hd__and4_2)
                                                         _286_ (net)
                      0.142093    0.001079    1.810079 ^ _554_/A (sky130_fd_sc_hd__and4_2)
     5    0.027951    0.118891    0.220953    2.031032 ^ _554_/X (sky130_fd_sc_hd__and4_2)
                                                         _308_ (net)
                      0.118892    0.000658    2.031690 ^ _557_/B (sky130_fd_sc_hd__xor2_2)
     1    0.003218    0.073348    0.088602    2.120292 ^ _557_/X (sky130_fd_sc_hd__xor2_2)
                                                         _021_ (net)
                      0.073348    0.000045    2.120337 ^ hold118/A (sky130_fd_sc_hd__dlygate4sd3_1)
     1    0.002543    0.035782    0.395930    2.516267 ^ hold118/X (sky130_fd_sc_hd__dlygate4sd3_1)
                                                         net118 (net)
                      0.035782    0.000025    2.516292 ^ _722_/D (sky130_fd_sc_hd__dfrtp_2)
                                              2.516292   data arrival time

                                 25.000000   25.000000   clock wb_clk_i (rise edge)
                                  0.000000   25.000000   clock source latency
     2    0.147291    0.498689    0.368759   25.368759 ^ wb_clk_i (in)
                                                         wb_clk_i (net)
                      0.521806    0.000000   25.368759 ^ clkbuf_0_wb_clk_i/A (sky130_fd_sc_hd__clkbuf_16)
    17    0.072495    0.077203    0.161485   25.530243 ^ clkbuf_0_wb_clk_i/X (sky130_fd_sc_hd__clkbuf_16)
                                                         clknet_0_wb_clk_i (net)
                      0.077310    0.002352   25.532595 ^ clkbuf_3_0_0_wb_clk_i/A (sky130_fd_sc_hd__clkbuf_8)
    11    0.035669    0.056319    0.109786   25.642382 ^ clkbuf_3_0_0_wb_clk_i/X (sky130_fd_sc_hd__clkbuf_8)
                                                         clknet_3_0_0_wb_clk_i (net)
                      0.056325    0.000574   25.642956 ^ _722_/CLK (sky130_fd_sc_hd__dfrtp_2)
                                 -0.250000   25.392956   clock uncertainty
                                  0.055815   25.448771   clock reconvergence pessimism
                                 -0.035885   25.412888   library setup time
                                             25.412888   data required time
---------------------------------------------------------------------------------------------
                                             25.412888   data required time
                                             -2.516292   data arrival time
---------------------------------------------------------------------------------------------
                                             22.896595   slack (MET)


Startpoint: _727_ (rising edge-triggered flip-flop clocked by wb_clk_i)
Endpoint: _745_ (rising edge-triggered flip-flop clocked by wb_clk_i)
Path Group: wb_clk_i
Path Type: max

Fanout         Cap        Slew       Delay        Time   Description
---------------------------------------------------------------------------------------------
                                  0.000000    0.000000   clock wb_clk_i (rise edge)
                                  0.000000    0.000000   clock source latency
     2    0.147291    0.498689    0.407575    0.407575 ^ wb_clk_i (in)
                                                         wb_clk_i (net)
                      0.521806    0.000000    0.407575 ^ clkbuf_0_wb_clk_i/A (sky130_fd_sc_hd__clkbuf_16)
    17    0.072495    0.077203    0.178484    0.586059 ^ clkbuf_0_wb_clk_i/X (sky130_fd_sc_hd__clkbuf_16)
                                                         clknet_0_wb_clk_i (net)
                      0.077266    0.002064    0.588122 ^ clkbuf_3_7_0_wb_clk_i/A (sky130_fd_sc_hd__clkbuf_8)
    12    0.036897    0.057721    0.122462    0.710585 ^ clkbuf_3_7_0_wb_clk_i/X (sky130_fd_sc_hd__clkbuf_8)
                                                         clknet_3_7_0_wb_clk_i (net)
                      0.057725    0.000540    0.711125 ^ _727_/CLK (sky130_fd_sc_hd__dfrtp_2)
     1    0.002121    0.023820    0.221686    0.932810 ^ _727_/Q (sky130_fd_sc_hd__dfrtp_2)
                                                         timer.sec_div[0] (net)
                      0.023820    0.000019    0.932829 ^ hold27/A (sky130_fd_sc_hd__dlygate4sd3_1)
     5    0.018945    0.150307    0.477911    1.410740 ^ hold27/X (sky130_fd_sc_hd__dlygate4sd3_1)
                                                         net27 (net)
                      0.150307    0.000117    1.410857 ^ _417_/A (sky130_fd_sc_hd__and4_2)
     8    0.027926    0.118915    0.222443    1.633301 ^ _417_/X (sky130_fd_sc_hd__and4_2)
                                                         _227_ (net)
                      0.118918    0.000780    1.634081 ^ _445_/A (sky130_fd_sc_hd__and4_2)
     9    0.033755    0.139361    0.232608    1.866689 ^ _445_/X (sky130_fd_sc_hd__and4_2)
                                                         _245_ (net)
                      0.139364    0.000941    1.867630 ^ _455_/C (sky130_fd_sc_hd__and4_2)
     2    0.011218    0.061266    0.173391    2.041021 ^ _455_/X (sky130_fd_sc_hd__and4_2)
                                                         _251_ (net)
                      0.061266    0.000081    2.041101 ^ _458_/B (sky130_fd_sc_hd__xor2_2)
     1    0.002196    0.065072    0.080726    2.121828 ^ _458_/X (sky130_fd_sc_hd__xor2_2)
                                                         _043_ (net)
                      0.065072    0.000011    2.121839 ^ hold52/A (sky130_fd_sc_hd__dlygate4sd3_1)
     1    0.002337    0.034620    0.393177    2.515016 ^ hold52/X (sky130_fd_sc_hd__dlygate4sd3_1)
                                                         net52 (net)
                      0.034620    0.000021    2.515037 ^ _745_/D (sky130_fd_sc_hd__dfrtp_2)
                                              2.515037   data arrival time

                                 25.000000   25.000000   clock wb_clk_i (rise edge)
                                  0.000000   25.000000   clock source latency
     2    0.147291    0.498689    0.368759   25.368759 ^ wb_clk_i (in)
                                                         wb_clk_i (net)
                      0.521806    0.000000   25.368759 ^ clkbuf_0_wb_clk_i/A (sky130_fd_sc_hd__clkbuf_16)
    17    0.072495    0.077203    0.161485   25.530243 ^ clkbuf_0_wb_clk_i/X (sky130_fd_sc_hd__clkbuf_16)
                                                         clknet_0_wb_clk_i (net)
                      0.077221    0.001144   25.531387 ^ clkbuf_3_6_0_wb_clk_i/A (sky130_fd_sc_hd__clkbuf_8)
    12    0.038165    0.059236    0.111804   25.643192 ^ clkbuf_3_6_0_wb_clk_i/X (sky130_fd_sc_hd__clkbuf_8)
                                                         clknet_3_6_0_wb_clk_i (net)
                      0.059246    0.000753   25.643944 ^ _745_/CLK (sky130_fd_sc_hd__dfrtp_2)
                                 -0.250000   25.393946   clock uncertainty
                                  0.055815   25.449760   clock reconvergence pessimism
                                 -0.035658   25.414103   library setup time
                                             25.414103   data required time
---------------------------------------------------------------------------------------------
                                             25.414103   data required time
                                             -2.515037   data arrival time
---------------------------------------------------------------------------------------------
                                             22.899065   slack (MET)


Startpoint: _727_ (rising edge-triggered flip-flop clocked by wb_clk_i)
Endpoint: _744_ (rising edge-triggered flip-flop clocked by wb_clk_i)
Path Group: wb_clk_i
Path Type: max

Fanout         Cap        Slew       Delay        Time   Description
---------------------------------------------------------------------------------------------
                                  0.000000    0.000000   clock wb_clk_i (rise edge)
                                  0.000000    0.000000   clock source latency
     2    0.147291    0.498689    0.407575    0.407575 ^ wb_clk_i (in)
                                                         wb_clk_i (net)
                      0.521806    0.000000    0.407575 ^ clkbuf_0_wb_clk_i/A (sky130_fd_sc_hd__clkbuf_16)
    17    0.072495    0.077203    0.178484    0.586059 ^ clkbuf_0_wb_clk_i/X (sky130_fd_sc_hd__clkbuf_16)
                                                         clknet_0_wb_clk_i (net)
                      0.077266    0.002064    0.588122 ^ clkbuf_3_7_0_wb_clk_i/A (sky130_fd_sc_hd__clkbuf_8)
    12    0.036897    0.057721    0.122462    0.710585 ^ clkbuf_3_7_0_wb_clk_i/X (sky130_fd_sc_hd__clkbuf_8)
                                                         clknet_3_7_0_wb_clk_i (net)
                      0.057725    0.000540    0.711125 ^ _727_/CLK (sky130_fd_sc_hd__dfrtp_2)
     1    0.002121    0.023820    0.221686    0.932810 ^ _727_/Q (sky130_fd_sc_hd__dfrtp_2)
                                                         timer.sec_div[0] (net)
                      0.023820    0.000019    0.932829 ^ hold27/A (sky130_fd_sc_hd__dlygate4sd3_1)
     5    0.018945    0.150307    0.477911    1.410740 ^ hold27/X (sky130_fd_sc_hd__dlygate4sd3_1)
                                                         net27 (net)
                      0.150307    0.000117    1.410857 ^ _417_/A (sky130_fd_sc_hd__and4_2)
     8    0.027926    0.118915    0.222443    1.633301 ^ _417_/X (sky130_fd_sc_hd__and4_2)
                                                         _227_ (net)
                      0.118918    0.000780    1.634081 ^ _445_/A (sky130_fd_sc_hd__and4_2)
     9    0.033755    0.139361    0.232608    1.866689 ^ _445_/X (sky130_fd_sc_hd__and4_2)
                                                         _245_ (net)
                      0.139364    0.000878    1.867567 ^ _452_/B (sky130_fd_sc_hd__and3_2)
     2    0.014984    0.068149    0.163627    2.031193 ^ _452_/X (sky130_fd_sc_hd__and3_2)
                                                         _249_ (net)
                      0.068149    0.000085    2.031278 ^ _456_/B (sky130_fd_sc_hd__xor2_2)
     1    0.002874    0.070364    0.085169    2.116447 ^ _456_/X (sky130_fd_sc_hd__xor2_2)
                                                         _042_ (net)
                      0.070364    0.000036    2.116482 ^ hold54/A (sky130_fd_sc_hd__dlygate4sd3_1)
     1    0.002377    0.034843    0.394320    2.510803 ^ hold54/X (sky130_fd_sc_hd__dlygate4sd3_1)
                                                         net54 (net)
                      0.034843    0.000011    2.510814 ^ _744_/D (sky130_fd_sc_hd__dfrtp_2)
                                              2.510814   data arrival time

                                 25.000000   25.000000   clock wb_clk_i (rise edge)
                                  0.000000   25.000000   clock source latency
     2    0.147291    0.498689    0.368759   25.368759 ^ wb_clk_i (in)
                                                         wb_clk_i (net)
                      0.521806    0.000000   25.368759 ^ clkbuf_0_wb_clk_i/A (sky130_fd_sc_hd__clkbuf_16)
    17    0.072495    0.077203    0.161485   25.530243 ^ clkbuf_0_wb_clk_i/X (sky130_fd_sc_hd__clkbuf_16)
                                                         clknet_0_wb_clk_i (net)
                      0.077234    0.001398   25.531641 ^ clkbuf_3_4_0_wb_clk_i/A (sky130_fd_sc_hd__clkbuf_8)
    11    0.037149    0.058025    0.111003   25.642645 ^ clkbuf_3_4_0_wb_clk_i/X (sky130_fd_sc_hd__clkbuf_8)
                                                         clknet_3_4_0_wb_clk_i (net)
                      0.058030    0.000563   25.643208 ^ _744_/CLK (sky130_fd_sc_hd__dfrtp_2)
                                 -0.250000   25.393208   clock uncertainty
                                  0.055815   25.449022   clock reconvergence pessimism
                                 -0.035726   25.413298   library setup time
                                             25.413298   data required time
---------------------------------------------------------------------------------------------
                                             25.413298   data required time
                                             -2.510814   data arrival time
---------------------------------------------------------------------------------------------
                                             22.902483   slack (MET)


Startpoint: _697_ (rising edge-triggered flip-flop clocked by wb_clk_i)
Endpoint: _711_ (rising edge-triggered flip-flop clocked by wb_clk_i)
Path Group: wb_clk_i
Path Type: max

Fanout         Cap        Slew       Delay        Time   Description
---------------------------------------------------------------------------------------------
                                  0.000000    0.000000   clock wb_clk_i (rise edge)
                                  0.000000    0.000000   clock source latency
     2    0.147291    0.498689    0.407575    0.407575 ^ wb_clk_i (in)
                                                         wb_clk_i (net)
                      0.521806    0.000000    0.407575 ^ clkbuf_0_wb_clk_i/A (sky130_fd_sc_hd__clkbuf_16)
    17    0.072495    0.077203    0.178484    0.586059 ^ clkbuf_0_wb_clk_i/X (sky130_fd_sc_hd__clkbuf_16)
                                                         clknet_0_wb_clk_i (net)
                      0.077264    0.002040    0.588099 ^ clkbuf_3_1_0_wb_clk_i/A (sky130_fd_sc_hd__clkbuf_8)
    11    0.036856    0.057752    0.122433    0.710532 ^ clkbuf_3_1_0_wb_clk_i/X (sky130_fd_sc_hd__clkbuf_8)
                                                         clknet_3_1_0_wb_clk_i (net)
                      0.057752    0.000278    0.710810 ^ _697_/CLK (sky130_fd_sc_hd__dfrtp_2)
     1    0.002587    0.025203    0.223576    0.934386 ^ _697_/Q (sky130_fd_sc_hd__dfrtp_2)
                                                         timer.scan_div[3] (net)
                      0.025203    0.000029    0.934415 ^ hold37/A (sky130_fd_sc_hd__dlygate4sd3_1)
     3    0.014661    0.119414    0.455172    1.389587 ^ hold37/X (sky130_fd_sc_hd__dlygate4sd3_1)
                                                         net37 (net)
                      0.119414    0.000082    1.389669 ^ _494_/C (sky130_fd_sc_hd__and4_2)
     6    0.018620    0.085713    0.193467    1.583135 ^ _494_/X (sky130_fd_sc_hd__and4_2)
                                                         _272_ (net)
                      0.085713    0.000255    1.583391 ^ _516_/A (sky130_fd_sc_hd__and4_2)
     8    0.034517    0.142088    0.225609    1.808999 ^ _516_/X (sky130_fd_sc_hd__and4_2)
                                                         _286_ (net)
                      0.142092    0.000994    1.809993 ^ _526_/A (sky130_fd_sc_hd__and2_2)
     6    0.034448    0.136172    0.195225    2.005218 ^ _526_/X (sky130_fd_sc_hd__and2_2)
                                                         _292_ (net)
                      0.136175    0.000903    2.006121 ^ _529_/A2 (sky130_fd_sc_hd__a21oi_2)
     1    0.002191    0.039840    0.036249    2.042369 v _529_/Y (sky130_fd_sc_hd__a21oi_2)
                                                         _293_ (net)
                      0.039840    0.000023    2.042392 v hold147/A (sky130_fd_sc_hd__dlygate4sd3_1)
     1    0.004861    0.045635    0.392440    2.434832 v hold147/X (sky130_fd_sc_hd__dlygate4sd3_1)
                                                         net147 (net)
                      0.045635    0.000057    2.434889 v _531_/A (sky130_fd_sc_hd__nor2_2)
     1    0.002792    0.044054    0.071129    2.506018 ^ _531_/Y (sky130_fd_sc_hd__nor2_2)
                                                         _009_ (net)
                      0.044054    0.000028    2.506047 ^ _711_/D (sky130_fd_sc_hd__dfrtp_2)
                                              2.506047   data arrival time

                                 25.000000   25.000000   clock wb_clk_i (rise edge)
                                  0.000000   25.000000   clock source latency
     2    0.147291    0.498689    0.368759   25.368759 ^ wb_clk_i (in)
                                                         wb_clk_i (net)
                      0.521806    0.000000   25.368759 ^ clkbuf_0_wb_clk_i/A (sky130_fd_sc_hd__clkbuf_16)
    17    0.072495    0.077203    0.161485   25.530243 ^ clkbuf_0_wb_clk_i/X (sky130_fd_sc_hd__clkbuf_16)
                                                         clknet_0_wb_clk_i (net)
                      0.077310    0.002352   25.532595 ^ clkbuf_3_0_0_wb_clk_i/A (sky130_fd_sc_hd__clkbuf_8)
    11    0.035669    0.056319    0.109786   25.642382 ^ clkbuf_3_0_0_wb_clk_i/X (sky130_fd_sc_hd__clkbuf_8)
                                                         clknet_3_0_0_wb_clk_i (net)
                      0.056319    0.000297   25.642677 ^ _711_/CLK (sky130_fd_sc_hd__dfrtp_2)
                                 -0.250000   25.392679   clock uncertainty
                                  0.055815   25.448494   clock reconvergence pessimism
                                 -0.036719   25.411776   library setup time
                                             25.411776   data required time
---------------------------------------------------------------------------------------------
                                             25.411776   data required time
                                             -2.506047   data arrival time
---------------------------------------------------------------------------------------------
                                             22.905727   slack (MET)


Startpoint: _697_ (rising edge-triggered flip-flop clocked by wb_clk_i)
Endpoint: _709_ (rising edge-triggered flip-flop clocked by wb_clk_i)
Path Group: wb_clk_i
Path Type: max

Fanout         Cap        Slew       Delay        Time   Description
---------------------------------------------------------------------------------------------
                                  0.000000    0.000000   clock wb_clk_i (rise edge)
                                  0.000000    0.000000   clock source latency
     2    0.147291    0.498689    0.407575    0.407575 ^ wb_clk_i (in)
                                                         wb_clk_i (net)
                      0.521806    0.000000    0.407575 ^ clkbuf_0_wb_clk_i/A (sky130_fd_sc_hd__clkbuf_16)
    17    0.072495    0.077203    0.178484    0.586059 ^ clkbuf_0_wb_clk_i/X (sky130_fd_sc_hd__clkbuf_16)
                                                         clknet_0_wb_clk_i (net)
                      0.077264    0.002040    0.588099 ^ clkbuf_3_1_0_wb_clk_i/A (sky130_fd_sc_hd__clkbuf_8)
    11    0.036856    0.057752    0.122433    0.710532 ^ clkbuf_3_1_0_wb_clk_i/X (sky130_fd_sc_hd__clkbuf_8)
                                                         clknet_3_1_0_wb_clk_i (net)
                      0.057752    0.000278    0.710810 ^ _697_/CLK (sky130_fd_sc_hd__dfrtp_2)
     1    0.002587    0.025203    0.223576    0.934386 ^ _697_/Q (sky130_fd_sc_hd__dfrtp_2)
                                                         timer.scan_div[3] (net)
                      0.025203    0.000029    0.934415 ^ hold37/A (sky130_fd_sc_hd__dlygate4sd3_1)
     3    0.014661    0.119414    0.455172    1.389587 ^ hold37/X (sky130_fd_sc_hd__dlygate4sd3_1)
                                                         net37 (net)
                      0.119414    0.000082    1.389669 ^ _494_/C (sky130_fd_sc_hd__and4_2)
     6    0.018620    0.085713    0.193467    1.583135 ^ _494_/X (sky130_fd_sc_hd__and4_2)
                                                         _272_ (net)
                      0.085713    0.000255    1.583391 ^ _516_/A (sky130_fd_sc_hd__and4_2)
     8    0.034517    0.142088    0.225609    1.808999 ^ _516_/X (sky130_fd_sc_hd__and4_2)
                                                         _286_ (net)
                      0.142091    0.000894    1.809894 ^ _520_/C (sky130_fd_sc_hd__and3_2)
     3    0.017611    0.077808    0.168464    1.978358 ^ _520_/X (sky130_fd_sc_hd__and3_2)
                                                         _288_ (net)
                      0.077808    0.000148    1.978506 ^ _523_/B (sky130_fd_sc_hd__nand2_2)
     2    0.006953    0.039826    0.041782    2.020288 v _523_/Y (sky130_fd_sc_hd__nand2_2)
                                                         _290_ (net)
                      0.039826    0.000056    2.020345 v _527_/A2 (sky130_fd_sc_hd__a21oi_2)
     1    0.002586    0.056912    0.088766    2.109110 ^ _527_/Y (sky130_fd_sc_hd__a21oi_2)
                                                         _007_ (net)
                      0.056912    0.000018    2.109128 ^ hold120/A (sky130_fd_sc_hd__dlygate4sd3_1)
     1    0.002429    0.035143    0.392453    2.501581 ^ hold120/X (sky130_fd_sc_hd__dlygate4sd3_1)
                                                         net120 (net)
                      0.035143    0.000022    2.501603 ^ _709_/D (sky130_fd_sc_hd__dfrtp_2)
                                              2.501603   data arrival time

                                 25.000000   25.000000   clock wb_clk_i (rise edge)
                                  0.000000   25.000000   clock source latency
     2    0.147291    0.498689    0.368759   25.368759 ^ wb_clk_i (in)
                                                         wb_clk_i (net)
                      0.521806    0.000000   25.368759 ^ clkbuf_0_wb_clk_i/A (sky130_fd_sc_hd__clkbuf_16)
    17    0.072495    0.077203    0.161485   25.530243 ^ clkbuf_0_wb_clk_i/X (sky130_fd_sc_hd__clkbuf_16)
                                                         clknet_0_wb_clk_i (net)
                      0.077310    0.002352   25.532595 ^ clkbuf_3_0_0_wb_clk_i/A (sky130_fd_sc_hd__clkbuf_8)
    11    0.035669    0.056319    0.109786   25.642382 ^ clkbuf_3_0_0_wb_clk_i/X (sky130_fd_sc_hd__clkbuf_8)
                                                         clknet_3_0_0_wb_clk_i (net)
                      0.056319    0.000291   25.642673 ^ _709_/CLK (sky130_fd_sc_hd__dfrtp_2)
                                 -0.250000   25.392673   clock uncertainty
                                  0.055815   25.448488   clock reconvergence pessimism
                                 -0.035820   25.412668   library setup time
                                             25.412668   data required time
---------------------------------------------------------------------------------------------
                                             25.412668   data required time
                                             -2.501603   data arrival time
---------------------------------------------------------------------------------------------
                                             22.911066   slack (MET)


Startpoint: _691_ (rising edge-triggered flip-flop clocked by wb_clk_i)
Endpoint: _683_ (rising edge-triggered flip-flop clocked by wb_clk_i)
Path Group: wb_clk_i
Path Type: max

Fanout         Cap        Slew       Delay        Time   Description
---------------------------------------------------------------------------------------------
                                  0.000000    0.000000   clock wb_clk_i (rise edge)
                                  0.000000    0.000000   clock source latency
     2    0.147291    0.498689    0.407575    0.407575 ^ wb_clk_i (in)
                                                         wb_clk_i (net)
                      0.521806    0.000000    0.407575 ^ clkbuf_0_wb_clk_i/A (sky130_fd_sc_hd__clkbuf_16)
    17    0.072495    0.077203    0.178484    0.586059 ^ clkbuf_0_wb_clk_i/X (sky130_fd_sc_hd__clkbuf_16)
                                                         clknet_0_wb_clk_i (net)
                      0.077266    0.002064    0.588122 ^ clkbuf_3_7_0_wb_clk_i/A (sky130_fd_sc_hd__clkbuf_8)
    12    0.036897    0.057721    0.122462    0.710585 ^ clkbuf_3_7_0_wb_clk_i/X (sky130_fd_sc_hd__clkbuf_8)
                                                         clknet_3_7_0_wb_clk_i (net)
                      0.057721    0.000290    0.710874 ^ _691_/CLK (sky130_fd_sc_hd__dfrtp_2)
     4    0.014036    0.061303    0.260583    0.971457 ^ _691_/Q (sky130_fd_sc_hd__dfrtp_2)
                                                         timer.sec_ones[2] (net)
                      0.061303    0.000030    0.971487 ^ hold142/A (sky130_fd_sc_hd__dlygate4sd3_1)
     2    0.013093    0.108117    0.454361    1.425848 ^ hold142/X (sky130_fd_sc_hd__dlygate4sd3_1)
                                                         net142 (net)
                      0.108117    0.000101    1.425949 ^ _343_/A_N (sky130_fd_sc_hd__and4b_2)
     3    0.009391    0.043423    0.166244    1.592193 v _343_/X (sky130_fd_sc_hd__and4b_2)
                                                         _178_ (net)
                      0.043423    0.000089    1.592282 v _356_/C (sky130_fd_sc_hd__and4b_2)
     6    0.026169    0.068485    0.193295    1.785577 v _356_/X (sky130_fd_sc_hd__and4b_2)
                                                         _186_ (net)
                      0.068487    0.000491    1.786068 v _369_/A3 (sky130_fd_sc_hd__a31o_2)
     1    0.001761    0.025438    0.166826    1.952893 v _369_/X (sky130_fd_sc_hd__a31o_2)
                                                         _195_ (net)
                      0.025438    0.000007    1.952900 v hold171/A (sky130_fd_sc_hd__dlygate4sd3_1)
     1    0.002803    0.038132    0.375705    2.328605 v hold171/X (sky130_fd_sc_hd__dlygate4sd3_1)
                                                         net171 (net)
                      0.038132    0.000038    2.328643 v _370_/B (sky130_fd_sc_hd__and2b_2)
     1    0.002544    0.025387    0.120892    2.449535 v _370_/X (sky130_fd_sc_hd__and2b_2)
                                                         _158_ (net)
                      0.025387    0.000025    2.449560 v _683_/D (sky130_fd_sc_hd__dfrtp_2)
                                              2.449560   data arrival time

                                 25.000000   25.000000   clock wb_clk_i (rise edge)
                                  0.000000   25.000000   clock source latency
     2    0.147291    0.498689    0.368759   25.368759 ^ wb_clk_i (in)
                                                         wb_clk_i (net)
                      0.521806    0.000000   25.368759 ^ clkbuf_0_wb_clk_i/A (sky130_fd_sc_hd__clkbuf_16)
    17    0.072495    0.077203    0.161485   25.530243 ^ clkbuf_0_wb_clk_i/X (sky130_fd_sc_hd__clkbuf_16)
                                                         clknet_0_wb_clk_i (net)
                      0.077276    0.001995   25.532238 ^ clkbuf_3_5_0_wb_clk_i/A (sky130_fd_sc_hd__clkbuf_8)
    11    0.038208    0.059383    0.111976   25.644215 ^ clkbuf_3_5_0_wb_clk_i/X (sky130_fd_sc_hd__clkbuf_8)
                                                         clknet_3_5_0_wb_clk_i (net)
                      0.059385    0.000453   25.644667 ^ _683_/CLK (sky130_fd_sc_hd__dfrtp_2)
                                 -0.250000   25.394669   clock uncertainty
                                  0.055815   25.450483   clock reconvergence pessimism
                                 -0.068671   25.381813   library setup time
                                             25.381813   data required time
---------------------------------------------------------------------------------------------
                                             25.381813   data required time
                                             -2.449560   data arrival time
---------------------------------------------------------------------------------------------
                                             22.932253   slack (MET)


Startpoint: _697_ (rising edge-triggered flip-flop clocked by wb_clk_i)
Endpoint: _710_ (rising edge-triggered flip-flop clocked by wb_clk_i)
Path Group: wb_clk_i
Path Type: max

Fanout         Cap        Slew       Delay        Time   Description
---------------------------------------------------------------------------------------------
                                  0.000000    0.000000   clock wb_clk_i (rise edge)
                                  0.000000    0.000000   clock source latency
     2    0.147291    0.498689    0.407575    0.407575 ^ wb_clk_i (in)
                                                         wb_clk_i (net)
                      0.521806    0.000000    0.407575 ^ clkbuf_0_wb_clk_i/A (sky130_fd_sc_hd__clkbuf_16)
    17    0.072495    0.077203    0.178484    0.586059 ^ clkbuf_0_wb_clk_i/X (sky130_fd_sc_hd__clkbuf_16)
                                                         clknet_0_wb_clk_i (net)
                      0.077264    0.002040    0.588099 ^ clkbuf_3_1_0_wb_clk_i/A (sky130_fd_sc_hd__clkbuf_8)
    11    0.036856    0.057752    0.122433    0.710532 ^ clkbuf_3_1_0_wb_clk_i/X (sky130_fd_sc_hd__clkbuf_8)
                                                         clknet_3_1_0_wb_clk_i (net)
                      0.057752    0.000278    0.710810 ^ _697_/CLK (sky130_fd_sc_hd__dfrtp_2)
     1    0.002587    0.025203    0.223576    0.934386 ^ _697_/Q (sky130_fd_sc_hd__dfrtp_2)
                                                         timer.scan_div[3] (net)
                      0.025203    0.000029    0.934415 ^ hold37/A (sky130_fd_sc_hd__dlygate4sd3_1)
     3    0.014661    0.119414    0.455172    1.389587 ^ hold37/X (sky130_fd_sc_hd__dlygate4sd3_1)
                                                         net37 (net)
                      0.119414    0.000082    1.389669 ^ _494_/C (sky130_fd_sc_hd__and4_2)
     6    0.018620    0.085713    0.193467    1.583135 ^ _494_/X (sky130_fd_sc_hd__and4_2)
                                                         _272_ (net)
                      0.085713    0.000255    1.583391 ^ _516_/A (sky130_fd_sc_hd__and4_2)
     8    0.034517    0.142088    0.225609    1.808999 ^ _516_/X (sky130_fd_sc_hd__and4_2)
                                                         _286_ (net)
                      0.142092    0.000994    1.809993 ^ _526_/A (sky130_fd_sc_hd__and2_2)
     6    0.034448    0.136172    0.195225    2.005218 ^ _526_/X (sky130_fd_sc_hd__and2_2)
                                                         _292_ (net)
                      0.136173    0.000690    2.005908 ^ _528_/B (sky130_fd_sc_hd__xor2_2)
     1    0.001942    0.063885    0.079803    2.085711 ^ _528_/X (sky130_fd_sc_hd__xor2_2)
                                                         _008_ (net)
                      0.063885    0.000008    2.085719 ^ hold132/A (sky130_fd_sc_hd__dlygate4sd3_1)
     1    0.002570    0.035943    0.394550    2.480268 ^ hold132/X (sky130_fd_sc_hd__dlygate4sd3_1)
                                                         net132 (net)
                      0.035943    0.000025    2.480294 ^ _710_/D (sky130_fd_sc_hd__dfrtp_2)
                                              2.480294   data arrival time

                                 25.000000   25.000000   clock wb_clk_i (rise edge)
                                  0.000000   25.000000   clock source latency
     2    0.147291    0.498689    0.368759   25.368759 ^ wb_clk_i (in)
                                                         wb_clk_i (net)
                      0.521806    0.000000   25.368759 ^ clkbuf_0_wb_clk_i/A (sky130_fd_sc_hd__clkbuf_16)
    17    0.072495    0.077203    0.161485   25.530243 ^ clkbuf_0_wb_clk_i/X (sky130_fd_sc_hd__clkbuf_16)
                                                         clknet_0_wb_clk_i (net)
                      0.077310    0.002352   25.532595 ^ clkbuf_3_0_0_wb_clk_i/A (sky130_fd_sc_hd__clkbuf_8)
    11    0.035669    0.056319    0.109786   25.642382 ^ clkbuf_3_0_0_wb_clk_i/X (sky130_fd_sc_hd__clkbuf_8)
                                                         clknet_3_0_0_wb_clk_i (net)
                      0.056319    0.000243   25.642624 ^ _710_/CLK (sky130_fd_sc_hd__dfrtp_2)
                                 -0.250000   25.392626   clock uncertainty
                                  0.055815   25.448441   clock reconvergence pessimism
                                 -0.035901   25.412539   library setup time
                                             25.412539   data required time
---------------------------------------------------------------------------------------------
                                             25.412539   data required time
                                             -2.480294   data arrival time
---------------------------------------------------------------------------------------------
                                             22.932245   slack (MET)


Startpoint: _697_ (rising edge-triggered flip-flop clocked by wb_clk_i)
Endpoint: _718_ (rising edge-triggered flip-flop clocked by wb_clk_i)
Path Group: wb_clk_i
Path Type: max

Fanout         Cap        Slew       Delay        Time   Description
---------------------------------------------------------------------------------------------
                                  0.000000    0.000000   clock wb_clk_i (rise edge)
                                  0.000000    0.000000   clock source latency
     2    0.147291    0.498689    0.407575    0.407575 ^ wb_clk_i (in)
                                                         wb_clk_i (net)
                      0.521806    0.000000    0.407575 ^ clkbuf_0_wb_clk_i/A (sky130_fd_sc_hd__clkbuf_16)
    17    0.072495    0.077203    0.178484    0.586059 ^ clkbuf_0_wb_clk_i/X (sky130_fd_sc_hd__clkbuf_16)
                                                         clknet_0_wb_clk_i (net)
                      0.077264    0.002040    0.588099 ^ clkbuf_3_1_0_wb_clk_i/A (sky130_fd_sc_hd__clkbuf_8)
    11    0.036856    0.057752    0.122433    0.710532 ^ clkbuf_3_1_0_wb_clk_i/X (sky130_fd_sc_hd__clkbuf_8)
                                                         clknet_3_1_0_wb_clk_i (net)
                      0.057752    0.000278    0.710810 ^ _697_/CLK (sky130_fd_sc_hd__dfrtp_2)
     1    0.002587    0.025203    0.223576    0.934386 ^ _697_/Q (sky130_fd_sc_hd__dfrtp_2)
                                                         timer.scan_div[3] (net)
                      0.025203    0.000029    0.934415 ^ hold37/A (sky130_fd_sc_hd__dlygate4sd3_1)
     3    0.014661    0.119414    0.455172    1.389587 ^ hold37/X (sky130_fd_sc_hd__dlygate4sd3_1)
                                                         net37 (net)
                      0.119414    0.000082    1.389669 ^ _494_/C (sky130_fd_sc_hd__and4_2)
     6    0.018620    0.085713    0.193467    1.583135 ^ _494_/X (sky130_fd_sc_hd__and4_2)
                                                         _272_ (net)
                      0.085713    0.000255    1.583391 ^ _516_/A (sky130_fd_sc_hd__and4_2)
     8    0.034517    0.142088    0.225609    1.808999 ^ _516_/X (sky130_fd_sc_hd__and4_2)
                                                         _286_ (net)
                      0.142093    0.001095    1.810095 ^ _546_/A (sky130_fd_sc_hd__and3_2)
     5    0.023107    0.096188    0.184229    1.994324 ^ _546_/X (sky130_fd_sc_hd__and3_2)
                                                         _304_ (net)
                      0.096188    0.000261    1.994585 ^ _549_/B (sky130_fd_sc_hd__xor2_2)
     1    0.002233    0.065177    0.081777    2.076362 ^ _549_/X (sky130_fd_sc_hd__xor2_2)
                                                         _017_ (net)
                      0.065177    0.000022    2.076384 ^ hold134/A (sky130_fd_sc_hd__dlygate4sd3_1)
     1    0.002643    0.036367    0.395255    2.471639 ^ hold134/X (sky130_fd_sc_hd__dlygate4sd3_1)
                                                         net134 (net)
                      0.036367    0.000026    2.471665 ^ _718_/D (sky130_fd_sc_hd__dfrtp_2)
                                              2.471665   data arrival time

                                 25.000000   25.000000   clock wb_clk_i (rise edge)
                                  0.000000   25.000000   clock source latency
     2    0.147291    0.498689    0.368759   25.368759 ^ wb_clk_i (in)
                                                         wb_clk_i (net)
                      0.521806    0.000000   25.368759 ^ clkbuf_0_wb_clk_i/A (sky130_fd_sc_hd__clkbuf_16)
    17    0.072495    0.077203    0.161485   25.530243 ^ clkbuf_0_wb_clk_i/X (sky130_fd_sc_hd__clkbuf_16)
                                                         clknet_0_wb_clk_i (net)
                      0.077293    0.002180   25.532423 ^ clkbuf_3_2_0_wb_clk_i/A (sky130_fd_sc_hd__clkbuf_8)
    11    0.036432    0.057163    0.110424   25.642847 ^ clkbuf_3_2_0_wb_clk_i/X (sky130_fd_sc_hd__clkbuf_8)
                                                         clknet_3_2_0_wb_clk_i (net)
                      0.057165    0.000391   25.643238 ^ _718_/CLK (sky130_fd_sc_hd__dfrtp_2)
                                 -0.250000   25.393238   clock uncertainty
                                  0.055815   25.449053   clock reconvergence pessimism
                                 -0.035912   25.413141   library setup time
                                             25.413141   data required time
---------------------------------------------------------------------------------------------
                                             25.413141   data required time
                                             -2.471665   data arrival time
---------------------------------------------------------------------------------------------
                                             22.941475   slack (MET)


Startpoint: _691_ (rising edge-triggered flip-flop clocked by wb_clk_i)
Endpoint: _688_ (rising edge-triggered flip-flop clocked by wb_clk_i)
Path Group: wb_clk_i
Path Type: max

Fanout         Cap        Slew       Delay        Time   Description
---------------------------------------------------------------------------------------------
                                  0.000000    0.000000   clock wb_clk_i (rise edge)
                                  0.000000    0.000000   clock source latency
     2    0.147291    0.498689    0.407575    0.407575 ^ wb_clk_i (in)
                                                         wb_clk_i (net)
                      0.521806    0.000000    0.407575 ^ clkbuf_0_wb_clk_i/A (sky130_fd_sc_hd__clkbuf_16)
    17    0.072495    0.077203    0.178484    0.586059 ^ clkbuf_0_wb_clk_i/X (sky130_fd_sc_hd__clkbuf_16)
                                                         clknet_0_wb_clk_i (net)
                      0.077266    0.002064    0.588122 ^ clkbuf_3_7_0_wb_clk_i/A (sky130_fd_sc_hd__clkbuf_8)
    12    0.036897    0.057721    0.122462    0.710585 ^ clkbuf_3_7_0_wb_clk_i/X (sky130_fd_sc_hd__clkbuf_8)
                                                         clknet_3_7_0_wb_clk_i (net)
                      0.057721    0.000290    0.710874 ^ _691_/CLK (sky130_fd_sc_hd__dfrtp_2)
     4    0.013167    0.047596    0.284094    0.994969 v _691_/Q (sky130_fd_sc_hd__dfrtp_2)
                                                         timer.sec_ones[2] (net)
                      0.047596    0.000028    0.994996 v hold142/A (sky130_fd_sc_hd__dlygate4sd3_1)
     2    0.012176    0.068119    0.426238    1.421234 v hold142/X (sky130_fd_sc_hd__dlygate4sd3_1)
                                                         net142 (net)
                      0.068119    0.000095    1.421329 v _343_/A_N (sky130_fd_sc_hd__and4b_2)
     3    0.010238    0.058608    0.205418    1.626747 ^ _343_/X (sky130_fd_sc_hd__and4b_2)
                                                         _178_ (net)
                      0.058608    0.000079    1.626827 ^ _344_/B (sky130_fd_sc_hd__and2b_2)
     5    0.026873    0.105521    0.157200    1.784026 ^ _344_/X (sky130_fd_sc_hd__and2b_2)
                                                         _179_ (net)
                      0.105522    0.000541    1.784568 ^ _351_/C (sky130_fd_sc_hd__and3_2)
     3    0.011764    0.057999    0.146000    1.930568 ^ _351_/X (sky130_fd_sc_hd__and3_2)
                                                         _182_ (net)
                      0.057999    0.000211    1.930779 ^ _352_/B (sky130_fd_sc_hd__nand2_2)
     2    0.010865    0.046322    0.048390    1.979169 v _352_/Y (sky130_fd_sc_hd__nand2_2)
                                                         _183_ (net)
                      0.046323    0.000143    1.979312 v _353_/B (sky130_fd_sc_hd__xnor2_2)
     1    0.001755    0.035542    0.083318    2.062630 v _353_/Y (sky130_fd_sc_hd__xnor2_2)
                                                         _163_ (net)
                      0.035542    0.000007    2.062637 v hold78/A (sky130_fd_sc_hd__dlygate4sd3_1)
     1    0.002595    0.037322    0.378430    2.441067 v hold78/X (sky130_fd_sc_hd__dlygate4sd3_1)
                                                         net78 (net)
                      0.037322    0.000026    2.441093 v _688_/D (sky130_fd_sc_hd__dfrtp_2)
                                              2.441093   data arrival time

                                 25.000000   25.000000   clock wb_clk_i (rise edge)
                                  0.000000   25.000000   clock source latency
     2    0.147291    0.498689    0.368759   25.368759 ^ wb_clk_i (in)
                                                         wb_clk_i (net)
                      0.521806    0.000000   25.368759 ^ clkbuf_0_wb_clk_i/A (sky130_fd_sc_hd__clkbuf_16)
    17    0.072495    0.077203    0.161485   25.530243 ^ clkbuf_0_wb_clk_i/X (sky130_fd_sc_hd__clkbuf_16)
                                                         clknet_0_wb_clk_i (net)
                      0.077266    0.001867   25.532110 ^ clkbuf_3_7_0_wb_clk_i/A (sky130_fd_sc_hd__clkbuf_8)
    12    0.036897    0.057721    0.110798   25.642908 ^ clkbuf_3_7_0_wb_clk_i/X (sky130_fd_sc_hd__clkbuf_8)
                                                         clknet_3_7_0_wb_clk_i (net)
                      0.057725    0.000499   25.643408 ^ _688_/CLK (sky130_fd_sc_hd__dfrtp_2)
                                 -0.250000   25.393410   clock uncertainty
                                  0.067675   25.461082   clock reconvergence pessimism
                                 -0.073089   25.387995   library setup time
                                             25.387995   data required time
---------------------------------------------------------------------------------------------
                                             25.387995   data required time
                                             -2.441093   data arrival time
---------------------------------------------------------------------------------------------
                                             22.946901   slack (MET)


Startpoint: _729_ (rising edge-triggered flip-flop clocked by wb_clk_i)
Endpoint: _730_ (rising edge-triggered flip-flop clocked by wb_clk_i)
Path Group: wb_clk_i
Path Type: max

Fanout         Cap        Slew       Delay        Time   Description
---------------------------------------------------------------------------------------------
                                  0.000000    0.000000   clock wb_clk_i (rise edge)
                                  0.000000    0.000000   clock source latency
     2    0.147291    0.498689    0.407575    0.407575 ^ wb_clk_i (in)
                                                         wb_clk_i (net)
                      0.521806    0.000000    0.407575 ^ clkbuf_0_wb_clk_i/A (sky130_fd_sc_hd__clkbuf_16)
    17    0.072495    0.077203    0.178484    0.586059 ^ clkbuf_0_wb_clk_i/X (sky130_fd_sc_hd__clkbuf_16)
                                                         clknet_0_wb_clk_i (net)
                      0.077266    0.002064    0.588122 ^ clkbuf_3_7_0_wb_clk_i/A (sky130_fd_sc_hd__clkbuf_8)
    12    0.036897    0.057721    0.122462    0.710585 ^ clkbuf_3_7_0_wb_clk_i/X (sky130_fd_sc_hd__clkbuf_8)
                                                         clknet_3_7_0_wb_clk_i (net)
                      0.057722    0.000393    0.710978 ^ _729_/CLK (sky130_fd_sc_hd__dfrtp_2)
     1    0.002152    0.025959    0.252604    0.963582 v _729_/Q (sky130_fd_sc_hd__dfrtp_2)
                                                         timer.sec_div[2] (net)
                      0.025959    0.000021    0.963603 v hold59/A (sky130_fd_sc_hd__dlygate4sd3_1)
     4    0.016759    0.082365    0.432486    1.396089 v hold59/X (sky130_fd_sc_hd__dlygate4sd3_1)
                                                         net59 (net)
                      0.082365    0.000120    1.396209 v _418_/A3 (sky130_fd_sc_hd__a31o_2)
     1    0.002090    0.026166    0.173566    1.569775 v _418_/X (sky130_fd_sc_hd__a31o_2)
                                                         _228_ (net)
                      0.026166    0.000020    1.569795 v hold167/A (sky130_fd_sc_hd__dlygate4sd3_1)
     1    0.002073    0.035555    0.371385    1.941180 v hold167/X (sky130_fd_sc_hd__dlygate4sd3_1)
                                                         net167 (net)
                      0.035555    0.000019    1.941199 v _419_/B (sky130_fd_sc_hd__and2b_2)
     1    0.002203    0.024693    0.118639    2.059838 v _419_/X (sky130_fd_sc_hd__and2b_2)
                                                         _059_ (net)
                      0.024693    0.000014    2.059853 v hold168/A (sky130_fd_sc_hd__dlygate4sd3_1)
     1    0.002372    0.036685    0.372684    2.432537 v hold168/X (sky130_fd_sc_hd__dlygate4sd3_1)
                                                         net168 (net)
                      0.036685    0.000022    2.432559 v _730_/D (sky130_fd_sc_hd__dfrtp_2)
                                              2.432559   data arrival time

                                 25.000000   25.000000   clock wb_clk_i (rise edge)
                                  0.000000   25.000000   clock source latency
     2    0.147291    0.498689    0.368759   25.368759 ^ wb_clk_i (in)
                                                         wb_clk_i (net)
                      0.521806    0.000000   25.368759 ^ clkbuf_0_wb_clk_i/A (sky130_fd_sc_hd__clkbuf_16)
    17    0.072495    0.077203    0.161485   25.530243 ^ clkbuf_0_wb_clk_i/X (sky130_fd_sc_hd__clkbuf_16)
                                                         clknet_0_wb_clk_i (net)
                      0.077266    0.001867   25.532110 ^ clkbuf_3_7_0_wb_clk_i/A (sky130_fd_sc_hd__clkbuf_8)
    12    0.036897    0.057721    0.110798   25.642908 ^ clkbuf_3_7_0_wb_clk_i/X (sky130_fd_sc_hd__clkbuf_8)
                                                         clknet_3_7_0_wb_clk_i (net)
                      0.057723    0.000419   25.643328 ^ _730_/CLK (sky130_fd_sc_hd__dfrtp_2)
                                 -0.250000   25.393330   clock uncertainty
                                  0.067675   25.461002   clock reconvergence pessimism
                                 -0.072861   25.388142   library setup time
                                             25.388142   data required time
---------------------------------------------------------------------------------------------
                                             25.388142   data required time
                                             -2.432559   data arrival time
---------------------------------------------------------------------------------------------
                                             22.955584   slack (MET)


Startpoint: _729_ (rising edge-triggered flip-flop clocked by wb_clk_i)
Endpoint: _740_ (rising edge-triggered flip-flop clocked by wb_clk_i)
Path Group: wb_clk_i
Path Type: max

Fanout         Cap        Slew       Delay        Time   Description
---------------------------------------------------------------------------------------------
                                  0.000000    0.000000   clock wb_clk_i (rise edge)
                                  0.000000    0.000000   clock source latency
     2    0.147291    0.498689    0.407575    0.407575 ^ wb_clk_i (in)
                                                         wb_clk_i (net)
                      0.521806    0.000000    0.407575 ^ clkbuf_0_wb_clk_i/A (sky130_fd_sc_hd__clkbuf_16)
    17    0.072495    0.077203    0.178484    0.586059 ^ clkbuf_0_wb_clk_i/X (sky130_fd_sc_hd__clkbuf_16)
                                                         clknet_0_wb_clk_i (net)
                      0.077266    0.002064    0.588122 ^ clkbuf_3_7_0_wb_clk_i/A (sky130_fd_sc_hd__clkbuf_8)
    12    0.036897    0.057721    0.122462    0.710585 ^ clkbuf_3_7_0_wb_clk_i/X (sky130_fd_sc_hd__clkbuf_8)
                                                         clknet_3_7_0_wb_clk_i (net)
                      0.057722    0.000393    0.710978 ^ _729_/CLK (sky130_fd_sc_hd__dfrtp_2)
     1    0.002152    0.025959    0.252604    0.963582 v _729_/Q (sky130_fd_sc_hd__dfrtp_2)
                                                         timer.sec_div[2] (net)
                      0.025959    0.000021    0.963603 v hold59/A (sky130_fd_sc_hd__dlygate4sd3_1)
     4    0.016759    0.082365    0.432486    1.396089 v hold59/X (sky130_fd_sc_hd__dlygate4sd3_1)
                                                         net59 (net)
                      0.082365    0.000136    1.396225 v _417_/D (sky130_fd_sc_hd__and4_2)
     8    0.026334    0.064954    0.219192    1.615417 v _417_/X (sky130_fd_sc_hd__and4_2)
                                                         _227_ (net)
                      0.064962    0.000782    1.616199 v _439_/A (sky130_fd_sc_hd__and3_2)
     3    0.013848    0.046278    0.149274    1.765473 v _439_/X (sky130_fd_sc_hd__and3_2)
                                                         _241_ (net)
                      0.046278    0.000144    1.765617 v _441_/B (sky130_fd_sc_hd__and2_2)
     2    0.008453    0.035822    0.139362    1.904979 v _441_/X (sky130_fd_sc_hd__and2_2)
                                                         _242_ (net)
                      0.035822    0.000124    1.905103 v _446_/A2 (sky130_fd_sc_hd__o21ba_2)
     1    0.002503    0.024625    0.121368    2.026470 v _446_/X (sky130_fd_sc_hd__o21ba_2)
                                                         _038_ (net)
                      0.024625    0.000028    2.026499 v hold95/A (sky130_fd_sc_hd__dlygate4sd3_1)
     1    0.002320    0.036492    0.372329    2.398828 v hold95/X (sky130_fd_sc_hd__dlygate4sd3_1)
                                                         net95 (net)
                      0.036492    0.000022    2.398849 v _740_/D (sky130_fd_sc_hd__dfrtp_2)
                                              2.398849   data arrival time

                                 25.000000   25.000000   clock wb_clk_i (rise edge)
                                  0.000000   25.000000   clock source latency
     2    0.147291    0.498689    0.368759   25.368759 ^ wb_clk_i (in)
                                                         wb_clk_i (net)
                      0.521806    0.000000   25.368759 ^ clkbuf_0_wb_clk_i/A (sky130_fd_sc_hd__clkbuf_16)
    17    0.072495    0.077203    0.161485   25.530243 ^ clkbuf_0_wb_clk_i/X (sky130_fd_sc_hd__clkbuf_16)
                                                         clknet_0_wb_clk_i (net)
                      0.077234    0.001398   25.531641 ^ clkbuf_3_4_0_wb_clk_i/A (sky130_fd_sc_hd__clkbuf_8)
    11    0.037149    0.058025    0.111003   25.642645 ^ clkbuf_3_4_0_wb_clk_i/X (sky130_fd_sc_hd__clkbuf_8)
                                                         clknet_3_4_0_wb_clk_i (net)
                      0.058025    0.000290   25.642933 ^ _740_/CLK (sky130_fd_sc_hd__dfrtp_2)
                                 -0.250000   25.392935   clock uncertainty
                                  0.055815   25.448750   clock reconvergence pessimism
                                 -0.072763   25.375986   library setup time
                                             25.375986   data required time
---------------------------------------------------------------------------------------------
                                             25.375986   data required time
                                             -2.398849   data arrival time
---------------------------------------------------------------------------------------------
                                             22.977137   slack (MET)


Startpoint: _697_ (rising edge-triggered flip-flop clocked by wb_clk_i)
Endpoint: _704_ (rising edge-triggered flip-flop clocked by wb_clk_i)
Path Group: wb_clk_i
Path Type: max

Fanout         Cap        Slew       Delay        Time   Description
---------------------------------------------------------------------------------------------
                                  0.000000    0.000000   clock wb_clk_i (rise edge)
                                  0.000000    0.000000   clock source latency
     2    0.147291    0.498689    0.407575    0.407575 ^ wb_clk_i (in)
                                                         wb_clk_i (net)
                      0.521806    0.000000    0.407575 ^ clkbuf_0_wb_clk_i/A (sky130_fd_sc_hd__clkbuf_16)
    17    0.072495    0.077203    0.178484    0.586059 ^ clkbuf_0_wb_clk_i/X (sky130_fd_sc_hd__clkbuf_16)
                                                         clknet_0_wb_clk_i (net)
                      0.077264    0.002040    0.588099 ^ clkbuf_3_1_0_wb_clk_i/A (sky130_fd_sc_hd__clkbuf_8)
    11    0.036856    0.057752    0.122433    0.710532 ^ clkbuf_3_1_0_wb_clk_i/X (sky130_fd_sc_hd__clkbuf_8)
                                                         clknet_3_1_0_wb_clk_i (net)
                      0.057752    0.000278    0.710810 ^ _697_/CLK (sky130_fd_sc_hd__dfrtp_2)
     1    0.002417    0.026539    0.253601    0.964411 v _697_/Q (sky130_fd_sc_hd__dfrtp_2)
                                                         timer.scan_div[3] (net)
                      0.026539    0.000027    0.964438 v hold37/A (sky130_fd_sc_hd__dlygate4sd3_1)
     3    0.013703    0.073084    0.422772    1.387209 v hold37/X (sky130_fd_sc_hd__dlygate4sd3_1)
                                                         net37 (net)
                      0.073084    0.000077    1.387286 v _494_/C (sky130_fd_sc_hd__and4_2)
     6    0.017792    0.053086    0.193146    1.580432 v _494_/X (sky130_fd_sc_hd__and4_2)
                                                         _272_ (net)
                      0.053086    0.000134    1.580566 v _506_/A (sky130_fd_sc_hd__and3_2)
     4    0.011804    0.043421    0.139523    1.720089 v _506_/X (sky130_fd_sc_hd__and3_2)
                                                         _280_ (net)
                      0.043421    0.000121    1.720211 v _508_/B (sky130_fd_sc_hd__and2_2)
     3    0.019352    0.051624    0.159350    1.879561 v _508_/X (sky130_fd_sc_hd__and2_2)
                                                         _281_ (net)
                      0.051624    0.000189    1.879750 v _512_/A2 (sky130_fd_sc_hd__a21oi_2)
     1    0.005141    0.075300    0.108688    1.988438 ^ _512_/Y (sky130_fd_sc_hd__a21oi_2)
                                                         _283_ (net)
                      0.075300    0.000053    1.988491 ^ _514_/A (sky130_fd_sc_hd__nor2_2)
     1    0.002656    0.023114    0.025025    2.013516 v _514_/Y (sky130_fd_sc_hd__nor2_2)
                                                         _002_ (net)
                      0.023114    0.000032    2.013548 v hold138/A (sky130_fd_sc_hd__dlygate4sd3_1)
     1    0.002566    0.037257    0.373278    2.386826 v hold138/X (sky130_fd_sc_hd__dlygate4sd3_1)
                                                         net138 (net)
                      0.037257    0.000025    2.386851 v _704_/D (sky130_fd_sc_hd__dfrtp_2)
                                              2.386851   data arrival time

                                 25.000000   25.000000   clock wb_clk_i (rise edge)
                                  0.000000   25.000000   clock source latency
     2    0.147291    0.498689    0.368759   25.368759 ^ wb_clk_i (in)
                                                         wb_clk_i (net)
                      0.521806    0.000000   25.368759 ^ clkbuf_0_wb_clk_i/A (sky130_fd_sc_hd__clkbuf_16)
    17    0.072495    0.077203    0.161485   25.530243 ^ clkbuf_0_wb_clk_i/X (sky130_fd_sc_hd__clkbuf_16)
                                                         clknet_0_wb_clk_i (net)
                      0.077293    0.002180   25.532423 ^ clkbuf_3_2_0_wb_clk_i/A (sky130_fd_sc_hd__clkbuf_8)
    11    0.036432    0.057163    0.110424   25.642847 ^ clkbuf_3_2_0_wb_clk_i/X (sky130_fd_sc_hd__clkbuf_8)
                                                         clknet_3_2_0_wb_clk_i (net)
                      0.057167    0.000497   25.643345 ^ _704_/CLK (sky130_fd_sc_hd__dfrtp_2)
                                 -0.250000   25.393345   clock uncertainty
                                  0.055815   25.449160   clock reconvergence pessimism
                                 -0.073119   25.376041   library setup time
                                             25.376041   data required time
---------------------------------------------------------------------------------------------
                                             25.376041   data required time
                                             -2.386851   data arrival time
---------------------------------------------------------------------------------------------
                                             22.989191   slack (MET)


Startpoint: _727_ (rising edge-triggered flip-flop clocked by wb_clk_i)
Endpoint: _738_ (rising edge-triggered flip-flop clocked by wb_clk_i)
Path Group: wb_clk_i
Path Type: max

Fanout         Cap        Slew       Delay        Time   Description
---------------------------------------------------------------------------------------------
                                  0.000000    0.000000   clock wb_clk_i (rise edge)
                                  0.000000    0.000000   clock source latency
     2    0.147291    0.498689    0.407575    0.407575 ^ wb_clk_i (in)
                                                         wb_clk_i (net)
                      0.521806    0.000000    0.407575 ^ clkbuf_0_wb_clk_i/A (sky130_fd_sc_hd__clkbuf_16)
    17    0.072495    0.077203    0.178484    0.586059 ^ clkbuf_0_wb_clk_i/X (sky130_fd_sc_hd__clkbuf_16)
                                                         clknet_0_wb_clk_i (net)
                      0.077266    0.002064    0.588122 ^ clkbuf_3_7_0_wb_clk_i/A (sky130_fd_sc_hd__clkbuf_8)
    12    0.036897    0.057721    0.122462    0.710585 ^ clkbuf_3_7_0_wb_clk_i/X (sky130_fd_sc_hd__clkbuf_8)
                                                         clknet_3_7_0_wb_clk_i (net)
                      0.057725    0.000540    0.711125 ^ _727_/CLK (sky130_fd_sc_hd__dfrtp_2)
     1    0.002121    0.023820    0.221686    0.932810 ^ _727_/Q (sky130_fd_sc_hd__dfrtp_2)
                                                         timer.sec_div[0] (net)
                      0.023820    0.000019    0.932829 ^ hold27/A (sky130_fd_sc_hd__dlygate4sd3_1)
     5    0.018945    0.150307    0.477911    1.410740 ^ hold27/X (sky130_fd_sc_hd__dlygate4sd3_1)
                                                         net27 (net)
                      0.150307    0.000117    1.410857 ^ _417_/A (sky130_fd_sc_hd__and4_2)
     8    0.027926    0.118915    0.222443    1.633301 ^ _417_/X (sky130_fd_sc_hd__and4_2)
                                                         _227_ (net)
                      0.118918    0.000827    1.634127 ^ _428_/A (sky130_fd_sc_hd__and2_2)
     4    0.016473    0.071412    0.143538    1.777665 ^ _428_/X (sky130_fd_sc_hd__and2_2)
                                                         _234_ (net)
                      0.071412    0.000057    1.777722 ^ _432_/C (sky130_fd_sc_hd__and3_2)
     2    0.008110    0.045183    0.128247    1.905969 ^ _432_/X (sky130_fd_sc_hd__and3_2)
                                                         _236_ (net)
                      0.045183    0.000138    1.906108 ^ _436_/B (sky130_fd_sc_hd__nand2_2)
     2    0.007364    0.036287    0.038859    1.944966 v _436_/Y (sky130_fd_sc_hd__nand2_2)
                                                         _239_ (net)
                      0.036287    0.000071    1.945037 v _440_/A2 (sky130_fd_sc_hd__a21oi_2)
     1    0.002129    0.053585    0.084563    2.029600 ^ _440_/Y (sky130_fd_sc_hd__a21oi_2)
                                                         _036_ (net)
                      0.053585    0.000019    2.029619 ^ hold136/A (sky130_fd_sc_hd__dlygate4sd3_1)
     1    0.002581    0.036015    0.392925    2.422544 ^ hold136/X (sky130_fd_sc_hd__dlygate4sd3_1)
                                                         net136 (net)
                      0.036015    0.000025    2.422570 ^ _738_/D (sky130_fd_sc_hd__dfrtp_2)
                                              2.422570   data arrival time

                                 25.000000   25.000000   clock wb_clk_i (rise edge)
                                  0.000000   25.000000   clock source latency
     2    0.147291    0.498689    0.368759   25.368759 ^ wb_clk_i (in)
                                                         wb_clk_i (net)
                      0.521806    0.000000   25.368759 ^ clkbuf_0_wb_clk_i/A (sky130_fd_sc_hd__clkbuf_16)
    17    0.072495    0.077203    0.161485   25.530243 ^ clkbuf_0_wb_clk_i/X (sky130_fd_sc_hd__clkbuf_16)
                                                         clknet_0_wb_clk_i (net)
                      0.077221    0.001144   25.531387 ^ clkbuf_3_6_0_wb_clk_i/A (sky130_fd_sc_hd__clkbuf_8)
    12    0.038165    0.059236    0.111804   25.643192 ^ clkbuf_3_6_0_wb_clk_i/X (sky130_fd_sc_hd__clkbuf_8)
                                                         clknet_3_6_0_wb_clk_i (net)
                      0.059239    0.000485   25.643677 ^ _738_/CLK (sky130_fd_sc_hd__dfrtp_2)
                                 -0.250000   25.393677   clock uncertainty
                                  0.055815   25.449492   clock reconvergence pessimism
                                 -0.035799   25.413692   library setup time
                                             25.413692   data required time
---------------------------------------------------------------------------------------------
                                             25.413692   data required time
                                             -2.422570   data arrival time
---------------------------------------------------------------------------------------------
                                             22.991125   slack (MET)


Startpoint: _697_ (rising edge-triggered flip-flop clocked by wb_clk_i)
Endpoint: _705_ (rising edge-triggered flip-flop clocked by wb_clk_i)
Path Group: wb_clk_i
Path Type: max

Fanout         Cap        Slew       Delay        Time   Description
---------------------------------------------------------------------------------------------
                                  0.000000    0.000000   clock wb_clk_i (rise edge)
                                  0.000000    0.000000   clock source latency
     2    0.147291    0.498689    0.407575    0.407575 ^ wb_clk_i (in)
                                                         wb_clk_i (net)
                      0.521806    0.000000    0.407575 ^ clkbuf_0_wb_clk_i/A (sky130_fd_sc_hd__clkbuf_16)
    17    0.072495    0.077203    0.178484    0.586059 ^ clkbuf_0_wb_clk_i/X (sky130_fd_sc_hd__clkbuf_16)
                                                         clknet_0_wb_clk_i (net)
                      0.077264    0.002040    0.588099 ^ clkbuf_3_1_0_wb_clk_i/A (sky130_fd_sc_hd__clkbuf_8)
    11    0.036856    0.057752    0.122433    0.710532 ^ clkbuf_3_1_0_wb_clk_i/X (sky130_fd_sc_hd__clkbuf_8)
                                                         clknet_3_1_0_wb_clk_i (net)
                      0.057752    0.000278    0.710810 ^ _697_/CLK (sky130_fd_sc_hd__dfrtp_2)
     1    0.002417    0.026539    0.253601    0.964411 v _697_/Q (sky130_fd_sc_hd__dfrtp_2)
                                                         timer.scan_div[3] (net)
                      0.026539    0.000027    0.964438 v hold37/A (sky130_fd_sc_hd__dlygate4sd3_1)
     3    0.013703    0.073084    0.422772    1.387209 v hold37/X (sky130_fd_sc_hd__dlygate4sd3_1)
                                                         net37 (net)
                      0.073084    0.000077    1.387286 v _494_/C (sky130_fd_sc_hd__and4_2)
     6    0.017792    0.053086    0.193146    1.580432 v _494_/X (sky130_fd_sc_hd__and4_2)
                                                         _272_ (net)
                      0.053086    0.000134    1.580566 v _506_/A (sky130_fd_sc_hd__and3_2)
     4    0.011804    0.043421    0.139523    1.720089 v _506_/X (sky130_fd_sc_hd__and3_2)
                                                         _280_ (net)
                      0.043421    0.000135    1.720224 v _513_/D (sky130_fd_sc_hd__and4_2)
     2    0.008013    0.038585    0.166824    1.887048 v _513_/X (sky130_fd_sc_hd__and4_2)
                                                         _284_ (net)
                      0.038585    0.000072    1.887120 v _517_/A2 (sky130_fd_sc_hd__o21ba_2)
     1    0.002385    0.024384    0.121979    2.009100 v _517_/X (sky130_fd_sc_hd__o21ba_2)
                                                         _003_ (net)
                      0.024384    0.000025    2.009125 v hold84/A (sky130_fd_sc_hd__dlygate4sd3_1)
     1    0.002425    0.036836    0.372894    2.382020 v hold84/X (sky130_fd_sc_hd__dlygate4sd3_1)
                                                         net84 (net)
                      0.036836    0.000023    2.382042 v _705_/D (sky130_fd_sc_hd__dfrtp_2)
                                              2.382042   data arrival time

                                 25.000000   25.000000   clock wb_clk_i (rise edge)
                                  0.000000   25.000000   clock source latency
     2    0.147291    0.498689    0.368759   25.368759 ^ wb_clk_i (in)
                                                         wb_clk_i (net)
                      0.521806    0.000000   25.368759 ^ clkbuf_0_wb_clk_i/A (sky130_fd_sc_hd__clkbuf_16)
    17    0.072495    0.077203    0.161485   25.530243 ^ clkbuf_0_wb_clk_i/X (sky130_fd_sc_hd__clkbuf_16)
                                                         clknet_0_wb_clk_i (net)
                      0.077233    0.001378   25.531622 ^ clkbuf_3_3_0_wb_clk_i/A (sky130_fd_sc_hd__clkbuf_8)
    11    0.036901    0.057806    0.110813   25.642435 ^ clkbuf_3_3_0_wb_clk_i/X (sky130_fd_sc_hd__clkbuf_8)
                                                         clknet_3_3_0_wb_clk_i (net)
                      0.057807    0.000302   25.642736 ^ _705_/CLK (sky130_fd_sc_hd__dfrtp_2)
                                 -0.250000   25.392738   clock uncertainty
                                  0.055815   25.448553   clock reconvergence pessimism
                                 -0.072907   25.375645   library setup time
                                             25.375645   data required time
---------------------------------------------------------------------------------------------
                                             25.375645   data required time
                                             -2.382042   data arrival time
---------------------------------------------------------------------------------------------
                                             22.993603   slack (MET)


Startpoint: _691_ (rising edge-triggered flip-flop clocked by wb_clk_i)
Endpoint: _682_ (rising edge-triggered flip-flop clocked by wb_clk_i)
Path Group: wb_clk_i
Path Type: max

Fanout         Cap        Slew       Delay        Time   Description
---------------------------------------------------------------------------------------------
                                  0.000000    0.000000   clock wb_clk_i (rise edge)
                                  0.000000    0.000000   clock source latency
     2    0.147291    0.498689    0.407575    0.407575 ^ wb_clk_i (in)
                                                         wb_clk_i (net)
                      0.521806    0.000000    0.407575 ^ clkbuf_0_wb_clk_i/A (sky130_fd_sc_hd__clkbuf_16)
    17    0.072495    0.077203    0.178484    0.586059 ^ clkbuf_0_wb_clk_i/X (sky130_fd_sc_hd__clkbuf_16)
                                                         clknet_0_wb_clk_i (net)
                      0.077266    0.002064    0.588122 ^ clkbuf_3_7_0_wb_clk_i/A (sky130_fd_sc_hd__clkbuf_8)
    12    0.036897    0.057721    0.122462    0.710585 ^ clkbuf_3_7_0_wb_clk_i/X (sky130_fd_sc_hd__clkbuf_8)
                                                         clknet_3_7_0_wb_clk_i (net)
                      0.057721    0.000290    0.710874 ^ _691_/CLK (sky130_fd_sc_hd__dfrtp_2)
     4    0.013167    0.047596    0.284094    0.994969 v _691_/Q (sky130_fd_sc_hd__dfrtp_2)
                                                         timer.sec_ones[2] (net)
                      0.047596    0.000028    0.994996 v hold142/A (sky130_fd_sc_hd__dlygate4sd3_1)
     2    0.012176    0.068119    0.426238    1.421234 v hold142/X (sky130_fd_sc_hd__dlygate4sd3_1)
                                                         net142 (net)
                      0.068119    0.000095    1.421329 v _343_/A_N (sky130_fd_sc_hd__and4b_2)
     3    0.010238    0.058608    0.205418    1.626747 ^ _343_/X (sky130_fd_sc_hd__and4b_2)
                                                         _178_ (net)
                      0.058608    0.000096    1.626843 ^ _356_/C (sky130_fd_sc_hd__and4b_2)
     6    0.027762    0.120462    0.209417    1.836260 ^ _356_/X (sky130_fd_sc_hd__and4b_2)
                                                         _186_ (net)
                      0.120462    0.000242    1.836502 ^ _362_/B (sky130_fd_sc_hd__nand2_2)
     1    0.002644    0.028962    0.030978    1.867480 v _362_/Y (sky130_fd_sc_hd__nand2_2)
                                                         _189_ (net)
                      0.028962    0.000015    1.867495 v _372_/A2 (sky130_fd_sc_hd__a22o_2)
     1    0.002467    0.023089    0.130211    1.997706 v _372_/X (sky130_fd_sc_hd__a22o_2)
                                                         _157_ (net)
                      0.023089    0.000027    1.997733 v hold140/A (sky130_fd_sc_hd__dlygate4sd3_1)
     1    0.002494    0.037040    0.372814    2.370547 v hold140/X (sky130_fd_sc_hd__dlygate4sd3_1)
                                                         net140 (net)
                      0.037040    0.000025    2.370571 v _682_/D (sky130_fd_sc_hd__dfrtp_2)
                                              2.370571   data arrival time

                                 25.000000   25.000000   clock wb_clk_i (rise edge)
                                  0.000000   25.000000   clock source latency
     2    0.147291    0.498689    0.368759   25.368759 ^ wb_clk_i (in)
                                                         wb_clk_i (net)
                      0.521806    0.000000   25.368759 ^ clkbuf_0_wb_clk_i/A (sky130_fd_sc_hd__clkbuf_16)
    17    0.072495    0.077203    0.161485   25.530243 ^ clkbuf_0_wb_clk_i/X (sky130_fd_sc_hd__clkbuf_16)
                                                         clknet_0_wb_clk_i (net)
                      0.077266    0.001867   25.532110 ^ clkbuf_3_7_0_wb_clk_i/A (sky130_fd_sc_hd__clkbuf_8)
    12    0.036897    0.057721    0.110798   25.642908 ^ clkbuf_3_7_0_wb_clk_i/X (sky130_fd_sc_hd__clkbuf_8)
                                                         clknet_3_7_0_wb_clk_i (net)
                      0.057726    0.000551   25.643459 ^ _682_/CLK (sky130_fd_sc_hd__dfrtp_2)
                                 -0.250000   25.393461   clock uncertainty
                                  0.067675   25.461134   clock reconvergence pessimism
                                 -0.072988   25.388147   library setup time
                                             25.388147   data required time
---------------------------------------------------------------------------------------------
                                             25.388147   data required time
                                             -2.370571   data arrival time
---------------------------------------------------------------------------------------------
                                             23.017576   slack (MET)


Startpoint: _697_ (rising edge-triggered flip-flop clocked by wb_clk_i)
Endpoint: _703_ (rising edge-triggered flip-flop clocked by wb_clk_i)
Path Group: wb_clk_i
Path Type: max

Fanout         Cap        Slew       Delay        Time   Description
---------------------------------------------------------------------------------------------
                                  0.000000    0.000000   clock wb_clk_i (rise edge)
                                  0.000000    0.000000   clock source latency
     2    0.147291    0.498689    0.407575    0.407575 ^ wb_clk_i (in)
                                                         wb_clk_i (net)
                      0.521806    0.000000    0.407575 ^ clkbuf_0_wb_clk_i/A (sky130_fd_sc_hd__clkbuf_16)
    17    0.072495    0.077203    0.178484    0.586059 ^ clkbuf_0_wb_clk_i/X (sky130_fd_sc_hd__clkbuf_16)
                                                         clknet_0_wb_clk_i (net)
                      0.077264    0.002040    0.588099 ^ clkbuf_3_1_0_wb_clk_i/A (sky130_fd_sc_hd__clkbuf_8)
    11    0.036856    0.057752    0.122433    0.710532 ^ clkbuf_3_1_0_wb_clk_i/X (sky130_fd_sc_hd__clkbuf_8)
                                                         clknet_3_1_0_wb_clk_i (net)
                      0.057752    0.000278    0.710810 ^ _697_/CLK (sky130_fd_sc_hd__dfrtp_2)
     1    0.002417    0.026539    0.253601    0.964411 v _697_/Q (sky130_fd_sc_hd__dfrtp_2)
                                                         timer.scan_div[3] (net)
                      0.026539    0.000027    0.964438 v hold37/A (sky130_fd_sc_hd__dlygate4sd3_1)
     3    0.013703    0.073084    0.422772    1.387209 v hold37/X (sky130_fd_sc_hd__dlygate4sd3_1)
                                                         net37 (net)
                      0.073084    0.000077    1.387286 v _494_/C (sky130_fd_sc_hd__and4_2)
     6    0.017792    0.053086    0.193146    1.580432 v _494_/X (sky130_fd_sc_hd__and4_2)
                                                         _272_ (net)
                      0.053086    0.000134    1.580566 v _506_/A (sky130_fd_sc_hd__and3_2)
     4    0.011804    0.043421    0.139523    1.720089 v _506_/X (sky130_fd_sc_hd__and3_2)
                                                         _280_ (net)
                      0.043421    0.000121    1.720211 v _508_/B (sky130_fd_sc_hd__and2_2)
     3    0.019352    0.051624    0.159350    1.879561 v _508_/X (sky130_fd_sc_hd__and2_2)
                                                         _281_ (net)
                      0.051624    0.000193    1.879754 v _511_/B (sky130_fd_sc_hd__xor2_2)
     1    0.002151    0.039967    0.093983    1.973737 v _511_/X (sky130_fd_sc_hd__xor2_2)
                                                         _032_ (net)
                      0.039967    0.000022    1.973759 v hold111/A (sky130_fd_sc_hd__dlygate4sd3_1)
     1    0.002593    0.037309    0.380189    2.353948 v hold111/X (sky130_fd_sc_hd__dlygate4sd3_1)
                                                         net111 (net)
                      0.037309    0.000027    2.353976 v _703_/D (sky130_fd_sc_hd__dfrtp_2)
                                              2.353976   data arrival time

                                 25.000000   25.000000   clock wb_clk_i (rise edge)
                                  0.000000   25.000000   clock source latency
     2    0.147291    0.498689    0.368759   25.368759 ^ wb_clk_i (in)
                                                         wb_clk_i (net)
                      0.521806    0.000000   25.368759 ^ clkbuf_0_wb_clk_i/A (sky130_fd_sc_hd__clkbuf_16)
    17    0.072495    0.077203    0.161485   25.530243 ^ clkbuf_0_wb_clk_i/X (sky130_fd_sc_hd__clkbuf_16)
                                                         clknet_0_wb_clk_i (net)
                      0.077293    0.002180   25.532423 ^ clkbuf_3_2_0_wb_clk_i/A (sky130_fd_sc_hd__clkbuf_8)
    11    0.036432    0.057163    0.110424   25.642847 ^ clkbuf_3_2_0_wb_clk_i/X (sky130_fd_sc_hd__clkbuf_8)
                                                         clknet_3_2_0_wb_clk_i (net)
                      0.057167    0.000483   25.643330 ^ _703_/CLK (sky130_fd_sc_hd__dfrtp_2)
                                 -0.250000   25.393332   clock uncertainty
                                  0.055815   25.449146   clock reconvergence pessimism
                                 -0.073138   25.376007   library setup time
                                             25.376007   data required time
---------------------------------------------------------------------------------------------
                                             25.376007   data required time
                                             -2.353976   data arrival time
---------------------------------------------------------------------------------------------
                                             23.022034   slack (MET)


Startpoint: _727_ (rising edge-triggered flip-flop clocked by wb_clk_i)
Endpoint: _742_ (rising edge-triggered flip-flop clocked by wb_clk_i)
Path Group: wb_clk_i
Path Type: max

Fanout         Cap        Slew       Delay        Time   Description
---------------------------------------------------------------------------------------------
                                  0.000000    0.000000   clock wb_clk_i (rise edge)
                                  0.000000    0.000000   clock source latency
     2    0.147291    0.498689    0.407575    0.407575 ^ wb_clk_i (in)
                                                         wb_clk_i (net)
                      0.521806    0.000000    0.407575 ^ clkbuf_0_wb_clk_i/A (sky130_fd_sc_hd__clkbuf_16)
    17    0.072495    0.077203    0.178484    0.586059 ^ clkbuf_0_wb_clk_i/X (sky130_fd_sc_hd__clkbuf_16)
                                                         clknet_0_wb_clk_i (net)
                      0.077266    0.002064    0.588122 ^ clkbuf_3_7_0_wb_clk_i/A (sky130_fd_sc_hd__clkbuf_8)
    12    0.036897    0.057721    0.122462    0.710585 ^ clkbuf_3_7_0_wb_clk_i/X (sky130_fd_sc_hd__clkbuf_8)
                                                         clknet_3_7_0_wb_clk_i (net)
                      0.057725    0.000540    0.711125 ^ _727_/CLK (sky130_fd_sc_hd__dfrtp_2)
     1    0.002121    0.023820    0.221686    0.932810 ^ _727_/Q (sky130_fd_sc_hd__dfrtp_2)
                                                         timer.sec_div[0] (net)
                      0.023820    0.000019    0.932829 ^ hold27/A (sky130_fd_sc_hd__dlygate4sd3_1)
     5    0.018945    0.150307    0.477911    1.410740 ^ hold27/X (sky130_fd_sc_hd__dlygate4sd3_1)
                                                         net27 (net)
                      0.150307    0.000117    1.410857 ^ _417_/A (sky130_fd_sc_hd__and4_2)
     8    0.027926    0.118915    0.222443    1.633301 ^ _417_/X (sky130_fd_sc_hd__and4_2)
                                                         _227_ (net)
                      0.118918    0.000780    1.634081 ^ _445_/A (sky130_fd_sc_hd__and4_2)
     9    0.033755    0.139361    0.232608    1.866689 ^ _445_/X (sky130_fd_sc_hd__and4_2)
                                                         _245_ (net)
                      0.139362    0.000731    1.867420 ^ _448_/A2 (sky130_fd_sc_hd__a21oi_2)
     1    0.002030    0.037611    0.035582    1.903002 v _448_/Y (sky130_fd_sc_hd__a21oi_2)
                                                         _246_ (net)
                      0.037611    0.000019    1.903021 v hold104/A (sky130_fd_sc_hd__dlygate4sd3_1)
     1    0.004824    0.045564    0.391380    2.294401 v hold104/X (sky130_fd_sc_hd__dlygate4sd3_1)
                                                         net104 (net)
                      0.045564    0.000055    2.294456 v _451_/A (sky130_fd_sc_hd__nor2_2)
     1    0.003096    0.045802    0.072847    2.367303 ^ _451_/Y (sky130_fd_sc_hd__nor2_2)
                                                         _040_ (net)
                      0.045802    0.000041    2.367344 ^ _742_/D (sky130_fd_sc_hd__dfrtp_2)
                                              2.367344   data arrival time

                                 25.000000   25.000000   clock wb_clk_i (rise edge)
                                  0.000000   25.000000   clock source latency
     2    0.147291    0.498689    0.368759   25.368759 ^ wb_clk_i (in)
                                                         wb_clk_i (net)
                      0.521806    0.000000   25.368759 ^ clkbuf_0_wb_clk_i/A (sky130_fd_sc_hd__clkbuf_16)
    17    0.072495    0.077203    0.161485   25.530243 ^ clkbuf_0_wb_clk_i/X (sky130_fd_sc_hd__clkbuf_16)
                                                         clknet_0_wb_clk_i (net)
                      0.077234    0.001398   25.531641 ^ clkbuf_3_4_0_wb_clk_i/A (sky130_fd_sc_hd__clkbuf_8)
    11    0.037149    0.058025    0.111003   25.642645 ^ clkbuf_3_4_0_wb_clk_i/X (sky130_fd_sc_hd__clkbuf_8)
                                                         clknet_3_4_0_wb_clk_i (net)
                      0.058026    0.000400   25.643044 ^ _742_/CLK (sky130_fd_sc_hd__dfrtp_2)
                                 -0.250000   25.393045   clock uncertainty
                                  0.055815   25.448860   clock reconvergence pessimism
                                 -0.036830   25.412031   library setup time
                                             25.412031   data required time
---------------------------------------------------------------------------------------------
                                             25.412031   data required time
                                             -2.367344   data arrival time
---------------------------------------------------------------------------------------------
                                             23.044687   slack (MET)


Startpoint: _727_ (rising edge-triggered flip-flop clocked by wb_clk_i)
Endpoint: _741_ (rising edge-triggered flip-flop clocked by wb_clk_i)
Path Group: wb_clk_i
Path Type: max

Fanout         Cap        Slew       Delay        Time   Description
---------------------------------------------------------------------------------------------
                                  0.000000    0.000000   clock wb_clk_i (rise edge)
                                  0.000000    0.000000   clock source latency
     2    0.147291    0.498689    0.407575    0.407575 ^ wb_clk_i (in)
                                                         wb_clk_i (net)
                      0.521806    0.000000    0.407575 ^ clkbuf_0_wb_clk_i/A (sky130_fd_sc_hd__clkbuf_16)
    17    0.072495    0.077203    0.178484    0.586059 ^ clkbuf_0_wb_clk_i/X (sky130_fd_sc_hd__clkbuf_16)
                                                         clknet_0_wb_clk_i (net)
                      0.077266    0.002064    0.588122 ^ clkbuf_3_7_0_wb_clk_i/A (sky130_fd_sc_hd__clkbuf_8)
    12    0.036897    0.057721    0.122462    0.710585 ^ clkbuf_3_7_0_wb_clk_i/X (sky130_fd_sc_hd__clkbuf_8)
                                                         clknet_3_7_0_wb_clk_i (net)
                      0.057725    0.000540    0.711125 ^ _727_/CLK (sky130_fd_sc_hd__dfrtp_2)
     1    0.002121    0.023820    0.221686    0.932810 ^ _727_/Q (sky130_fd_sc_hd__dfrtp_2)
                                                         timer.sec_div[0] (net)
                      0.023820    0.000019    0.932829 ^ hold27/A (sky130_fd_sc_hd__dlygate4sd3_1)
     5    0.018945    0.150307    0.477911    1.410740 ^ hold27/X (sky130_fd_sc_hd__dlygate4sd3_1)
                                                         net27 (net)
                      0.150307    0.000117    1.410857 ^ _417_/A (sky130_fd_sc_hd__and4_2)
     8    0.027926    0.118915    0.222443    1.633301 ^ _417_/X (sky130_fd_sc_hd__and4_2)
                                                         _227_ (net)
                      0.118918    0.000780    1.634081 ^ _445_/A (sky130_fd_sc_hd__and4_2)
     9    0.033755    0.139361    0.232608    1.866689 ^ _445_/X (sky130_fd_sc_hd__and4_2)
                                                         _245_ (net)
                      0.139364    0.000939    1.867627 ^ _447_/B (sky130_fd_sc_hd__xor2_2)
     1    0.002000    0.063838    0.079999    1.947627 ^ _447_/X (sky130_fd_sc_hd__xor2_2)
                                                         _039_ (net)
                      0.063838    0.000009    1.947635 ^ hold88/A (sky130_fd_sc_hd__dlygate4sd3_1)
     1    0.002578    0.035986    0.394592    2.342227 ^ hold88/X (sky130_fd_sc_hd__dlygate4sd3_1)
                                                         net88 (net)
                      0.035986    0.000025    2.342252 ^ _741_/D (sky130_fd_sc_hd__dfrtp_2)
                                              2.342252   data arrival time

                                 25.000000   25.000000   clock wb_clk_i (rise edge)
                                  0.000000   25.000000   clock source latency
     2    0.147291    0.498689    0.368759   25.368759 ^ wb_clk_i (in)
                                                         wb_clk_i (net)
                      0.521806    0.000000   25.368759 ^ clkbuf_0_wb_clk_i/A (sky130_fd_sc_hd__clkbuf_16)
    17    0.072495    0.077203    0.161485   25.530243 ^ clkbuf_0_wb_clk_i/X (sky130_fd_sc_hd__clkbuf_16)
                                                         clknet_0_wb_clk_i (net)
                      0.077221    0.001144   25.531387 ^ clkbuf_3_6_0_wb_clk_i/A (sky130_fd_sc_hd__clkbuf_8)
    12    0.038165    0.059236    0.111804   25.643192 ^ clkbuf_3_6_0_wb_clk_i/X (sky130_fd_sc_hd__clkbuf_8)
                                                         clknet_3_6_0_wb_clk_i (net)
                      0.059241    0.000595   25.643787 ^ _741_/CLK (sky130_fd_sc_hd__dfrtp_2)
                                 -0.250000   25.393787   clock uncertainty
                                  0.055815   25.449602   clock reconvergence pessimism
                                 -0.035796   25.413807   library setup time
                                             25.413807   data required time
---------------------------------------------------------------------------------------------
                                             25.413807   data required time
                                             -2.342252   data arrival time
---------------------------------------------------------------------------------------------
                                             23.071554   slack (MET)


Startpoint: _697_ (rising edge-triggered flip-flop clocked by wb_clk_i)
Endpoint: _707_ (rising edge-triggered flip-flop clocked by wb_clk_i)
Path Group: wb_clk_i
Path Type: max

Fanout         Cap        Slew       Delay        Time   Description
---------------------------------------------------------------------------------------------
                                  0.000000    0.000000   clock wb_clk_i (rise edge)
                                  0.000000    0.000000   clock source latency
     2    0.147291    0.498689    0.407575    0.407575 ^ wb_clk_i (in)
                                                         wb_clk_i (net)
                      0.521806    0.000000    0.407575 ^ clkbuf_0_wb_clk_i/A (sky130_fd_sc_hd__clkbuf_16)
    17    0.072495    0.077203    0.178484    0.586059 ^ clkbuf_0_wb_clk_i/X (sky130_fd_sc_hd__clkbuf_16)
                                                         clknet_0_wb_clk_i (net)
                      0.077264    0.002040    0.588099 ^ clkbuf_3_1_0_wb_clk_i/A (sky130_fd_sc_hd__clkbuf_8)
    11    0.036856    0.057752    0.122433    0.710532 ^ clkbuf_3_1_0_wb_clk_i/X (sky130_fd_sc_hd__clkbuf_8)
                                                         clknet_3_1_0_wb_clk_i (net)
                      0.057752    0.000278    0.710810 ^ _697_/CLK (sky130_fd_sc_hd__dfrtp_2)
     1    0.002417    0.026539    0.253601    0.964411 v _697_/Q (sky130_fd_sc_hd__dfrtp_2)
                                                         timer.scan_div[3] (net)
                      0.026539    0.000027    0.964438 v hold37/A (sky130_fd_sc_hd__dlygate4sd3_1)
     3    0.013703    0.073084    0.422772    1.387209 v hold37/X (sky130_fd_sc_hd__dlygate4sd3_1)
                                                         net37 (net)
                      0.073084    0.000077    1.387286 v _494_/C (sky130_fd_sc_hd__and4_2)
     6    0.017792    0.053086    0.193146    1.580432 v _494_/X (sky130_fd_sc_hd__and4_2)
                                                         _272_ (net)
                      0.053087    0.000244    1.580676 v _516_/A (sky130_fd_sc_hd__and4_2)
     8    0.032878    0.074795    0.176220    1.756896 v _516_/X (sky130_fd_sc_hd__and4_2)
                                                         _286_ (net)
                      0.074807    0.000964    1.757860 v _519_/A2 (sky130_fd_sc_hd__a21oi_2)
     1    0.003248    0.062595    0.106732    1.864591 ^ _519_/Y (sky130_fd_sc_hd__a21oi_2)
                                                         _287_ (net)
                      0.062595    0.000048    1.864639 ^ hold128/A (sky130_fd_sc_hd__dlygate4sd3_1)
     1    0.004765    0.050599    0.408030    2.272669 ^ hold128/X (sky130_fd_sc_hd__dlygate4sd3_1)
                                                         net128 (net)
                      0.050599    0.000020    2.272689 ^ _521_/A (sky130_fd_sc_hd__nor2_2)
     1    0.002265    0.019037    0.023290    2.295979 v _521_/Y (sky130_fd_sc_hd__nor2_2)
                                                         _005_ (net)
                      0.019037    0.000019    2.295998 v _707_/D (sky130_fd_sc_hd__dfrtp_2)
                                              2.295998   data arrival time

                                 25.000000   25.000000   clock wb_clk_i (rise edge)
                                  0.000000   25.000000   clock source latency
     2    0.147291    0.498689    0.368759   25.368759 ^ wb_clk_i (in)
                                                         wb_clk_i (net)
                      0.521806    0.000000   25.368759 ^ clkbuf_0_wb_clk_i/A (sky130_fd_sc_hd__clkbuf_16)
    17    0.072495    0.077203    0.161485   25.530243 ^ clkbuf_0_wb_clk_i/X (sky130_fd_sc_hd__clkbuf_16)
                                                         clknet_0_wb_clk_i (net)
                      0.077264    0.001846   25.532089 ^ clkbuf_3_1_0_wb_clk_i/A (sky130_fd_sc_hd__clkbuf_8)
    11    0.036856    0.057752    0.110772   25.642860 ^ clkbuf_3_1_0_wb_clk_i/X (sky130_fd_sc_hd__clkbuf_8)
                                                         clknet_3_1_0_wb_clk_i (net)
                      0.057753    0.000380   25.643242 ^ _707_/CLK (sky130_fd_sc_hd__dfrtp_2)
                                 -0.250000   25.393242   clock uncertainty
                                  0.067670   25.460913   clock reconvergence pessimism
                                 -0.066563   25.394350   library setup time
                                             25.394350   data required time
---------------------------------------------------------------------------------------------
                                             25.394350   data required time
                                             -2.295998   data arrival time
---------------------------------------------------------------------------------------------
                                             23.098352   slack (MET)


Startpoint: _691_ (rising edge-triggered flip-flop clocked by wb_clk_i)
Endpoint: _681_ (rising edge-triggered flip-flop clocked by wb_clk_i)
Path Group: wb_clk_i
Path Type: max

Fanout         Cap        Slew       Delay        Time   Description
---------------------------------------------------------------------------------------------
                                  0.000000    0.000000   clock wb_clk_i (rise edge)
                                  0.000000    0.000000   clock source latency
     2    0.147291    0.498689    0.407575    0.407575 ^ wb_clk_i (in)
                                                         wb_clk_i (net)
                      0.521806    0.000000    0.407575 ^ clkbuf_0_wb_clk_i/A (sky130_fd_sc_hd__clkbuf_16)
    17    0.072495    0.077203    0.178484    0.586059 ^ clkbuf_0_wb_clk_i/X (sky130_fd_sc_hd__clkbuf_16)
                                                         clknet_0_wb_clk_i (net)
                      0.077266    0.002064    0.588122 ^ clkbuf_3_7_0_wb_clk_i/A (sky130_fd_sc_hd__clkbuf_8)
    12    0.036897    0.057721    0.122462    0.710585 ^ clkbuf_3_7_0_wb_clk_i/X (sky130_fd_sc_hd__clkbuf_8)
                                                         clknet_3_7_0_wb_clk_i (net)
                      0.057721    0.000290    0.710874 ^ _691_/CLK (sky130_fd_sc_hd__dfrtp_2)
     4    0.013167    0.047596    0.284094    0.994969 v _691_/Q (sky130_fd_sc_hd__dfrtp_2)
                                                         timer.sec_ones[2] (net)
                      0.047596    0.000028    0.994996 v hold142/A (sky130_fd_sc_hd__dlygate4sd3_1)
     2    0.012176    0.068119    0.426238    1.421234 v hold142/X (sky130_fd_sc_hd__dlygate4sd3_1)
                                                         net142 (net)
                      0.068119    0.000095    1.421329 v _343_/A_N (sky130_fd_sc_hd__and4b_2)
     3    0.010238    0.058608    0.205418    1.626747 ^ _343_/X (sky130_fd_sc_hd__and4b_2)
                                                         _178_ (net)
                      0.058608    0.000096    1.626843 ^ _356_/C (sky130_fd_sc_hd__and4b_2)
     6    0.027762    0.120462    0.209417    1.836260 ^ _356_/X (sky130_fd_sc_hd__and4b_2)
                                                         _186_ (net)
                      0.120462    0.000475    1.836736 ^ _373_/B (sky130_fd_sc_hd__xor2_2)
     1    0.002034    0.063895    0.081075    1.917811 ^ _373_/X (sky130_fd_sc_hd__xor2_2)
                                                         _156_ (net)
                      0.063895    0.000010    1.917820 ^ hold145/A (sky130_fd_sc_hd__dlygate4sd3_1)
     1    0.002417    0.035072    0.393524    2.311344 ^ hold145/X (sky130_fd_sc_hd__dlygate4sd3_1)
                                                         net145 (net)
                      0.035072    0.000022    2.311366 ^ _681_/D (sky130_fd_sc_hd__dfrtp_2)
                                              2.311366   data arrival time

                                 25.000000   25.000000   clock wb_clk_i (rise edge)
                                  0.000000   25.000000   clock source latency
     2    0.147291    0.498689    0.368759   25.368759 ^ wb_clk_i (in)
                                                         wb_clk_i (net)
                      0.521806    0.000000   25.368759 ^ clkbuf_0_wb_clk_i/A (sky130_fd_sc_hd__clkbuf_16)
    17    0.072495    0.077203    0.161485   25.530243 ^ clkbuf_0_wb_clk_i/X (sky130_fd_sc_hd__clkbuf_16)
                                                         clknet_0_wb_clk_i (net)
                      0.077266    0.001867   25.532110 ^ clkbuf_3_7_0_wb_clk_i/A (sky130_fd_sc_hd__clkbuf_8)
    12    0.036897    0.057721    0.110798   25.642908 ^ clkbuf_3_7_0_wb_clk_i/X (sky130_fd_sc_hd__clkbuf_8)
                                                         clknet_3_7_0_wb_clk_i (net)
                      0.057726    0.000540   25.643450 ^ _681_/CLK (sky130_fd_sc_hd__dfrtp_2)
                                 -0.250000   25.393450   clock uncertainty
                                  0.067675   25.461124   clock reconvergence pessimism
                                 -0.035761   25.425364   library setup time
                                             25.425364   data required time
---------------------------------------------------------------------------------------------
                                             25.425364   data required time
                                             -2.311366   data arrival time
---------------------------------------------------------------------------------------------
                                             23.113998   slack (MET)


Startpoint: _676_ (rising edge-triggered flip-flop clocked by wb_clk_i)
Endpoint: _676_ (rising edge-triggered flip-flop clocked by wb_clk_i)
Path Group: wb_clk_i
Path Type: max

Fanout         Cap        Slew       Delay        Time   Description
---------------------------------------------------------------------------------------------
                                  0.000000    0.000000   clock wb_clk_i (rise edge)
                                  0.000000    0.000000   clock source latency
     2    0.147291    0.498689    0.407575    0.407575 ^ wb_clk_i (in)
                                                         wb_clk_i (net)
                      0.521806    0.000000    0.407575 ^ clkbuf_0_wb_clk_i/A (sky130_fd_sc_hd__clkbuf_16)
    17    0.072495    0.077203    0.178484    0.586059 ^ clkbuf_0_wb_clk_i/X (sky130_fd_sc_hd__clkbuf_16)
                                                         clknet_0_wb_clk_i (net)
                      0.077234    0.001545    0.587604 ^ clkbuf_3_4_0_wb_clk_i/A (sky130_fd_sc_hd__clkbuf_8)
    11    0.037149    0.058025    0.122689    0.710293 ^ clkbuf_3_4_0_wb_clk_i/X (sky130_fd_sc_hd__clkbuf_8)
                                                         clknet_3_4_0_wb_clk_i (net)
                      0.058026    0.000430    0.710723 ^ _676_/CLK (sky130_fd_sc_hd__dfrtp_2)
     9    0.034380    0.079992    0.321034    1.031757 v _676_/Q (sky130_fd_sc_hd__dfrtp_2)
                                                         timer.dig_cnt[1] (net)
                      0.079992    0.000187    1.031943 v hold150/A (sky130_fd_sc_hd__dlygate4sd3_1)
     2    0.009030    0.059888    0.428370    1.460314 v hold150/X (sky130_fd_sc_hd__dlygate4sd3_1)
                                                         net150 (net)
                      0.059888    0.000128    1.460441 v _385_/B (sky130_fd_sc_hd__nand2b_2)
    11    0.075122    0.303226    0.245598    1.706039 ^ _385_/Y (sky130_fd_sc_hd__nand2b_2)
                                                         net5 (net)
                      0.303232    0.001224    1.707263 ^ _386_/B (sky130_fd_sc_hd__nand2_2)
     1    0.003189    0.062817    0.023387    1.730651 v _386_/Y (sky130_fd_sc_hd__nand2_2)
                                                         _203_ (net)
                      0.062817    0.000045    1.730696 v _387_/A1 (sky130_fd_sc_hd__mux2_1)
     1    0.002880    0.038273    0.164459    1.895155 v _387_/X (sky130_fd_sc_hd__mux2_1)
                                                         _151_ (net)
                      0.038273    0.000038    1.895193 v hold151/A (sky130_fd_sc_hd__dlygate4sd3_1)
     1    0.002375    0.036705    0.378130    2.273323 v hold151/X (sky130_fd_sc_hd__dlygate4sd3_1)
                                                         net151 (net)
                      0.036705    0.000022    2.273345 v _676_/D (sky130_fd_sc_hd__dfrtp_2)
                                              2.273345   data arrival time

                                 25.000000   25.000000   clock wb_clk_i (rise edge)
                                  0.000000   25.000000   clock source latency
     2    0.147291    0.498689    0.368759   25.368759 ^ wb_clk_i (in)
                                                         wb_clk_i (net)
                      0.521806    0.000000   25.368759 ^ clkbuf_0_wb_clk_i/A (sky130_fd_sc_hd__clkbuf_16)
    17    0.072495    0.077203    0.161485   25.530243 ^ clkbuf_0_wb_clk_i/X (sky130_fd_sc_hd__clkbuf_16)
                                                         clknet_0_wb_clk_i (net)
                      0.077234    0.001398   25.531641 ^ clkbuf_3_4_0_wb_clk_i/A (sky130_fd_sc_hd__clkbuf_8)
    11    0.037149    0.058025    0.111003   25.642645 ^ clkbuf_3_4_0_wb_clk_i/X (sky130_fd_sc_hd__clkbuf_8)
                                                         clknet_3_4_0_wb_clk_i (net)
                      0.058026    0.000389   25.643034 ^ _676_/CLK (sky130_fd_sc_hd__dfrtp_2)
                                 -0.250000   25.393034   clock uncertainty
                                  0.067688   25.460722   clock reconvergence pessimism
                                 -0.072839   25.387882   library setup time
                                             25.387882   data required time
---------------------------------------------------------------------------------------------
                                             25.387882   data required time
                                             -2.273345   data arrival time
---------------------------------------------------------------------------------------------
                                             23.114538   slack (MET)


Startpoint: _729_ (rising edge-triggered flip-flop clocked by wb_clk_i)
Endpoint: _754_ (rising edge-triggered flip-flop clocked by wb_clk_i)
Path Group: wb_clk_i
Path Type: max

Fanout         Cap        Slew       Delay        Time   Description
---------------------------------------------------------------------------------------------
                                  0.000000    0.000000   clock wb_clk_i (rise edge)
                                  0.000000    0.000000   clock source latency
     2    0.147291    0.498689    0.407575    0.407575 ^ wb_clk_i (in)
                                                         wb_clk_i (net)
                      0.521806    0.000000    0.407575 ^ clkbuf_0_wb_clk_i/A (sky130_fd_sc_hd__clkbuf_16)
    17    0.072495    0.077203    0.178484    0.586059 ^ clkbuf_0_wb_clk_i/X (sky130_fd_sc_hd__clkbuf_16)
                                                         clknet_0_wb_clk_i (net)
                      0.077266    0.002064    0.588122 ^ clkbuf_3_7_0_wb_clk_i/A (sky130_fd_sc_hd__clkbuf_8)
    12    0.036897    0.057721    0.122462    0.710585 ^ clkbuf_3_7_0_wb_clk_i/X (sky130_fd_sc_hd__clkbuf_8)
                                                         clknet_3_7_0_wb_clk_i (net)
                      0.057722    0.000393    0.710978 ^ _729_/CLK (sky130_fd_sc_hd__dfrtp_2)
     1    0.002152    0.025959    0.252604    0.963582 v _729_/Q (sky130_fd_sc_hd__dfrtp_2)
                                                         timer.sec_div[2] (net)
                      0.025959    0.000021    0.963603 v hold59/A (sky130_fd_sc_hd__dlygate4sd3_1)
     4    0.016759    0.082365    0.432486    1.396089 v hold59/X (sky130_fd_sc_hd__dlygate4sd3_1)
                                                         net59 (net)
                      0.082365    0.000136    1.396225 v _417_/D (sky130_fd_sc_hd__and4_2)
     8    0.026334    0.064954    0.219192    1.615417 v _417_/X (sky130_fd_sc_hd__and4_2)
                                                         _227_ (net)
                      0.064961    0.000743    1.616160 v _445_/A (sky130_fd_sc_hd__and4_2)
     9    0.032127    0.073596    0.180164    1.796324 v _445_/X (sky130_fd_sc_hd__and4_2)
                                                         _245_ (net)
                      0.073607    0.000968    1.797292 v _471_/A (sky130_fd_sc_hd__and3_2)
     4    0.020578    0.055539    0.163641    1.960933 v _471_/X (sky130_fd_sc_hd__and3_2)
                                                         _260_ (net)
                      0.055541    0.000390    1.961323 v _479_/A4 (sky130_fd_sc_hd__a41o_2)
     1    0.003607    0.029643    0.186149    2.147472 v _479_/X (sky130_fd_sc_hd__a41o_2)
                                                         _265_ (net)
                      0.029643    0.000062    2.147534 v _480_/B (sky130_fd_sc_hd__and2b_2)
     1    0.002251    0.024804    0.116349    2.263883 v _480_/X (sky130_fd_sc_hd__and2b_2)
                                                         _053_ (net)
                      0.024804    0.000019    2.263903 v _754_/D (sky130_fd_sc_hd__dfrtp_2)
                                              2.263903   data arrival time

                                 25.000000   25.000000   clock wb_clk_i (rise edge)
                                  0.000000   25.000000   clock source latency
     2    0.147291    0.498689    0.368759   25.368759 ^ wb_clk_i (in)
                                                         wb_clk_i (net)
                      0.521806    0.000000   25.368759 ^ clkbuf_0_wb_clk_i/A (sky130_fd_sc_hd__clkbuf_16)
    17    0.072495    0.077203    0.161485   25.530243 ^ clkbuf_0_wb_clk_i/X (sky130_fd_sc_hd__clkbuf_16)
                                                         clknet_0_wb_clk_i (net)
                      0.077221    0.001144   25.531387 ^ clkbuf_3_6_0_wb_clk_i/A (sky130_fd_sc_hd__clkbuf_8)
    12    0.038165    0.059236    0.111804   25.643192 ^ clkbuf_3_6_0_wb_clk_i/X (sky130_fd_sc_hd__clkbuf_8)
                                                         clknet_3_6_0_wb_clk_i (net)
                      0.059249    0.000826   25.644018 ^ _754_/CLK (sky130_fd_sc_hd__dfrtp_2)
                                 -0.250000   25.394018   clock uncertainty
                                  0.055815   25.449833   clock reconvergence pessimism
                                 -0.068476   25.381357   library setup time
                                             25.381357   data required time
---------------------------------------------------------------------------------------------
                                             25.381357   data required time
                                             -2.263903   data arrival time
---------------------------------------------------------------------------------------------
                                             23.117453   slack (MET)


Startpoint: _693_ (rising edge-triggered flip-flop clocked by wb_clk_i)
Endpoint: _689_ (rising edge-triggered flip-flop clocked by wb_clk_i)
Path Group: wb_clk_i
Path Type: max

Fanout         Cap        Slew       Delay        Time   Description
---------------------------------------------------------------------------------------------
                                  0.000000    0.000000   clock wb_clk_i (rise edge)
                                  0.000000    0.000000   clock source latency
     2    0.147291    0.498689    0.407575    0.407575 ^ wb_clk_i (in)
                                                         wb_clk_i (net)
                      0.521806    0.000000    0.407575 ^ clkbuf_0_wb_clk_i/A (sky130_fd_sc_hd__clkbuf_16)
    17    0.072495    0.077203    0.178484    0.586059 ^ clkbuf_0_wb_clk_i/X (sky130_fd_sc_hd__clkbuf_16)
                                                         clknet_0_wb_clk_i (net)
                      0.077266    0.002064    0.588122 ^ clkbuf_3_7_0_wb_clk_i/A (sky130_fd_sc_hd__clkbuf_8)
    12    0.036897    0.057721    0.122462    0.710585 ^ clkbuf_3_7_0_wb_clk_i/X (sky130_fd_sc_hd__clkbuf_8)
                                                         clknet_3_7_0_wb_clk_i (net)
                      0.057724    0.000503    0.711088 ^ _693_/CLK (sky130_fd_sc_hd__dfrtp_2)
     1    0.003639    0.028920    0.258158    0.969246 v _693_/Q (sky130_fd_sc_hd__dfrtp_2)
                                                         timer.sec (net)
                      0.028920    0.000060    0.969306 v hold105/A (sky130_fd_sc_hd__dlygate4sd3_1)
     4    0.012641    0.069876    0.420215    1.389521 v hold105/X (sky130_fd_sc_hd__dlygate4sd3_1)
                                                         net105 (net)
                      0.069876    0.000282    1.389802 v _349_/A (sky130_fd_sc_hd__nor2_2)
     1    0.002723    0.044826    0.079700    1.469502 ^ _349_/Y (sky130_fd_sc_hd__nor2_2)
                                                         _181_ (net)
                      0.044826    0.000033    1.469534 ^ hold106/A (sky130_fd_sc_hd__dlygate4sd3_1)
     1    0.004939    0.051767    0.405593    1.875127 ^ hold106/X (sky130_fd_sc_hd__dlygate4sd3_1)
                                                         net106 (net)
                      0.051767    0.000021    1.875148 ^ _350_/B (sky130_fd_sc_hd__nor2_2)
     1    0.002545    0.017860    0.018481    1.893629 v _350_/Y (sky130_fd_sc_hd__nor2_2)
                                                         _164_ (net)
                      0.017860    0.000029    1.893658 v hold107/A (sky130_fd_sc_hd__dlygate4sd3_1)
     1    0.002767    0.037973    0.372956    2.266614 v hold107/X (sky130_fd_sc_hd__dlygate4sd3_1)
                                                         net107 (net)
                      0.037973    0.000028    2.266642 v _689_/D (sky130_fd_sc_hd__dfrtp_2)
                                              2.266642   data arrival time

                                 25.000000   25.000000   clock wb_clk_i (rise edge)
                                  0.000000   25.000000   clock source latency
     2    0.147291    0.498689    0.368759   25.368759 ^ wb_clk_i (in)
                                                         wb_clk_i (net)
                      0.521806    0.000000   25.368759 ^ clkbuf_0_wb_clk_i/A (sky130_fd_sc_hd__clkbuf_16)
    17    0.072495    0.077203    0.161485   25.530243 ^ clkbuf_0_wb_clk_i/X (sky130_fd_sc_hd__clkbuf_16)
                                                         clknet_0_wb_clk_i (net)
                      0.077266    0.001867   25.532110 ^ clkbuf_3_7_0_wb_clk_i/A (sky130_fd_sc_hd__clkbuf_8)
    12    0.036897    0.057721    0.110798   25.642908 ^ clkbuf_3_7_0_wb_clk_i/X (sky130_fd_sc_hd__clkbuf_8)
                                                         clknet_3_7_0_wb_clk_i (net)
                      0.057723    0.000398   25.643307 ^ _689_/CLK (sky130_fd_sc_hd__dfrtp_2)
                                 -0.250000   25.393309   clock uncertainty
                                  0.067675   25.460981   clock reconvergence pessimism
                                 -0.073321   25.387661   library setup time
                                             25.387661   data required time
---------------------------------------------------------------------------------------------
                                             25.387661   data required time
                                             -2.266642   data arrival time
---------------------------------------------------------------------------------------------
                                             23.121019   slack (MET)


Startpoint: _697_ (rising edge-triggered flip-flop clocked by wb_clk_i)
Endpoint: _706_ (rising edge-triggered flip-flop clocked by wb_clk_i)
Path Group: wb_clk_i
Path Type: max

Fanout         Cap        Slew       Delay        Time   Description
---------------------------------------------------------------------------------------------
                                  0.000000    0.000000   clock wb_clk_i (rise edge)
                                  0.000000    0.000000   clock source latency
     2    0.147291    0.498689    0.407575    0.407575 ^ wb_clk_i (in)
                                                         wb_clk_i (net)
                      0.521806    0.000000    0.407575 ^ clkbuf_0_wb_clk_i/A (sky130_fd_sc_hd__clkbuf_16)
    17    0.072495    0.077203    0.178484    0.586059 ^ clkbuf_0_wb_clk_i/X (sky130_fd_sc_hd__clkbuf_16)
                                                         clknet_0_wb_clk_i (net)
                      0.077264    0.002040    0.588099 ^ clkbuf_3_1_0_wb_clk_i/A (sky130_fd_sc_hd__clkbuf_8)
    11    0.036856    0.057752    0.122433    0.710532 ^ clkbuf_3_1_0_wb_clk_i/X (sky130_fd_sc_hd__clkbuf_8)
                                                         clknet_3_1_0_wb_clk_i (net)
                      0.057752    0.000278    0.710810 ^ _697_/CLK (sky130_fd_sc_hd__dfrtp_2)
     1    0.002587    0.025203    0.223576    0.934386 ^ _697_/Q (sky130_fd_sc_hd__dfrtp_2)
                                                         timer.scan_div[3] (net)
                      0.025203    0.000029    0.934415 ^ hold37/A (sky130_fd_sc_hd__dlygate4sd3_1)
     3    0.014661    0.119414    0.455172    1.389587 ^ hold37/X (sky130_fd_sc_hd__dlygate4sd3_1)
                                                         net37 (net)
                      0.119414    0.000082    1.389669 ^ _494_/C (sky130_fd_sc_hd__and4_2)
     6    0.018620    0.085713    0.193467    1.583135 ^ _494_/X (sky130_fd_sc_hd__and4_2)
                                                         _272_ (net)
                      0.085713    0.000255    1.583391 ^ _516_/A (sky130_fd_sc_hd__and4_2)
     8    0.034517    0.142088    0.225609    1.808999 ^ _516_/X (sky130_fd_sc_hd__and4_2)
                                                         _286_ (net)
                      0.142092    0.000960    1.809959 ^ _518_/B (sky130_fd_sc_hd__xor2_2)
     1    0.002267    0.066164    0.081562    1.891522 ^ _518_/X (sky130_fd_sc_hd__xor2_2)
                                                         _004_ (net)
                      0.066164    0.000013    1.891535 ^ hold100/A (sky130_fd_sc_hd__dlygate4sd3_1)
     1    0.002640    0.036348    0.395398    2.286932 ^ hold100/X (sky130_fd_sc_hd__dlygate4sd3_1)
                                                         net100 (net)
                      0.036348    0.000026    2.286958 ^ _706_/D (sky130_fd_sc_hd__dfrtp_2)
                                              2.286958   data arrival time

                                 25.000000   25.000000   clock wb_clk_i (rise edge)
                                  0.000000   25.000000   clock source latency
     2    0.147291    0.498689    0.368759   25.368759 ^ wb_clk_i (in)
                                                         wb_clk_i (net)
                      0.521806    0.000000   25.368759 ^ clkbuf_0_wb_clk_i/A (sky130_fd_sc_hd__clkbuf_16)
    17    0.072495    0.077203    0.161485   25.530243 ^ clkbuf_0_wb_clk_i/X (sky130_fd_sc_hd__clkbuf_16)
                                                         clknet_0_wb_clk_i (net)
                      0.077293    0.002180   25.532423 ^ clkbuf_3_2_0_wb_clk_i/A (sky130_fd_sc_hd__clkbuf_8)
    11    0.036432    0.057163    0.110424   25.642847 ^ clkbuf_3_2_0_wb_clk_i/X (sky130_fd_sc_hd__clkbuf_8)
                                                         clknet_3_2_0_wb_clk_i (net)
                      0.057165    0.000426   25.643272 ^ _706_/CLK (sky130_fd_sc_hd__dfrtp_2)
                                 -0.250000   25.393274   clock uncertainty
                                  0.055815   25.449089   clock reconvergence pessimism
                                 -0.035910   25.413177   library setup time
                                             25.413177   data required time
---------------------------------------------------------------------------------------------
                                             25.413177   data required time
                                             -2.286958   data arrival time
---------------------------------------------------------------------------------------------
                                             23.126221   slack (MET)


Startpoint: _695_ (rising edge-triggered flip-flop clocked by wb_clk_i)
Endpoint: _695_ (rising edge-triggered flip-flop clocked by wb_clk_i)
Path Group: wb_clk_i
Path Type: max

Fanout         Cap        Slew       Delay        Time   Description
---------------------------------------------------------------------------------------------
                                  0.000000    0.000000   clock wb_clk_i (rise edge)
                                  0.000000    0.000000   clock source latency
     2    0.147291    0.498689    0.407575    0.407575 ^ wb_clk_i (in)
                                                         wb_clk_i (net)
                      0.521806    0.000000    0.407575 ^ clkbuf_0_wb_clk_i/A (sky130_fd_sc_hd__clkbuf_16)
    17    0.072495    0.077203    0.178484    0.586059 ^ clkbuf_0_wb_clk_i/X (sky130_fd_sc_hd__clkbuf_16)
                                                         clknet_0_wb_clk_i (net)
                      0.077264    0.002040    0.588099 ^ clkbuf_3_1_0_wb_clk_i/A (sky130_fd_sc_hd__clkbuf_8)
    11    0.036856    0.057752    0.122433    0.710532 ^ clkbuf_3_1_0_wb_clk_i/X (sky130_fd_sc_hd__clkbuf_8)
                                                         clknet_3_1_0_wb_clk_i (net)
                      0.057752    0.000263    0.710795 ^ _695_/CLK (sky130_fd_sc_hd__dfrtp_2)
     1    0.002128    0.025908    0.252525    0.963319 v _695_/Q (sky130_fd_sc_hd__dfrtp_2)
                                                         timer.scan_div[1] (net)
                      0.025908    0.000020    0.963339 v hold121/A (sky130_fd_sc_hd__dlygate4sd3_1)
     3    0.010262    0.063162    0.411361    1.374700 v hold121/X (sky130_fd_sc_hd__dlygate4sd3_1)
                                                         net121 (net)
                      0.063162    0.000076    1.374776 v _395_/B (sky130_fd_sc_hd__nor2_2)
     1    0.002245    0.042703    0.058376    1.433151 ^ _395_/Y (sky130_fd_sc_hd__nor2_2)
                                                         _210_ (net)
                      0.042703    0.000022    1.433173 ^ hold122/A (sky130_fd_sc_hd__dlygate4sd3_1)
     2    0.008012    0.072703    0.422676    1.855849 ^ hold122/X (sky130_fd_sc_hd__dlygate4sd3_1)
                                                         net122 (net)
                      0.072703    0.000104    1.855953 ^ _490_/A (sky130_fd_sc_hd__nor2_2)
     1    0.002616    0.022645    0.024869    1.880822 v _490_/Y (sky130_fd_sc_hd__nor2_2)
                                                         _012_ (net)
                      0.022645    0.000032    1.880854 v hold123/A (sky130_fd_sc_hd__dlygate4sd3_1)
     1    0.002300    0.036413    0.371452    2.252307 v hold123/X (sky130_fd_sc_hd__dlygate4sd3_1)
                                                         net123 (net)
                      0.036413    0.000021    2.252327 v _695_/D (sky130_fd_sc_hd__dfrtp_2)
                                              2.252327   data arrival time

                                 25.000000   25.000000   clock wb_clk_i (rise edge)
                                  0.000000   25.000000   clock source latency
     2    0.147291    0.498689    0.368759   25.368759 ^ wb_clk_i (in)
                                                         wb_clk_i (net)
                      0.521806    0.000000   25.368759 ^ clkbuf_0_wb_clk_i/A (sky130_fd_sc_hd__clkbuf_16)
    17    0.072495    0.077203    0.161485   25.530243 ^ clkbuf_0_wb_clk_i/X (sky130_fd_sc_hd__clkbuf_16)
                                                         clknet_0_wb_clk_i (net)
                      0.077264    0.001846   25.532089 ^ clkbuf_3_1_0_wb_clk_i/A (sky130_fd_sc_hd__clkbuf_8)
    11    0.036856    0.057752    0.110772   25.642860 ^ clkbuf_3_1_0_wb_clk_i/X (sky130_fd_sc_hd__clkbuf_8)
                                                         clknet_3_1_0_wb_clk_i (net)
                      0.057752    0.000238   25.643099 ^ _695_/CLK (sky130_fd_sc_hd__dfrtp_2)
                                 -0.250000   25.393101   clock uncertainty
                                  0.067695   25.460794   clock reconvergence pessimism
                                 -0.072761   25.388033   library setup time
                                             25.388033   data required time
---------------------------------------------------------------------------------------------
                                             25.388033   data required time
                                             -2.252327   data arrival time
---------------------------------------------------------------------------------------------
                                             23.135706   slack (MET)


Startpoint: _691_ (rising edge-triggered flip-flop clocked by wb_clk_i)
Endpoint: _685_ (rising edge-triggered flip-flop clocked by wb_clk_i)
Path Group: wb_clk_i
Path Type: max

Fanout         Cap        Slew       Delay        Time   Description
---------------------------------------------------------------------------------------------
                                  0.000000    0.000000   clock wb_clk_i (rise edge)
                                  0.000000    0.000000   clock source latency
     2    0.147291    0.498689    0.407575    0.407575 ^ wb_clk_i (in)
                                                         wb_clk_i (net)
                      0.521806    0.000000    0.407575 ^ clkbuf_0_wb_clk_i/A (sky130_fd_sc_hd__clkbuf_16)
    17    0.072495    0.077203    0.178484    0.586059 ^ clkbuf_0_wb_clk_i/X (sky130_fd_sc_hd__clkbuf_16)
                                                         clknet_0_wb_clk_i (net)
                      0.077266    0.002064    0.588122 ^ clkbuf_3_7_0_wb_clk_i/A (sky130_fd_sc_hd__clkbuf_8)
    12    0.036897    0.057721    0.122462    0.710585 ^ clkbuf_3_7_0_wb_clk_i/X (sky130_fd_sc_hd__clkbuf_8)
                                                         clknet_3_7_0_wb_clk_i (net)
                      0.057721    0.000290    0.710874 ^ _691_/CLK (sky130_fd_sc_hd__dfrtp_2)
     4    0.014036    0.061303    0.260583    0.971457 ^ _691_/Q (sky130_fd_sc_hd__dfrtp_2)
                                                         timer.sec_ones[2] (net)
                      0.061303    0.000030    0.971487 ^ hold142/A (sky130_fd_sc_hd__dlygate4sd3_1)
     2    0.013093    0.108117    0.454361    1.425848 ^ hold142/X (sky130_fd_sc_hd__dlygate4sd3_1)
                                                         net142 (net)
                      0.108117    0.000101    1.425949 ^ _343_/A_N (sky130_fd_sc_hd__and4b_2)
     3    0.009391    0.043423    0.166244    1.592193 v _343_/X (sky130_fd_sc_hd__and4b_2)
                                                         _178_ (net)
                      0.043423    0.000073    1.592266 v _344_/B (sky130_fd_sc_hd__and2b_2)
     5    0.025236    0.060494    0.170465    1.762731 v _344_/X (sky130_fd_sc_hd__and2b_2)
                                                         _179_ (net)
                      0.060497    0.000469    1.763200 v _361_/B (sky130_fd_sc_hd__xnor2_2)
     1    0.002159    0.028276    0.090229    1.853429 v _361_/Y (sky130_fd_sc_hd__xnor2_2)
                                                         _160_ (net)
                      0.028276    0.000012    1.853441 v hold175/A (sky130_fd_sc_hd__dlygate4sd3_1)
     1    0.002695    0.037647    0.376156    2.229597 v hold175/X (sky130_fd_sc_hd__dlygate4sd3_1)
                                                         net175 (net)
                      0.037647    0.000029    2.229626 v _685_/D (sky130_fd_sc_hd__dfrtp_2)
                                              2.229626   data arrival time

                                 25.000000   25.000000   clock wb_clk_i (rise edge)
                                  0.000000   25.000000   clock source latency
     2    0.147291    0.498689    0.368759   25.368759 ^ wb_clk_i (in)
                                                         wb_clk_i (net)
                      0.521806    0.000000   25.368759 ^ clkbuf_0_wb_clk_i/A (sky130_fd_sc_hd__clkbuf_16)
    17    0.072495    0.077203    0.161485   25.530243 ^ clkbuf_0_wb_clk_i/X (sky130_fd_sc_hd__clkbuf_16)
                                                         clknet_0_wb_clk_i (net)
                      0.077276    0.001995   25.532238 ^ clkbuf_3_5_0_wb_clk_i/A (sky130_fd_sc_hd__clkbuf_8)
    11    0.038208    0.059383    0.111976   25.644215 ^ clkbuf_3_5_0_wb_clk_i/X (sky130_fd_sc_hd__clkbuf_8)
                                                         clknet_3_5_0_wb_clk_i (net)
                      0.059383    0.000311   25.644526 ^ _685_/CLK (sky130_fd_sc_hd__dfrtp_2)
                                 -0.250000   25.394526   clock uncertainty
                                  0.055815   25.450340   clock reconvergence pessimism
                                 -0.073044   25.377298   library setup time
                                             25.377298   data required time
---------------------------------------------------------------------------------------------
                                             25.377298   data required time
                                             -2.229626   data arrival time
---------------------------------------------------------------------------------------------
                                             23.147671   slack (MET)


Startpoint: _697_ (rising edge-triggered flip-flop clocked by wb_clk_i)
Endpoint: _701_ (rising edge-triggered flip-flop clocked by wb_clk_i)
Path Group: wb_clk_i
Path Type: max

Fanout         Cap        Slew       Delay        Time   Description
---------------------------------------------------------------------------------------------
                                  0.000000    0.000000   clock wb_clk_i (rise edge)
                                  0.000000    0.000000   clock source latency
     2    0.147291    0.498689    0.407575    0.407575 ^ wb_clk_i (in)
                                                         wb_clk_i (net)
                      0.521806    0.000000    0.407575 ^ clkbuf_0_wb_clk_i/A (sky130_fd_sc_hd__clkbuf_16)
    17    0.072495    0.077203    0.178484    0.586059 ^ clkbuf_0_wb_clk_i/X (sky130_fd_sc_hd__clkbuf_16)
                                                         clknet_0_wb_clk_i (net)
                      0.077264    0.002040    0.588099 ^ clkbuf_3_1_0_wb_clk_i/A (sky130_fd_sc_hd__clkbuf_8)
    11    0.036856    0.057752    0.122433    0.710532 ^ clkbuf_3_1_0_wb_clk_i/X (sky130_fd_sc_hd__clkbuf_8)
                                                         clknet_3_1_0_wb_clk_i (net)
                      0.057752    0.000278    0.710810 ^ _697_/CLK (sky130_fd_sc_hd__dfrtp_2)
     1    0.002417    0.026539    0.253601    0.964411 v _697_/Q (sky130_fd_sc_hd__dfrtp_2)
                                                         timer.scan_div[3] (net)
                      0.026539    0.000027    0.964438 v hold37/A (sky130_fd_sc_hd__dlygate4sd3_1)
     3    0.013703    0.073084    0.422772    1.387209 v hold37/X (sky130_fd_sc_hd__dlygate4sd3_1)
                                                         net37 (net)
                      0.073084    0.000077    1.387286 v _494_/C (sky130_fd_sc_hd__and4_2)
     6    0.017792    0.053086    0.193146    1.580432 v _494_/X (sky130_fd_sc_hd__and4_2)
                                                         _272_ (net)
                      0.053088    0.000350    1.580782 v _502_/B (sky130_fd_sc_hd__and3_2)
     2    0.009080    0.038534    0.147903    1.728685 v _502_/X (sky130_fd_sc_hd__and3_2)
                                                         _277_ (net)
                      0.038534    0.000072    1.728757 v _507_/A2 (sky130_fd_sc_hd__o21ba_2)
     1    0.002799    0.025201    0.123461    1.852219 v _507_/X (sky130_fd_sc_hd__o21ba_2)
                                                         _030_ (net)
                      0.025201    0.000037    1.852255 v hold93/A (sky130_fd_sc_hd__dlygate4sd3_1)
     1    0.002361    0.036648    0.372817    2.225072 v hold93/X (sky130_fd_sc_hd__dlygate4sd3_1)
                                                         net93 (net)
                      0.036648    0.000022    2.225094 v _701_/D (sky130_fd_sc_hd__dfrtp_2)
                                              2.225094   data arrival time

                                 25.000000   25.000000   clock wb_clk_i (rise edge)
                                  0.000000   25.000000   clock source latency
     2    0.147291    0.498689    0.368759   25.368759 ^ wb_clk_i (in)
                                                         wb_clk_i (net)
                      0.521806    0.000000   25.368759 ^ clkbuf_0_wb_clk_i/A (sky130_fd_sc_hd__clkbuf_16)
    17    0.072495    0.077203    0.161485   25.530243 ^ clkbuf_0_wb_clk_i/X (sky130_fd_sc_hd__clkbuf_16)
                                                         clknet_0_wb_clk_i (net)
                      0.077233    0.001378   25.531622 ^ clkbuf_3_3_0_wb_clk_i/A (sky130_fd_sc_hd__clkbuf_8)
    11    0.036901    0.057806    0.110813   25.642435 ^ clkbuf_3_3_0_wb_clk_i/X (sky130_fd_sc_hd__clkbuf_8)
                                                         clknet_3_3_0_wb_clk_i (net)
                      0.057806    0.000203   25.642637 ^ _701_/CLK (sky130_fd_sc_hd__dfrtp_2)
                                 -0.250000   25.392637   clock uncertainty
                                  0.055815   25.448454   clock reconvergence pessimism
                                 -0.072840   25.375614   library setup time
                                             25.375614   data required time
---------------------------------------------------------------------------------------------
                                             25.375614   data required time
                                             -2.225094   data arrival time
---------------------------------------------------------------------------------------------
                                             23.150520   slack (MET)


Startpoint: _697_ (rising edge-triggered flip-flop clocked by wb_clk_i)
Endpoint: _723_ (rising edge-triggered flip-flop clocked by wb_clk_i)
Path Group: wb_clk_i
Path Type: max

Fanout         Cap        Slew       Delay        Time   Description
---------------------------------------------------------------------------------------------
                                  0.000000    0.000000   clock wb_clk_i (rise edge)
                                  0.000000    0.000000   clock source latency
     2    0.147291    0.498689    0.407575    0.407575 ^ wb_clk_i (in)
                                                         wb_clk_i (net)
                      0.521806    0.000000    0.407575 ^ clkbuf_0_wb_clk_i/A (sky130_fd_sc_hd__clkbuf_16)
    17    0.072495    0.077203    0.178484    0.586059 ^ clkbuf_0_wb_clk_i/X (sky130_fd_sc_hd__clkbuf_16)
                                                         clknet_0_wb_clk_i (net)
                      0.077264    0.002040    0.588099 ^ clkbuf_3_1_0_wb_clk_i/A (sky130_fd_sc_hd__clkbuf_8)
    11    0.036856    0.057752    0.122433    0.710532 ^ clkbuf_3_1_0_wb_clk_i/X (sky130_fd_sc_hd__clkbuf_8)
                                                         clknet_3_1_0_wb_clk_i (net)
                      0.057752    0.000278    0.710810 ^ _697_/CLK (sky130_fd_sc_hd__dfrtp_2)
     1    0.002587    0.025203    0.223576    0.934386 ^ _697_/Q (sky130_fd_sc_hd__dfrtp_2)
                                                         timer.scan_div[3] (net)
                      0.025203    0.000029    0.934415 ^ hold37/A (sky130_fd_sc_hd__dlygate4sd3_1)
     3    0.014661    0.119414    0.455172    1.389587 ^ hold37/X (sky130_fd_sc_hd__dlygate4sd3_1)
                                                         net37 (net)
                      0.119414    0.000082    1.389669 ^ _494_/C (sky130_fd_sc_hd__and4_2)
     6    0.018620    0.085713    0.193467    1.583135 ^ _494_/X (sky130_fd_sc_hd__and4_2)
                                                         _272_ (net)
                      0.085713    0.000255    1.583391 ^ _516_/A (sky130_fd_sc_hd__and4_2)
     8    0.034517    0.142088    0.225609    1.808999 ^ _516_/X (sky130_fd_sc_hd__and4_2)
                                                         _286_ (net)
                      0.142093    0.001079    1.810079 ^ _554_/A (sky130_fd_sc_hd__and4_2)
     5    0.027951    0.118891    0.220953    2.031032 ^ _554_/X (sky130_fd_sc_hd__and4_2)
                                                         _308_ (net)
                      0.118891    0.000609    2.031640 ^ _558_/C (sky130_fd_sc_hd__nand3_2)
     2    0.011120    0.074699    0.069724    2.101364 v _558_/Y (sky130_fd_sc_hd__nand3_2)
                                                         _310_ (net)
                      0.074699    0.000070    2.101434 v _560_/A (sky130_fd_sc_hd__and2_2)
     1    0.002372    0.025668    0.122146    2.223580 v _560_/X (sky130_fd_sc_hd__and2_2)
                                                         _022_ (net)
                      0.025668    0.000021    2.223601 v _723_/D (sky130_fd_sc_hd__dfrtp_2)
                                              2.223601   data arrival time

                                 25.000000   25.000000   clock wb_clk_i (rise edge)
                                  0.000000   25.000000   clock source latency
     2    0.147291    0.498689    0.368759   25.368759 ^ wb_clk_i (in)
                                                         wb_clk_i (net)
                      0.521806    0.000000   25.368759 ^ clkbuf_0_wb_clk_i/A (sky130_fd_sc_hd__clkbuf_16)
    17    0.072495    0.077203    0.161485   25.530243 ^ clkbuf_0_wb_clk_i/X (sky130_fd_sc_hd__clkbuf_16)
                                                         clknet_0_wb_clk_i (net)
                      0.077310    0.002352   25.532595 ^ clkbuf_3_0_0_wb_clk_i/A (sky130_fd_sc_hd__clkbuf_8)
    11    0.035669    0.056319    0.109786   25.642382 ^ clkbuf_3_0_0_wb_clk_i/X (sky130_fd_sc_hd__clkbuf_8)
                                                         clknet_3_0_0_wb_clk_i (net)
                      0.056325    0.000584   25.642965 ^ _723_/CLK (sky130_fd_sc_hd__dfrtp_2)
                                 -0.250000   25.392967   clock uncertainty
                                  0.055815   25.448782   clock reconvergence pessimism
                                 -0.069066   25.379717   library setup time
                                             25.379717   data required time
---------------------------------------------------------------------------------------------
                                             25.379717   data required time
                                             -2.223601   data arrival time
---------------------------------------------------------------------------------------------
                                             23.156116   slack (MET)


Startpoint: _691_ (rising edge-triggered flip-flop clocked by wb_clk_i)
Endpoint: _692_ (rising edge-triggered flip-flop clocked by wb_clk_i)
Path Group: wb_clk_i
Path Type: max

Fanout         Cap        Slew       Delay        Time   Description
---------------------------------------------------------------------------------------------
                                  0.000000    0.000000   clock wb_clk_i (rise edge)
                                  0.000000    0.000000   clock source latency
     2    0.147291    0.498689    0.407575    0.407575 ^ wb_clk_i (in)
                                                         wb_clk_i (net)
                      0.521806    0.000000    0.407575 ^ clkbuf_0_wb_clk_i/A (sky130_fd_sc_hd__clkbuf_16)
    17    0.072495    0.077203    0.178484    0.586059 ^ clkbuf_0_wb_clk_i/X (sky130_fd_sc_hd__clkbuf_16)
                                                         clknet_0_wb_clk_i (net)
                      0.077266    0.002064    0.588122 ^ clkbuf_3_7_0_wb_clk_i/A (sky130_fd_sc_hd__clkbuf_8)
    12    0.036897    0.057721    0.122462    0.710585 ^ clkbuf_3_7_0_wb_clk_i/X (sky130_fd_sc_hd__clkbuf_8)
                                                         clknet_3_7_0_wb_clk_i (net)
                      0.057721    0.000290    0.710874 ^ _691_/CLK (sky130_fd_sc_hd__dfrtp_2)
     4    0.014036    0.061303    0.260583    0.971457 ^ _691_/Q (sky130_fd_sc_hd__dfrtp_2)
                                                         timer.sec_ones[2] (net)
                      0.061303    0.000030    0.971487 ^ hold142/A (sky130_fd_sc_hd__dlygate4sd3_1)
     2    0.013093    0.108117    0.454361    1.425848 ^ hold142/X (sky130_fd_sc_hd__dlygate4sd3_1)
                                                         net142 (net)
                      0.108117    0.000101    1.425949 ^ _343_/A_N (sky130_fd_sc_hd__and4b_2)
     3    0.009391    0.043423    0.166244    1.592193 v _343_/X (sky130_fd_sc_hd__and4b_2)
                                                         _178_ (net)
                      0.043423    0.000073    1.592266 v _344_/B (sky130_fd_sc_hd__and2b_2)
     5    0.025236    0.060494    0.170465    1.762731 v _344_/X (sky130_fd_sc_hd__and2b_2)
                                                         _179_ (net)
                      0.060495    0.000319    1.763050 v _345_/C1 (sky130_fd_sc_hd__a311oi_2)
     1    0.002739    0.132195    0.073600    1.836650 ^ _345_/Y (sky130_fd_sc_hd__a311oi_2)
                                                         _167_ (net)
                      0.132195    0.000031    1.836681 ^ hold113/A (sky130_fd_sc_hd__dlygate4sd3_1)
     1    0.002476    0.035359    0.404261    2.240943 ^ hold113/X (sky130_fd_sc_hd__dlygate4sd3_1)
                                                         net113 (net)
                      0.035359    0.000023    2.240965 ^ _692_/D (sky130_fd_sc_hd__dfrtp_2)
                                              2.240965   data arrival time

                                 25.000000   25.000000   clock wb_clk_i (rise edge)
                                  0.000000   25.000000   clock source latency
     2    0.147291    0.498689    0.368759   25.368759 ^ wb_clk_i (in)
                                                         wb_clk_i (net)
                      0.521806    0.000000   25.368759 ^ clkbuf_0_wb_clk_i/A (sky130_fd_sc_hd__clkbuf_16)
    17    0.072495    0.077203    0.161485   25.530243 ^ clkbuf_0_wb_clk_i/X (sky130_fd_sc_hd__clkbuf_16)
                                                         clknet_0_wb_clk_i (net)
                      0.077266    0.001867   25.532110 ^ clkbuf_3_7_0_wb_clk_i/A (sky130_fd_sc_hd__clkbuf_8)
    12    0.036897    0.057721    0.110798   25.642908 ^ clkbuf_3_7_0_wb_clk_i/X (sky130_fd_sc_hd__clkbuf_8)
                                                         clknet_3_7_0_wb_clk_i (net)
                      0.057722    0.000313   25.643221 ^ _692_/CLK (sky130_fd_sc_hd__dfrtp_2)
                                 -0.250000   25.393223   clock uncertainty
                                  0.067675   25.460896   clock reconvergence pessimism
                                 -0.035790   25.425106   library setup time
                                             25.425106   data required time
---------------------------------------------------------------------------------------------
                                             25.425106   data required time
                                             -2.240965   data arrival time
---------------------------------------------------------------------------------------------
                                             23.184141   slack (MET)


Startpoint: _727_ (rising edge-triggered flip-flop clocked by wb_clk_i)
Endpoint: _732_ (rising edge-triggered flip-flop clocked by wb_clk_i)
Path Group: wb_clk_i
Path Type: max

Fanout         Cap        Slew       Delay        Time   Description
---------------------------------------------------------------------------------------------
                                  0.000000    0.000000   clock wb_clk_i (rise edge)
                                  0.000000    0.000000   clock source latency
     2    0.147291    0.498689    0.407575    0.407575 ^ wb_clk_i (in)
                                                         wb_clk_i (net)
                      0.521806    0.000000    0.407575 ^ clkbuf_0_wb_clk_i/A (sky130_fd_sc_hd__clkbuf_16)
    17    0.072495    0.077203    0.178484    0.586059 ^ clkbuf_0_wb_clk_i/X (sky130_fd_sc_hd__clkbuf_16)
                                                         clknet_0_wb_clk_i (net)
                      0.077266    0.002064    0.588122 ^ clkbuf_3_7_0_wb_clk_i/A (sky130_fd_sc_hd__clkbuf_8)
    12    0.036897    0.057721    0.122462    0.710585 ^ clkbuf_3_7_0_wb_clk_i/X (sky130_fd_sc_hd__clkbuf_8)
                                                         clknet_3_7_0_wb_clk_i (net)
                      0.057725    0.000540    0.711125 ^ _727_/CLK (sky130_fd_sc_hd__dfrtp_2)
     1    0.002121    0.023820    0.221686    0.932810 ^ _727_/Q (sky130_fd_sc_hd__dfrtp_2)
                                                         timer.sec_div[0] (net)
                      0.023820    0.000019    0.932829 ^ hold27/A (sky130_fd_sc_hd__dlygate4sd3_1)
     5    0.018945    0.150307    0.477911    1.410740 ^ hold27/X (sky130_fd_sc_hd__dlygate4sd3_1)
                                                         net27 (net)
                      0.150307    0.000117    1.410857 ^ _417_/A (sky130_fd_sc_hd__and4_2)
     8    0.027926    0.118915    0.222443    1.633301 ^ _417_/X (sky130_fd_sc_hd__and4_2)
                                                         _227_ (net)
                      0.118915    0.000547    1.633848 ^ _420_/B (sky130_fd_sc_hd__nand2_2)
     2    0.010330    0.045232    0.055140    1.688988 v _420_/Y (sky130_fd_sc_hd__nand2_2)
                                                         _229_ (net)
                      0.045246    0.000093    1.689080 v _423_/B (sky130_fd_sc_hd__xnor2_2)
     1    0.002072    0.040836    0.083707    1.772788 v _423_/Y (sky130_fd_sc_hd__xnor2_2)
                                                         _061_ (net)
                      0.040836    0.000020    1.772808 v hold109/A (sky130_fd_sc_hd__dlygate4sd3_1)
     1    0.002815    0.038114    0.381938    2.154746 v hold109/X (sky130_fd_sc_hd__dlygate4sd3_1)
                                                         net109 (net)
                      0.038114    0.000032    2.154778 v _732_/D (sky130_fd_sc_hd__dfrtp_2)
                                              2.154778   data arrival time

                                 25.000000   25.000000   clock wb_clk_i (rise edge)
                                  0.000000   25.000000   clock source latency
     2    0.147291    0.498689    0.368759   25.368759 ^ wb_clk_i (in)
                                                         wb_clk_i (net)
                      0.521806    0.000000   25.368759 ^ clkbuf_0_wb_clk_i/A (sky130_fd_sc_hd__clkbuf_16)
    17    0.072495    0.077203    0.161485   25.530243 ^ clkbuf_0_wb_clk_i/X (sky130_fd_sc_hd__clkbuf_16)
                                                         clknet_0_wb_clk_i (net)
                      0.077221    0.001144   25.531387 ^ clkbuf_3_6_0_wb_clk_i/A (sky130_fd_sc_hd__clkbuf_8)
    12    0.038165    0.059236    0.111804   25.643192 ^ clkbuf_3_6_0_wb_clk_i/X (sky130_fd_sc_hd__clkbuf_8)
                                                         clknet_3_6_0_wb_clk_i (net)
                      0.059236    0.000187   25.643377 ^ _732_/CLK (sky130_fd_sc_hd__dfrtp_2)
                                 -0.250000   25.393379   clock uncertainty
                                  0.055815   25.449194   clock reconvergence pessimism
                                 -0.073225   25.375969   library setup time
                                             25.375969   data required time
---------------------------------------------------------------------------------------------
                                             25.375969   data required time
                                             -2.154778   data arrival time
---------------------------------------------------------------------------------------------
                                             23.221191   slack (MET)


Startpoint: _697_ (rising edge-triggered flip-flop clocked by wb_clk_i)
Endpoint: _708_ (rising edge-triggered flip-flop clocked by wb_clk_i)
Path Group: wb_clk_i
Path Type: max

Fanout         Cap        Slew       Delay        Time   Description
---------------------------------------------------------------------------------------------
                                  0.000000    0.000000   clock wb_clk_i (rise edge)
                                  0.000000    0.000000   clock source latency
     2    0.147291    0.498689    0.407575    0.407575 ^ wb_clk_i (in)
                                                         wb_clk_i (net)
                      0.521806    0.000000    0.407575 ^ clkbuf_0_wb_clk_i/A (sky130_fd_sc_hd__clkbuf_16)
    17    0.072495    0.077203    0.178484    0.586059 ^ clkbuf_0_wb_clk_i/X (sky130_fd_sc_hd__clkbuf_16)
                                                         clknet_0_wb_clk_i (net)
                      0.077264    0.002040    0.588099 ^ clkbuf_3_1_0_wb_clk_i/A (sky130_fd_sc_hd__clkbuf_8)
    11    0.036856    0.057752    0.122433    0.710532 ^ clkbuf_3_1_0_wb_clk_i/X (sky130_fd_sc_hd__clkbuf_8)
                                                         clknet_3_1_0_wb_clk_i (net)
                      0.057752    0.000278    0.710810 ^ _697_/CLK (sky130_fd_sc_hd__dfrtp_2)
     1    0.002587    0.025203    0.223576    0.934386 ^ _697_/Q (sky130_fd_sc_hd__dfrtp_2)
                                                         timer.scan_div[3] (net)
                      0.025203    0.000029    0.934415 ^ hold37/A (sky130_fd_sc_hd__dlygate4sd3_1)
     3    0.014661    0.119414    0.455172    1.389587 ^ hold37/X (sky130_fd_sc_hd__dlygate4sd3_1)
                                                         net37 (net)
                      0.119414    0.000082    1.389669 ^ _494_/C (sky130_fd_sc_hd__and4_2)
     6    0.018620    0.085713    0.193467    1.583135 ^ _494_/X (sky130_fd_sc_hd__and4_2)
                                                         _272_ (net)
                      0.085713    0.000255    1.583391 ^ _516_/A (sky130_fd_sc_hd__and4_2)
     8    0.034517    0.142088    0.225609    1.808999 ^ _516_/X (sky130_fd_sc_hd__and4_2)
                                                         _286_ (net)
                      0.142091    0.000894    1.809894 ^ _520_/C (sky130_fd_sc_hd__and3_2)
     3    0.017611    0.077808    0.168464    1.978358 ^ _520_/X (sky130_fd_sc_hd__and3_2)
                                                         _288_ (net)
                      0.077808    0.000148    1.978506 ^ _523_/B (sky130_fd_sc_hd__nand2_2)
     2    0.006953    0.039826    0.041782    2.020288 v _523_/Y (sky130_fd_sc_hd__nand2_2)
                                                         _290_ (net)
                      0.039826    0.000026    2.020314 v _524_/B (sky130_fd_sc_hd__and2b_2)
     1    0.002277    0.024837    0.120669    2.140983 v _524_/X (sky130_fd_sc_hd__and2b_2)
                                                         _006_ (net)
                      0.024837    0.000020    2.141003 v _708_/D (sky130_fd_sc_hd__dfrtp_2)
                                              2.141003   data arrival time

                                 25.000000   25.000000   clock wb_clk_i (rise edge)
                                  0.000000   25.000000   clock source latency
     2    0.147291    0.498689    0.368759   25.368759 ^ wb_clk_i (in)
                                                         wb_clk_i (net)
                      0.521806    0.000000   25.368759 ^ clkbuf_0_wb_clk_i/A (sky130_fd_sc_hd__clkbuf_16)
    17    0.072495    0.077203    0.161485   25.530243 ^ clkbuf_0_wb_clk_i/X (sky130_fd_sc_hd__clkbuf_16)
                                                         clknet_0_wb_clk_i (net)
                      0.077264    0.001846   25.532089 ^ clkbuf_3_1_0_wb_clk_i/A (sky130_fd_sc_hd__clkbuf_8)
    11    0.036856    0.057752    0.110772   25.642860 ^ clkbuf_3_1_0_wb_clk_i/X (sky130_fd_sc_hd__clkbuf_8)
                                                         clknet_3_1_0_wb_clk_i (net)
                      0.057753    0.000352   25.643213 ^ _708_/CLK (sky130_fd_sc_hd__dfrtp_2)
                                 -0.250000   25.393213   clock uncertainty
                                  0.067670   25.460884   clock reconvergence pessimism
                                 -0.068632   25.392252   library setup time
                                             25.392252   data required time
---------------------------------------------------------------------------------------------
                                             25.392252   data required time
                                             -2.141003   data arrival time
---------------------------------------------------------------------------------------------
                                             23.251251   slack (MET)


Startpoint: _697_ (rising edge-triggered flip-flop clocked by wb_clk_i)
Endpoint: _699_ (rising edge-triggered flip-flop clocked by wb_clk_i)
Path Group: wb_clk_i
Path Type: max

Fanout         Cap        Slew       Delay        Time   Description
---------------------------------------------------------------------------------------------
                                  0.000000    0.000000   clock wb_clk_i (rise edge)
                                  0.000000    0.000000   clock source latency
     2    0.147291    0.498689    0.407575    0.407575 ^ wb_clk_i (in)
                                                         wb_clk_i (net)
                      0.521806    0.000000    0.407575 ^ clkbuf_0_wb_clk_i/A (sky130_fd_sc_hd__clkbuf_16)
    17    0.072495    0.077203    0.178484    0.586059 ^ clkbuf_0_wb_clk_i/X (sky130_fd_sc_hd__clkbuf_16)
                                                         clknet_0_wb_clk_i (net)
                      0.077264    0.002040    0.588099 ^ clkbuf_3_1_0_wb_clk_i/A (sky130_fd_sc_hd__clkbuf_8)
    11    0.036856    0.057752    0.122433    0.710532 ^ clkbuf_3_1_0_wb_clk_i/X (sky130_fd_sc_hd__clkbuf_8)
                                                         clknet_3_1_0_wb_clk_i (net)
                      0.057752    0.000278    0.710810 ^ _697_/CLK (sky130_fd_sc_hd__dfrtp_2)
     1    0.002417    0.026539    0.253601    0.964411 v _697_/Q (sky130_fd_sc_hd__dfrtp_2)
                                                         timer.scan_div[3] (net)
                      0.026539    0.000027    0.964438 v hold37/A (sky130_fd_sc_hd__dlygate4sd3_1)
     3    0.013703    0.073084    0.422772    1.387209 v hold37/X (sky130_fd_sc_hd__dlygate4sd3_1)
                                                         net37 (net)
                      0.073084    0.000077    1.387286 v _494_/C (sky130_fd_sc_hd__and4_2)
     6    0.017792    0.053086    0.193146    1.580432 v _494_/X (sky130_fd_sc_hd__and4_2)
                                                         _272_ (net)
                      0.053088    0.000372    1.580804 v _500_/A (sky130_fd_sc_hd__and2_2)
     2    0.009667    0.037757    0.131063    1.711867 v _500_/X (sky130_fd_sc_hd__and2_2)
                                                         _276_ (net)
                      0.037757    0.000020    1.711887 v _501_/B1 (sky130_fd_sc_hd__a21oi_2)
     1    0.002745    0.058057    0.046305    1.758191 ^ _501_/Y (sky130_fd_sc_hd__a21oi_2)
                                                         _028_ (net)
                      0.058057    0.000032    1.758223 ^ hold130/A (sky130_fd_sc_hd__dlygate4sd3_1)
     1    0.002431    0.035154    0.392655    2.150878 ^ hold130/X (sky130_fd_sc_hd__dlygate4sd3_1)
                                                         net130 (net)
                      0.035154    0.000022    2.150900 ^ _699_/D (sky130_fd_sc_hd__dfrtp_2)
                                              2.150900   data arrival time

                                 25.000000   25.000000   clock wb_clk_i (rise edge)
                                  0.000000   25.000000   clock source latency
     2    0.147291    0.498689    0.368759   25.368759 ^ wb_clk_i (in)
                                                         wb_clk_i (net)
                      0.521806    0.000000   25.368759 ^ clkbuf_0_wb_clk_i/A (sky130_fd_sc_hd__clkbuf_16)
    17    0.072495    0.077203    0.161485   25.530243 ^ clkbuf_0_wb_clk_i/X (sky130_fd_sc_hd__clkbuf_16)
                                                         clknet_0_wb_clk_i (net)
                      0.077233    0.001378   25.531622 ^ clkbuf_3_3_0_wb_clk_i/A (sky130_fd_sc_hd__clkbuf_8)
    11    0.036901    0.057806    0.110813   25.642435 ^ clkbuf_3_3_0_wb_clk_i/X (sky130_fd_sc_hd__clkbuf_8)
                                                         clknet_3_3_0_wb_clk_i (net)
                      0.057809    0.000476   25.642910 ^ _699_/CLK (sky130_fd_sc_hd__dfrtp_2)
                                 -0.250000   25.392912   clock uncertainty
                                  0.055815   25.448727   clock reconvergence pessimism
                                 -0.035766   25.412962   library setup time
                                             25.412962   data required time
---------------------------------------------------------------------------------------------
                                             25.412962   data required time
                                             -2.150900   data arrival time
---------------------------------------------------------------------------------------------
                                             23.262062   slack (MET)


Startpoint: _727_ (rising edge-triggered flip-flop clocked by wb_clk_i)
Endpoint: _751_ (rising edge-triggered flip-flop clocked by wb_clk_i)
Path Group: wb_clk_i
Path Type: max

Fanout         Cap        Slew       Delay        Time   Description
---------------------------------------------------------------------------------------------
                                  0.000000    0.000000   clock wb_clk_i (rise edge)
                                  0.000000    0.000000   clock source latency
     2    0.147291    0.498689    0.407575    0.407575 ^ wb_clk_i (in)
                                                         wb_clk_i (net)
                      0.521806    0.000000    0.407575 ^ clkbuf_0_wb_clk_i/A (sky130_fd_sc_hd__clkbuf_16)
    17    0.072495    0.077203    0.178484    0.586059 ^ clkbuf_0_wb_clk_i/X (sky130_fd_sc_hd__clkbuf_16)
                                                         clknet_0_wb_clk_i (net)
                      0.077266    0.002064    0.588122 ^ clkbuf_3_7_0_wb_clk_i/A (sky130_fd_sc_hd__clkbuf_8)
    12    0.036897    0.057721    0.122462    0.710585 ^ clkbuf_3_7_0_wb_clk_i/X (sky130_fd_sc_hd__clkbuf_8)
                                                         clknet_3_7_0_wb_clk_i (net)
                      0.057725    0.000540    0.711125 ^ _727_/CLK (sky130_fd_sc_hd__dfrtp_2)
     1    0.002121    0.023820    0.221686    0.932810 ^ _727_/Q (sky130_fd_sc_hd__dfrtp_2)
                                                         timer.sec_div[0] (net)
                      0.023820    0.000019    0.932829 ^ hold27/A (sky130_fd_sc_hd__dlygate4sd3_1)
     5    0.018945    0.150307    0.477911    1.410740 ^ hold27/X (sky130_fd_sc_hd__dlygate4sd3_1)
                                                         net27 (net)
                      0.150307    0.000117    1.410857 ^ _417_/A (sky130_fd_sc_hd__and4_2)
     8    0.027926    0.118915    0.222443    1.633301 ^ _417_/X (sky130_fd_sc_hd__and4_2)
                                                         _227_ (net)
                      0.118918    0.000780    1.634081 ^ _445_/A (sky130_fd_sc_hd__and4_2)
     9    0.033755    0.139361    0.232608    1.866689 ^ _445_/X (sky130_fd_sc_hd__and4_2)
                                                         _245_ (net)
                      0.139365    0.001016    1.867705 ^ _471_/A (sky130_fd_sc_hd__and3_2)
     4    0.022058    0.092548    0.180739    2.048444 ^ _471_/X (sky130_fd_sc_hd__and3_2)
                                                         _260_ (net)
                      0.092550    0.000611    2.049055 ^ _473_/B (sky130_fd_sc_hd__xor2_2)
     1    0.002347    0.066069    0.082413    2.131467 ^ _473_/X (sky130_fd_sc_hd__xor2_2)
                                                         _050_ (net)
                      0.066069    0.000021    2.131489 ^ _751_/D (sky130_fd_sc_hd__dfrtp_2)
                                              2.131489   data arrival time

                                 25.000000   25.000000   clock wb_clk_i (rise edge)
                                  0.000000   25.000000   clock source latency
     2    0.147291    0.498689    0.368759   25.368759 ^ wb_clk_i (in)
                                                         wb_clk_i (net)
                      0.521806    0.000000   25.368759 ^ clkbuf_0_wb_clk_i/A (sky130_fd_sc_hd__clkbuf_16)
    17    0.072495    0.077203    0.161485   25.530243 ^ clkbuf_0_wb_clk_i/X (sky130_fd_sc_hd__clkbuf_16)
                                                         clknet_0_wb_clk_i (net)
                      0.077221    0.001144   25.531387 ^ clkbuf_3_6_0_wb_clk_i/A (sky130_fd_sc_hd__clkbuf_8)
    12    0.038165    0.059236    0.111804   25.643192 ^ clkbuf_3_6_0_wb_clk_i/X (sky130_fd_sc_hd__clkbuf_8)
                                                         clknet_3_6_0_wb_clk_i (net)
                      0.059243    0.000657   25.643848 ^ _751_/CLK (sky130_fd_sc_hd__dfrtp_2)
                                 -0.250000   25.393850   clock uncertainty
                                  0.055815   25.449665   clock reconvergence pessimism
                                 -0.038822   25.410843   library setup time
                                             25.410843   data required time
---------------------------------------------------------------------------------------------
                                             25.410843   data required time
                                             -2.131489   data arrival time
---------------------------------------------------------------------------------------------
                                             23.279354   slack (MET)


Startpoint: _691_ (rising edge-triggered flip-flop clocked by wb_clk_i)
Endpoint: _690_ (rising edge-triggered flip-flop clocked by wb_clk_i)
Path Group: wb_clk_i
Path Type: max

Fanout         Cap        Slew       Delay        Time   Description
---------------------------------------------------------------------------------------------
                                  0.000000    0.000000   clock wb_clk_i (rise edge)
                                  0.000000    0.000000   clock source latency
     2    0.147291    0.498689    0.407575    0.407575 ^ wb_clk_i (in)
                                                         wb_clk_i (net)
                      0.521806    0.000000    0.407575 ^ clkbuf_0_wb_clk_i/A (sky130_fd_sc_hd__clkbuf_16)
    17    0.072495    0.077203    0.178484    0.586059 ^ clkbuf_0_wb_clk_i/X (sky130_fd_sc_hd__clkbuf_16)
                                                         clknet_0_wb_clk_i (net)
                      0.077266    0.002064    0.588122 ^ clkbuf_3_7_0_wb_clk_i/A (sky130_fd_sc_hd__clkbuf_8)
    12    0.036897    0.057721    0.122462    0.710585 ^ clkbuf_3_7_0_wb_clk_i/X (sky130_fd_sc_hd__clkbuf_8)
                                                         clknet_3_7_0_wb_clk_i (net)
                      0.057721    0.000290    0.710874 ^ _691_/CLK (sky130_fd_sc_hd__dfrtp_2)
     4    0.013167    0.047596    0.284094    0.994969 v _691_/Q (sky130_fd_sc_hd__dfrtp_2)
                                                         timer.sec_ones[2] (net)
                      0.047596    0.000028    0.994996 v hold142/A (sky130_fd_sc_hd__dlygate4sd3_1)
     2    0.012176    0.068119    0.426238    1.421234 v hold142/X (sky130_fd_sc_hd__dlygate4sd3_1)
                                                         net142 (net)
                      0.068119    0.000095    1.421329 v _343_/A_N (sky130_fd_sc_hd__and4b_2)
     3    0.010238    0.058608    0.205418    1.626747 ^ _343_/X (sky130_fd_sc_hd__and4b_2)
                                                         _178_ (net)
                      0.058608    0.000109    1.626856 ^ _347_/B (sky130_fd_sc_hd__nor2_2)
     1    0.002761    0.027596    0.018979    1.645835 v _347_/Y (sky130_fd_sc_hd__nor2_2)
                                                         _180_ (net)
                      0.027596    0.000028    1.645863 v _348_/B1 (sky130_fd_sc_hd__o21a_2)
     1    0.002573    0.023947    0.069226    1.715089 v _348_/X (sky130_fd_sc_hd__o21a_2)
                                                         _165_ (net)
                      0.023947    0.000030    1.715119 v hold157/A (sky130_fd_sc_hd__dlygate4sd3_1)
     1    0.002432    0.036857    0.372765    2.087884 v hold157/X (sky130_fd_sc_hd__dlygate4sd3_1)
                                                         net157 (net)
                      0.036857    0.000022    2.087906 v _690_/D (sky130_fd_sc_hd__dfrtp_2)
                                              2.087906   data arrival time

                                 25.000000   25.000000   clock wb_clk_i (rise edge)
                                  0.000000   25.000000   clock source latency
     2    0.147291    0.498689    0.368759   25.368759 ^ wb_clk_i (in)
                                                         wb_clk_i (net)
                      0.521806    0.000000   25.368759 ^ clkbuf_0_wb_clk_i/A (sky130_fd_sc_hd__clkbuf_16)
    17    0.072495    0.077203    0.161485   25.530243 ^ clkbuf_0_wb_clk_i/X (sky130_fd_sc_hd__clkbuf_16)
                                                         clknet_0_wb_clk_i (net)
                      0.077266    0.001867   25.532110 ^ clkbuf_3_7_0_wb_clk_i/A (sky130_fd_sc_hd__clkbuf_8)
    12    0.036897    0.057721    0.110798   25.642908 ^ clkbuf_3_7_0_wb_clk_i/X (sky130_fd_sc_hd__clkbuf_8)
                                                         clknet_3_7_0_wb_clk_i (net)
                      0.057726    0.000535   25.643444 ^ _690_/CLK (sky130_fd_sc_hd__dfrtp_2)
                                 -0.250000   25.393444   clock uncertainty
                                  0.067675   25.461119   clock reconvergence pessimism
                                 -0.072923   25.388195   library setup time
                                             25.388195   data required time
---------------------------------------------------------------------------------------------
                                             25.388195   data required time
                                             -2.087906   data arrival time
---------------------------------------------------------------------------------------------
                                             23.300289   slack (MET)


Startpoint: _691_ (rising edge-triggered flip-flop clocked by wb_clk_i)
Endpoint: _686_ (rising edge-triggered flip-flop clocked by wb_clk_i)
Path Group: wb_clk_i
Path Type: max

Fanout         Cap        Slew       Delay        Time   Description
---------------------------------------------------------------------------------------------
                                  0.000000    0.000000   clock wb_clk_i (rise edge)
                                  0.000000    0.000000   clock source latency
     2    0.147291    0.498689    0.407575    0.407575 ^ wb_clk_i (in)
                                                         wb_clk_i (net)
                      0.521806    0.000000    0.407575 ^ clkbuf_0_wb_clk_i/A (sky130_fd_sc_hd__clkbuf_16)
    17    0.072495    0.077203    0.178484    0.586059 ^ clkbuf_0_wb_clk_i/X (sky130_fd_sc_hd__clkbuf_16)
                                                         clknet_0_wb_clk_i (net)
                      0.077266    0.002064    0.588122 ^ clkbuf_3_7_0_wb_clk_i/A (sky130_fd_sc_hd__clkbuf_8)
    12    0.036897    0.057721    0.122462    0.710585 ^ clkbuf_3_7_0_wb_clk_i/X (sky130_fd_sc_hd__clkbuf_8)
                                                         clknet_3_7_0_wb_clk_i (net)
                      0.057721    0.000290    0.710874 ^ _691_/CLK (sky130_fd_sc_hd__dfrtp_2)
     4    0.013167    0.047596    0.284094    0.994969 v _691_/Q (sky130_fd_sc_hd__dfrtp_2)
                                                         timer.sec_ones[2] (net)
                      0.047596    0.000028    0.994996 v hold142/A (sky130_fd_sc_hd__dlygate4sd3_1)
     2    0.012176    0.068119    0.426238    1.421234 v hold142/X (sky130_fd_sc_hd__dlygate4sd3_1)
                                                         net142 (net)
                      0.068119    0.000095    1.421329 v _343_/A_N (sky130_fd_sc_hd__and4b_2)
     3    0.010238    0.058608    0.205418    1.626747 ^ _343_/X (sky130_fd_sc_hd__and4b_2)
                                                         _178_ (net)
                      0.058608    0.000079    1.626827 ^ _344_/B (sky130_fd_sc_hd__and2b_2)
     5    0.026873    0.105521    0.157200    1.784026 ^ _344_/X (sky130_fd_sc_hd__and2b_2)
                                                         _179_ (net)
                      0.105522    0.000541    1.784568 ^ _351_/C (sky130_fd_sc_hd__and3_2)
     3    0.011764    0.057999    0.146000    1.930568 ^ _351_/X (sky130_fd_sc_hd__and3_2)
                                                         _182_ (net)
                      0.057999    0.000131    1.930699 ^ _360_/A_N (sky130_fd_sc_hd__and3b_2)
     1    0.003150    0.028449    0.131860    2.062559 v _360_/X (sky130_fd_sc_hd__and3b_2)
                                                         _161_ (net)
                      0.028449    0.000040    2.062599 v _686_/D (sky130_fd_sc_hd__dfrtp_2)
                                              2.062599   data arrival time

                                 25.000000   25.000000   clock wb_clk_i (rise edge)
                                  0.000000   25.000000   clock source latency
     2    0.147291    0.498689    0.368759   25.368759 ^ wb_clk_i (in)
                                                         wb_clk_i (net)
                      0.521806    0.000000   25.368759 ^ clkbuf_0_wb_clk_i/A (sky130_fd_sc_hd__clkbuf_16)
    17    0.072495    0.077203    0.161485   25.530243 ^ clkbuf_0_wb_clk_i/X (sky130_fd_sc_hd__clkbuf_16)
                                                         clknet_0_wb_clk_i (net)
                      0.077276    0.001995   25.532238 ^ clkbuf_3_5_0_wb_clk_i/A (sky130_fd_sc_hd__clkbuf_8)
    11    0.038208    0.059383    0.111976   25.644215 ^ clkbuf_3_5_0_wb_clk_i/X (sky130_fd_sc_hd__clkbuf_8)
                                                         clknet_3_5_0_wb_clk_i (net)
                      0.059383    0.000218   25.644434 ^ _686_/CLK (sky130_fd_sc_hd__dfrtp_2)
                                 -0.250000   25.394434   clock uncertainty
                                  0.055815   25.450249   clock reconvergence pessimism
                                 -0.069764   25.380486   library setup time
                                             25.380486   data required time
---------------------------------------------------------------------------------------------
                                             25.380486   data required time
                                             -2.062599   data arrival time
---------------------------------------------------------------------------------------------
                                             23.317886   slack (MET)


Startpoint: _690_ (rising edge-triggered flip-flop clocked by wb_clk_i)
Endpoint: _691_ (rising edge-triggered flip-flop clocked by wb_clk_i)
Path Group: wb_clk_i
Path Type: max

Fanout         Cap        Slew       Delay        Time   Description
---------------------------------------------------------------------------------------------
                                  0.000000    0.000000   clock wb_clk_i (rise edge)
                                  0.000000    0.000000   clock source latency
     2    0.147291    0.498689    0.407575    0.407575 ^ wb_clk_i (in)
                                                         wb_clk_i (net)
                      0.521806    0.000000    0.407575 ^ clkbuf_0_wb_clk_i/A (sky130_fd_sc_hd__clkbuf_16)
    17    0.072495    0.077203    0.178484    0.586059 ^ clkbuf_0_wb_clk_i/X (sky130_fd_sc_hd__clkbuf_16)
                                                         clknet_0_wb_clk_i (net)
                      0.077266    0.002064    0.588122 ^ clkbuf_3_7_0_wb_clk_i/A (sky130_fd_sc_hd__clkbuf_8)
    12    0.036897    0.057721    0.122462    0.710585 ^ clkbuf_3_7_0_wb_clk_i/X (sky130_fd_sc_hd__clkbuf_8)
                                                         clknet_3_7_0_wb_clk_i (net)
                      0.057726    0.000590    0.711175 ^ _690_/CLK (sky130_fd_sc_hd__dfrtp_2)
     3    0.010820    0.042728    0.277950    0.989125 v _690_/Q (sky130_fd_sc_hd__dfrtp_2)
                                                         timer.sec_ones[1] (net)
                      0.042728    0.000056    0.989180 v hold156/A (sky130_fd_sc_hd__dlygate4sd3_1)
     4    0.009707    0.061193    0.415789    1.404970 v hold156/X (sky130_fd_sc_hd__dlygate4sd3_1)
                                                         net156 (net)
                      0.061193    0.000101    1.405071 v _341_/B (sky130_fd_sc_hd__and3_2)
     4    0.023077    0.059228    0.178108    1.583179 v _341_/X (sky130_fd_sc_hd__and3_2)
                                                         _176_ (net)
                      0.059228    0.000309    1.583488 v _346_/B (sky130_fd_sc_hd__xor2_2)
     1    0.003319    0.037933    0.100537    1.684026 v _346_/X (sky130_fd_sc_hd__xor2_2)
                                                         _166_ (net)
                      0.037933    0.000048    1.684074 v hold143/A (sky130_fd_sc_hd__dlygate4sd3_1)
     1    0.002793    0.038034    0.380639    2.064713 v hold143/X (sky130_fd_sc_hd__dlygate4sd3_1)
                                                         net143 (net)
                      0.038034    0.000020    2.064733 v _691_/D (sky130_fd_sc_hd__dfrtp_2)
                                              2.064733   data arrival time

                                 25.000000   25.000000   clock wb_clk_i (rise edge)
                                  0.000000   25.000000   clock source latency
     2    0.147291    0.498689    0.368759   25.368759 ^ wb_clk_i (in)
                                                         wb_clk_i (net)
                      0.521806    0.000000   25.368759 ^ clkbuf_0_wb_clk_i/A (sky130_fd_sc_hd__clkbuf_16)
    17    0.072495    0.077203    0.161485   25.530243 ^ clkbuf_0_wb_clk_i/X (sky130_fd_sc_hd__clkbuf_16)
                                                         clknet_0_wb_clk_i (net)
                      0.077266    0.001867   25.532110 ^ clkbuf_3_7_0_wb_clk_i/A (sky130_fd_sc_hd__clkbuf_8)
    12    0.036897    0.057721    0.110798   25.642908 ^ clkbuf_3_7_0_wb_clk_i/X (sky130_fd_sc_hd__clkbuf_8)
                                                         clknet_3_7_0_wb_clk_i (net)
                      0.057721    0.000263   25.643171 ^ _691_/CLK (sky130_fd_sc_hd__dfrtp_2)
                                 -0.250000   25.393173   clock uncertainty
                                  0.067675   25.460846   clock reconvergence pessimism
                                 -0.073343   25.387505   library setup time
                                             25.387505   data required time
---------------------------------------------------------------------------------------------
                                             25.387505   data required time
                                             -2.064733   data arrival time
---------------------------------------------------------------------------------------------
                                             23.322771   slack (MET)


Startpoint: _727_ (rising edge-triggered flip-flop clocked by wb_clk_i)
Endpoint: _743_ (rising edge-triggered flip-flop clocked by wb_clk_i)
Path Group: wb_clk_i
Path Type: max

Fanout         Cap        Slew       Delay        Time   Description
---------------------------------------------------------------------------------------------
                                  0.000000    0.000000   clock wb_clk_i (rise edge)
                                  0.000000    0.000000   clock source latency
     2    0.147291    0.498689    0.407575    0.407575 ^ wb_clk_i (in)
                                                         wb_clk_i (net)
                      0.521806    0.000000    0.407575 ^ clkbuf_0_wb_clk_i/A (sky130_fd_sc_hd__clkbuf_16)
    17    0.072495    0.077203    0.178484    0.586059 ^ clkbuf_0_wb_clk_i/X (sky130_fd_sc_hd__clkbuf_16)
                                                         clknet_0_wb_clk_i (net)
                      0.077266    0.002064    0.588122 ^ clkbuf_3_7_0_wb_clk_i/A (sky130_fd_sc_hd__clkbuf_8)
    12    0.036897    0.057721    0.122462    0.710585 ^ clkbuf_3_7_0_wb_clk_i/X (sky130_fd_sc_hd__clkbuf_8)
                                                         clknet_3_7_0_wb_clk_i (net)
                      0.057725    0.000540    0.711125 ^ _727_/CLK (sky130_fd_sc_hd__dfrtp_2)
     1    0.002121    0.023820    0.221686    0.932810 ^ _727_/Q (sky130_fd_sc_hd__dfrtp_2)
                                                         timer.sec_div[0] (net)
                      0.023820    0.000019    0.932829 ^ hold27/A (sky130_fd_sc_hd__dlygate4sd3_1)
     5    0.018945    0.150307    0.477911    1.410740 ^ hold27/X (sky130_fd_sc_hd__dlygate4sd3_1)
                                                         net27 (net)
                      0.150307    0.000117    1.410857 ^ _417_/A (sky130_fd_sc_hd__and4_2)
     8    0.027926    0.118915    0.222443    1.633301 ^ _417_/X (sky130_fd_sc_hd__and4_2)
                                                         _227_ (net)
                      0.118918    0.000780    1.634081 ^ _445_/A (sky130_fd_sc_hd__and4_2)
     9    0.033755    0.139361    0.232608    1.866689 ^ _445_/X (sky130_fd_sc_hd__and4_2)
                                                         _245_ (net)
                      0.139364    0.000878    1.867567 ^ _452_/B (sky130_fd_sc_hd__and3_2)
     2    0.014984    0.068149    0.163627    2.031193 ^ _452_/X (sky130_fd_sc_hd__and3_2)
                                                         _249_ (net)
                      0.068149    0.000158    2.031351 ^ _454_/A (sky130_fd_sc_hd__nor2_2)
     1    0.002722    0.022105    0.025020    2.056371 v _454_/Y (sky130_fd_sc_hd__nor2_2)
                                                         _041_ (net)
                      0.022105    0.000029    2.056400 v _743_/D (sky130_fd_sc_hd__dfrtp_2)
                                              2.056400   data arrival time

                                 25.000000   25.000000   clock wb_clk_i (rise edge)
                                  0.000000   25.000000   clock source latency
     2    0.147291    0.498689    0.368759   25.368759 ^ wb_clk_i (in)
                                                         wb_clk_i (net)
                      0.521806    0.000000   25.368759 ^ clkbuf_0_wb_clk_i/A (sky130_fd_sc_hd__clkbuf_16)
    17    0.072495    0.077203    0.161485   25.530243 ^ clkbuf_0_wb_clk_i/X (sky130_fd_sc_hd__clkbuf_16)
                                                         clknet_0_wb_clk_i (net)
                      0.077234    0.001398   25.531641 ^ clkbuf_3_4_0_wb_clk_i/A (sky130_fd_sc_hd__clkbuf_8)
    11    0.037149    0.058025    0.111003   25.642645 ^ clkbuf_3_4_0_wb_clk_i/X (sky130_fd_sc_hd__clkbuf_8)
                                                         clknet_3_4_0_wb_clk_i (net)
                      0.058027    0.000457   25.643101 ^ _743_/CLK (sky130_fd_sc_hd__dfrtp_2)
                                 -0.250000   25.393101   clock uncertainty
                                  0.055815   25.448917   clock reconvergence pessimism
                                 -0.067631   25.381285   library setup time
                                             25.381285   data required time
---------------------------------------------------------------------------------------------
                                             25.381285   data required time
                                             -2.056400   data arrival time
---------------------------------------------------------------------------------------------
                                             23.324886   slack (MET)


Startpoint: _695_ (rising edge-triggered flip-flop clocked by wb_clk_i)
Endpoint: _697_ (rising edge-triggered flip-flop clocked by wb_clk_i)
Path Group: wb_clk_i
Path Type: max

Fanout         Cap        Slew       Delay        Time   Description
---------------------------------------------------------------------------------------------
                                  0.000000    0.000000   clock wb_clk_i (rise edge)
                                  0.000000    0.000000   clock source latency
     2    0.147291    0.498689    0.407575    0.407575 ^ wb_clk_i (in)
                                                         wb_clk_i (net)
                      0.521806    0.000000    0.407575 ^ clkbuf_0_wb_clk_i/A (sky130_fd_sc_hd__clkbuf_16)
    17    0.072495    0.077203    0.178484    0.586059 ^ clkbuf_0_wb_clk_i/X (sky130_fd_sc_hd__clkbuf_16)
                                                         clknet_0_wb_clk_i (net)
                      0.077264    0.002040    0.588099 ^ clkbuf_3_1_0_wb_clk_i/A (sky130_fd_sc_hd__clkbuf_8)
    11    0.036856    0.057752    0.122433    0.710532 ^ clkbuf_3_1_0_wb_clk_i/X (sky130_fd_sc_hd__clkbuf_8)
                                                         clknet_3_1_0_wb_clk_i (net)
                      0.057752    0.000263    0.710795 ^ _695_/CLK (sky130_fd_sc_hd__dfrtp_2)
     1    0.002128    0.025908    0.252525    0.963319 v _695_/Q (sky130_fd_sc_hd__dfrtp_2)
                                                         timer.scan_div[1] (net)
                      0.025908    0.000020    0.963339 v hold121/A (sky130_fd_sc_hd__dlygate4sd3_1)
     3    0.010262    0.063162    0.411361    1.374700 v hold121/X (sky130_fd_sc_hd__dlygate4sd3_1)
                                                         net121 (net)
                      0.063162    0.000099    1.374799 v _489_/B (sky130_fd_sc_hd__and2_2)
     3    0.011322    0.040655    0.153177    1.527977 v _489_/X (sky130_fd_sc_hd__and2_2)
                                                         _269_ (net)
                      0.040655    0.000149    1.528126 v _492_/B (sky130_fd_sc_hd__nand2_2)
     2    0.010975    0.055797    0.068229    1.596355 ^ _492_/Y (sky130_fd_sc_hd__nand2_2)
                                                         _271_ (net)
                      0.055797    0.000111    1.596466 ^ _495_/B (sky130_fd_sc_hd__xnor2_2)
     1    0.002219    0.071251    0.065244    1.661709 ^ _495_/Y (sky130_fd_sc_hd__xnor2_2)
                                                         _026_ (net)
                      0.071251    0.000021    1.661730 ^ hold38/A (sky130_fd_sc_hd__dlygate4sd3_1)
     1    0.002818    0.037441    0.397428    2.059159 ^ hold38/X (sky130_fd_sc_hd__dlygate4sd3_1)
                                                         net38 (net)
                      0.037441    0.000031    2.059190 ^ _697_/D (sky130_fd_sc_hd__dfrtp_2)
                                              2.059190   data arrival time

                                 25.000000   25.000000   clock wb_clk_i (rise edge)
                                  0.000000   25.000000   clock source latency
     2    0.147291    0.498689    0.368759   25.368759 ^ wb_clk_i (in)
                                                         wb_clk_i (net)
                      0.521806    0.000000   25.368759 ^ clkbuf_0_wb_clk_i/A (sky130_fd_sc_hd__clkbuf_16)
    17    0.072495    0.077203    0.161485   25.530243 ^ clkbuf_0_wb_clk_i/X (sky130_fd_sc_hd__clkbuf_16)
                                                         clknet_0_wb_clk_i (net)
                      0.077264    0.001846   25.532089 ^ clkbuf_3_1_0_wb_clk_i/A (sky130_fd_sc_hd__clkbuf_8)
    11    0.036856    0.057752    0.110772   25.642860 ^ clkbuf_3_1_0_wb_clk_i/X (sky130_fd_sc_hd__clkbuf_8)
                                                         clknet_3_1_0_wb_clk_i (net)
                      0.057752    0.000252   25.643114 ^ _697_/CLK (sky130_fd_sc_hd__dfrtp_2)
                                 -0.250000   25.393114   clock uncertainty
                                  0.067670   25.460785   clock reconvergence pessimism
                                 -0.035998   25.424786   library setup time
                                             25.424786   data required time
---------------------------------------------------------------------------------------------
                                             25.424786   data required time
                                             -2.059190   data arrival time
---------------------------------------------------------------------------------------------
                                             23.365597   slack (MET)


Startpoint: _727_ (rising edge-triggered flip-flop clocked by wb_clk_i)
Endpoint: _729_ (rising edge-triggered flip-flop clocked by wb_clk_i)
Path Group: wb_clk_i
Path Type: max

Fanout         Cap        Slew       Delay        Time   Description
---------------------------------------------------------------------------------------------
                                  0.000000    0.000000   clock wb_clk_i (rise edge)
                                  0.000000    0.000000   clock source latency
     2    0.147291    0.498689    0.407575    0.407575 ^ wb_clk_i (in)
                                                         wb_clk_i (net)
                      0.521806    0.000000    0.407575 ^ clkbuf_0_wb_clk_i/A (sky130_fd_sc_hd__clkbuf_16)
    17    0.072495    0.077203    0.178484    0.586059 ^ clkbuf_0_wb_clk_i/X (sky130_fd_sc_hd__clkbuf_16)
                                                         clknet_0_wb_clk_i (net)
                      0.077266    0.002064    0.588122 ^ clkbuf_3_7_0_wb_clk_i/A (sky130_fd_sc_hd__clkbuf_8)
    12    0.036897    0.057721    0.122462    0.710585 ^ clkbuf_3_7_0_wb_clk_i/X (sky130_fd_sc_hd__clkbuf_8)
                                                         clknet_3_7_0_wb_clk_i (net)
                      0.057725    0.000540    0.711125 ^ _727_/CLK (sky130_fd_sc_hd__dfrtp_2)
     1    0.002121    0.023820    0.221686    0.932810 ^ _727_/Q (sky130_fd_sc_hd__dfrtp_2)
                                                         timer.sec_div[0] (net)
                      0.023820    0.000019    0.932829 ^ hold27/A (sky130_fd_sc_hd__dlygate4sd3_1)
     5    0.018945    0.150307    0.477911    1.410740 ^ hold27/X (sky130_fd_sc_hd__dlygate4sd3_1)
                                                         net27 (net)
                      0.150307    0.000157    1.410897 ^ _414_/A (sky130_fd_sc_hd__nand2_2)
     2    0.010270    0.054290    0.051341    1.462238 v _414_/Y (sky130_fd_sc_hd__nand2_2)
                                                         _226_ (net)
                      0.054290    0.000118    1.462356 v _416_/B (sky130_fd_sc_hd__xnor2_2)
     1    0.002648    0.037727    0.088997    1.551353 v _416_/Y (sky130_fd_sc_hd__xnor2_2)
                                                         _056_ (net)
                      0.037727    0.000022    1.551375 v hold60/A (sky130_fd_sc_hd__dlygate4sd3_1)
     1    0.003291    0.040290    0.383698    1.935073 v hold60/X (sky130_fd_sc_hd__dlygate4sd3_1)
                                                         net60 (net)
                      0.040290    0.000041    1.935114 v _729_/D (sky130_fd_sc_hd__dfrtp_2)
                                              1.935114   data arrival time

                                 25.000000   25.000000   clock wb_clk_i (rise edge)
                                  0.000000   25.000000   clock source latency
     2    0.147291    0.498689    0.368759   25.368759 ^ wb_clk_i (in)
                                                         wb_clk_i (net)
                      0.521806    0.000000   25.368759 ^ clkbuf_0_wb_clk_i/A (sky130_fd_sc_hd__clkbuf_16)
    17    0.072495    0.077203    0.161485   25.530243 ^ clkbuf_0_wb_clk_i/X (sky130_fd_sc_hd__clkbuf_16)
                                                         clknet_0_wb_clk_i (net)
                      0.077266    0.001867   25.532110 ^ clkbuf_3_7_0_wb_clk_i/A (sky130_fd_sc_hd__clkbuf_8)
    12    0.036897    0.057721    0.110798   25.642908 ^ clkbuf_3_7_0_wb_clk_i/X (sky130_fd_sc_hd__clkbuf_8)
                                                         clknet_3_7_0_wb_clk_i (net)
                      0.057722    0.000355   25.643265 ^ _729_/CLK (sky130_fd_sc_hd__dfrtp_2)
                                 -0.250000   25.393265   clock uncertainty
                                  0.067675   25.460939   clock reconvergence pessimism
                                 -0.074147   25.386791   library setup time
                                             25.386791   data required time
---------------------------------------------------------------------------------------------
                                             25.386791   data required time
                                             -1.935114   data arrival time
---------------------------------------------------------------------------------------------
                                             23.451679   slack (MET)


Startpoint: _726_ (rising edge-triggered flip-flop clocked by wb_clk_i)
Endpoint: _675_ (rising edge-triggered flip-flop clocked by wb_clk_i)
Path Group: wb_clk_i
Path Type: max

Fanout         Cap        Slew       Delay        Time   Description
---------------------------------------------------------------------------------------------
                                  0.000000    0.000000   clock wb_clk_i (rise edge)
                                  0.000000    0.000000   clock source latency
     2    0.147291    0.498689    0.407575    0.407575 ^ wb_clk_i (in)
                                                         wb_clk_i (net)
                      0.521806    0.000000    0.407575 ^ clkbuf_0_wb_clk_i/A (sky130_fd_sc_hd__clkbuf_16)
    17    0.072495    0.077203    0.178484    0.586059 ^ clkbuf_0_wb_clk_i/X (sky130_fd_sc_hd__clkbuf_16)
                                                         clknet_0_wb_clk_i (net)
                      0.077234    0.001545    0.587604 ^ clkbuf_3_4_0_wb_clk_i/A (sky130_fd_sc_hd__clkbuf_8)
    11    0.037149    0.058025    0.122689    0.710293 ^ clkbuf_3_4_0_wb_clk_i/X (sky130_fd_sc_hd__clkbuf_8)
                                                         clknet_3_4_0_wb_clk_i (net)
                      0.058027    0.000458    0.710751 ^ _726_/CLK (sky130_fd_sc_hd__dfrtp_2)
     1    0.002464    0.026643    0.253854    0.964605 v _726_/Q (sky130_fd_sc_hd__dfrtp_2)
                                                         timer.scan (net)
                      0.026643    0.000031    0.964636 v hold43/A (sky130_fd_sc_hd__dlygate4sd3_1)
     2    0.013641    0.072906    0.422594    1.387231 v hold43/X (sky130_fd_sc_hd__dlygate4sd3_1)
                                                         net43 (net)
                      0.072906    0.000180    1.387410 v _388_/A (sky130_fd_sc_hd__xor2_2)
     1    0.002171    0.042969    0.122406    1.509817 v _388_/X (sky130_fd_sc_hd__xor2_2)
                                                         _150_ (net)
                      0.042969    0.000024    1.509840 v hold44/A (sky130_fd_sc_hd__dlygate4sd3_1)
     1    0.002566    0.037226    0.381217    1.891058 v hold44/X (sky130_fd_sc_hd__dlygate4sd3_1)
                                                         net44 (net)
                      0.037226    0.000026    1.891084 v _675_/D (sky130_fd_sc_hd__dfrtp_2)
                                              1.891084   data arrival time

                                 25.000000   25.000000   clock wb_clk_i (rise edge)
                                  0.000000   25.000000   clock source latency
     2    0.147291    0.498689    0.368759   25.368759 ^ wb_clk_i (in)
                                                         wb_clk_i (net)
                      0.521806    0.000000   25.368759 ^ clkbuf_0_wb_clk_i/A (sky130_fd_sc_hd__clkbuf_16)
    17    0.072495    0.077203    0.161485   25.530243 ^ clkbuf_0_wb_clk_i/X (sky130_fd_sc_hd__clkbuf_16)
                                                         clknet_0_wb_clk_i (net)
                      0.077234    0.001398   25.531641 ^ clkbuf_3_4_0_wb_clk_i/A (sky130_fd_sc_hd__clkbuf_8)
    11    0.037149    0.058025    0.111003   25.642645 ^ clkbuf_3_4_0_wb_clk_i/X (sky130_fd_sc_hd__clkbuf_8)
                                                         clknet_3_4_0_wb_clk_i (net)
                      0.058028    0.000476   25.643120 ^ _675_/CLK (sky130_fd_sc_hd__dfrtp_2)
                                 -0.250000   25.393122   clock uncertainty
                                  0.067647   25.460768   clock reconvergence pessimism
                                 -0.073025   25.387743   library setup time
                                             25.387743   data required time
---------------------------------------------------------------------------------------------
                                             25.387743   data required time
                                             -1.891084   data arrival time
---------------------------------------------------------------------------------------------
                                             23.496658   slack (MET)


Startpoint: _727_ (rising edge-triggered flip-flop clocked by wb_clk_i)
Endpoint: _728_ (rising edge-triggered flip-flop clocked by wb_clk_i)
Path Group: wb_clk_i
Path Type: max

Fanout         Cap        Slew       Delay        Time   Description
---------------------------------------------------------------------------------------------
                                  0.000000    0.000000   clock wb_clk_i (rise edge)
                                  0.000000    0.000000   clock source latency
     2    0.147291    0.498689    0.407575    0.407575 ^ wb_clk_i (in)
                                                         wb_clk_i (net)
                      0.521806    0.000000    0.407575 ^ clkbuf_0_wb_clk_i/A (sky130_fd_sc_hd__clkbuf_16)
    17    0.072495    0.077203    0.178484    0.586059 ^ clkbuf_0_wb_clk_i/X (sky130_fd_sc_hd__clkbuf_16)
                                                         clknet_0_wb_clk_i (net)
                      0.077266    0.002064    0.588122 ^ clkbuf_3_7_0_wb_clk_i/A (sky130_fd_sc_hd__clkbuf_8)
    12    0.036897    0.057721    0.122462    0.710585 ^ clkbuf_3_7_0_wb_clk_i/X (sky130_fd_sc_hd__clkbuf_8)
                                                         clknet_3_7_0_wb_clk_i (net)
                      0.057725    0.000540    0.711125 ^ _727_/CLK (sky130_fd_sc_hd__dfrtp_2)
     1    0.001951    0.025516    0.251853    0.962977 v _727_/Q (sky130_fd_sc_hd__dfrtp_2)
                                                         timer.sec_div[0] (net)
                      0.025516    0.000017    0.962995 v hold27/A (sky130_fd_sc_hd__dlygate4sd3_1)
     5    0.017859    0.085794    0.435875    1.398870 v hold27/X (sky130_fd_sc_hd__dlygate4sd3_1)
                                                         net27 (net)
                      0.085794    0.000118    1.398988 v _406_/A (sky130_fd_sc_hd__or2_2)
     2    0.005006    0.041686    0.202676    1.601665 v _406_/X (sky130_fd_sc_hd__or2_2)
                                                         _220_ (net)
                      0.041686    0.000044    1.601708 v _415_/A (sky130_fd_sc_hd__and2_2)
     1    0.002738    0.026301    0.109481    1.711190 v _415_/X (sky130_fd_sc_hd__and2_2)
                                                         _045_ (net)
                      0.026301    0.000029    1.711219 v _728_/D (sky130_fd_sc_hd__dfrtp_2)
                                              1.711219   data arrival time

                                 25.000000   25.000000   clock wb_clk_i (rise edge)
                                  0.000000   25.000000   clock source latency
     2    0.147291    0.498689    0.368759   25.368759 ^ wb_clk_i (in)
                                                         wb_clk_i (net)
                      0.521806    0.000000   25.368759 ^ clkbuf_0_wb_clk_i/A (sky130_fd_sc_hd__clkbuf_16)
    17    0.072495    0.077203    0.161485   25.530243 ^ clkbuf_0_wb_clk_i/X (sky130_fd_sc_hd__clkbuf_16)
                                                         clknet_0_wb_clk_i (net)
                      0.077266    0.001867   25.532110 ^ clkbuf_3_7_0_wb_clk_i/A (sky130_fd_sc_hd__clkbuf_8)
    12    0.036897    0.057721    0.110798   25.642908 ^ clkbuf_3_7_0_wb_clk_i/X (sky130_fd_sc_hd__clkbuf_8)
                                                         clknet_3_7_0_wb_clk_i (net)
                      0.057721    0.000236   25.643145 ^ _728_/CLK (sky130_fd_sc_hd__dfrtp_2)
                                 -0.250000   25.393147   clock uncertainty
                                  0.067675   25.460819   clock reconvergence pessimism
                                 -0.069157   25.391663   library setup time
                                             25.391663   data required time
---------------------------------------------------------------------------------------------
                                             25.391663   data required time
                                             -1.711219   data arrival time
---------------------------------------------------------------------------------------------
                                             23.680443   slack (MET)



