
===========================================================================
report_checks -path_delay min (Hold)
============================================================================
======================= max_ss_100C_1v60 Corner ===================================

Startpoint: _678_ (rising edge-triggered flip-flop clocked by wb_clk_i)
Endpoint: _679_ (rising edge-triggered flip-flop clocked by wb_clk_i)
Path Group: wb_clk_i
Path Type: min

Fanout         Cap        Slew       Delay        Time   Description
---------------------------------------------------------------------------------------------
                                  0.000000    0.000000   clock wb_clk_i (rise edge)
                                  0.000000    0.000000   clock source latency
     2    0.173147    1.249199    0.896311    0.896311 ^ wb_clk_i (in)
                                                         wb_clk_i (net)
                      1.273456    0.000000    0.896311 ^ clkbuf_0_wb_clk_i/A (sky130_fd_sc_hd__clkbuf_16)
    17    0.080878    0.167560    0.669136    1.565448 ^ clkbuf_0_wb_clk_i/X (sky130_fd_sc_hd__clkbuf_16)
                                                         clknet_0_wb_clk_i (net)
                      0.168169    0.007583    1.573030 ^ clkbuf_3_5_0_wb_clk_i/A (sky130_fd_sc_hd__clkbuf_8)
    11    0.039719    0.128953    0.305461    1.878491 ^ clkbuf_3_5_0_wb_clk_i/X (sky130_fd_sc_hd__clkbuf_8)
                                                         clknet_3_5_0_wb_clk_i (net)
                      0.128984    0.001830    1.880322 ^ _678_/CLK (sky130_fd_sc_hd__dfrtp_2)
     4    0.012709    0.137411    0.737425    2.617747 ^ _678_/Q (sky130_fd_sc_hd__dfrtp_2)
                                                         timer.min_tens[1] (net)
                      0.137414    0.000878    2.618625 ^ _377_/A1 (sky130_fd_sc_hd__a21oi_2)
     1    0.004707    0.077407    0.123785    2.742410 v _377_/Y (sky130_fd_sc_hd__a21oi_2)
                                                         _199_ (net)
                      0.077407    0.000331    2.742741 v _380_/B1 (sky130_fd_sc_hd__a21oi_2)
     1    0.001807    0.096298    0.137059    2.879801 ^ _380_/Y (sky130_fd_sc_hd__a21oi_2)
                                                         _154_ (net)
                      0.096298    0.000079    2.879880 ^ hold34/A (sky130_fd_sc_hd__dlygate4sd3_1)
     1    0.002896    0.092778    1.000355    3.880235 ^ hold34/X (sky130_fd_sc_hd__dlygate4sd3_1)
                                                         net34 (net)
                      0.092778    0.000187    3.880422 ^ _679_/D (sky130_fd_sc_hd__dfrtp_2)
                                              3.880422   data arrival time

                                  0.000000    0.000000   clock wb_clk_i (rise edge)
                                  0.000000    0.000000   clock source latency
     2    0.173147    1.249199    0.990660    0.990660 ^ wb_clk_i (in)
                                                         wb_clk_i (net)
                      1.273456    0.000000    0.990660 ^ clkbuf_0_wb_clk_i/A (sky130_fd_sc_hd__clkbuf_16)
    17    0.080878    0.167560    0.739572    1.730232 ^ clkbuf_0_wb_clk_i/X (sky130_fd_sc_hd__clkbuf_16)
                                                         clknet_0_wb_clk_i (net)
                      0.168169    0.008381    1.738613 ^ clkbuf_3_5_0_wb_clk_i/A (sky130_fd_sc_hd__clkbuf_8)
    11    0.039719    0.128953    0.337615    2.076227 ^ clkbuf_3_5_0_wb_clk_i/X (sky130_fd_sc_hd__clkbuf_8)
                                                         clknet_3_5_0_wb_clk_i (net)
                      0.128977    0.001825    2.078052 ^ _679_/CLK (sky130_fd_sc_hd__dfrtp_2)
                                  0.250000    2.328052   clock uncertainty
                                 -0.197736    2.130316   clock reconvergence pessimism
                                 -0.072398    2.057918   library hold time
                                              2.057918   data required time
---------------------------------------------------------------------------------------------
                                              2.057918   data required time
                                             -3.880422   data arrival time
---------------------------------------------------------------------------------------------
                                              1.822504   slack (MET)


Startpoint: _747_ (rising edge-triggered flip-flop clocked by wb_clk_i)
Endpoint: _748_ (rising edge-triggered flip-flop clocked by wb_clk_i)
Path Group: wb_clk_i
Path Type: min

Fanout         Cap        Slew       Delay        Time   Description
---------------------------------------------------------------------------------------------
                                  0.000000    0.000000   clock wb_clk_i (rise edge)
                                  0.000000    0.000000   clock source latency
     2    0.173147    1.249199    0.896311    0.896311 ^ wb_clk_i (in)
                                                         wb_clk_i (net)
                      1.273456    0.000000    0.896311 ^ clkbuf_0_wb_clk_i/A (sky130_fd_sc_hd__clkbuf_16)
    17    0.080878    0.167560    0.669136    1.565448 ^ clkbuf_0_wb_clk_i/X (sky130_fd_sc_hd__clkbuf_16)
                                                         clknet_0_wb_clk_i (net)
                      0.168029    0.006603    1.572050 ^ clkbuf_3_1_0_wb_clk_i/A (sky130_fd_sc_hd__clkbuf_8)
    11    0.037900    0.124584    0.302198    1.874248 ^ clkbuf_3_1_0_wb_clk_i/X (sky130_fd_sc_hd__clkbuf_8)
                                                         clknet_3_1_0_wb_clk_i (net)
                      0.124651    0.002479    1.876727 ^ _747_/CLK (sky130_fd_sc_hd__dfrtp_2)
     4    0.011869    0.131447    0.730101    2.606828 ^ _747_/Q (sky130_fd_sc_hd__dfrtp_2)
                                                         timer.sec_div[20] (net)
                      0.131449    0.000731    2.607558 ^ _462_/A (sky130_fd_sc_hd__nand2_2)
     1    0.009294    0.101499    0.133728    2.741286 v _462_/Y (sky130_fd_sc_hd__nand2_2)
                                                         _255_ (net)
                      0.101502    0.000693    2.741979 v _465_/B (sky130_fd_sc_hd__xnor2_2)
     1    0.002207    0.053773    0.171093    2.913072 ^ _465_/Y (sky130_fd_sc_hd__xnor2_2)
                                                         _047_ (net)
                      0.053773    0.000142    2.913214 ^ hold66/A (sky130_fd_sc_hd__dlygate4sd3_1)
     1    0.002957    0.093391    0.984324    3.897537 ^ hold66/X (sky130_fd_sc_hd__dlygate4sd3_1)
                                                         net66 (net)
                      0.093391    0.000178    3.897716 ^ _748_/D (sky130_fd_sc_hd__dfrtp_2)
                                              3.897716   data arrival time

                                  0.000000    0.000000   clock wb_clk_i (rise edge)
                                  0.000000    0.000000   clock source latency
     2    0.173147    1.249199    0.990660    0.990660 ^ wb_clk_i (in)
                                                         wb_clk_i (net)
                      1.273456    0.000000    0.990660 ^ clkbuf_0_wb_clk_i/A (sky130_fd_sc_hd__clkbuf_16)
    17    0.080878    0.167560    0.739572    1.730232 ^ clkbuf_0_wb_clk_i/X (sky130_fd_sc_hd__clkbuf_16)
                                                         clknet_0_wb_clk_i (net)
                      0.168029    0.007298    1.737529 ^ clkbuf_3_1_0_wb_clk_i/A (sky130_fd_sc_hd__clkbuf_8)
    11    0.037900    0.124584    0.334008    2.071537 ^ clkbuf_3_1_0_wb_clk_i/X (sky130_fd_sc_hd__clkbuf_8)
                                                         clknet_3_1_0_wb_clk_i (net)
                      0.124645    0.002623    2.074160 ^ _748_/CLK (sky130_fd_sc_hd__dfrtp_2)
                                  0.250000    2.324160   clock uncertainty
                                 -0.197289    2.126871   clock reconvergence pessimism
                                 -0.073249    2.053622   library hold time
                                              2.053622   data required time
---------------------------------------------------------------------------------------------
                                              2.053622   data required time
                                             -3.897716   data arrival time
---------------------------------------------------------------------------------------------
                                              1.844094   slack (MET)


Startpoint: _751_ (rising edge-triggered flip-flop clocked by wb_clk_i)
Endpoint: _752_ (rising edge-triggered flip-flop clocked by wb_clk_i)
Path Group: wb_clk_i
Path Type: min

Fanout         Cap        Slew       Delay        Time   Description
---------------------------------------------------------------------------------------------
                                  0.000000    0.000000   clock wb_clk_i (rise edge)
                                  0.000000    0.000000   clock source latency
     2    0.173147    1.249199    0.896311    0.896311 ^ wb_clk_i (in)
                                                         wb_clk_i (net)
                      1.273456    0.000000    0.896311 ^ clkbuf_0_wb_clk_i/A (sky130_fd_sc_hd__clkbuf_16)
    17    0.080878    0.167560    0.669136    1.565448 ^ clkbuf_0_wb_clk_i/X (sky130_fd_sc_hd__clkbuf_16)
                                                         clknet_0_wb_clk_i (net)
                      0.167872    0.005279    1.570727 ^ clkbuf_3_6_0_wb_clk_i/A (sky130_fd_sc_hd__clkbuf_8)
    12    0.039360    0.128046    0.304360    1.875087 ^ clkbuf_3_6_0_wb_clk_i/X (sky130_fd_sc_hd__clkbuf_8)
                                                         clknet_3_6_0_wb_clk_i (net)
                      0.128125    0.002770    1.877857 ^ _751_/CLK (sky130_fd_sc_hd__dfrtp_2)
     4    0.013144    0.140488    0.739902    2.617760 ^ _751_/Q (sky130_fd_sc_hd__dfrtp_2)
                                                         timer.sec_div[24] (net)
                      0.140490    0.000719    2.618479 ^ _472_/A (sky130_fd_sc_hd__nand2_2)
     1    0.008394    0.095826    0.131910    2.750388 v _472_/Y (sky130_fd_sc_hd__nand2_2)
                                                         _261_ (net)
                      0.095826    0.000374    2.750762 v _475_/B (sky130_fd_sc_hd__xnor2_2)
     1    0.002729    0.057073    0.175921    2.926683 ^ _475_/Y (sky130_fd_sc_hd__xnor2_2)
                                                         _051_ (net)
                      0.057073    0.000188    2.926871 ^ hold80/A (sky130_fd_sc_hd__dlygate4sd3_1)
     1    0.002372    0.086783    0.977163    3.904034 ^ hold80/X (sky130_fd_sc_hd__dlygate4sd3_1)
                                                         net80 (net)
                      0.086783    0.000151    3.904185 ^ _752_/D (sky130_fd_sc_hd__dfrtp_2)
                                              3.904185   data arrival time

                                  0.000000    0.000000   clock wb_clk_i (rise edge)
                                  0.000000    0.000000   clock source latency
     2    0.173147    1.249199    0.990660    0.990660 ^ wb_clk_i (in)
                                                         wb_clk_i (net)
                      1.273456    0.000000    0.990660 ^ clkbuf_0_wb_clk_i/A (sky130_fd_sc_hd__clkbuf_16)
    17    0.080878    0.167560    0.739572    1.730232 ^ clkbuf_0_wb_clk_i/X (sky130_fd_sc_hd__clkbuf_16)
                                                         clknet_0_wb_clk_i (net)
                      0.167872    0.005835    1.736067 ^ clkbuf_3_6_0_wb_clk_i/A (sky130_fd_sc_hd__clkbuf_8)
    12    0.039360    0.128046    0.336398    2.072464 ^ clkbuf_3_6_0_wb_clk_i/X (sky130_fd_sc_hd__clkbuf_8)
                                                         clknet_3_6_0_wb_clk_i (net)
                      0.128184    0.003886    2.076350 ^ _752_/CLK (sky130_fd_sc_hd__dfrtp_2)
                                  0.250000    2.326350   clock uncertainty
                                 -0.197377    2.128973   clock reconvergence pessimism
                                 -0.071166    2.057807   library hold time
                                              2.057807   data required time
---------------------------------------------------------------------------------------------
                                              2.057807   data required time
                                             -3.904185   data arrival time
---------------------------------------------------------------------------------------------
                                              1.846377   slack (MET)


Startpoint: _718_ (rising edge-triggered flip-flop clocked by wb_clk_i)
Endpoint: _719_ (rising edge-triggered flip-flop clocked by wb_clk_i)
Path Group: wb_clk_i
Path Type: min

Fanout         Cap        Slew       Delay        Time   Description
---------------------------------------------------------------------------------------------
                                  0.000000    0.000000   clock wb_clk_i (rise edge)
                                  0.000000    0.000000   clock source latency
     2    0.173147    1.249199    0.896311    0.896311 ^ wb_clk_i (in)
                                                         wb_clk_i (net)
                      1.273456    0.000000    0.896311 ^ clkbuf_0_wb_clk_i/A (sky130_fd_sc_hd__clkbuf_16)
    17    0.080878    0.167560    0.669136    1.565448 ^ clkbuf_0_wb_clk_i/X (sky130_fd_sc_hd__clkbuf_16)
                                                         clknet_0_wb_clk_i (net)
                      0.168053    0.006783    1.572230 ^ clkbuf_3_2_0_wb_clk_i/A (sky130_fd_sc_hd__clkbuf_8)
    11    0.037375    0.123327    0.301270    1.873500 ^ clkbuf_3_2_0_wb_clk_i/X (sky130_fd_sc_hd__clkbuf_8)
                                                         clknet_3_2_0_wb_clk_i (net)
                      0.123353    0.001678    1.875178 ^ _718_/CLK (sky130_fd_sc_hd__dfrtp_2)
     4    0.014253    0.148588    0.744772    2.619949 ^ _718_/Q (sky130_fd_sc_hd__dfrtp_2)
                                                         timer.scan_div[24] (net)
                      0.148591    0.000867    2.620816 ^ _548_/A (sky130_fd_sc_hd__nand2_2)
     1    0.009139    0.102144    0.139245    2.760062 v _548_/Y (sky130_fd_sc_hd__nand2_2)
                                                         _305_ (net)
                      0.102147    0.000679    2.760741 v _551_/B (sky130_fd_sc_hd__xnor2_2)
     1    0.001822    0.051287    0.166157    2.926898 ^ _551_/Y (sky130_fd_sc_hd__xnor2_2)
                                                         _018_ (net)
                      0.051287    0.000078    2.926976 ^ hold76/A (sky130_fd_sc_hd__dlygate4sd3_1)
     1    0.002440    0.087487    0.975753    3.902729 ^ hold76/X (sky130_fd_sc_hd__dlygate4sd3_1)
                                                         net76 (net)
                      0.087487    0.000155    3.902884 ^ _719_/D (sky130_fd_sc_hd__dfrtp_2)
                                              3.902884   data arrival time

                                  0.000000    0.000000   clock wb_clk_i (rise edge)
                                  0.000000    0.000000   clock source latency
     2    0.173147    1.249199    0.990660    0.990660 ^ wb_clk_i (in)
                                                         wb_clk_i (net)
                      1.273456    0.000000    0.990660 ^ clkbuf_0_wb_clk_i/A (sky130_fd_sc_hd__clkbuf_16)
    17    0.080878    0.167560    0.739572    1.730232 ^ clkbuf_0_wb_clk_i/X (sky130_fd_sc_hd__clkbuf_16)
                                                         clknet_0_wb_clk_i (net)
                      0.168053    0.007496    1.737728 ^ clkbuf_3_2_0_wb_clk_i/A (sky130_fd_sc_hd__clkbuf_8)
    11    0.037375    0.123327    0.332982    2.070710 ^ clkbuf_3_2_0_wb_clk_i/X (sky130_fd_sc_hd__clkbuf_8)
                                                         clknet_3_2_0_wb_clk_i (net)
                      0.123364    0.002130    2.072841 ^ _719_/CLK (sky130_fd_sc_hd__dfrtp_2)
                                  0.250000    2.322841   clock uncertainty
                                 -0.197210    2.125630   clock reconvergence pessimism
                                 -0.072117    2.053513   library hold time
                                              2.053513   data required time
---------------------------------------------------------------------------------------------
                                              2.053513   data required time
                                             -3.902884   data arrival time
---------------------------------------------------------------------------------------------
                                              1.849371   slack (MET)


Startpoint: _743_ (rising edge-triggered flip-flop clocked by wb_clk_i)
Endpoint: _743_ (rising edge-triggered flip-flop clocked by wb_clk_i)
Path Group: wb_clk_i
Path Type: min

Fanout         Cap        Slew       Delay        Time   Description
---------------------------------------------------------------------------------------------
                                  0.000000    0.000000   clock wb_clk_i (rise edge)
                                  0.000000    0.000000   clock source latency
     2    0.173147    1.249199    0.896311    0.896311 ^ wb_clk_i (in)
                                                         wb_clk_i (net)
                      1.273456    0.000000    0.896311 ^ clkbuf_0_wb_clk_i/A (sky130_fd_sc_hd__clkbuf_16)
    17    0.080878    0.167560    0.669136    1.565448 ^ clkbuf_0_wb_clk_i/X (sky130_fd_sc_hd__clkbuf_16)
                                                         clknet_0_wb_clk_i (net)
                      0.168001    0.006392    1.571839 ^ clkbuf_3_4_0_wb_clk_i/A (sky130_fd_sc_hd__clkbuf_8)
    11    0.038444    0.125873    0.302969    1.874808 ^ clkbuf_3_4_0_wb_clk_i/X (sky130_fd_sc_hd__clkbuf_8)
                                                         clknet_3_4_0_wb_clk_i (net)
                      0.125924    0.002243    1.877051 ^ _743_/CLK (sky130_fd_sc_hd__dfrtp_2)
     2    0.006305    0.094336    0.694715    2.571766 ^ _743_/Q (sky130_fd_sc_hd__dfrtp_2)
                                                         timer.sec_div[16] (net)
                      0.094336    0.000316    2.572082 ^ hold126/A (sky130_fd_sc_hd__dlygate4sd3_1)
     4    0.014007    0.241857    1.129667    3.701749 ^ hold126/X (sky130_fd_sc_hd__dlygate4sd3_1)
                                                         net126 (net)
                      0.241857    0.000206    3.701955 ^ _453_/A (sky130_fd_sc_hd__nor2_2)
     1    0.004449    0.039917    0.132140    3.834095 v _453_/Y (sky130_fd_sc_hd__nor2_2)
                                                         _250_ (net)
                      0.039917    0.000197    3.834292 v _454_/B (sky130_fd_sc_hd__nor2_2)
     1    0.002662    0.098033    0.101269    3.935561 ^ _454_/Y (sky130_fd_sc_hd__nor2_2)
                                                         _041_ (net)
                      0.098034    0.000166    3.935726 ^ _743_/D (sky130_fd_sc_hd__dfrtp_2)
                                              3.935726   data arrival time

                                  0.000000    0.000000   clock wb_clk_i (rise edge)
                                  0.000000    0.000000   clock source latency
     2    0.173147    1.249199    0.990660    0.990660 ^ wb_clk_i (in)
                                                         wb_clk_i (net)
                      1.273456    0.000000    0.990660 ^ clkbuf_0_wb_clk_i/A (sky130_fd_sc_hd__clkbuf_16)
    17    0.080878    0.167560    0.739572    1.730232 ^ clkbuf_0_wb_clk_i/X (sky130_fd_sc_hd__clkbuf_16)
                                                         clknet_0_wb_clk_i (net)
                      0.168001    0.007065    1.737296 ^ clkbuf_3_4_0_wb_clk_i/A (sky130_fd_sc_hd__clkbuf_8)
    11    0.038444    0.125873    0.334860    2.072156 ^ clkbuf_3_4_0_wb_clk_i/X (sky130_fd_sc_hd__clkbuf_8)
                                                         clknet_3_4_0_wb_clk_i (net)
                      0.125924    0.002479    2.074635 ^ _743_/CLK (sky130_fd_sc_hd__dfrtp_2)
                                  0.250000    2.324635   clock uncertainty
                                 -0.197584    2.127051   clock reconvergence pessimism
                                 -0.074094    2.052957   library hold time
                                              2.052957   data required time
---------------------------------------------------------------------------------------------
                                              2.052957   data required time
                                             -3.935726   data arrival time
---------------------------------------------------------------------------------------------
                                              1.882770   slack (MET)


Startpoint: _751_ (rising edge-triggered flip-flop clocked by wb_clk_i)
Endpoint: _751_ (rising edge-triggered flip-flop clocked by wb_clk_i)
Path Group: wb_clk_i
Path Type: min

Fanout         Cap        Slew       Delay        Time   Description
---------------------------------------------------------------------------------------------
                                  0.000000    0.000000   clock wb_clk_i (rise edge)
                                  0.000000    0.000000   clock source latency
     2    0.173147    1.249199    0.896311    0.896311 ^ wb_clk_i (in)
                                                         wb_clk_i (net)
                      1.273456    0.000000    0.896311 ^ clkbuf_0_wb_clk_i/A (sky130_fd_sc_hd__clkbuf_16)
    17    0.080878    0.167560    0.669136    1.565448 ^ clkbuf_0_wb_clk_i/X (sky130_fd_sc_hd__clkbuf_16)
                                                         clknet_0_wb_clk_i (net)
                      0.167872    0.005279    1.570727 ^ clkbuf_3_6_0_wb_clk_i/A (sky130_fd_sc_hd__clkbuf_8)
    12    0.039360    0.128046    0.304360    1.875087 ^ clkbuf_3_6_0_wb_clk_i/X (sky130_fd_sc_hd__clkbuf_8)
                                                         clknet_3_6_0_wb_clk_i (net)
                      0.128125    0.002770    1.877857 ^ _751_/CLK (sky130_fd_sc_hd__dfrtp_2)
     4    0.013144    0.140488    0.739902    2.617760 ^ _751_/Q (sky130_fd_sc_hd__dfrtp_2)
                                                         timer.sec_div[24] (net)
                      0.140489    0.000581    2.618340 ^ hold141/A (sky130_fd_sc_hd__dlygate4sd3_1)
     3    0.016655    0.279482    1.173200    3.791541 ^ hold141/X (sky130_fd_sc_hd__dlygate4sd3_1)
                                                         net141 (net)
                      0.279482    0.001020    3.792561 ^ _473_/A (sky130_fd_sc_hd__xor2_2)
     1    0.002154    0.050823    0.178159    3.970720 v _473_/X (sky130_fd_sc_hd__xor2_2)
                                                         _050_ (net)
                      0.050823    0.000145    3.970865 v _751_/D (sky130_fd_sc_hd__dfrtp_2)
                                              3.970865   data arrival time

                                  0.000000    0.000000   clock wb_clk_i (rise edge)
                                  0.000000    0.000000   clock source latency
     2    0.173147    1.249199    0.990660    0.990660 ^ wb_clk_i (in)
                                                         wb_clk_i (net)
                      1.273456    0.000000    0.990660 ^ clkbuf_0_wb_clk_i/A (sky130_fd_sc_hd__clkbuf_16)
    17    0.080878    0.167560    0.739572    1.730232 ^ clkbuf_0_wb_clk_i/X (sky130_fd_sc_hd__clkbuf_16)
                                                         clknet_0_wb_clk_i (net)
                      0.167872    0.005835    1.736067 ^ clkbuf_3_6_0_wb_clk_i/A (sky130_fd_sc_hd__clkbuf_8)
    12    0.039360    0.128046    0.336398    2.072464 ^ clkbuf_3_6_0_wb_clk_i/X (sky130_fd_sc_hd__clkbuf_8)
                                                         clknet_3_6_0_wb_clk_i (net)
                      0.128125    0.003062    2.075526 ^ _751_/CLK (sky130_fd_sc_hd__dfrtp_2)
                                  0.250000    2.325526   clock uncertainty
                                 -0.197669    2.127857   clock reconvergence pessimism
                                 -0.068537    2.059320   library hold time
                                              2.059320   data required time
---------------------------------------------------------------------------------------------
                                              2.059320   data required time
                                             -3.970865   data arrival time
---------------------------------------------------------------------------------------------
                                              1.911545   slack (MET)


Startpoint: _710_ (rising edge-triggered flip-flop clocked by wb_clk_i)
Endpoint: _715_ (rising edge-triggered flip-flop clocked by wb_clk_i)
Path Group: wb_clk_i
Path Type: min

Fanout         Cap        Slew       Delay        Time   Description
---------------------------------------------------------------------------------------------
                                  0.000000    0.000000   clock wb_clk_i (rise edge)
                                  0.000000    0.000000   clock source latency
     2    0.173147    1.249199    0.896311    0.896311 ^ wb_clk_i (in)
                                                         wb_clk_i (net)
                      1.273456    0.000000    0.896311 ^ clkbuf_0_wb_clk_i/A (sky130_fd_sc_hd__clkbuf_16)
    17    0.080878    0.167560    0.669136    1.565448 ^ clkbuf_0_wb_clk_i/X (sky130_fd_sc_hd__clkbuf_16)
                                                         clknet_0_wb_clk_i (net)
                      0.168126    0.007300    1.572748 ^ clkbuf_3_0_0_wb_clk_i/A (sky130_fd_sc_hd__clkbuf_8)
    11    0.036469    0.121162    0.299715    1.872463 ^ clkbuf_3_0_0_wb_clk_i/X (sky130_fd_sc_hd__clkbuf_8)
                                                         clknet_3_0_0_wb_clk_i (net)
                      0.121184    0.001539    1.874002 ^ _710_/CLK (sky130_fd_sc_hd__dfrtp_2)
     3    0.007796    0.098666    0.812616    2.686619 v _710_/Q (sky130_fd_sc_hd__dfrtp_2)
                                                         timer.scan_div[16] (net)
                      0.098666    0.000474    2.687093 v _534_/A (sky130_fd_sc_hd__and4_2)
     3    0.009426    0.094491    0.402309    3.089401 v _534_/X (sky130_fd_sc_hd__and4_2)
                                                         _296_ (net)
                      0.094491    0.000375    3.089777 v _537_/D (sky130_fd_sc_hd__and4_2)
     3    0.013303    0.112185    0.528754    3.618531 v _537_/X (sky130_fd_sc_hd__and4_2)
                                                         _298_ (net)
                      0.112189    0.000777    3.619308 v _540_/B (sky130_fd_sc_hd__nand2_2)
     2    0.012059    0.124570    0.156489    3.775797 ^ _540_/Y (sky130_fd_sc_hd__nand2_2)
                                                         _300_ (net)
                      0.124570    0.000417    3.776213 ^ _541_/B (sky130_fd_sc_hd__and2b_2)
     1    0.003444    0.067306    0.273559    4.049772 ^ _541_/X (sky130_fd_sc_hd__and2b_2)
                                                         _014_ (net)
                      0.067306    0.000216    4.049988 ^ _715_/D (sky130_fd_sc_hd__dfrtp_2)
                                              4.049988   data arrival time

                                  0.000000    0.000000   clock wb_clk_i (rise edge)
                                  0.000000    0.000000   clock source latency
     2    0.173147    1.249199    0.990660    0.990660 ^ wb_clk_i (in)
                                                         wb_clk_i (net)
                      1.273456    0.000000    0.990660 ^ clkbuf_0_wb_clk_i/A (sky130_fd_sc_hd__clkbuf_16)
    17    0.080878    0.167560    0.739572    1.730232 ^ clkbuf_0_wb_clk_i/X (sky130_fd_sc_hd__clkbuf_16)
                                                         clknet_0_wb_clk_i (net)
                      0.168053    0.007496    1.737728 ^ clkbuf_3_2_0_wb_clk_i/A (sky130_fd_sc_hd__clkbuf_8)
    11    0.037375    0.123327    0.332982    2.070710 ^ clkbuf_3_2_0_wb_clk_i/X (sky130_fd_sc_hd__clkbuf_8)
                                                         clknet_3_2_0_wb_clk_i (net)
                      0.123362    0.002094    2.072804 ^ _715_/CLK (sky130_fd_sc_hd__dfrtp_2)
                                  0.250000    2.322804   clock uncertainty
                                 -0.164784    2.158020   clock reconvergence pessimism
                                 -0.067529    2.090491   library hold time
                                              2.090491   data required time
---------------------------------------------------------------------------------------------
                                              2.090491   data required time
                                             -4.049988   data arrival time
---------------------------------------------------------------------------------------------
                                              1.959497   slack (MET)


Startpoint: _754_ (rising edge-triggered flip-flop clocked by wb_clk_i)
Endpoint: _754_ (rising edge-triggered flip-flop clocked by wb_clk_i)
Path Group: wb_clk_i
Path Type: min

Fanout         Cap        Slew       Delay        Time   Description
---------------------------------------------------------------------------------------------
                                  0.000000    0.000000   clock wb_clk_i (rise edge)
                                  0.000000    0.000000   clock source latency
     2    0.173147    1.249199    0.896311    0.896311 ^ wb_clk_i (in)
                                                         wb_clk_i (net)
                      1.273456    0.000000    0.896311 ^ clkbuf_0_wb_clk_i/A (sky130_fd_sc_hd__clkbuf_16)
    17    0.080878    0.167560    0.669136    1.565448 ^ clkbuf_0_wb_clk_i/X (sky130_fd_sc_hd__clkbuf_16)
                                                         clknet_0_wb_clk_i (net)
                      0.167872    0.005279    1.570727 ^ clkbuf_3_6_0_wb_clk_i/A (sky130_fd_sc_hd__clkbuf_8)
    12    0.039360    0.128046    0.304360    1.875087 ^ clkbuf_3_6_0_wb_clk_i/X (sky130_fd_sc_hd__clkbuf_8)
                                                         clknet_3_6_0_wb_clk_i (net)
                      0.128157    0.003205    1.878292 ^ _754_/CLK (sky130_fd_sc_hd__dfrtp_2)
     1    0.002091    0.065111    0.658089    2.536381 ^ _754_/Q (sky130_fd_sc_hd__dfrtp_2)
                                                         timer.sec_div[27] (net)
                      0.065111    0.000134    2.536515 ^ hold165/A (sky130_fd_sc_hd__dlygate4sd3_1)
     3    0.008088    0.162777    1.051964    3.588479 ^ hold165/X (sky130_fd_sc_hd__dlygate4sd3_1)
                                                         net165 (net)
                      0.162777    0.000422    3.588901 ^ _479_/B1 (sky130_fd_sc_hd__a41o_2)
     1    0.003974    0.058256    0.196151    3.785052 ^ _479_/X (sky130_fd_sc_hd__a41o_2)
                                                         _265_ (net)
                      0.058257    0.000270    3.785323 ^ _480_/B (sky130_fd_sc_hd__and2b_2)
     1    0.002094    0.058462    0.238471    4.023794 ^ _480_/X (sky130_fd_sc_hd__and2b_2)
                                                         _053_ (net)
                      0.058462    0.000143    4.023938 ^ _754_/D (sky130_fd_sc_hd__dfrtp_2)
                                              4.023938   data arrival time

                                  0.000000    0.000000   clock wb_clk_i (rise edge)
                                  0.000000    0.000000   clock source latency
     2    0.173147    1.249199    0.990660    0.990660 ^ wb_clk_i (in)
                                                         wb_clk_i (net)
                      1.273456    0.000000    0.990660 ^ clkbuf_0_wb_clk_i/A (sky130_fd_sc_hd__clkbuf_16)
    17    0.080878    0.167560    0.739572    1.730232 ^ clkbuf_0_wb_clk_i/X (sky130_fd_sc_hd__clkbuf_16)
                                                         clknet_0_wb_clk_i (net)
                      0.167872    0.005835    1.736067 ^ clkbuf_3_6_0_wb_clk_i/A (sky130_fd_sc_hd__clkbuf_8)
    12    0.039360    0.128046    0.336398    2.072464 ^ clkbuf_3_6_0_wb_clk_i/X (sky130_fd_sc_hd__clkbuf_8)
                                                         clknet_3_6_0_wb_clk_i (net)
                      0.128157    0.003542    2.076007 ^ _754_/CLK (sky130_fd_sc_hd__dfrtp_2)
                                  0.250000    2.326007   clock uncertainty
                                 -0.197715    2.128292   clock reconvergence pessimism
                                 -0.064733    2.063559   library hold time
                                              2.063559   data required time
---------------------------------------------------------------------------------------------
                                              2.063559   data required time
                                             -4.023938   data arrival time
---------------------------------------------------------------------------------------------
                                              1.960379   slack (MET)


Startpoint: _675_ (rising edge-triggered flip-flop clocked by wb_clk_i)
Endpoint: _675_ (rising edge-triggered flip-flop clocked by wb_clk_i)
Path Group: wb_clk_i
Path Type: min

Fanout         Cap        Slew       Delay        Time   Description
---------------------------------------------------------------------------------------------
                                  0.000000    0.000000   clock wb_clk_i (rise edge)
                                  0.000000    0.000000   clock source latency
     2    0.173147    1.249199    0.896311    0.896311 ^ wb_clk_i (in)
                                                         wb_clk_i (net)
                      1.273456    0.000000    0.896311 ^ clkbuf_0_wb_clk_i/A (sky130_fd_sc_hd__clkbuf_16)
    17    0.080878    0.167560    0.669136    1.565448 ^ clkbuf_0_wb_clk_i/X (sky130_fd_sc_hd__clkbuf_16)
                                                         clknet_0_wb_clk_i (net)
                      0.168001    0.006392    1.571839 ^ clkbuf_3_4_0_wb_clk_i/A (sky130_fd_sc_hd__clkbuf_8)
    11    0.038444    0.125873    0.302969    1.874808 ^ clkbuf_3_4_0_wb_clk_i/X (sky130_fd_sc_hd__clkbuf_8)
                                                         clknet_3_4_0_wb_clk_i (net)
                      0.125925    0.002258    1.877067 ^ _675_/CLK (sky130_fd_sc_hd__dfrtp_2)
     9    0.044215    0.351512    0.903352    2.780418 ^ _675_/Q (sky130_fd_sc_hd__dfrtp_2)
                                                         timer.dig_cnt[0] (net)
                      0.351516    0.001759    2.782177 ^ _388_/B (sky130_fd_sc_hd__xor2_2)
     1    0.002101    0.050737    0.187674    2.969851 v _388_/X (sky130_fd_sc_hd__xor2_2)
                                                         _150_ (net)
                      0.050737    0.000133    2.969985 v hold44/A (sky130_fd_sc_hd__dlygate4sd3_1)
     1    0.002443    0.103047    1.053618    4.023602 v hold44/X (sky130_fd_sc_hd__dlygate4sd3_1)
                                                         net44 (net)
                      0.103047    0.000156    4.023758 v _675_/D (sky130_fd_sc_hd__dfrtp_2)
                                              4.023758   data arrival time

                                  0.000000    0.000000   clock wb_clk_i (rise edge)
                                  0.000000    0.000000   clock source latency
     2    0.173147    1.249199    0.990660    0.990660 ^ wb_clk_i (in)
                                                         wb_clk_i (net)
                      1.273456    0.000000    0.990660 ^ clkbuf_0_wb_clk_i/A (sky130_fd_sc_hd__clkbuf_16)
    17    0.080878    0.167560    0.739572    1.730232 ^ clkbuf_0_wb_clk_i/X (sky130_fd_sc_hd__clkbuf_16)
                                                         clknet_0_wb_clk_i (net)
                      0.168001    0.007065    1.737296 ^ clkbuf_3_4_0_wb_clk_i/A (sky130_fd_sc_hd__clkbuf_8)
    11    0.038444    0.125873    0.334860    2.072156 ^ clkbuf_3_4_0_wb_clk_i/X (sky130_fd_sc_hd__clkbuf_8)
                                                         clknet_3_4_0_wb_clk_i (net)
                      0.125925    0.002496    2.074652 ^ _675_/CLK (sky130_fd_sc_hd__dfrtp_2)
                                  0.250000    2.324652   clock uncertainty
                                 -0.197586    2.127067   clock reconvergence pessimism
                                 -0.088201    2.038865   library hold time
                                              2.038865   data required time
---------------------------------------------------------------------------------------------
                                              2.038865   data required time
                                             -4.023758   data arrival time
---------------------------------------------------------------------------------------------
                                              1.984893   slack (MET)


Startpoint: _681_ (rising edge-triggered flip-flop clocked by wb_clk_i)
Endpoint: _682_ (rising edge-triggered flip-flop clocked by wb_clk_i)
Path Group: wb_clk_i
Path Type: min

Fanout         Cap        Slew       Delay        Time   Description
---------------------------------------------------------------------------------------------
                                  0.000000    0.000000   clock wb_clk_i (rise edge)
                                  0.000000    0.000000   clock source latency
     2    0.173147    1.249199    0.896311    0.896311 ^ wb_clk_i (in)
                                                         wb_clk_i (net)
                      1.273456    0.000000    0.896311 ^ clkbuf_0_wb_clk_i/A (sky130_fd_sc_hd__clkbuf_16)
    17    0.080878    0.167560    0.669136    1.565448 ^ clkbuf_0_wb_clk_i/X (sky130_fd_sc_hd__clkbuf_16)
                                                         clknet_0_wb_clk_i (net)
                      0.168090    0.007044    1.572492 ^ clkbuf_3_7_0_wb_clk_i/A (sky130_fd_sc_hd__clkbuf_8)
    12    0.037900    0.124575    0.302075    1.874567 ^ clkbuf_3_7_0_wb_clk_i/X (sky130_fd_sc_hd__clkbuf_8)
                                                         clknet_3_7_0_wb_clk_i (net)
                      0.124621    0.002130    1.876696 ^ _681_/CLK (sky130_fd_sc_hd__dfrtp_2)
     3    0.013406    0.125599    0.846433    2.723130 v _681_/Q (sky130_fd_sc_hd__dfrtp_2)
                                                         timer.min_ones[0] (net)
                      0.125599    0.000782    2.723911 v _362_/A (sky130_fd_sc_hd__nand2_2)
     1    0.002989    0.055516    0.096983    2.820894 ^ _362_/Y (sky130_fd_sc_hd__nand2_2)
                                                         _189_ (net)
                      0.055516    0.000132    2.821026 ^ _372_/A2 (sky130_fd_sc_hd__a22o_2)
     1    0.002660    0.059920    0.261026    3.082052 ^ _372_/X (sky130_fd_sc_hd__a22o_2)
                                                         _157_ (net)
                      0.059920    0.000167    3.082219 ^ hold140/A (sky130_fd_sc_hd__dlygate4sd3_1)
     1    0.002384    0.086915    0.978503    4.060722 ^ hold140/X (sky130_fd_sc_hd__dlygate4sd3_1)
                                                         net140 (net)
                      0.086915    0.000164    4.060886 ^ _682_/D (sky130_fd_sc_hd__dfrtp_2)
                                              4.060886   data arrival time

                                  0.000000    0.000000   clock wb_clk_i (rise edge)
                                  0.000000    0.000000   clock source latency
     2    0.173147    1.249199    0.990660    0.990660 ^ wb_clk_i (in)
                                                         wb_clk_i (net)
                      1.273456    0.000000    0.990660 ^ clkbuf_0_wb_clk_i/A (sky130_fd_sc_hd__clkbuf_16)
    17    0.080878    0.167560    0.739572    1.730232 ^ clkbuf_0_wb_clk_i/X (sky130_fd_sc_hd__clkbuf_16)
                                                         clknet_0_wb_clk_i (net)
                      0.168090    0.007785    1.738017 ^ clkbuf_3_7_0_wb_clk_i/A (sky130_fd_sc_hd__clkbuf_8)
    12    0.037900    0.124575    0.333872    2.071889 ^ clkbuf_3_7_0_wb_clk_i/X (sky130_fd_sc_hd__clkbuf_8)
                                                         clknet_3_7_0_wb_clk_i (net)
                      0.124622    0.002376    2.074265 ^ _682_/CLK (sky130_fd_sc_hd__dfrtp_2)
                                  0.250000    2.324265   clock uncertainty
                                 -0.197323    2.126942   clock reconvergence pessimism
                                 -0.071780    2.055162   library hold time
                                              2.055162   data required time
---------------------------------------------------------------------------------------------
                                              2.055162   data required time
                                             -4.060886   data arrival time
---------------------------------------------------------------------------------------------
                                              2.005724   slack (MET)


Startpoint: _723_ (rising edge-triggered flip-flop clocked by wb_clk_i)
Endpoint: _723_ (rising edge-triggered flip-flop clocked by wb_clk_i)
Path Group: wb_clk_i
Path Type: min

Fanout         Cap        Slew       Delay        Time   Description
---------------------------------------------------------------------------------------------
                                  0.000000    0.000000   clock wb_clk_i (rise edge)
                                  0.000000    0.000000   clock source latency
     2    0.173147    1.249199    0.896311    0.896311 ^ wb_clk_i (in)
                                                         wb_clk_i (net)
                      1.273456    0.000000    0.896311 ^ clkbuf_0_wb_clk_i/A (sky130_fd_sc_hd__clkbuf_16)
    17    0.080878    0.167560    0.669136    1.565448 ^ clkbuf_0_wb_clk_i/X (sky130_fd_sc_hd__clkbuf_16)
                                                         clknet_0_wb_clk_i (net)
                      0.168126    0.007300    1.572748 ^ clkbuf_3_0_0_wb_clk_i/A (sky130_fd_sc_hd__clkbuf_8)
    11    0.036469    0.121162    0.299715    1.872463 ^ clkbuf_3_0_0_wb_clk_i/X (sky130_fd_sc_hd__clkbuf_8)
                                                         clknet_3_0_0_wb_clk_i (net)
                      0.121224    0.002349    1.874813 ^ _723_/CLK (sky130_fd_sc_hd__dfrtp_2)
     2    0.004507    0.081575    0.677782    2.552595 ^ _723_/Q (sky130_fd_sc_hd__dfrtp_2)
                                                         timer.scan_div[29] (net)
                      0.081575    0.000268    2.552863 ^ hold169/A (sky130_fd_sc_hd__dlygate4sd3_1)
     3    0.011872    0.215804    1.101652    3.654516 ^ hold169/X (sky130_fd_sc_hd__dlygate4sd3_1)
                                                         net169 (net)
                      0.215804    0.000643    3.655158 ^ _559_/B1 (sky130_fd_sc_hd__a21o_2)
     1    0.003165    0.048398    0.201856    3.857014 ^ _559_/X (sky130_fd_sc_hd__a21o_2)
                                                         _311_ (net)
                      0.048398    0.000176    3.857191 ^ _560_/B (sky130_fd_sc_hd__and2_2)
     1    0.002264    0.063316    0.232724    4.089914 ^ _560_/X (sky130_fd_sc_hd__and2_2)
                                                         _022_ (net)
                      0.063316    0.000149    4.090063 ^ _723_/D (sky130_fd_sc_hd__dfrtp_2)
                                              4.090063   data arrival time

                                  0.000000    0.000000   clock wb_clk_i (rise edge)
                                  0.000000    0.000000   clock source latency
     2    0.173147    1.249199    0.990660    0.990660 ^ wb_clk_i (in)
                                                         wb_clk_i (net)
                      1.273456    0.000000    0.990660 ^ clkbuf_0_wb_clk_i/A (sky130_fd_sc_hd__clkbuf_16)
    17    0.080878    0.167560    0.739572    1.730232 ^ clkbuf_0_wb_clk_i/X (sky130_fd_sc_hd__clkbuf_16)
                                                         clknet_0_wb_clk_i (net)
                      0.168126    0.008069    1.738300 ^ clkbuf_3_0_0_wb_clk_i/A (sky130_fd_sc_hd__clkbuf_8)
    11    0.036469    0.121162    0.331264    2.069565 ^ clkbuf_3_0_0_wb_clk_i/X (sky130_fd_sc_hd__clkbuf_8)
                                                         clknet_3_0_0_wb_clk_i (net)
                      0.121224    0.002597    2.072162 ^ _723_/CLK (sky130_fd_sc_hd__dfrtp_2)
                                  0.250000    2.322162   clock uncertainty
                                 -0.197349    2.124813   clock reconvergence pessimism
                                 -0.066973    2.057840   library hold time
                                              2.057840   data required time
---------------------------------------------------------------------------------------------
                                              2.057840   data required time
                                             -4.090063   data arrival time
---------------------------------------------------------------------------------------------
                                              2.032223   slack (MET)


Startpoint: _731_ (rising edge-triggered flip-flop clocked by wb_clk_i)
Endpoint: _734_ (rising edge-triggered flip-flop clocked by wb_clk_i)
Path Group: wb_clk_i
Path Type: min

Fanout         Cap        Slew       Delay        Time   Description
---------------------------------------------------------------------------------------------
                                  0.000000    0.000000   clock wb_clk_i (rise edge)
                                  0.000000    0.000000   clock source latency
     2    0.173147    1.249199    0.896311    0.896311 ^ wb_clk_i (in)
                                                         wb_clk_i (net)
                      1.273456    0.000000    0.896311 ^ clkbuf_0_wb_clk_i/A (sky130_fd_sc_hd__clkbuf_16)
    17    0.080878    0.167560    0.669136    1.565448 ^ clkbuf_0_wb_clk_i/X (sky130_fd_sc_hd__clkbuf_16)
                                                         clknet_0_wb_clk_i (net)
                      0.167872    0.005279    1.570727 ^ clkbuf_3_6_0_wb_clk_i/A (sky130_fd_sc_hd__clkbuf_8)
    12    0.039360    0.128046    0.304360    1.875087 ^ clkbuf_3_6_0_wb_clk_i/X (sky130_fd_sc_hd__clkbuf_8)
                                                         clknet_3_6_0_wb_clk_i (net)
                      0.128049    0.000936    1.876023 ^ _731_/CLK (sky130_fd_sc_hd__dfrtp_2)
     4    0.015257    0.135907    0.858361    2.734384 v _731_/Q (sky130_fd_sc_hd__dfrtp_2)
                                                         timer.sec_div[4] (net)
                      0.135920    0.001310    2.735694 v _425_/B (sky130_fd_sc_hd__nand4_2)
     2    0.007390    0.122427    0.171954    2.907649 ^ _425_/Y (sky130_fd_sc_hd__nand4_2)
                                                         _232_ (net)
                      0.122427    0.000239    2.907887 ^ _429_/A2 (sky130_fd_sc_hd__a211oi_2)
     1    0.002516    0.050653    0.134912    3.042799 v _429_/Y (sky130_fd_sc_hd__a211oi_2)
                                                         _063_ (net)
                      0.050653    0.000149    3.042948 v hold149/A (sky130_fd_sc_hd__dlygate4sd3_1)
     1    0.002218    0.101204    1.049987    4.092935 v hold149/X (sky130_fd_sc_hd__dlygate4sd3_1)
                                                         net149 (net)
                      0.101204    0.000095    4.093029 v _734_/D (sky130_fd_sc_hd__dfrtp_2)
                                              4.093029   data arrival time

                                  0.000000    0.000000   clock wb_clk_i (rise edge)
                                  0.000000    0.000000   clock source latency
     2    0.173147    1.249199    0.990660    0.990660 ^ wb_clk_i (in)
                                                         wb_clk_i (net)
                      1.273456    0.000000    0.990660 ^ clkbuf_0_wb_clk_i/A (sky130_fd_sc_hd__clkbuf_16)
    17    0.080878    0.167560    0.739572    1.730232 ^ clkbuf_0_wb_clk_i/X (sky130_fd_sc_hd__clkbuf_16)
                                                         clknet_0_wb_clk_i (net)
                      0.167872    0.005835    1.736067 ^ clkbuf_3_6_0_wb_clk_i/A (sky130_fd_sc_hd__clkbuf_8)
    12    0.039360    0.128046    0.336398    2.072464 ^ clkbuf_3_6_0_wb_clk_i/X (sky130_fd_sc_hd__clkbuf_8)
                                                         clknet_3_6_0_wb_clk_i (net)
                      0.128073    0.001996    2.074461 ^ _734_/CLK (sky130_fd_sc_hd__dfrtp_2)
                                  0.250000    2.324461   clock uncertainty
                                 -0.197377    2.127083   clock reconvergence pessimism
                                 -0.087006    2.040077   library hold time
                                              2.040077   data required time
---------------------------------------------------------------------------------------------
                                              2.040077   data required time
                                             -4.093029   data arrival time
---------------------------------------------------------------------------------------------
                                              2.052952   slack (MET)


Startpoint: _735_ (rising edge-triggered flip-flop clocked by wb_clk_i)
Endpoint: _742_ (rising edge-triggered flip-flop clocked by wb_clk_i)
Path Group: wb_clk_i
Path Type: min

Fanout         Cap        Slew       Delay        Time   Description
---------------------------------------------------------------------------------------------
                                  0.000000    0.000000   clock wb_clk_i (rise edge)
                                  0.000000    0.000000   clock source latency
     2    0.173147    1.249199    0.896311    0.896311 ^ wb_clk_i (in)
                                                         wb_clk_i (net)
                      1.273456    0.000000    0.896311 ^ clkbuf_0_wb_clk_i/A (sky130_fd_sc_hd__clkbuf_16)
    17    0.080878    0.167560    0.669136    1.565448 ^ clkbuf_0_wb_clk_i/X (sky130_fd_sc_hd__clkbuf_16)
                                                         clknet_0_wb_clk_i (net)
                      0.168169    0.007583    1.573030 ^ clkbuf_3_5_0_wb_clk_i/A (sky130_fd_sc_hd__clkbuf_8)
    11    0.039719    0.128953    0.305461    1.878491 ^ clkbuf_3_5_0_wb_clk_i/X (sky130_fd_sc_hd__clkbuf_8)
                                                         clknet_3_5_0_wb_clk_i (net)
                      0.128980    0.001739    1.880230 ^ _735_/CLK (sky130_fd_sc_hd__dfrtp_2)
     3    0.008415    0.107684    0.709725    2.589955 ^ _735_/Q (sky130_fd_sc_hd__dfrtp_2)
                                                         timer.sec_div[8] (net)
                      0.107684    0.000474    2.590429 ^ _438_/A (sky130_fd_sc_hd__and4_2)
     2    0.004758    0.113229    0.422990    3.013419 ^ _438_/X (sky130_fd_sc_hd__and4_2)
                                                         _240_ (net)
                      0.113229    0.000260    3.013678 ^ _445_/C (sky130_fd_sc_hd__and4_2)
     9    0.034780    0.335157    0.673311    3.686989 ^ _445_/X (sky130_fd_sc_hd__and4_2)
                                                         _245_ (net)
                      0.335166    0.002160    3.689149 ^ _450_/A (sky130_fd_sc_hd__and2_2)
     2    0.010829    0.123379    0.396922    4.086071 ^ _450_/X (sky130_fd_sc_hd__and2_2)
                                                         _248_ (net)
                      0.123379    0.000226    4.086298 ^ _451_/B (sky130_fd_sc_hd__nor2_2)
     1    0.003064    0.035344    0.072678    4.158976 v _451_/Y (sky130_fd_sc_hd__nor2_2)
                                                         _040_ (net)
                      0.035344    0.000186    4.159161 v _742_/D (sky130_fd_sc_hd__dfrtp_2)
                                              4.159161   data arrival time

                                  0.000000    0.000000   clock wb_clk_i (rise edge)
                                  0.000000    0.000000   clock source latency
     2    0.173147    1.249199    0.990660    0.990660 ^ wb_clk_i (in)
                                                         wb_clk_i (net)
                      1.273456    0.000000    0.990660 ^ clkbuf_0_wb_clk_i/A (sky130_fd_sc_hd__clkbuf_16)
    17    0.080878    0.167560    0.739572    1.730232 ^ clkbuf_0_wb_clk_i/X (sky130_fd_sc_hd__clkbuf_16)
                                                         clknet_0_wb_clk_i (net)
                      0.168001    0.007065    1.737296 ^ clkbuf_3_4_0_wb_clk_i/A (sky130_fd_sc_hd__clkbuf_8)
    11    0.038444    0.125873    0.334860    2.072156 ^ clkbuf_3_4_0_wb_clk_i/X (sky130_fd_sc_hd__clkbuf_8)
                                                         clknet_3_4_0_wb_clk_i (net)
                      0.125911    0.002192    2.074349 ^ _742_/CLK (sky130_fd_sc_hd__dfrtp_2)
                                  0.250000    2.324349   clock uncertainty
                                 -0.164784    2.159565   clock reconvergence pessimism
                                 -0.063404    2.096161   library hold time
                                              2.096161   data required time
---------------------------------------------------------------------------------------------
                                              2.096161   data required time
                                             -4.159161   data arrival time
---------------------------------------------------------------------------------------------
                                              2.063000   slack (MET)


Startpoint: _728_ (rising edge-triggered flip-flop clocked by wb_clk_i)
Endpoint: _728_ (rising edge-triggered flip-flop clocked by wb_clk_i)
Path Group: wb_clk_i
Path Type: min

Fanout         Cap        Slew       Delay        Time   Description
---------------------------------------------------------------------------------------------
                                  0.000000    0.000000   clock wb_clk_i (rise edge)
                                  0.000000    0.000000   clock source latency
     2    0.173147    1.249199    0.896311    0.896311 ^ wb_clk_i (in)
                                                         wb_clk_i (net)
                      1.273456    0.000000    0.896311 ^ clkbuf_0_wb_clk_i/A (sky130_fd_sc_hd__clkbuf_16)
    17    0.080878    0.167560    0.669136    1.565448 ^ clkbuf_0_wb_clk_i/X (sky130_fd_sc_hd__clkbuf_16)
                                                         clknet_0_wb_clk_i (net)
                      0.168090    0.007044    1.572492 ^ clkbuf_3_7_0_wb_clk_i/A (sky130_fd_sc_hd__clkbuf_8)
    12    0.037900    0.124575    0.302075    1.874567 ^ clkbuf_3_7_0_wb_clk_i/X (sky130_fd_sc_hd__clkbuf_8)
                                                         clknet_3_7_0_wb_clk_i (net)
                      0.124604    0.001768    1.876334 ^ _728_/CLK (sky130_fd_sc_hd__dfrtp_2)
     2    0.005848    0.090737    0.691163    2.567498 ^ _728_/Q (sky130_fd_sc_hd__dfrtp_2)
                                                         timer.sec_div[1] (net)
                      0.091579    0.000296    2.567794 ^ hold180/A (sky130_fd_sc_hd__dlygate4sd3_1)
     3    0.010221    0.192530    1.086737    3.654530 ^ hold180/X (sky130_fd_sc_hd__dlygate4sd3_1)
                                                         net180 (net)
                      0.192530    0.000412    3.654943 ^ _406_/B (sky130_fd_sc_hd__or2_2)
     2    0.005469    0.067600    0.235416    3.890359 ^ _406_/X (sky130_fd_sc_hd__or2_2)
                                                         _220_ (net)
                      0.067602    0.000304    3.890663 ^ _415_/A (sky130_fd_sc_hd__and2_2)
     1    0.002686    0.066333    0.233570    4.124232 ^ _415_/X (sky130_fd_sc_hd__and2_2)
                                                         _045_ (net)
                      0.066333    0.000167    4.124399 ^ _728_/D (sky130_fd_sc_hd__dfrtp_2)
                                              4.124399   data arrival time

                                  0.000000    0.000000   clock wb_clk_i (rise edge)
                                  0.000000    0.000000   clock source latency
     2    0.173147    1.249199    0.990660    0.990660 ^ wb_clk_i (in)
                                                         wb_clk_i (net)
                      1.273456    0.000000    0.990660 ^ clkbuf_0_wb_clk_i/A (sky130_fd_sc_hd__clkbuf_16)
    17    0.080878    0.167560    0.739572    1.730232 ^ clkbuf_0_wb_clk_i/X (sky130_fd_sc_hd__clkbuf_16)
                                                         clknet_0_wb_clk_i (net)
                      0.168090    0.007785    1.738017 ^ clkbuf_3_7_0_wb_clk_i/A (sky130_fd_sc_hd__clkbuf_8)
    12    0.037900    0.124575    0.333872    2.071889 ^ clkbuf_3_7_0_wb_clk_i/X (sky130_fd_sc_hd__clkbuf_8)
                                                         clknet_3_7_0_wb_clk_i (net)
                      0.124604    0.001954    2.073843 ^ _728_/CLK (sky130_fd_sc_hd__dfrtp_2)
                                  0.250000    2.323843   clock uncertainty
                                 -0.197509    2.126334   clock reconvergence pessimism
                                 -0.067105    2.059230   library hold time
                                              2.059230   data required time
---------------------------------------------------------------------------------------------
                                              2.059230   data required time
                                             -4.124399   data arrival time
---------------------------------------------------------------------------------------------
                                              2.065169   slack (MET)


Startpoint: _715_ (rising edge-triggered flip-flop clocked by wb_clk_i)
Endpoint: _717_ (rising edge-triggered flip-flop clocked by wb_clk_i)
Path Group: wb_clk_i
Path Type: min

Fanout         Cap        Slew       Delay        Time   Description
---------------------------------------------------------------------------------------------
                                  0.000000    0.000000   clock wb_clk_i (rise edge)
                                  0.000000    0.000000   clock source latency
     2    0.173147    1.249199    0.896311    0.896311 ^ wb_clk_i (in)
                                                         wb_clk_i (net)
                      1.273456    0.000000    0.896311 ^ clkbuf_0_wb_clk_i/A (sky130_fd_sc_hd__clkbuf_16)
    17    0.080878    0.167560    0.669136    1.565448 ^ clkbuf_0_wb_clk_i/X (sky130_fd_sc_hd__clkbuf_16)
                                                         clknet_0_wb_clk_i (net)
                      0.168053    0.006783    1.572230 ^ clkbuf_3_2_0_wb_clk_i/A (sky130_fd_sc_hd__clkbuf_8)
    11    0.037375    0.123327    0.301270    1.873500 ^ clkbuf_3_2_0_wb_clk_i/X (sky130_fd_sc_hd__clkbuf_8)
                                                         clknet_3_2_0_wb_clk_i (net)
                      0.123362    0.001894    1.875394 ^ _715_/CLK (sky130_fd_sc_hd__dfrtp_2)
     3    0.007988    0.104848    0.704441    2.579835 ^ _715_/Q (sky130_fd_sc_hd__dfrtp_2)
                                                         timer.scan_div[21] (net)
                      0.104848    0.000477    2.580312 ^ _542_/A (sky130_fd_sc_hd__and3_2)
     1    0.004033    0.088491    0.334236    2.914548 ^ _542_/X (sky130_fd_sc_hd__and3_2)
                                                         _301_ (net)
                      0.088491    0.000258    2.914806 ^ _547_/A2 (sky130_fd_sc_hd__o21ba_2)
     1    0.002758    0.059095    0.234933    3.149739 ^ _547_/X (sky130_fd_sc_hd__o21ba_2)
                                                         _016_ (net)
                      0.059095    0.000191    3.149930 ^ hold86/A (sky130_fd_sc_hd__dlygate4sd3_1)
     1    0.002098    0.083928    0.974000    4.123930 ^ hold86/X (sky130_fd_sc_hd__dlygate4sd3_1)
                                                         net86 (net)
                      0.083928    0.000144    4.124074 ^ _717_/D (sky130_fd_sc_hd__dfrtp_2)
                                              4.124074   data arrival time

                                  0.000000    0.000000   clock wb_clk_i (rise edge)
                                  0.000000    0.000000   clock source latency
     2    0.173147    1.249199    0.990660    0.990660 ^ wb_clk_i (in)
                                                         wb_clk_i (net)
                      1.273456    0.000000    0.990660 ^ clkbuf_0_wb_clk_i/A (sky130_fd_sc_hd__clkbuf_16)
    17    0.080878    0.167560    0.739572    1.730232 ^ clkbuf_0_wb_clk_i/X (sky130_fd_sc_hd__clkbuf_16)
                                                         clknet_0_wb_clk_i (net)
                      0.168053    0.007496    1.737728 ^ clkbuf_3_2_0_wb_clk_i/A (sky130_fd_sc_hd__clkbuf_8)
    11    0.037375    0.123327    0.332982    2.070710 ^ clkbuf_3_2_0_wb_clk_i/X (sky130_fd_sc_hd__clkbuf_8)
                                                         clknet_3_2_0_wb_clk_i (net)
                      0.123341    0.001476    2.072186 ^ _717_/CLK (sky130_fd_sc_hd__dfrtp_2)
                                  0.250000    2.322186   clock uncertainty
                                 -0.197210    2.124976   clock reconvergence pessimism
                                 -0.071312    2.053664   library hold time
                                              2.053664   data required time
---------------------------------------------------------------------------------------------
                                              2.053664   data required time
                                             -4.124074   data arrival time
---------------------------------------------------------------------------------------------
                                              2.070410   slack (MET)


Startpoint: _689_ (rising edge-triggered flip-flop clocked by wb_clk_i)
Endpoint: _689_ (rising edge-triggered flip-flop clocked by wb_clk_i)
Path Group: wb_clk_i
Path Type: min

Fanout         Cap        Slew       Delay        Time   Description
---------------------------------------------------------------------------------------------
                                  0.000000    0.000000   clock wb_clk_i (rise edge)
                                  0.000000    0.000000   clock source latency
     2    0.173147    1.249199    0.896311    0.896311 ^ wb_clk_i (in)
                                                         wb_clk_i (net)
                      1.273456    0.000000    0.896311 ^ clkbuf_0_wb_clk_i/A (sky130_fd_sc_hd__clkbuf_16)
    17    0.080878    0.167560    0.669136    1.565448 ^ clkbuf_0_wb_clk_i/X (sky130_fd_sc_hd__clkbuf_16)
                                                         clknet_0_wb_clk_i (net)
                      0.168090    0.007044    1.572492 ^ clkbuf_3_7_0_wb_clk_i/A (sky130_fd_sc_hd__clkbuf_8)
    12    0.037900    0.124575    0.302075    1.874567 ^ clkbuf_3_7_0_wb_clk_i/X (sky130_fd_sc_hd__clkbuf_8)
                                                         clknet_3_7_0_wb_clk_i (net)
                      0.124605    0.001804    1.876370 ^ _689_/CLK (sky130_fd_sc_hd__dfrtp_2)
     5    0.018970    0.176636    0.775552    2.651922 ^ _689_/Q (sky130_fd_sc_hd__dfrtp_2)
                                                         timer.sec_ones[0] (net)
                      0.176636    0.000625    2.652547 ^ _340_/B (sky130_fd_sc_hd__and2_2)
     2    0.009156    0.111444    0.329158    2.981705 ^ _340_/X (sky130_fd_sc_hd__and2_2)
                                                         _175_ (net)
                      0.111446    0.000567    2.982272 ^ _350_/A (sky130_fd_sc_hd__nor2_2)
     1    0.002614    0.033558    0.077757    3.060029 v _350_/Y (sky130_fd_sc_hd__nor2_2)
                                                         _164_ (net)
                      0.033558    0.000153    3.060182 v hold107/A (sky130_fd_sc_hd__dlygate4sd3_1)
     1    0.002698    0.104992    1.050698    4.110880 v hold107/X (sky130_fd_sc_hd__dlygate4sd3_1)
                                                         net107 (net)
                      0.104992    0.000164    4.111043 v _689_/D (sky130_fd_sc_hd__dfrtp_2)
                                              4.111043   data arrival time

                                  0.000000    0.000000   clock wb_clk_i (rise edge)
                                  0.000000    0.000000   clock source latency
     2    0.173147    1.249199    0.990660    0.990660 ^ wb_clk_i (in)
                                                         wb_clk_i (net)
                      1.273456    0.000000    0.990660 ^ clkbuf_0_wb_clk_i/A (sky130_fd_sc_hd__clkbuf_16)
    17    0.080878    0.167560    0.739572    1.730232 ^ clkbuf_0_wb_clk_i/X (sky130_fd_sc_hd__clkbuf_16)
                                                         clknet_0_wb_clk_i (net)
                      0.168090    0.007785    1.738017 ^ clkbuf_3_7_0_wb_clk_i/A (sky130_fd_sc_hd__clkbuf_8)
    12    0.037900    0.124575    0.333872    2.071889 ^ clkbuf_3_7_0_wb_clk_i/X (sky130_fd_sc_hd__clkbuf_8)
                                                         clknet_3_7_0_wb_clk_i (net)
                      0.124605    0.001994    2.073883 ^ _689_/CLK (sky130_fd_sc_hd__dfrtp_2)
                                  0.250000    2.323883   clock uncertainty
                                 -0.197513    2.126370   clock reconvergence pessimism
                                 -0.089233    2.037137   library hold time
                                              2.037137   data required time
---------------------------------------------------------------------------------------------
                                              2.037137   data required time
                                             -4.111043   data arrival time
---------------------------------------------------------------------------------------------
                                              2.073907   slack (MET)


Startpoint: _708_ (rising edge-triggered flip-flop clocked by wb_clk_i)
Endpoint: _711_ (rising edge-triggered flip-flop clocked by wb_clk_i)
Path Group: wb_clk_i
Path Type: min

Fanout         Cap        Slew       Delay        Time   Description
---------------------------------------------------------------------------------------------
                                  0.000000    0.000000   clock wb_clk_i (rise edge)
                                  0.000000    0.000000   clock source latency
     2    0.173147    1.249199    0.896311    0.896311 ^ wb_clk_i (in)
                                                         wb_clk_i (net)
                      1.273456    0.000000    0.896311 ^ clkbuf_0_wb_clk_i/A (sky130_fd_sc_hd__clkbuf_16)
    17    0.080878    0.167560    0.669136    1.565448 ^ clkbuf_0_wb_clk_i/X (sky130_fd_sc_hd__clkbuf_16)
                                                         clknet_0_wb_clk_i (net)
                      0.168029    0.006603    1.572050 ^ clkbuf_3_1_0_wb_clk_i/A (sky130_fd_sc_hd__clkbuf_8)
    11    0.037900    0.124584    0.302198    1.874248 ^ clkbuf_3_1_0_wb_clk_i/X (sky130_fd_sc_hd__clkbuf_8)
                                                         clknet_3_1_0_wb_clk_i (net)
                      0.124614    0.001771    1.876019 ^ _708_/CLK (sky130_fd_sc_hd__dfrtp_2)
     2    0.004888    0.084248    0.682968    2.558987 ^ _708_/Q (sky130_fd_sc_hd__dfrtp_2)
                                                         timer.scan_div[14] (net)
                      0.084248    0.000197    2.559183 ^ _525_/C (sky130_fd_sc_hd__and4_2)
     4    0.013416    0.181028    0.527281    3.086465 ^ _525_/X (sky130_fd_sc_hd__and4_2)
                                                         _291_ (net)
                      0.181028    0.000768    3.087233 ^ _526_/B (sky130_fd_sc_hd__and2_2)
     6    0.035815    0.307819    0.479569    3.566801 ^ _526_/X (sky130_fd_sc_hd__and2_2)
                                                         _292_ (net)
                      0.307848    0.002988    3.569789 ^ _530_/C (sky130_fd_sc_hd__and3_2)
     2    0.015918    0.175763    0.510499    4.080288 ^ _530_/X (sky130_fd_sc_hd__and3_2)
                                                         _294_ (net)
                      0.175766    0.000937    4.081225 ^ _531_/B (sky130_fd_sc_hd__nor2_2)
     1    0.002699    0.040768    0.085943    4.167168 v _531_/Y (sky130_fd_sc_hd__nor2_2)
                                                         _009_ (net)
                      0.040769    0.000165    4.167332 v _711_/D (sky130_fd_sc_hd__dfrtp_2)
                                              4.167332   data arrival time

                                  0.000000    0.000000   clock wb_clk_i (rise edge)
                                  0.000000    0.000000   clock source latency
     2    0.173147    1.249199    0.990660    0.990660 ^ wb_clk_i (in)
                                                         wb_clk_i (net)
                      1.273456    0.000000    0.990660 ^ clkbuf_0_wb_clk_i/A (sky130_fd_sc_hd__clkbuf_16)
    17    0.080878    0.167560    0.739572    1.730232 ^ clkbuf_0_wb_clk_i/X (sky130_fd_sc_hd__clkbuf_16)
                                                         clknet_0_wb_clk_i (net)
                      0.168126    0.008069    1.738300 ^ clkbuf_3_0_0_wb_clk_i/A (sky130_fd_sc_hd__clkbuf_8)
    11    0.036469    0.121162    0.331264    2.069565 ^ clkbuf_3_0_0_wb_clk_i/X (sky130_fd_sc_hd__clkbuf_8)
                                                         clknet_3_0_0_wb_clk_i (net)
                      0.121187    0.001784    2.071349 ^ _711_/CLK (sky130_fd_sc_hd__dfrtp_2)
                                  0.250000    2.321349   clock uncertainty
                                 -0.164784    2.156565   clock reconvergence pessimism
                                 -0.066536    2.090029   library hold time
                                              2.090029   data required time
---------------------------------------------------------------------------------------------
                                              2.090029   data required time
                                             -4.167332   data arrival time
---------------------------------------------------------------------------------------------
                                              2.077303   slack (MET)


Startpoint: _748_ (rising edge-triggered flip-flop clocked by wb_clk_i)
Endpoint: _749_ (rising edge-triggered flip-flop clocked by wb_clk_i)
Path Group: wb_clk_i
Path Type: min

Fanout         Cap        Slew       Delay        Time   Description
---------------------------------------------------------------------------------------------
                                  0.000000    0.000000   clock wb_clk_i (rise edge)
                                  0.000000    0.000000   clock source latency
     2    0.173147    1.249199    0.896311    0.896311 ^ wb_clk_i (in)
                                                         wb_clk_i (net)
                      1.273456    0.000000    0.896311 ^ clkbuf_0_wb_clk_i/A (sky130_fd_sc_hd__clkbuf_16)
    17    0.080878    0.167560    0.669136    1.565448 ^ clkbuf_0_wb_clk_i/X (sky130_fd_sc_hd__clkbuf_16)
                                                         clknet_0_wb_clk_i (net)
                      0.168029    0.006603    1.572050 ^ clkbuf_3_1_0_wb_clk_i/A (sky130_fd_sc_hd__clkbuf_8)
    11    0.037900    0.124584    0.302198    1.874248 ^ clkbuf_3_1_0_wb_clk_i/X (sky130_fd_sc_hd__clkbuf_8)
                                                         clknet_3_1_0_wb_clk_i (net)
                      0.124645    0.002373    1.876621 ^ _748_/CLK (sky130_fd_sc_hd__dfrtp_2)
     3    0.007568    0.102149    0.702337    2.578958 ^ _748_/Q (sky130_fd_sc_hd__dfrtp_2)
                                                         timer.sec_div[21] (net)
                      0.102149    0.000375    2.579332 ^ _464_/A (sky130_fd_sc_hd__and3_2)
     1    0.009224    0.125812    0.374457    2.953789 ^ _464_/X (sky130_fd_sc_hd__and3_2)
                                                         _256_ (net)
                      0.125812    0.000488    2.954278 ^ _467_/B (sky130_fd_sc_hd__xor2_2)
     1    0.002025    0.050069    0.114571    3.068850 v _467_/X (sky130_fd_sc_hd__xor2_2)
                                                         _048_ (net)
                      0.050069    0.000135    3.068984 v hold64/A (sky130_fd_sc_hd__dlygate4sd3_1)
     1    0.002320    0.102165    1.051367    4.120351 v hold64/X (sky130_fd_sc_hd__dlygate4sd3_1)
                                                         net64 (net)
                      0.102165    0.000155    4.120507 v _749_/D (sky130_fd_sc_hd__dfrtp_2)
                                              4.120507   data arrival time

                                  0.000000    0.000000   clock wb_clk_i (rise edge)
                                  0.000000    0.000000   clock source latency
     2    0.173147    1.249199    0.990660    0.990660 ^ wb_clk_i (in)
                                                         wb_clk_i (net)
                      1.273456    0.000000    0.990660 ^ clkbuf_0_wb_clk_i/A (sky130_fd_sc_hd__clkbuf_16)
    17    0.080878    0.167560    0.739572    1.730232 ^ clkbuf_0_wb_clk_i/X (sky130_fd_sc_hd__clkbuf_16)
                                                         clknet_0_wb_clk_i (net)
                      0.168029    0.007298    1.737529 ^ clkbuf_3_1_0_wb_clk_i/A (sky130_fd_sc_hd__clkbuf_8)
    11    0.037900    0.124584    0.334008    2.071537 ^ clkbuf_3_1_0_wb_clk_i/X (sky130_fd_sc_hd__clkbuf_8)
                                                         clknet_3_1_0_wb_clk_i (net)
                      0.124636    0.002458    2.073995 ^ _749_/CLK (sky130_fd_sc_hd__dfrtp_2)
                                  0.250000    2.323995   clock uncertainty
                                 -0.197289    2.126706   clock reconvergence pessimism
                                 -0.088190    2.038515   library hold time
                                              2.038515   data required time
---------------------------------------------------------------------------------------------
                                              2.038515   data required time
                                             -4.120507   data arrival time
---------------------------------------------------------------------------------------------
                                              2.081991   slack (MET)


Startpoint: _719_ (rising edge-triggered flip-flop clocked by wb_clk_i)
Endpoint: _720_ (rising edge-triggered flip-flop clocked by wb_clk_i)
Path Group: wb_clk_i
Path Type: min

Fanout         Cap        Slew       Delay        Time   Description
---------------------------------------------------------------------------------------------
                                  0.000000    0.000000   clock wb_clk_i (rise edge)
                                  0.000000    0.000000   clock source latency
     2    0.173147    1.249199    0.896311    0.896311 ^ wb_clk_i (in)
                                                         wb_clk_i (net)
                      1.273456    0.000000    0.896311 ^ clkbuf_0_wb_clk_i/A (sky130_fd_sc_hd__clkbuf_16)
    17    0.080878    0.167560    0.669136    1.565448 ^ clkbuf_0_wb_clk_i/X (sky130_fd_sc_hd__clkbuf_16)
                                                         clknet_0_wb_clk_i (net)
                      0.168053    0.006783    1.572230 ^ clkbuf_3_2_0_wb_clk_i/A (sky130_fd_sc_hd__clkbuf_8)
    11    0.037375    0.123327    0.301270    1.873500 ^ clkbuf_3_2_0_wb_clk_i/X (sky130_fd_sc_hd__clkbuf_8)
                                                         clknet_3_2_0_wb_clk_i (net)
                      0.123364    0.001927    1.875427 ^ _719_/CLK (sky130_fd_sc_hd__dfrtp_2)
     2    0.006474    0.095349    0.694676    2.570104 ^ _719_/Q (sky130_fd_sc_hd__dfrtp_2)
                                                         timer.scan_div[25] (net)
                      0.095349    0.000334    2.570437 ^ _550_/B (sky130_fd_sc_hd__and3_2)
     1    0.009419    0.127200    0.386921    2.957359 ^ _550_/X (sky130_fd_sc_hd__and3_2)
                                                         _306_ (net)
                      0.127200    0.000518    2.957876 ^ _552_/B (sky130_fd_sc_hd__xor2_2)
     1    0.001797    0.049021    0.113555    3.071431 v _552_/X (sky130_fd_sc_hd__xor2_2)
                                                         _019_ (net)
                      0.049021    0.000076    3.071507 v hold71/A (sky130_fd_sc_hd__dlygate4sd3_1)
     1    0.002159    0.100681    1.048370    4.119877 v hold71/X (sky130_fd_sc_hd__dlygate4sd3_1)
                                                         net71 (net)
                      0.100681    0.000143    4.120020 v _720_/D (sky130_fd_sc_hd__dfrtp_2)
                                              4.120020   data arrival time

                                  0.000000    0.000000   clock wb_clk_i (rise edge)
                                  0.000000    0.000000   clock source latency
     2    0.173147    1.249199    0.990660    0.990660 ^ wb_clk_i (in)
                                                         wb_clk_i (net)
                      1.273456    0.000000    0.990660 ^ clkbuf_0_wb_clk_i/A (sky130_fd_sc_hd__clkbuf_16)
    17    0.080878    0.167560    0.739572    1.730232 ^ clkbuf_0_wb_clk_i/X (sky130_fd_sc_hd__clkbuf_16)
                                                         clknet_0_wb_clk_i (net)
                      0.168053    0.007496    1.737728 ^ clkbuf_3_2_0_wb_clk_i/A (sky130_fd_sc_hd__clkbuf_8)
    11    0.037375    0.123327    0.332982    2.070710 ^ clkbuf_3_2_0_wb_clk_i/X (sky130_fd_sc_hd__clkbuf_8)
                                                         clknet_3_2_0_wb_clk_i (net)
                      0.123366    0.002188    2.072898 ^ _720_/CLK (sky130_fd_sc_hd__dfrtp_2)
                                  0.250000    2.322898   clock uncertainty
                                 -0.197210    2.125688   clock reconvergence pessimism
                                 -0.087954    2.037733   library hold time
                                              2.037733   data required time
---------------------------------------------------------------------------------------------
                                              2.037733   data required time
                                             -4.120020   data arrival time
---------------------------------------------------------------------------------------------
                                              2.082287   slack (MET)


Startpoint: _752_ (rising edge-triggered flip-flop clocked by wb_clk_i)
Endpoint: _753_ (rising edge-triggered flip-flop clocked by wb_clk_i)
Path Group: wb_clk_i
Path Type: min

Fanout         Cap        Slew       Delay        Time   Description
---------------------------------------------------------------------------------------------
                                  0.000000    0.000000   clock wb_clk_i (rise edge)
                                  0.000000    0.000000   clock source latency
     2    0.173147    1.249199    0.896311    0.896311 ^ wb_clk_i (in)
                                                         wb_clk_i (net)
                      1.273456    0.000000    0.896311 ^ clkbuf_0_wb_clk_i/A (sky130_fd_sc_hd__clkbuf_16)
    17    0.080878    0.167560    0.669136    1.565448 ^ clkbuf_0_wb_clk_i/X (sky130_fd_sc_hd__clkbuf_16)
                                                         clknet_0_wb_clk_i (net)
                      0.167872    0.005279    1.570727 ^ clkbuf_3_6_0_wb_clk_i/A (sky130_fd_sc_hd__clkbuf_8)
    12    0.039360    0.128046    0.304360    1.875087 ^ clkbuf_3_6_0_wb_clk_i/X (sky130_fd_sc_hd__clkbuf_8)
                                                         clknet_3_6_0_wb_clk_i (net)
                      0.128184    0.003516    1.878603 ^ _752_/CLK (sky130_fd_sc_hd__dfrtp_2)
     2    0.005971    0.091452    0.693580    2.572183 ^ _752_/Q (sky130_fd_sc_hd__dfrtp_2)
                                                         timer.sec_div[25] (net)
                      0.092322    0.000253    2.572436 ^ _474_/A (sky130_fd_sc_hd__and3_2)
     1    0.010150    0.132390    0.377149    2.949586 ^ _474_/X (sky130_fd_sc_hd__and3_2)
                                                         _262_ (net)
                      0.132390    0.000563    2.950148 ^ _476_/B (sky130_fd_sc_hd__xor2_2)
     1    0.002675    0.053028    0.121643    3.071791 v _476_/X (sky130_fd_sc_hd__xor2_2)
                                                         _052_ (net)
                      0.053028    0.000155    3.071946 v hold56/A (sky130_fd_sc_hd__dlygate4sd3_1)
     1    0.002461    0.103142    1.054834    4.126781 v hold56/X (sky130_fd_sc_hd__dlygate4sd3_1)
                                                         net56 (net)
                      0.103142    0.000156    4.126937 v _753_/D (sky130_fd_sc_hd__dfrtp_2)
                                              4.126937   data arrival time

                                  0.000000    0.000000   clock wb_clk_i (rise edge)
                                  0.000000    0.000000   clock source latency
     2    0.173147    1.249199    0.990660    0.990660 ^ wb_clk_i (in)
                                                         wb_clk_i (net)
                      1.273456    0.000000    0.990660 ^ clkbuf_0_wb_clk_i/A (sky130_fd_sc_hd__clkbuf_16)
    17    0.080878    0.167560    0.739572    1.730232 ^ clkbuf_0_wb_clk_i/X (sky130_fd_sc_hd__clkbuf_16)
                                                         clknet_0_wb_clk_i (net)
                      0.167872    0.005835    1.736067 ^ clkbuf_3_6_0_wb_clk_i/A (sky130_fd_sc_hd__clkbuf_8)
    12    0.039360    0.128046    0.336398    2.072464 ^ clkbuf_3_6_0_wb_clk_i/X (sky130_fd_sc_hd__clkbuf_8)
                                                         clknet_3_6_0_wb_clk_i (net)
                      0.128170    0.003718    2.076183 ^ _753_/CLK (sky130_fd_sc_hd__dfrtp_2)
                                  0.250000    2.326183   clock uncertainty
                                 -0.197377    2.128805   clock reconvergence pessimism
                                 -0.087692    2.041113   library hold time
                                              2.041113   data required time
---------------------------------------------------------------------------------------------
                                              2.041113   data required time
                                             -4.126937   data arrival time
---------------------------------------------------------------------------------------------
                                              2.085824   slack (MET)


Startpoint: _691_ (rising edge-triggered flip-flop clocked by wb_clk_i)
Endpoint: _692_ (rising edge-triggered flip-flop clocked by wb_clk_i)
Path Group: wb_clk_i
Path Type: min

Fanout         Cap        Slew       Delay        Time   Description
---------------------------------------------------------------------------------------------
                                  0.000000    0.000000   clock wb_clk_i (rise edge)
                                  0.000000    0.000000   clock source latency
     2    0.173147    1.249199    0.896311    0.896311 ^ wb_clk_i (in)
                                                         wb_clk_i (net)
                      1.273456    0.000000    0.896311 ^ clkbuf_0_wb_clk_i/A (sky130_fd_sc_hd__clkbuf_16)
    17    0.080878    0.167560    0.669136    1.565448 ^ clkbuf_0_wb_clk_i/X (sky130_fd_sc_hd__clkbuf_16)
                                                         clknet_0_wb_clk_i (net)
                      0.168090    0.007044    1.572492 ^ clkbuf_3_7_0_wb_clk_i/A (sky130_fd_sc_hd__clkbuf_8)
    12    0.037900    0.124575    0.302075    1.874567 ^ clkbuf_3_7_0_wb_clk_i/X (sky130_fd_sc_hd__clkbuf_8)
                                                         clknet_3_7_0_wb_clk_i (net)
                      0.124598    0.001619    1.876186 ^ _691_/CLK (sky130_fd_sc_hd__dfrtp_2)
     4    0.013666    0.126810    0.848106    2.724292 v _691_/Q (sky130_fd_sc_hd__dfrtp_2)
                                                         timer.sec_ones[2] (net)
                      0.126810    0.000700    2.724991 v _342_/A1 (sky130_fd_sc_hd__a21oi_2)
     1    0.006082    0.167717    0.235997    2.960988 ^ _342_/Y (sky130_fd_sc_hd__a21oi_2)
                                                         _177_ (net)
                      0.167717    0.000419    2.961407 ^ _345_/B1 (sky130_fd_sc_hd__a311oi_2)
     1    0.002633    0.063186    0.105766    3.067173 v _345_/Y (sky130_fd_sc_hd__a311oi_2)
                                                         _167_ (net)
                      0.063186    0.000179    3.067353 v hold113/A (sky130_fd_sc_hd__dlygate4sd3_1)
     1    0.002341    0.102238    1.057043    4.124395 v hold113/X (sky130_fd_sc_hd__dlygate4sd3_1)
                                                         net113 (net)
                      0.102238    0.000151    4.124546 v _692_/D (sky130_fd_sc_hd__dfrtp_2)
                                              4.124546   data arrival time

                                  0.000000    0.000000   clock wb_clk_i (rise edge)
                                  0.000000    0.000000   clock source latency
     2    0.173147    1.249199    0.990660    0.990660 ^ wb_clk_i (in)
                                                         wb_clk_i (net)
                      1.273456    0.000000    0.990660 ^ clkbuf_0_wb_clk_i/A (sky130_fd_sc_hd__clkbuf_16)
    17    0.080878    0.167560    0.739572    1.730232 ^ clkbuf_0_wb_clk_i/X (sky130_fd_sc_hd__clkbuf_16)
                                                         clknet_0_wb_clk_i (net)
                      0.168090    0.007785    1.738017 ^ clkbuf_3_7_0_wb_clk_i/A (sky130_fd_sc_hd__clkbuf_8)
    12    0.037900    0.124575    0.333872    2.071889 ^ clkbuf_3_7_0_wb_clk_i/X (sky130_fd_sc_hd__clkbuf_8)
                                                         clknet_3_7_0_wb_clk_i (net)
                      0.124601    0.001871    2.073760 ^ _692_/CLK (sky130_fd_sc_hd__dfrtp_2)
                                  0.250000    2.323760   clock uncertainty
                                 -0.197323    2.126437   clock reconvergence pessimism
                                 -0.088226    2.038212   library hold time
                                              2.038212   data required time
---------------------------------------------------------------------------------------------
                                              2.038212   data required time
                                             -4.124546   data arrival time
---------------------------------------------------------------------------------------------
                                              2.086334   slack (MET)


Startpoint: _705_ (rising edge-triggered flip-flop clocked by wb_clk_i)
Endpoint: _726_ (rising edge-triggered flip-flop clocked by wb_clk_i)
Path Group: wb_clk_i
Path Type: min

Fanout         Cap        Slew       Delay        Time   Description
---------------------------------------------------------------------------------------------
                                  0.000000    0.000000   clock wb_clk_i (rise edge)
                                  0.000000    0.000000   clock source latency
     2    0.173147    1.249199    0.896311    0.896311 ^ wb_clk_i (in)
                                                         wb_clk_i (net)
                      1.273456    0.000000    0.896311 ^ clkbuf_0_wb_clk_i/A (sky130_fd_sc_hd__clkbuf_16)
    17    0.080878    0.167560    0.669136    1.565448 ^ clkbuf_0_wb_clk_i/X (sky130_fd_sc_hd__clkbuf_16)
                                                         clknet_0_wb_clk_i (net)
                      0.167859    0.005155    1.570602 ^ clkbuf_3_3_0_wb_clk_i/A (sky130_fd_sc_hd__clkbuf_8)
    11    0.038093    0.125050    0.302447    1.873050 ^ clkbuf_3_3_0_wb_clk_i/X (sky130_fd_sc_hd__clkbuf_8)
                                                         clknet_3_3_0_wb_clk_i (net)
                      0.125077    0.001701    1.874751 ^ _705_/CLK (sky130_fd_sc_hd__dfrtp_2)
     1    0.002070    0.064969    0.656523    2.531274 ^ _705_/Q (sky130_fd_sc_hd__dfrtp_2)
                                                         timer.scan_div[11] (net)
                      0.064969    0.000134    2.531408 ^ hold83/A (sky130_fd_sc_hd__dlygate4sd3_1)
     3    0.008211    0.164479    1.053252    3.584660 ^ hold83/X (sky130_fd_sc_hd__dlygate4sd3_1)
                                                         net83 (net)
                      0.164479    0.000426    3.585086 ^ _398_/D (sky130_fd_sc_hd__or4_2)
     1    0.003951    0.056727    0.222443    3.807529 ^ _398_/X (sky130_fd_sc_hd__or4_2)
                                                         _213_ (net)
                      0.056727    0.000248    3.807776 ^ _399_/D (sky130_fd_sc_hd__or4_2)
     4    0.017867    0.155167    0.252879    4.060655 ^ _399_/X (sky130_fd_sc_hd__or4_2)
                                                         _214_ (net)
                      0.155180    0.001482    4.062138 ^ _400_/A (sky130_fd_sc_hd__inv_2)
     1    0.011750    0.068099    0.112031    4.174169 v _400_/Y (sky130_fd_sc_hd__inv_2)
                                                         _000_ (net)
                      0.068118    0.001033    4.175201 v _726_/D (sky130_fd_sc_hd__dfrtp_2)
                                              4.175201   data arrival time

                                  0.000000    0.000000   clock wb_clk_i (rise edge)
                                  0.000000    0.000000   clock source latency
     2    0.173147    1.249199    0.990660    0.990660 ^ wb_clk_i (in)
                                                         wb_clk_i (net)
                      1.273456    0.000000    0.990660 ^ clkbuf_0_wb_clk_i/A (sky130_fd_sc_hd__clkbuf_16)
    17    0.080878    0.167560    0.739572    1.730232 ^ clkbuf_0_wb_clk_i/X (sky130_fd_sc_hd__clkbuf_16)
                                                         clknet_0_wb_clk_i (net)
                      0.168001    0.007065    1.737296 ^ clkbuf_3_4_0_wb_clk_i/A (sky130_fd_sc_hd__clkbuf_8)
    11    0.038444    0.125873    0.334860    2.072156 ^ clkbuf_3_4_0_wb_clk_i/X (sky130_fd_sc_hd__clkbuf_8)
                                                         clknet_3_4_0_wb_clk_i (net)
                      0.125914    0.002269    2.074425 ^ _726_/CLK (sky130_fd_sc_hd__dfrtp_2)
                                  0.250000    2.324425   clock uncertainty
                                 -0.164784    2.159641   clock reconvergence pessimism
                                 -0.075409    2.084232   library hold time
                                              2.084232   data required time
---------------------------------------------------------------------------------------------
                                              2.084232   data required time
                                             -4.175201   data arrival time
---------------------------------------------------------------------------------------------
                                              2.090970   slack (MET)


Startpoint: _685_ (rising edge-triggered flip-flop clocked by wb_clk_i)
Endpoint: _683_ (rising edge-triggered flip-flop clocked by wb_clk_i)
Path Group: wb_clk_i
Path Type: min

Fanout         Cap        Slew       Delay        Time   Description
---------------------------------------------------------------------------------------------
                                  0.000000    0.000000   clock wb_clk_i (rise edge)
                                  0.000000    0.000000   clock source latency
     2    0.173147    1.249199    0.896311    0.896311 ^ wb_clk_i (in)
                                                         wb_clk_i (net)
                      1.273456    0.000000    0.896311 ^ clkbuf_0_wb_clk_i/A (sky130_fd_sc_hd__clkbuf_16)
    17    0.080878    0.167560    0.669136    1.565448 ^ clkbuf_0_wb_clk_i/X (sky130_fd_sc_hd__clkbuf_16)
                                                         clknet_0_wb_clk_i (net)
                      0.168169    0.007583    1.573030 ^ clkbuf_3_5_0_wb_clk_i/A (sky130_fd_sc_hd__clkbuf_8)
    11    0.039719    0.128953    0.305461    1.878491 ^ clkbuf_3_5_0_wb_clk_i/X (sky130_fd_sc_hd__clkbuf_8)
                                                         clknet_3_5_0_wb_clk_i (net)
                      0.128981    0.001769    1.880261 ^ _685_/CLK (sky130_fd_sc_hd__dfrtp_2)
     2    0.004196    0.080973    0.790257    2.670517 v _685_/Q (sky130_fd_sc_hd__dfrtp_2)
                                                         timer.sec_tens[0] (net)
                      0.080973    0.000227    2.670744 v _356_/B (sky130_fd_sc_hd__and4b_2)
     6    0.027837    0.175874    0.537344    3.208089 v _356_/X (sky130_fd_sc_hd__and4b_2)
                                                         _186_ (net)
                      0.175900    0.002043    3.210132 v _363_/D (sky130_fd_sc_hd__and4_2)
     2    0.012101    0.106502    0.561094    3.771226 v _363_/X (sky130_fd_sc_hd__and4_2)
                                                         _190_ (net)
                      0.106503    0.000568    3.771793 v _370_/A_N (sky130_fd_sc_hd__and2b_2)
     1    0.002430    0.060632    0.395005    4.166798 ^ _370_/X (sky130_fd_sc_hd__and2b_2)
                                                         _158_ (net)
                      0.060632    0.000152    4.166950 ^ _683_/D (sky130_fd_sc_hd__dfrtp_2)
                                              4.166950   data arrival time

                                  0.000000    0.000000   clock wb_clk_i (rise edge)
                                  0.000000    0.000000   clock source latency
     2    0.173147    1.249199    0.990660    0.990660 ^ wb_clk_i (in)
                                                         wb_clk_i (net)
                      1.273456    0.000000    0.990660 ^ clkbuf_0_wb_clk_i/A (sky130_fd_sc_hd__clkbuf_16)
    17    0.080878    0.167560    0.739572    1.730232 ^ clkbuf_0_wb_clk_i/X (sky130_fd_sc_hd__clkbuf_16)
                                                         clknet_0_wb_clk_i (net)
                      0.168169    0.008381    1.738613 ^ clkbuf_3_5_0_wb_clk_i/A (sky130_fd_sc_hd__clkbuf_8)
    11    0.039719    0.128953    0.337615    2.076227 ^ clkbuf_3_5_0_wb_clk_i/X (sky130_fd_sc_hd__clkbuf_8)
                                                         clknet_3_5_0_wb_clk_i (net)
                      0.128990    0.002164    2.078391 ^ _683_/CLK (sky130_fd_sc_hd__dfrtp_2)
                                  0.250000    2.328391   clock uncertainty
                                 -0.197736    2.130655   clock reconvergence pessimism
                                 -0.065089    2.065566   library hold time
                                              2.065566   data required time
---------------------------------------------------------------------------------------------
                                              2.065566   data required time
                                             -4.166950   data arrival time
---------------------------------------------------------------------------------------------
                                              2.101385   slack (MET)


Startpoint: _708_ (rising edge-triggered flip-flop clocked by wb_clk_i)
Endpoint: _708_ (rising edge-triggered flip-flop clocked by wb_clk_i)
Path Group: wb_clk_i
Path Type: min

Fanout         Cap        Slew       Delay        Time   Description
---------------------------------------------------------------------------------------------
                                  0.000000    0.000000   clock wb_clk_i (rise edge)
                                  0.000000    0.000000   clock source latency
     2    0.173147    1.249199    0.896311    0.896311 ^ wb_clk_i (in)
                                                         wb_clk_i (net)
                      1.273456    0.000000    0.896311 ^ clkbuf_0_wb_clk_i/A (sky130_fd_sc_hd__clkbuf_16)
    17    0.080878    0.167560    0.669136    1.565448 ^ clkbuf_0_wb_clk_i/X (sky130_fd_sc_hd__clkbuf_16)
                                                         clknet_0_wb_clk_i (net)
                      0.168029    0.006603    1.572050 ^ clkbuf_3_1_0_wb_clk_i/A (sky130_fd_sc_hd__clkbuf_8)
    11    0.037900    0.124584    0.302198    1.874248 ^ clkbuf_3_1_0_wb_clk_i/X (sky130_fd_sc_hd__clkbuf_8)
                                                         clknet_3_1_0_wb_clk_i (net)
                      0.124614    0.001771    1.876019 ^ _708_/CLK (sky130_fd_sc_hd__dfrtp_2)
     2    0.004888    0.084248    0.682968    2.558987 ^ _708_/Q (sky130_fd_sc_hd__dfrtp_2)
                                                         timer.scan_div[14] (net)
                      0.084248    0.000131    2.559118 ^ hold176/A (sky130_fd_sc_hd__dlygate4sd3_1)
     3    0.013919    0.240618    1.124967    3.684085 ^ hold176/X (sky130_fd_sc_hd__dlygate4sd3_1)
                                                         net176 (net)
                      0.240618    0.000208    3.684294 ^ _522_/A (sky130_fd_sc_hd__nor2_2)
     1    0.002438    0.044321    0.120879    3.805173 v _522_/Y (sky130_fd_sc_hd__nor2_2)
                                                         _289_ (net)
                      0.044324    0.000146    3.805319 v _524_/A_N (sky130_fd_sc_hd__and2b_2)
     1    0.002127    0.058627    0.364717    4.170035 ^ _524_/X (sky130_fd_sc_hd__and2b_2)
                                                         _006_ (net)
                      0.058627    0.000146    4.170182 ^ _708_/D (sky130_fd_sc_hd__dfrtp_2)
                                              4.170182   data arrival time

                                  0.000000    0.000000   clock wb_clk_i (rise edge)
                                  0.000000    0.000000   clock source latency
     2    0.173147    1.249199    0.990660    0.990660 ^ wb_clk_i (in)
                                                         wb_clk_i (net)
                      1.273456    0.000000    0.990660 ^ clkbuf_0_wb_clk_i/A (sky130_fd_sc_hd__clkbuf_16)
    17    0.080878    0.167560    0.739572    1.730232 ^ clkbuf_0_wb_clk_i/X (sky130_fd_sc_hd__clkbuf_16)
                                                         clknet_0_wb_clk_i (net)
                      0.168029    0.007298    1.737529 ^ clkbuf_3_1_0_wb_clk_i/A (sky130_fd_sc_hd__clkbuf_8)
    11    0.037900    0.124584    0.334008    2.071537 ^ clkbuf_3_1_0_wb_clk_i/X (sky130_fd_sc_hd__clkbuf_8)
                                                         clknet_3_1_0_wb_clk_i (net)
                      0.124614    0.001957    2.073494 ^ _708_/CLK (sky130_fd_sc_hd__dfrtp_2)
                                  0.250000    2.323495   clock uncertainty
                                 -0.197476    2.126019   clock reconvergence pessimism
                                 -0.065351    2.060668   library hold time
                                              2.060668   data required time
---------------------------------------------------------------------------------------------
                                              2.060668   data required time
                                             -4.170182   data arrival time
---------------------------------------------------------------------------------------------
                                              2.109514   slack (MET)


Startpoint: _698_ (rising edge-triggered flip-flop clocked by wb_clk_i)
Endpoint: _707_ (rising edge-triggered flip-flop clocked by wb_clk_i)
Path Group: wb_clk_i
Path Type: min

Fanout         Cap        Slew       Delay        Time   Description
---------------------------------------------------------------------------------------------
                                  0.000000    0.000000   clock wb_clk_i (rise edge)
                                  0.000000    0.000000   clock source latency
     2    0.173147    1.249199    0.896311    0.896311 ^ wb_clk_i (in)
                                                         wb_clk_i (net)
                      1.273456    0.000000    0.896311 ^ clkbuf_0_wb_clk_i/A (sky130_fd_sc_hd__clkbuf_16)
    17    0.080878    0.167560    0.669136    1.565448 ^ clkbuf_0_wb_clk_i/X (sky130_fd_sc_hd__clkbuf_16)
                                                         clknet_0_wb_clk_i (net)
                      0.168029    0.006603    1.572050 ^ clkbuf_3_1_0_wb_clk_i/A (sky130_fd_sc_hd__clkbuf_8)
    11    0.037900    0.124584    0.302198    1.874248 ^ clkbuf_3_1_0_wb_clk_i/X (sky130_fd_sc_hd__clkbuf_8)
                                                         clknet_3_1_0_wb_clk_i (net)
                      0.124614    0.001774    1.876022 ^ _698_/CLK (sky130_fd_sc_hd__dfrtp_2)
     2    0.006254    0.094022    0.693801    2.569823 ^ _698_/Q (sky130_fd_sc_hd__dfrtp_2)
                                                         timer.scan_div[4] (net)
                      0.094022    0.000370    2.570193 ^ _499_/B (sky130_fd_sc_hd__and2_2)
     4    0.010252    0.119363    0.306463    2.876655 ^ _499_/X (sky130_fd_sc_hd__and2_2)
                                                         _275_ (net)
                      0.119363    0.000282    2.876938 ^ _516_/B (sky130_fd_sc_hd__and4_2)
     8    0.036244    0.345918    0.670394    3.547331 ^ _516_/X (sky130_fd_sc_hd__and4_2)
                                                         _286_ (net)
                      0.345930    0.002356    3.549688 ^ _520_/C (sky130_fd_sc_hd__and3_2)
     3    0.018125    0.186775    0.537069    4.086757 ^ _520_/X (sky130_fd_sc_hd__and3_2)
                                                         _288_ (net)
                      0.186776    0.000907    4.087664 ^ _521_/B (sky130_fd_sc_hd__nor2_2)
     1    0.002106    0.037471    0.085508    4.173172 v _521_/Y (sky130_fd_sc_hd__nor2_2)
                                                         _005_ (net)
                      0.037471    0.000143    4.173314 v _707_/D (sky130_fd_sc_hd__dfrtp_2)
                                              4.173314   data arrival time

                                  0.000000    0.000000   clock wb_clk_i (rise edge)
                                  0.000000    0.000000   clock source latency
     2    0.173147    1.249199    0.990660    0.990660 ^ wb_clk_i (in)
                                                         wb_clk_i (net)
                      1.273456    0.000000    0.990660 ^ clkbuf_0_wb_clk_i/A (sky130_fd_sc_hd__clkbuf_16)
    17    0.080878    0.167560    0.739572    1.730232 ^ clkbuf_0_wb_clk_i/X (sky130_fd_sc_hd__clkbuf_16)
                                                         clknet_0_wb_clk_i (net)
                      0.168029    0.007298    1.737529 ^ clkbuf_3_1_0_wb_clk_i/A (sky130_fd_sc_hd__clkbuf_8)
    11    0.037900    0.124584    0.334008    2.071537 ^ clkbuf_3_1_0_wb_clk_i/X (sky130_fd_sc_hd__clkbuf_8)
                                                         clknet_3_1_0_wb_clk_i (net)
                      0.124619    0.002088    2.073625 ^ _707_/CLK (sky130_fd_sc_hd__dfrtp_2)
                                  0.250000    2.323625   clock uncertainty
                                 -0.197289    2.126336   clock reconvergence pessimism
                                 -0.064496    2.061840   library hold time
                                              2.061840   data required time
---------------------------------------------------------------------------------------------
                                              2.061840   data required time
                                             -4.173314   data arrival time
---------------------------------------------------------------------------------------------
                                              2.111474   slack (MET)


Startpoint: _722_ (rising edge-triggered flip-flop clocked by wb_clk_i)
Endpoint: _725_ (rising edge-triggered flip-flop clocked by wb_clk_i)
Path Group: wb_clk_i
Path Type: min

Fanout         Cap        Slew       Delay        Time   Description
---------------------------------------------------------------------------------------------
                                  0.000000    0.000000   clock wb_clk_i (rise edge)
                                  0.000000    0.000000   clock source latency
     2    0.173147    1.249199    0.896311    0.896311 ^ wb_clk_i (in)
                                                         wb_clk_i (net)
                      1.273456    0.000000    0.896311 ^ clkbuf_0_wb_clk_i/A (sky130_fd_sc_hd__clkbuf_16)
    17    0.080878    0.167560    0.669136    1.565448 ^ clkbuf_0_wb_clk_i/X (sky130_fd_sc_hd__clkbuf_16)
                                                         clknet_0_wb_clk_i (net)
                      0.168126    0.007300    1.572748 ^ clkbuf_3_0_0_wb_clk_i/A (sky130_fd_sc_hd__clkbuf_8)
    11    0.036469    0.121162    0.299715    1.872463 ^ clkbuf_3_0_0_wb_clk_i/X (sky130_fd_sc_hd__clkbuf_8)
                                                         clknet_3_0_0_wb_clk_i (net)
                      0.121223    0.002328    1.874792 ^ _722_/CLK (sky130_fd_sc_hd__dfrtp_2)
     2    0.005494    0.088490    0.687147    2.561939 ^ _722_/Q (sky130_fd_sc_hd__dfrtp_2)
                                                         timer.scan_div[28] (net)
                      0.088490    0.000299    2.562238 ^ _561_/A (sky130_fd_sc_hd__and4_2)
     1    0.008919    0.144866    0.453255    3.015493 ^ _561_/X (sky130_fd_sc_hd__and4_2)
                                                         _312_ (net)
                      0.144866    0.000211    3.015703 ^ _563_/B (sky130_fd_sc_hd__xor2_2)
     1    0.001811    0.049078    0.120576    3.136279 v _563_/X (sky130_fd_sc_hd__xor2_2)
                                                         _025_ (net)
                      0.049078    0.000078    3.136357 v hold30/A (sky130_fd_sc_hd__dlygate4sd3_1)
     1    0.002132    0.100433    1.047964    4.184321 v hold30/X (sky130_fd_sc_hd__dlygate4sd3_1)
                                                         net30 (net)
                      0.100433    0.000145    4.184466 v _725_/D (sky130_fd_sc_hd__dfrtp_2)
                                              4.184466   data arrival time

                                  0.000000    0.000000   clock wb_clk_i (rise edge)
                                  0.000000    0.000000   clock source latency
     2    0.173147    1.249199    0.990660    0.990660 ^ wb_clk_i (in)
                                                         wb_clk_i (net)
                      1.273456    0.000000    0.990660 ^ clkbuf_0_wb_clk_i/A (sky130_fd_sc_hd__clkbuf_16)
    17    0.080878    0.167560    0.739572    1.730232 ^ clkbuf_0_wb_clk_i/X (sky130_fd_sc_hd__clkbuf_16)
                                                         clknet_0_wb_clk_i (net)
                      0.168053    0.007496    1.737728 ^ clkbuf_3_2_0_wb_clk_i/A (sky130_fd_sc_hd__clkbuf_8)
    11    0.037375    0.123327    0.332982    2.070710 ^ clkbuf_3_2_0_wb_clk_i/X (sky130_fd_sc_hd__clkbuf_8)
                                                         clknet_3_2_0_wb_clk_i (net)
                      0.123368    0.002228    2.072938 ^ _725_/CLK (sky130_fd_sc_hd__dfrtp_2)
                                  0.250000    2.322939   clock uncertainty
                                 -0.164784    2.158154   clock reconvergence pessimism
                                 -0.087863    2.070291   library hold time
                                              2.070291   data required time
---------------------------------------------------------------------------------------------
                                              2.070291   data required time
                                             -4.184466   data arrival time
---------------------------------------------------------------------------------------------
                                              2.114175   slack (MET)


Startpoint: _710_ (rising edge-triggered flip-flop clocked by wb_clk_i)
Endpoint: _713_ (rising edge-triggered flip-flop clocked by wb_clk_i)
Path Group: wb_clk_i
Path Type: min

Fanout         Cap        Slew       Delay        Time   Description
---------------------------------------------------------------------------------------------
                                  0.000000    0.000000   clock wb_clk_i (rise edge)
                                  0.000000    0.000000   clock source latency
     2    0.173147    1.249199    0.896311    0.896311 ^ wb_clk_i (in)
                                                         wb_clk_i (net)
                      1.273456    0.000000    0.896311 ^ clkbuf_0_wb_clk_i/A (sky130_fd_sc_hd__clkbuf_16)
    17    0.080878    0.167560    0.669136    1.565448 ^ clkbuf_0_wb_clk_i/X (sky130_fd_sc_hd__clkbuf_16)
                                                         clknet_0_wb_clk_i (net)
                      0.168126    0.007300    1.572748 ^ clkbuf_3_0_0_wb_clk_i/A (sky130_fd_sc_hd__clkbuf_8)
    11    0.036469    0.121162    0.299715    1.872463 ^ clkbuf_3_0_0_wb_clk_i/X (sky130_fd_sc_hd__clkbuf_8)
                                                         clknet_3_0_0_wb_clk_i (net)
                      0.121184    0.001539    1.874002 ^ _710_/CLK (sky130_fd_sc_hd__dfrtp_2)
     3    0.007952    0.104617    0.703258    2.577260 ^ _710_/Q (sky130_fd_sc_hd__dfrtp_2)
                                                         timer.scan_div[16] (net)
                      0.104617    0.000423    2.577682 ^ _532_/A (sky130_fd_sc_hd__and4_2)
     1    0.003272    0.099964    0.403543    2.981226 ^ _532_/X (sky130_fd_sc_hd__and4_2)
                                                         _295_ (net)
                      0.099964    0.000229    2.981455 ^ _536_/A2 (sky130_fd_sc_hd__o21a_2)
     1    0.002196    0.049758    0.211978    3.193433 ^ _536_/X (sky130_fd_sc_hd__o21a_2)
                                                         _011_ (net)
                      0.049758    0.000138    3.193571 ^ hold62/A (sky130_fd_sc_hd__dlygate4sd3_1)
     1    0.002570    0.088906    0.977009    4.170580 ^ hold62/X (sky130_fd_sc_hd__dlygate4sd3_1)
                                                         net62 (net)
                      0.088906    0.000177    4.170757 ^ _713_/D (sky130_fd_sc_hd__dfrtp_2)
                                              4.170757   data arrival time

                                  0.000000    0.000000   clock wb_clk_i (rise edge)
                                  0.000000    0.000000   clock source latency
     2    0.173147    1.249199    0.990660    0.990660 ^ wb_clk_i (in)
                                                         wb_clk_i (net)
                      1.273456    0.000000    0.990660 ^ clkbuf_0_wb_clk_i/A (sky130_fd_sc_hd__clkbuf_16)
    17    0.080878    0.167560    0.739572    1.730232 ^ clkbuf_0_wb_clk_i/X (sky130_fd_sc_hd__clkbuf_16)
                                                         clknet_0_wb_clk_i (net)
                      0.168126    0.008069    1.738300 ^ clkbuf_3_0_0_wb_clk_i/A (sky130_fd_sc_hd__clkbuf_8)
    11    0.036469    0.121162    0.331264    2.069565 ^ clkbuf_3_0_0_wb_clk_i/X (sky130_fd_sc_hd__clkbuf_8)
                                                         clknet_3_0_0_wb_clk_i (net)
                      0.121184    0.001703    2.071267 ^ _713_/CLK (sky130_fd_sc_hd__dfrtp_2)
                                  0.250000    2.321267   clock uncertainty
                                 -0.197101    2.124166   clock reconvergence pessimism
                                 -0.072797    2.051368   library hold time
                                              2.051368   data required time
---------------------------------------------------------------------------------------------
                                              2.051368   data required time
                                             -4.170757   data arrival time
---------------------------------------------------------------------------------------------
                                              2.119389   slack (MET)


Startpoint: _689_ (rising edge-triggered flip-flop clocked by wb_clk_i)
Endpoint: _690_ (rising edge-triggered flip-flop clocked by wb_clk_i)
Path Group: wb_clk_i
Path Type: min

Fanout         Cap        Slew       Delay        Time   Description
---------------------------------------------------------------------------------------------
                                  0.000000    0.000000   clock wb_clk_i (rise edge)
                                  0.000000    0.000000   clock source latency
     2    0.173147    1.249199    0.896311    0.896311 ^ wb_clk_i (in)
                                                         wb_clk_i (net)
                      1.273456    0.000000    0.896311 ^ clkbuf_0_wb_clk_i/A (sky130_fd_sc_hd__clkbuf_16)
    17    0.080878    0.167560    0.669136    1.565448 ^ clkbuf_0_wb_clk_i/X (sky130_fd_sc_hd__clkbuf_16)
                                                         clknet_0_wb_clk_i (net)
                      0.168090    0.007044    1.572492 ^ clkbuf_3_7_0_wb_clk_i/A (sky130_fd_sc_hd__clkbuf_8)
    12    0.037900    0.124575    0.302075    1.874567 ^ clkbuf_3_7_0_wb_clk_i/X (sky130_fd_sc_hd__clkbuf_8)
                                                         clknet_3_7_0_wb_clk_i (net)
                      0.124605    0.001804    1.876370 ^ _689_/CLK (sky130_fd_sc_hd__dfrtp_2)
     5    0.018970    0.176636    0.775552    2.651922 ^ _689_/Q (sky130_fd_sc_hd__dfrtp_2)
                                                         timer.sec_ones[0] (net)
                      0.176636    0.000625    2.652547 ^ _340_/B (sky130_fd_sc_hd__and2_2)
     2    0.009156    0.111444    0.329158    2.981705 ^ _340_/X (sky130_fd_sc_hd__and2_2)
                                                         _175_ (net)
                      0.111444    0.000461    2.982165 ^ _348_/A2 (sky130_fd_sc_hd__o21a_2)
     1    0.002720    0.053390    0.220257    3.202423 ^ _348_/X (sky130_fd_sc_hd__o21a_2)
                                                         _165_ (net)
                      0.053390    0.000159    3.202582 ^ hold157/A (sky130_fd_sc_hd__dlygate4sd3_1)
     1    0.002329    0.086310    0.975000    4.177582 ^ hold157/X (sky130_fd_sc_hd__dlygate4sd3_1)
                                                         net157 (net)
                      0.086310    0.000155    4.177737 ^ _690_/D (sky130_fd_sc_hd__dfrtp_2)
                                              4.177737   data arrival time

                                  0.000000    0.000000   clock wb_clk_i (rise edge)
                                  0.000000    0.000000   clock source latency
     2    0.173147    1.249199    0.990660    0.990660 ^ wb_clk_i (in)
                                                         wb_clk_i (net)
                      1.273456    0.000000    0.990660 ^ clkbuf_0_wb_clk_i/A (sky130_fd_sc_hd__clkbuf_16)
    17    0.080878    0.167560    0.739572    1.730232 ^ clkbuf_0_wb_clk_i/X (sky130_fd_sc_hd__clkbuf_16)
                                                         clknet_0_wb_clk_i (net)
                      0.168090    0.007785    1.738017 ^ clkbuf_3_7_0_wb_clk_i/A (sky130_fd_sc_hd__clkbuf_8)
    12    0.037900    0.124575    0.333872    2.071889 ^ clkbuf_3_7_0_wb_clk_i/X (sky130_fd_sc_hd__clkbuf_8)
                                                         clknet_3_7_0_wb_clk_i (net)
                      0.124618    0.002294    2.074184 ^ _690_/CLK (sky130_fd_sc_hd__dfrtp_2)
                                  0.250000    2.324184   clock uncertainty
                                 -0.197323    2.126861   clock reconvergence pessimism
                                 -0.071644    2.055218   library hold time
                                              2.055218   data required time
---------------------------------------------------------------------------------------------
                                              2.055218   data required time
                                             -4.177737   data arrival time
---------------------------------------------------------------------------------------------
                                              2.122520   slack (MET)


Startpoint: _689_ (rising edge-triggered flip-flop clocked by wb_clk_i)
Endpoint: _686_ (rising edge-triggered flip-flop clocked by wb_clk_i)
Path Group: wb_clk_i
Path Type: min

Fanout         Cap        Slew       Delay        Time   Description
---------------------------------------------------------------------------------------------
                                  0.000000    0.000000   clock wb_clk_i (rise edge)
                                  0.000000    0.000000   clock source latency
     2    0.173147    1.249199    0.896311    0.896311 ^ wb_clk_i (in)
                                                         wb_clk_i (net)
                      1.273456    0.000000    0.896311 ^ clkbuf_0_wb_clk_i/A (sky130_fd_sc_hd__clkbuf_16)
    17    0.080878    0.167560    0.669136    1.565448 ^ clkbuf_0_wb_clk_i/X (sky130_fd_sc_hd__clkbuf_16)
                                                         clknet_0_wb_clk_i (net)
                      0.168090    0.007044    1.572492 ^ clkbuf_3_7_0_wb_clk_i/A (sky130_fd_sc_hd__clkbuf_8)
    12    0.037900    0.124575    0.302075    1.874567 ^ clkbuf_3_7_0_wb_clk_i/X (sky130_fd_sc_hd__clkbuf_8)
                                                         clknet_3_7_0_wb_clk_i (net)
                      0.124605    0.001804    1.876370 ^ _689_/CLK (sky130_fd_sc_hd__dfrtp_2)
     5    0.018970    0.176636    0.775552    2.651922 ^ _689_/Q (sky130_fd_sc_hd__dfrtp_2)
                                                         timer.sec_ones[0] (net)
                      0.176638    0.000926    2.652848 ^ _343_/B (sky130_fd_sc_hd__and4b_2)
     3    0.010247    0.155479    0.521712    3.174560 ^ _343_/X (sky130_fd_sc_hd__and4b_2)
                                                         _178_ (net)
                      0.155479    0.000462    3.175022 ^ _344_/B (sky130_fd_sc_hd__and2b_2)
     5    0.027885    0.238781    0.429477    3.604499 ^ _344_/X (sky130_fd_sc_hd__and2b_2)
                                                         _179_ (net)
                      0.238797    0.002046    3.606545 ^ _359_/A2 (sky130_fd_sc_hd__a21o_2)
     1    0.002241    0.042757    0.277440    3.883985 ^ _359_/X (sky130_fd_sc_hd__a21o_2)
                                                         _188_ (net)
                      0.042757    0.000142    3.884127 ^ _360_/C (sky130_fd_sc_hd__and3b_2)
     1    0.003197    0.083115    0.338360    4.222486 ^ _360_/X (sky130_fd_sc_hd__and3b_2)
                                                         _161_ (net)
                      0.083115    0.000191    4.222678 ^ _686_/D (sky130_fd_sc_hd__dfrtp_2)
                                              4.222678   data arrival time

                                  0.000000    0.000000   clock wb_clk_i (rise edge)
                                  0.000000    0.000000   clock source latency
     2    0.173147    1.249199    0.990660    0.990660 ^ wb_clk_i (in)
                                                         wb_clk_i (net)
                      1.273456    0.000000    0.990660 ^ clkbuf_0_wb_clk_i/A (sky130_fd_sc_hd__clkbuf_16)
    17    0.080878    0.167560    0.739572    1.730232 ^ clkbuf_0_wb_clk_i/X (sky130_fd_sc_hd__clkbuf_16)
                                                         clknet_0_wb_clk_i (net)
                      0.168169    0.008381    1.738613 ^ clkbuf_3_5_0_wb_clk_i/A (sky130_fd_sc_hd__clkbuf_8)
    11    0.039719    0.128953    0.337615    2.076227 ^ clkbuf_3_5_0_wb_clk_i/X (sky130_fd_sc_hd__clkbuf_8)
                                                         clknet_3_5_0_wb_clk_i (net)
                      0.128976    0.001807    2.078034 ^ _686_/CLK (sky130_fd_sc_hd__dfrtp_2)
                                  0.250000    2.328034   clock uncertainty
                                 -0.164784    2.163250   clock reconvergence pessimism
                                 -0.070202    2.093048   library hold time
                                              2.093048   data required time
---------------------------------------------------------------------------------------------
                                              2.093048   data required time
                                             -4.222678   data arrival time
---------------------------------------------------------------------------------------------
                                              2.129630   slack (MET)


Startpoint: _748_ (rising edge-triggered flip-flop clocked by wb_clk_i)
Endpoint: _750_ (rising edge-triggered flip-flop clocked by wb_clk_i)
Path Group: wb_clk_i
Path Type: min

Fanout         Cap        Slew       Delay        Time   Description
---------------------------------------------------------------------------------------------
                                  0.000000    0.000000   clock wb_clk_i (rise edge)
                                  0.000000    0.000000   clock source latency
     2    0.173147    1.249199    0.896311    0.896311 ^ wb_clk_i (in)
                                                         wb_clk_i (net)
                      1.273456    0.000000    0.896311 ^ clkbuf_0_wb_clk_i/A (sky130_fd_sc_hd__clkbuf_16)
    17    0.080878    0.167560    0.669136    1.565448 ^ clkbuf_0_wb_clk_i/X (sky130_fd_sc_hd__clkbuf_16)
                                                         clknet_0_wb_clk_i (net)
                      0.168029    0.006603    1.572050 ^ clkbuf_3_1_0_wb_clk_i/A (sky130_fd_sc_hd__clkbuf_8)
    11    0.037900    0.124584    0.302198    1.874248 ^ clkbuf_3_1_0_wb_clk_i/X (sky130_fd_sc_hd__clkbuf_8)
                                                         clknet_3_1_0_wb_clk_i (net)
                      0.124645    0.002373    1.876621 ^ _748_/CLK (sky130_fd_sc_hd__dfrtp_2)
     3    0.007568    0.102149    0.702337    2.578958 ^ _748_/Q (sky130_fd_sc_hd__dfrtp_2)
                                                         timer.sec_div[21] (net)
                      0.102149    0.000387    2.579344 ^ _466_/A (sky130_fd_sc_hd__and4_2)
     1    0.008893    0.144538    0.457929    3.037273 ^ _466_/X (sky130_fd_sc_hd__and4_2)
                                                         _257_ (net)
                      0.144538    0.000209    3.037482 ^ _468_/B (sky130_fd_sc_hd__xor2_2)
     1    0.001888    0.049431    0.120979    3.158460 v _468_/X (sky130_fd_sc_hd__xor2_2)
                                                         _049_ (net)
                      0.049431    0.000082    3.158542 v hold40/A (sky130_fd_sc_hd__dlygate4sd3_1)
     1    0.002252    0.101545    1.050029    4.208571 v hold40/X (sky130_fd_sc_hd__dlygate4sd3_1)
                                                         net40 (net)
                      0.101545    0.000151    4.208722 v _750_/D (sky130_fd_sc_hd__dfrtp_2)
                                              4.208722   data arrival time

                                  0.000000    0.000000   clock wb_clk_i (rise edge)
                                  0.000000    0.000000   clock source latency
     2    0.173147    1.249199    0.990660    0.990660 ^ wb_clk_i (in)
                                                         wb_clk_i (net)
                      1.273456    0.000000    0.990660 ^ clkbuf_0_wb_clk_i/A (sky130_fd_sc_hd__clkbuf_16)
    17    0.080878    0.167560    0.739572    1.730232 ^ clkbuf_0_wb_clk_i/X (sky130_fd_sc_hd__clkbuf_16)
                                                         clknet_0_wb_clk_i (net)
                      0.167859    0.005697    1.735929 ^ clkbuf_3_3_0_wb_clk_i/A (sky130_fd_sc_hd__clkbuf_8)
    11    0.038093    0.125050    0.334284    2.070213 ^ clkbuf_3_3_0_wb_clk_i/X (sky130_fd_sc_hd__clkbuf_8)
                                                         clknet_3_3_0_wb_clk_i (net)
                      0.125089    0.002188    2.072401 ^ _750_/CLK (sky130_fd_sc_hd__dfrtp_2)
                                  0.250000    2.322401   clock uncertainty
                                 -0.164784    2.157617   clock reconvergence pessimism
                                 -0.087853    2.069763   library hold time
                                              2.069763   data required time
---------------------------------------------------------------------------------------------
                                              2.069763   data required time
                                             -4.208722   data arrival time
---------------------------------------------------------------------------------------------
                                              2.138959   slack (MET)


Startpoint: _696_ (rising edge-triggered flip-flop clocked by wb_clk_i)
Endpoint: _696_ (rising edge-triggered flip-flop clocked by wb_clk_i)
Path Group: wb_clk_i
Path Type: min

Fanout         Cap        Slew       Delay        Time   Description
---------------------------------------------------------------------------------------------
                                  0.000000    0.000000   clock wb_clk_i (rise edge)
                                  0.000000    0.000000   clock source latency
     2    0.173147    1.249199    0.896311    0.896311 ^ wb_clk_i (in)
                                                         wb_clk_i (net)
                      1.273456    0.000000    0.896311 ^ clkbuf_0_wb_clk_i/A (sky130_fd_sc_hd__clkbuf_16)
    17    0.080878    0.167560    0.669136    1.565448 ^ clkbuf_0_wb_clk_i/X (sky130_fd_sc_hd__clkbuf_16)
                                                         clknet_0_wb_clk_i (net)
                      0.168029    0.006603    1.572050 ^ clkbuf_3_1_0_wb_clk_i/A (sky130_fd_sc_hd__clkbuf_8)
    11    0.037900    0.124584    0.302198    1.874248 ^ clkbuf_3_1_0_wb_clk_i/X (sky130_fd_sc_hd__clkbuf_8)
                                                         clknet_3_1_0_wb_clk_i (net)
                      0.124611    0.001701    1.875949 ^ _696_/CLK (sky130_fd_sc_hd__dfrtp_2)
     2    0.005975    0.092347    0.691972    2.567921 ^ _696_/Q (sky130_fd_sc_hd__dfrtp_2)
                                                         timer.scan_div[2] (net)
                      0.092347    0.000366    2.568288 ^ hold189/A (sky130_fd_sc_hd__dlygate4sd3_1)
     3    0.011499    0.210478    1.101548    3.669836 ^ hold189/X (sky130_fd_sc_hd__dlygate4sd3_1)
                                                         net189 (net)
                      0.210478    0.000292    3.670128 ^ _491_/A (sky130_fd_sc_hd__or2_2)
     1    0.001881    0.043036    0.221074    3.891202 ^ _491_/X (sky130_fd_sc_hd__or2_2)
                                                         _270_ (net)
                      0.043036    0.000119    3.891321 ^ _493_/B (sky130_fd_sc_hd__and3_2)
     1    0.002468    0.076854    0.309009    4.200330 ^ _493_/X (sky130_fd_sc_hd__and3_2)
                                                         _023_ (net)
                      0.076854    0.000157    4.200487 ^ _696_/D (sky130_fd_sc_hd__dfrtp_2)
                                              4.200487   data arrival time

                                  0.000000    0.000000   clock wb_clk_i (rise edge)
                                  0.000000    0.000000   clock source latency
     2    0.173147    1.249199    0.990660    0.990660 ^ wb_clk_i (in)
                                                         wb_clk_i (net)
                      1.273456    0.000000    0.990660 ^ clkbuf_0_wb_clk_i/A (sky130_fd_sc_hd__clkbuf_16)
    17    0.080878    0.167560    0.739572    1.730232 ^ clkbuf_0_wb_clk_i/X (sky130_fd_sc_hd__clkbuf_16)
                                                         clknet_0_wb_clk_i (net)
                      0.168029    0.007298    1.737529 ^ clkbuf_3_1_0_wb_clk_i/A (sky130_fd_sc_hd__clkbuf_8)
    11    0.037900    0.124584    0.334008    2.071537 ^ clkbuf_3_1_0_wb_clk_i/X (sky130_fd_sc_hd__clkbuf_8)
                                                         clknet_3_1_0_wb_clk_i (net)
                      0.124611    0.001880    2.073417 ^ _696_/CLK (sky130_fd_sc_hd__dfrtp_2)
                                  0.250000    2.323417   clock uncertainty
                                 -0.197468    2.125949   clock reconvergence pessimism
                                 -0.069495    2.056454   library hold time
                                              2.056454   data required time
---------------------------------------------------------------------------------------------
                                              2.056454   data required time
                                             -4.200487   data arrival time
---------------------------------------------------------------------------------------------
                                              2.144033   slack (MET)


Startpoint: _678_ (rising edge-triggered flip-flop clocked by wb_clk_i)
Endpoint: _680_ (rising edge-triggered flip-flop clocked by wb_clk_i)
Path Group: wb_clk_i
Path Type: min

Fanout         Cap        Slew       Delay        Time   Description
---------------------------------------------------------------------------------------------
                                  0.000000    0.000000   clock wb_clk_i (rise edge)
                                  0.000000    0.000000   clock source latency
     2    0.173147    1.249199    0.896311    0.896311 ^ wb_clk_i (in)
                                                         wb_clk_i (net)
                      1.273456    0.000000    0.896311 ^ clkbuf_0_wb_clk_i/A (sky130_fd_sc_hd__clkbuf_16)
    17    0.080878    0.167560    0.669136    1.565448 ^ clkbuf_0_wb_clk_i/X (sky130_fd_sc_hd__clkbuf_16)
                                                         clknet_0_wb_clk_i (net)
                      0.168169    0.007583    1.573030 ^ clkbuf_3_5_0_wb_clk_i/A (sky130_fd_sc_hd__clkbuf_8)
    11    0.039719    0.128953    0.305461    1.878491 ^ clkbuf_3_5_0_wb_clk_i/X (sky130_fd_sc_hd__clkbuf_8)
                                                         clknet_3_5_0_wb_clk_i (net)
                      0.128984    0.001830    1.880322 ^ _678_/CLK (sky130_fd_sc_hd__dfrtp_2)
     4    0.012709    0.137411    0.737425    2.617747 ^ _678_/Q (sky130_fd_sc_hd__dfrtp_2)
                                                         timer.min_tens[1] (net)
                      0.137411    0.000602    2.618349 ^ _375_/B (sky130_fd_sc_hd__and3_2)
     1    0.009941    0.130898    0.405255    3.023604 ^ _375_/X (sky130_fd_sc_hd__and3_2)
                                                         _198_ (net)
                      0.130898    0.000564    3.024168 ^ _376_/B (sky130_fd_sc_hd__xor2_2)
     1    0.001974    0.049844    0.116225    3.140393 v _376_/X (sky130_fd_sc_hd__xor2_2)
                                                         _155_ (net)
                      0.049844    0.000084    3.140477 v hold46/A (sky130_fd_sc_hd__dlygate4sd3_1)
     1    0.002253    0.101548    1.050211    4.190688 v hold46/X (sky130_fd_sc_hd__dlygate4sd3_1)
                                                         net46 (net)
                      0.101548    0.000148    4.190837 v _680_/D (sky130_fd_sc_hd__dfrtp_2)
                                              4.190837   data arrival time

                                  0.000000    0.000000   clock wb_clk_i (rise edge)
                                  0.000000    0.000000   clock source latency
     2    0.173147    1.249199    0.990660    0.990660 ^ wb_clk_i (in)
                                                         wb_clk_i (net)
                      1.273456    0.000000    0.990660 ^ clkbuf_0_wb_clk_i/A (sky130_fd_sc_hd__clkbuf_16)
    17    0.080878    0.167560    0.739572    1.730232 ^ clkbuf_0_wb_clk_i/X (sky130_fd_sc_hd__clkbuf_16)
                                                         clknet_0_wb_clk_i (net)
                      0.168169    0.008381    1.738613 ^ clkbuf_3_5_0_wb_clk_i/A (sky130_fd_sc_hd__clkbuf_8)
    11    0.039719    0.128953    0.337615    2.076227 ^ clkbuf_3_5_0_wb_clk_i/X (sky130_fd_sc_hd__clkbuf_8)
                                                         clknet_3_5_0_wb_clk_i (net)
                      0.128978    0.001860    2.078087 ^ _680_/CLK (sky130_fd_sc_hd__dfrtp_2)
                                  0.250000    2.328087   clock uncertainty
                                 -0.197736    2.130351   clock reconvergence pessimism
                                 -0.086912    2.043439   library hold time
                                              2.043439   data required time
---------------------------------------------------------------------------------------------
                                              2.043439   data required time
                                             -4.190837   data arrival time
---------------------------------------------------------------------------------------------
                                              2.147398   slack (MET)


Startpoint: _756_ (rising edge-triggered flip-flop clocked by wb_clk_i)
Endpoint: _758_ (rising edge-triggered flip-flop clocked by wb_clk_i)
Path Group: wb_clk_i
Path Type: min

Fanout         Cap        Slew       Delay        Time   Description
---------------------------------------------------------------------------------------------
                                  0.000000    0.000000   clock wb_clk_i (rise edge)
                                  0.000000    0.000000   clock source latency
     2    0.173147    1.249199    0.896311    0.896311 ^ wb_clk_i (in)
                                                         wb_clk_i (net)
                      1.273456    0.000000    0.896311 ^ clkbuf_0_wb_clk_i/A (sky130_fd_sc_hd__clkbuf_16)
    17    0.080878    0.167560    0.669136    1.565448 ^ clkbuf_0_wb_clk_i/X (sky130_fd_sc_hd__clkbuf_16)
                                                         clknet_0_wb_clk_i (net)
                      0.167859    0.005155    1.570602 ^ clkbuf_3_3_0_wb_clk_i/A (sky130_fd_sc_hd__clkbuf_8)
    11    0.038093    0.125050    0.302447    1.873050 ^ clkbuf_3_3_0_wb_clk_i/X (sky130_fd_sc_hd__clkbuf_8)
                                                         clknet_3_3_0_wb_clk_i (net)
                      0.125088    0.001948    1.874998 ^ _756_/CLK (sky130_fd_sc_hd__dfrtp_2)
     2    0.005287    0.087420    0.686894    2.561892 ^ _756_/Q (sky130_fd_sc_hd__dfrtp_2)
                                                         timer.sec_div[29] (net)
                      0.087420    0.000332    2.562223 ^ _485_/A (sky130_fd_sc_hd__and4_2)
     1    0.009453    0.148886    0.457135    3.019358 ^ _485_/X (sky130_fd_sc_hd__and4_2)
                                                         _268_ (net)
                      0.148886    0.000510    3.019869 ^ _487_/B (sky130_fd_sc_hd__xor2_2)
     1    0.002469    0.052087    0.126723    3.146591 v _487_/X (sky130_fd_sc_hd__xor2_2)
                                                         _058_ (net)
                      0.052087    0.000142    3.146734 v hold32/A (sky130_fd_sc_hd__dlygate4sd3_1)
     1    0.002090    0.100010    1.048515    4.195248 v hold32/X (sky130_fd_sc_hd__dlygate4sd3_1)
                                                         net32 (net)
                      0.100010    0.000143    4.195392 v _758_/D (sky130_fd_sc_hd__dfrtp_2)
                                              4.195392   data arrival time

                                  0.000000    0.000000   clock wb_clk_i (rise edge)
                                  0.000000    0.000000   clock source latency
     2    0.173147    1.249199    0.990660    0.990660 ^ wb_clk_i (in)
                                                         wb_clk_i (net)
                      1.273456    0.000000    0.990660 ^ clkbuf_0_wb_clk_i/A (sky130_fd_sc_hd__clkbuf_16)
    17    0.080878    0.167560    0.739572    1.730232 ^ clkbuf_0_wb_clk_i/X (sky130_fd_sc_hd__clkbuf_16)
                                                         clknet_0_wb_clk_i (net)
                      0.167859    0.005697    1.735929 ^ clkbuf_3_3_0_wb_clk_i/A (sky130_fd_sc_hd__clkbuf_8)
    11    0.038093    0.125050    0.334284    2.070213 ^ clkbuf_3_3_0_wb_clk_i/X (sky130_fd_sc_hd__clkbuf_8)
                                                         clknet_3_3_0_wb_clk_i (net)
                      0.125088    0.002167    2.072380 ^ _758_/CLK (sky130_fd_sc_hd__dfrtp_2)
                                  0.250000    2.322380   clock uncertainty
                                 -0.197163    2.125217   clock reconvergence pessimism
                                 -0.087291    2.037926   library hold time
                                              2.037926   data required time
---------------------------------------------------------------------------------------------
                                              2.037926   data required time
                                             -4.195392   data arrival time
---------------------------------------------------------------------------------------------
                                              2.157466   slack (MET)


Startpoint: _755_ (rising edge-triggered flip-flop clocked by wb_clk_i)
Endpoint: _756_ (rising edge-triggered flip-flop clocked by wb_clk_i)
Path Group: wb_clk_i
Path Type: min

Fanout         Cap        Slew       Delay        Time   Description
---------------------------------------------------------------------------------------------
                                  0.000000    0.000000   clock wb_clk_i (rise edge)
                                  0.000000    0.000000   clock source latency
     2    0.173147    1.249199    0.896311    0.896311 ^ wb_clk_i (in)
                                                         wb_clk_i (net)
                      1.273456    0.000000    0.896311 ^ clkbuf_0_wb_clk_i/A (sky130_fd_sc_hd__clkbuf_16)
    17    0.080878    0.167560    0.669136    1.565448 ^ clkbuf_0_wb_clk_i/X (sky130_fd_sc_hd__clkbuf_16)
                                                         clknet_0_wb_clk_i (net)
                      0.167859    0.005155    1.570602 ^ clkbuf_3_3_0_wb_clk_i/A (sky130_fd_sc_hd__clkbuf_8)
    11    0.038093    0.125050    0.302447    1.873050 ^ clkbuf_3_3_0_wb_clk_i/X (sky130_fd_sc_hd__clkbuf_8)
                                                         clknet_3_3_0_wb_clk_i (net)
                      0.125090    0.001992    1.875042 ^ _755_/CLK (sky130_fd_sc_hd__dfrtp_2)
     4    0.013179    0.140786    0.738722    2.613764 ^ _755_/Q (sky130_fd_sc_hd__dfrtp_2)
                                                         timer.sec_div[28] (net)
                      0.140788    0.000715    2.614479 ^ _482_/B (sky130_fd_sc_hd__and3_2)
     2    0.014731    0.166649    0.439956    3.054435 ^ _482_/X (sky130_fd_sc_hd__and3_2)
                                                         _266_ (net)
                      0.166652    0.000963    3.055399 ^ _484_/A (sky130_fd_sc_hd__nor2_2)
     1    0.002410    0.035097    0.096660    3.152059 v _484_/Y (sky130_fd_sc_hd__nor2_2)
                                                         _055_ (net)
                      0.035099    0.000152    3.152210 v hold74/A (sky130_fd_sc_hd__dlygate4sd3_1)
     1    0.002508    0.103640    1.048291    4.200501 v hold74/X (sky130_fd_sc_hd__dlygate4sd3_1)
                                                         net74 (net)
                      0.103640    0.000160    4.200661 v _756_/D (sky130_fd_sc_hd__dfrtp_2)
                                              4.200661   data arrival time

                                  0.000000    0.000000   clock wb_clk_i (rise edge)
                                  0.000000    0.000000   clock source latency
     2    0.173147    1.249199    0.990660    0.990660 ^ wb_clk_i (in)
                                                         wb_clk_i (net)
                      1.273456    0.000000    0.990660 ^ clkbuf_0_wb_clk_i/A (sky130_fd_sc_hd__clkbuf_16)
    17    0.080878    0.167560    0.739572    1.730232 ^ clkbuf_0_wb_clk_i/X (sky130_fd_sc_hd__clkbuf_16)
                                                         clknet_0_wb_clk_i (net)
                      0.167859    0.005697    1.735929 ^ clkbuf_3_3_0_wb_clk_i/A (sky130_fd_sc_hd__clkbuf_8)
    11    0.038093    0.125050    0.334284    2.070213 ^ clkbuf_3_3_0_wb_clk_i/X (sky130_fd_sc_hd__clkbuf_8)
                                                         clknet_3_3_0_wb_clk_i (net)
                      0.125088    0.002153    2.072366 ^ _756_/CLK (sky130_fd_sc_hd__dfrtp_2)
                                  0.250000    2.322366   clock uncertainty
                                 -0.197163    2.125203   clock reconvergence pessimism
                                 -0.088621    2.036582   library hold time
                                              2.036582   data required time
---------------------------------------------------------------------------------------------
                                              2.036582   data required time
                                             -4.200661   data arrival time
---------------------------------------------------------------------------------------------
                                              2.164080   slack (MET)


Startpoint: _743_ (rising edge-triggered flip-flop clocked by wb_clk_i)
Endpoint: _745_ (rising edge-triggered flip-flop clocked by wb_clk_i)
Path Group: wb_clk_i
Path Type: min

Fanout         Cap        Slew       Delay        Time   Description
---------------------------------------------------------------------------------------------
                                  0.000000    0.000000   clock wb_clk_i (rise edge)
                                  0.000000    0.000000   clock source latency
     2    0.173147    1.249199    0.896311    0.896311 ^ wb_clk_i (in)
                                                         wb_clk_i (net)
                      1.273456    0.000000    0.896311 ^ clkbuf_0_wb_clk_i/A (sky130_fd_sc_hd__clkbuf_16)
    17    0.080878    0.167560    0.669136    1.565448 ^ clkbuf_0_wb_clk_i/X (sky130_fd_sc_hd__clkbuf_16)
                                                         clknet_0_wb_clk_i (net)
                      0.168001    0.006392    1.571839 ^ clkbuf_3_4_0_wb_clk_i/A (sky130_fd_sc_hd__clkbuf_8)
    11    0.038444    0.125873    0.302969    1.874808 ^ clkbuf_3_4_0_wb_clk_i/X (sky130_fd_sc_hd__clkbuf_8)
                                                         clknet_3_4_0_wb_clk_i (net)
                      0.125924    0.002243    1.877051 ^ _743_/CLK (sky130_fd_sc_hd__dfrtp_2)
     2    0.006305    0.094336    0.694715    2.571766 ^ _743_/Q (sky130_fd_sc_hd__dfrtp_2)
                                                         timer.sec_div[16] (net)
                      0.094336    0.000366    2.572132 ^ _455_/B (sky130_fd_sc_hd__and4_2)
     2    0.011484    0.164986    0.501029    3.073160 ^ _455_/X (sky130_fd_sc_hd__and4_2)
                                                         _251_ (net)
                      0.164986    0.000568    3.073729 ^ _458_/B (sky130_fd_sc_hd__xor2_2)
     1    0.001928    0.049650    0.129280    3.203008 v _458_/X (sky130_fd_sc_hd__xor2_2)
                                                         _043_ (net)
                      0.049650    0.000085    3.203093 v hold52/A (sky130_fd_sc_hd__dlygate4sd3_1)
     1    0.002146    0.100550    1.048410    4.251503 v hold52/X (sky130_fd_sc_hd__dlygate4sd3_1)
                                                         net52 (net)
                      0.100550    0.000143    4.251646 v _745_/D (sky130_fd_sc_hd__dfrtp_2)
                                              4.251646   data arrival time

                                  0.000000    0.000000   clock wb_clk_i (rise edge)
                                  0.000000    0.000000   clock source latency
     2    0.173147    1.249199    0.990660    0.990660 ^ wb_clk_i (in)
                                                         wb_clk_i (net)
                      1.273456    0.000000    0.990660 ^ clkbuf_0_wb_clk_i/A (sky130_fd_sc_hd__clkbuf_16)
    17    0.080878    0.167560    0.739572    1.730232 ^ clkbuf_0_wb_clk_i/X (sky130_fd_sc_hd__clkbuf_16)
                                                         clknet_0_wb_clk_i (net)
                      0.167872    0.005835    1.736067 ^ clkbuf_3_6_0_wb_clk_i/A (sky130_fd_sc_hd__clkbuf_8)
    12    0.039360    0.128046    0.336398    2.072464 ^ clkbuf_3_6_0_wb_clk_i/X (sky130_fd_sc_hd__clkbuf_8)
                                                         clknet_3_6_0_wb_clk_i (net)
                      0.128148    0.003415    2.075879 ^ _745_/CLK (sky130_fd_sc_hd__dfrtp_2)
                                  0.250000    2.325879   clock uncertainty
                                 -0.164784    2.161095   clock reconvergence pessimism
                                 -0.086748    2.074348   library hold time
                                              2.074348   data required time
---------------------------------------------------------------------------------------------
                                              2.074348   data required time
                                             -4.251646   data arrival time
---------------------------------------------------------------------------------------------
                                              2.177299   slack (MET)


Startpoint: _740_ (rising edge-triggered flip-flop clocked by wb_clk_i)
Endpoint: _693_ (rising edge-triggered flip-flop clocked by wb_clk_i)
Path Group: wb_clk_i
Path Type: min

Fanout         Cap        Slew       Delay        Time   Description
---------------------------------------------------------------------------------------------
                                  0.000000    0.000000   clock wb_clk_i (rise edge)
                                  0.000000    0.000000   clock source latency
     2    0.173147    1.249199    0.896311    0.896311 ^ wb_clk_i (in)
                                                         wb_clk_i (net)
                      1.273456    0.000000    0.896311 ^ clkbuf_0_wb_clk_i/A (sky130_fd_sc_hd__clkbuf_16)
    17    0.080878    0.167560    0.669136    1.565448 ^ clkbuf_0_wb_clk_i/X (sky130_fd_sc_hd__clkbuf_16)
                                                         clknet_0_wb_clk_i (net)
                      0.168001    0.006392    1.571839 ^ clkbuf_3_4_0_wb_clk_i/A (sky130_fd_sc_hd__clkbuf_8)
    11    0.038444    0.125873    0.302969    1.874808 ^ clkbuf_3_4_0_wb_clk_i/X (sky130_fd_sc_hd__clkbuf_8)
                                                         clknet_3_4_0_wb_clk_i (net)
                      0.125901    0.001764    1.876572 ^ _740_/CLK (sky130_fd_sc_hd__dfrtp_2)
     1    0.002403    0.067149    0.660040    2.536613 ^ _740_/Q (sky130_fd_sc_hd__dfrtp_2)
                                                         timer.sec_div[13] (net)
                      0.067149    0.000148    2.536760 ^ hold94/A (sky130_fd_sc_hd__dlygate4sd3_1)
     3    0.008379    0.166752    1.056139    3.592899 ^ hold94/X (sky130_fd_sc_hd__dlygate4sd3_1)
                                                         net94 (net)
                      0.166752    0.000397    3.593296 ^ _409_/A (sky130_fd_sc_hd__or4_2)
     1    0.004175    0.058269    0.230318    3.823614 ^ _409_/X (sky130_fd_sc_hd__or4_2)
                                                         _223_ (net)
                      0.058269    0.000198    3.823812 ^ _411_/C (sky130_fd_sc_hd__or4_2)
     6    0.024841    0.206877    0.291711    4.115522 ^ _411_/X (sky130_fd_sc_hd__or4_2)
                                                         _225_ (net)
                      0.206889    0.001667    4.117189 ^ _412_/A (sky130_fd_sc_hd__inv_2)
     3    0.013783    0.083074    0.140630    4.257819 v _412_/Y (sky130_fd_sc_hd__inv_2)
                                                         _033_ (net)
                      0.083077    0.000552    4.258371 v _693_/D (sky130_fd_sc_hd__dfrtp_2)
                                              4.258371   data arrival time

                                  0.000000    0.000000   clock wb_clk_i (rise edge)
                                  0.000000    0.000000   clock source latency
     2    0.173147    1.249199    0.990660    0.990660 ^ wb_clk_i (in)
                                                         wb_clk_i (net)
                      1.273456    0.000000    0.990660 ^ clkbuf_0_wb_clk_i/A (sky130_fd_sc_hd__clkbuf_16)
    17    0.080878    0.167560    0.739572    1.730232 ^ clkbuf_0_wb_clk_i/X (sky130_fd_sc_hd__clkbuf_16)
                                                         clknet_0_wb_clk_i (net)
                      0.168090    0.007785    1.738017 ^ clkbuf_3_7_0_wb_clk_i/A (sky130_fd_sc_hd__clkbuf_8)
    12    0.037900    0.124575    0.333872    2.071889 ^ clkbuf_3_7_0_wb_clk_i/X (sky130_fd_sc_hd__clkbuf_8)
                                                         clknet_3_7_0_wb_clk_i (net)
                      0.124633    0.002596    2.074485 ^ _693_/CLK (sky130_fd_sc_hd__dfrtp_2)
                                  0.250000    2.324485   clock uncertainty
                                 -0.164784    2.159701   clock reconvergence pessimism
                                 -0.081199    2.078503   library hold time
                                              2.078503   data required time
---------------------------------------------------------------------------------------------
                                              2.078503   data required time
                                             -4.258371   data arrival time
---------------------------------------------------------------------------------------------
                                              2.179869   slack (MET)


Startpoint: _731_ (rising edge-triggered flip-flop clocked by wb_clk_i)
Endpoint: _733_ (rising edge-triggered flip-flop clocked by wb_clk_i)
Path Group: wb_clk_i
Path Type: min

Fanout         Cap        Slew       Delay        Time   Description
---------------------------------------------------------------------------------------------
                                  0.000000    0.000000   clock wb_clk_i (rise edge)
                                  0.000000    0.000000   clock source latency
     2    0.173147    1.249199    0.896311    0.896311 ^ wb_clk_i (in)
                                                         wb_clk_i (net)
                      1.273456    0.000000    0.896311 ^ clkbuf_0_wb_clk_i/A (sky130_fd_sc_hd__clkbuf_16)
    17    0.080878    0.167560    0.669136    1.565448 ^ clkbuf_0_wb_clk_i/X (sky130_fd_sc_hd__clkbuf_16)
                                                         clknet_0_wb_clk_i (net)
                      0.167872    0.005279    1.570727 ^ clkbuf_3_6_0_wb_clk_i/A (sky130_fd_sc_hd__clkbuf_8)
    12    0.039360    0.128046    0.304360    1.875087 ^ clkbuf_3_6_0_wb_clk_i/X (sky130_fd_sc_hd__clkbuf_8)
                                                         clknet_3_6_0_wb_clk_i (net)
                      0.128049    0.000936    1.876023 ^ _731_/CLK (sky130_fd_sc_hd__dfrtp_2)
     4    0.015257    0.135907    0.858361    2.734384 v _731_/Q (sky130_fd_sc_hd__dfrtp_2)
                                                         timer.sec_div[4] (net)
                      0.135920    0.001310    2.735694 v _425_/B (sky130_fd_sc_hd__nand4_2)
     2    0.007390    0.122427    0.171954    2.907649 ^ _425_/Y (sky130_fd_sc_hd__nand4_2)
                                                         _232_ (net)
                      0.122427    0.000127    2.907775 ^ _426_/C (sky130_fd_sc_hd__and3_2)
     1    0.001794    0.071741    0.343168    3.250943 ^ _426_/X (sky130_fd_sc_hd__and3_2)
                                                         _062_ (net)
                      0.071741    0.000077    3.251020 ^ hold179/A (sky130_fd_sc_hd__dlygate4sd3_1)
     1    0.002475    0.087949    0.984741    4.235761 ^ hold179/X (sky130_fd_sc_hd__dlygate4sd3_1)
                                                         net179 (net)
                      0.087949    0.000154    4.235915 ^ _733_/D (sky130_fd_sc_hd__dfrtp_2)
                                              4.235915   data arrival time

                                  0.000000    0.000000   clock wb_clk_i (rise edge)
                                  0.000000    0.000000   clock source latency
     2    0.173147    1.249199    0.990660    0.990660 ^ wb_clk_i (in)
                                                         wb_clk_i (net)
                      1.273456    0.000000    0.990660 ^ clkbuf_0_wb_clk_i/A (sky130_fd_sc_hd__clkbuf_16)
    17    0.080878    0.167560    0.739572    1.730232 ^ clkbuf_0_wb_clk_i/X (sky130_fd_sc_hd__clkbuf_16)
                                                         clknet_0_wb_clk_i (net)
                      0.167872    0.005835    1.736067 ^ clkbuf_3_6_0_wb_clk_i/A (sky130_fd_sc_hd__clkbuf_8)
    12    0.039360    0.128046    0.336398    2.072464 ^ clkbuf_3_6_0_wb_clk_i/X (sky130_fd_sc_hd__clkbuf_8)
                                                         clknet_3_6_0_wb_clk_i (net)
                      0.128067    0.001837    2.074301 ^ _733_/CLK (sky130_fd_sc_hd__dfrtp_2)
                                  0.250000    2.324301   clock uncertainty
                                 -0.197377    2.126924   clock reconvergence pessimism
                                 -0.071450    2.055474   library hold time
                                              2.055474   data required time
---------------------------------------------------------------------------------------------
                                              2.055474   data required time
                                             -4.235915   data arrival time
---------------------------------------------------------------------------------------------
                                              2.180441   slack (MET)


Startpoint: _755_ (rising edge-triggered flip-flop clocked by wb_clk_i)
Endpoint: _757_ (rising edge-triggered flip-flop clocked by wb_clk_i)
Path Group: wb_clk_i
Path Type: min

Fanout         Cap        Slew       Delay        Time   Description
---------------------------------------------------------------------------------------------
                                  0.000000    0.000000   clock wb_clk_i (rise edge)
                                  0.000000    0.000000   clock source latency
     2    0.173147    1.249199    0.896311    0.896311 ^ wb_clk_i (in)
                                                         wb_clk_i (net)
                      1.273456    0.000000    0.896311 ^ clkbuf_0_wb_clk_i/A (sky130_fd_sc_hd__clkbuf_16)
    17    0.080878    0.167560    0.669136    1.565448 ^ clkbuf_0_wb_clk_i/X (sky130_fd_sc_hd__clkbuf_16)
                                                         clknet_0_wb_clk_i (net)
                      0.167859    0.005155    1.570602 ^ clkbuf_3_3_0_wb_clk_i/A (sky130_fd_sc_hd__clkbuf_8)
    11    0.038093    0.125050    0.302447    1.873050 ^ clkbuf_3_3_0_wb_clk_i/X (sky130_fd_sc_hd__clkbuf_8)
                                                         clknet_3_3_0_wb_clk_i (net)
                      0.125090    0.001992    1.875042 ^ _755_/CLK (sky130_fd_sc_hd__dfrtp_2)
     4    0.013179    0.140786    0.738722    2.613764 ^ _755_/Q (sky130_fd_sc_hd__dfrtp_2)
                                                         timer.sec_div[28] (net)
                      0.140788    0.000715    2.614479 ^ _482_/B (sky130_fd_sc_hd__and3_2)
     2    0.014731    0.166649    0.439956    3.054435 ^ _482_/X (sky130_fd_sc_hd__and3_2)
                                                         _266_ (net)
                      0.166651    0.000841    3.055277 ^ _486_/B (sky130_fd_sc_hd__xor2_2)
     1    0.002292    0.051356    0.132485    3.187762 v _486_/X (sky130_fd_sc_hd__xor2_2)
                                                         _057_ (net)
                      0.051356    0.000140    3.187901 v hold42/A (sky130_fd_sc_hd__dlygate4sd3_1)
     1    0.002220    0.101229    1.050298    4.238199 v hold42/X (sky130_fd_sc_hd__dlygate4sd3_1)
                                                         net42 (net)
                      0.101229    0.000153    4.238352 v _757_/D (sky130_fd_sc_hd__dfrtp_2)
                                              4.238352   data arrival time

                                  0.000000    0.000000   clock wb_clk_i (rise edge)
                                  0.000000    0.000000   clock source latency
     2    0.173147    1.249199    0.990660    0.990660 ^ wb_clk_i (in)
                                                         wb_clk_i (net)
                      1.273456    0.000000    0.990660 ^ clkbuf_0_wb_clk_i/A (sky130_fd_sc_hd__clkbuf_16)
    17    0.080878    0.167560    0.739572    1.730232 ^ clkbuf_0_wb_clk_i/X (sky130_fd_sc_hd__clkbuf_16)
                                                         clknet_0_wb_clk_i (net)
                      0.167859    0.005697    1.735929 ^ clkbuf_3_3_0_wb_clk_i/A (sky130_fd_sc_hd__clkbuf_8)
    11    0.038093    0.125050    0.334284    2.070213 ^ clkbuf_3_3_0_wb_clk_i/X (sky130_fd_sc_hd__clkbuf_8)
                                                         clknet_3_3_0_wb_clk_i (net)
                      0.125085    0.002093    2.072305 ^ _757_/CLK (sky130_fd_sc_hd__dfrtp_2)
                                  0.250000    2.322305   clock uncertainty
                                 -0.197163    2.125142   clock reconvergence pessimism
                                 -0.087739    2.037404   library hold time
                                              2.037404   data required time
---------------------------------------------------------------------------------------------
                                              2.037404   data required time
                                             -4.238352   data arrival time
---------------------------------------------------------------------------------------------
                                              2.200948   slack (MET)


Startpoint: _698_ (rising edge-triggered flip-flop clocked by wb_clk_i)
Endpoint: _699_ (rising edge-triggered flip-flop clocked by wb_clk_i)
Path Group: wb_clk_i
Path Type: min

Fanout         Cap        Slew       Delay        Time   Description
---------------------------------------------------------------------------------------------
                                  0.000000    0.000000   clock wb_clk_i (rise edge)
                                  0.000000    0.000000   clock source latency
     2    0.173147    1.249199    0.896311    0.896311 ^ wb_clk_i (in)
                                                         wb_clk_i (net)
                      1.273456    0.000000    0.896311 ^ clkbuf_0_wb_clk_i/A (sky130_fd_sc_hd__clkbuf_16)
    17    0.080878    0.167560    0.669136    1.565448 ^ clkbuf_0_wb_clk_i/X (sky130_fd_sc_hd__clkbuf_16)
                                                         clknet_0_wb_clk_i (net)
                      0.168029    0.006603    1.572050 ^ clkbuf_3_1_0_wb_clk_i/A (sky130_fd_sc_hd__clkbuf_8)
    11    0.037900    0.124584    0.302198    1.874248 ^ clkbuf_3_1_0_wb_clk_i/X (sky130_fd_sc_hd__clkbuf_8)
                                                         clknet_3_1_0_wb_clk_i (net)
                      0.124614    0.001774    1.876022 ^ _698_/CLK (sky130_fd_sc_hd__dfrtp_2)
     2    0.006254    0.094022    0.693801    2.569823 ^ _698_/Q (sky130_fd_sc_hd__dfrtp_2)
                                                         timer.scan_div[4] (net)
                      0.094022    0.000370    2.570193 ^ _499_/B (sky130_fd_sc_hd__and2_2)
     4    0.010252    0.119363    0.306463    2.876655 ^ _499_/X (sky130_fd_sc_hd__and2_2)
                                                         _275_ (net)
                      0.119364    0.000495    2.877151 ^ _500_/B (sky130_fd_sc_hd__and2_2)
     2    0.011001    0.124688    0.320267    3.197417 ^ _500_/X (sky130_fd_sc_hd__and2_2)
                                                         _276_ (net)
                      0.124688    0.000220    3.197637 ^ _501_/B1 (sky130_fd_sc_hd__a21oi_2)
     1    0.002631    0.041271    0.069624    3.267261 v _501_/Y (sky130_fd_sc_hd__a21oi_2)
                                                         _028_ (net)
                      0.041271    0.000152    3.267413 v hold130/A (sky130_fd_sc_hd__dlygate4sd3_1)
     1    0.002274    0.101823    1.047058    4.314471 v hold130/X (sky130_fd_sc_hd__dlygate4sd3_1)
                                                         net130 (net)
                      0.101823    0.000147    4.314618 v _699_/D (sky130_fd_sc_hd__dfrtp_2)
                                              4.314618   data arrival time

                                  0.000000    0.000000   clock wb_clk_i (rise edge)
                                  0.000000    0.000000   clock source latency
     2    0.173147    1.249199    0.990660    0.990660 ^ wb_clk_i (in)
                                                         wb_clk_i (net)
                      1.273456    0.000000    0.990660 ^ clkbuf_0_wb_clk_i/A (sky130_fd_sc_hd__clkbuf_16)
    17    0.080878    0.167560    0.739572    1.730232 ^ clkbuf_0_wb_clk_i/X (sky130_fd_sc_hd__clkbuf_16)
                                                         clknet_0_wb_clk_i (net)
                      0.167859    0.005697    1.735929 ^ clkbuf_3_3_0_wb_clk_i/A (sky130_fd_sc_hd__clkbuf_8)
    11    0.038093    0.125050    0.334284    2.070213 ^ clkbuf_3_3_0_wb_clk_i/X (sky130_fd_sc_hd__clkbuf_8)
                                                         clknet_3_3_0_wb_clk_i (net)
                      0.125092    0.002254    2.072467 ^ _699_/CLK (sky130_fd_sc_hd__dfrtp_2)
                                  0.250000    2.322467   clock uncertainty
                                 -0.164784    2.157683   clock reconvergence pessimism
                                 -0.087955    2.069728   library hold time
                                              2.069728   data required time
---------------------------------------------------------------------------------------------
                                              2.069728   data required time
                                             -4.314618   data arrival time
---------------------------------------------------------------------------------------------
                                              2.244890   slack (MET)


Startpoint: _731_ (rising edge-triggered flip-flop clocked by wb_clk_i)
Endpoint: _731_ (rising edge-triggered flip-flop clocked by wb_clk_i)
Path Group: wb_clk_i
Path Type: min

Fanout         Cap        Slew       Delay        Time   Description
---------------------------------------------------------------------------------------------
                                  0.000000    0.000000   clock wb_clk_i (rise edge)
                                  0.000000    0.000000   clock source latency
     2    0.173147    1.249199    0.896311    0.896311 ^ wb_clk_i (in)
                                                         wb_clk_i (net)
                      1.273456    0.000000    0.896311 ^ clkbuf_0_wb_clk_i/A (sky130_fd_sc_hd__clkbuf_16)
    17    0.080878    0.167560    0.669136    1.565448 ^ clkbuf_0_wb_clk_i/X (sky130_fd_sc_hd__clkbuf_16)
                                                         clknet_0_wb_clk_i (net)
                      0.167872    0.005279    1.570727 ^ clkbuf_3_6_0_wb_clk_i/A (sky130_fd_sc_hd__clkbuf_8)
    12    0.039360    0.128046    0.304360    1.875087 ^ clkbuf_3_6_0_wb_clk_i/X (sky130_fd_sc_hd__clkbuf_8)
                                                         clknet_3_6_0_wb_clk_i (net)
                      0.128049    0.000936    1.876023 ^ _731_/CLK (sky130_fd_sc_hd__dfrtp_2)
     4    0.015791    0.159831    0.756709    2.632732 ^ _731_/Q (sky130_fd_sc_hd__dfrtp_2)
                                                         timer.sec_div[4] (net)
                      0.159832    0.000687    2.633419 ^ hold193/A (sky130_fd_sc_hd__dlygate4sd3_1)
     3    0.011043    0.204110    1.121584    3.755003 ^ hold193/X (sky130_fd_sc_hd__dlygate4sd3_1)
                                                         net193 (net)
                      0.204110    0.000325    3.755329 ^ _421_/A (sky130_fd_sc_hd__or2_2)
     1    0.002087    0.044418    0.219621    3.974950 ^ _421_/X (sky130_fd_sc_hd__or2_2)
                                                         _230_ (net)
                      0.044418    0.000135    3.975085 ^ _422_/C (sky130_fd_sc_hd__and3_2)
     1    0.002737    0.078708    0.326424    4.301509 ^ _422_/X (sky130_fd_sc_hd__and3_2)
                                                         _060_ (net)
                      0.078708    0.000166    4.301675 ^ _731_/D (sky130_fd_sc_hd__dfrtp_2)
                                              4.301675   data arrival time

                                  0.000000    0.000000   clock wb_clk_i (rise edge)
                                  0.000000    0.000000   clock source latency
     2    0.173147    1.249199    0.990660    0.990660 ^ wb_clk_i (in)
                                                         wb_clk_i (net)
                      1.273456    0.000000    0.990660 ^ clkbuf_0_wb_clk_i/A (sky130_fd_sc_hd__clkbuf_16)
    17    0.080878    0.167560    0.739572    1.730232 ^ clkbuf_0_wb_clk_i/X (sky130_fd_sc_hd__clkbuf_16)
                                                         clknet_0_wb_clk_i (net)
                      0.167872    0.005835    1.736067 ^ clkbuf_3_6_0_wb_clk_i/A (sky130_fd_sc_hd__clkbuf_8)
    12    0.039360    0.128046    0.336398    2.072464 ^ clkbuf_3_6_0_wb_clk_i/X (sky130_fd_sc_hd__clkbuf_8)
                                                         clknet_3_6_0_wb_clk_i (net)
                      0.128049    0.001035    2.073499 ^ _731_/CLK (sky130_fd_sc_hd__dfrtp_2)
                                  0.250000    2.323499   clock uncertainty
                                 -0.197476    2.126023   clock reconvergence pessimism
                                 -0.069352    2.056671   library hold time
                                              2.056671   data required time
---------------------------------------------------------------------------------------------
                                              2.056671   data required time
                                             -4.301675   data arrival time
---------------------------------------------------------------------------------------------
                                              2.245004   slack (MET)


Startpoint: _685_ (rising edge-triggered flip-flop clocked by wb_clk_i)
Endpoint: _681_ (rising edge-triggered flip-flop clocked by wb_clk_i)
Path Group: wb_clk_i
Path Type: min

Fanout         Cap        Slew       Delay        Time   Description
---------------------------------------------------------------------------------------------
                                  0.000000    0.000000   clock wb_clk_i (rise edge)
                                  0.000000    0.000000   clock source latency
     2    0.173147    1.249199    0.896311    0.896311 ^ wb_clk_i (in)
                                                         wb_clk_i (net)
                      1.273456    0.000000    0.896311 ^ clkbuf_0_wb_clk_i/A (sky130_fd_sc_hd__clkbuf_16)
    17    0.080878    0.167560    0.669136    1.565448 ^ clkbuf_0_wb_clk_i/X (sky130_fd_sc_hd__clkbuf_16)
                                                         clknet_0_wb_clk_i (net)
                      0.168169    0.007583    1.573030 ^ clkbuf_3_5_0_wb_clk_i/A (sky130_fd_sc_hd__clkbuf_8)
    11    0.039719    0.128953    0.305461    1.878491 ^ clkbuf_3_5_0_wb_clk_i/X (sky130_fd_sc_hd__clkbuf_8)
                                                         clknet_3_5_0_wb_clk_i (net)
                      0.128981    0.001769    1.880261 ^ _685_/CLK (sky130_fd_sc_hd__dfrtp_2)
     2    0.004196    0.080973    0.790257    2.670517 v _685_/Q (sky130_fd_sc_hd__dfrtp_2)
                                                         timer.sec_tens[0] (net)
                      0.080973    0.000227    2.670744 v _356_/B (sky130_fd_sc_hd__and4b_2)
     6    0.027837    0.175874    0.537344    3.208089 v _356_/X (sky130_fd_sc_hd__and4b_2)
                                                         _186_ (net)
                      0.175890    0.001720    3.209809 v _373_/B (sky130_fd_sc_hd__xor2_2)
     1    0.001846    0.093347    0.200183    3.409992 ^ _373_/X (sky130_fd_sc_hd__xor2_2)
                                                         _156_ (net)
                      0.093347    0.000079    3.410071 ^ hold145/A (sky130_fd_sc_hd__dlygate4sd3_1)
     1    0.002261    0.085697    0.990019    4.400090 ^ hold145/X (sky130_fd_sc_hd__dlygate4sd3_1)
                                                         net145 (net)
                      0.085697    0.000148    4.400238 ^ _681_/D (sky130_fd_sc_hd__dfrtp_2)
                                              4.400238   data arrival time

                                  0.000000    0.000000   clock wb_clk_i (rise edge)
                                  0.000000    0.000000   clock source latency
     2    0.173147    1.249199    0.990660    0.990660 ^ wb_clk_i (in)
                                                         wb_clk_i (net)
                      1.273456    0.000000    0.990660 ^ clkbuf_0_wb_clk_i/A (sky130_fd_sc_hd__clkbuf_16)
    17    0.080878    0.167560    0.739572    1.730232 ^ clkbuf_0_wb_clk_i/X (sky130_fd_sc_hd__clkbuf_16)
                                                         clknet_0_wb_clk_i (net)
                      0.168090    0.007785    1.738017 ^ clkbuf_3_7_0_wb_clk_i/A (sky130_fd_sc_hd__clkbuf_8)
    12    0.037900    0.124575    0.333872    2.071889 ^ clkbuf_3_7_0_wb_clk_i/X (sky130_fd_sc_hd__clkbuf_8)
                                                         clknet_3_7_0_wb_clk_i (net)
                      0.124621    0.002354    2.074243 ^ _681_/CLK (sky130_fd_sc_hd__dfrtp_2)
                                  0.250000    2.324243   clock uncertainty
                                 -0.164784    2.159459   clock reconvergence pessimism
                                 -0.071504    2.087956   library hold time
                                              2.087956   data required time
---------------------------------------------------------------------------------------------
                                              2.087956   data required time
                                             -4.400238   data arrival time
---------------------------------------------------------------------------------------------
                                              2.312282   slack (MET)


Startpoint: _710_ (rising edge-triggered flip-flop clocked by wb_clk_i)
Endpoint: _714_ (rising edge-triggered flip-flop clocked by wb_clk_i)
Path Group: wb_clk_i
Path Type: min

Fanout         Cap        Slew       Delay        Time   Description
---------------------------------------------------------------------------------------------
                                  0.000000    0.000000   clock wb_clk_i (rise edge)
                                  0.000000    0.000000   clock source latency
     2    0.173147    1.249199    0.896311    0.896311 ^ wb_clk_i (in)
                                                         wb_clk_i (net)
                      1.273456    0.000000    0.896311 ^ clkbuf_0_wb_clk_i/A (sky130_fd_sc_hd__clkbuf_16)
    17    0.080878    0.167560    0.669136    1.565448 ^ clkbuf_0_wb_clk_i/X (sky130_fd_sc_hd__clkbuf_16)
                                                         clknet_0_wb_clk_i (net)
                      0.168126    0.007300    1.572748 ^ clkbuf_3_0_0_wb_clk_i/A (sky130_fd_sc_hd__clkbuf_8)
    11    0.036469    0.121162    0.299715    1.872463 ^ clkbuf_3_0_0_wb_clk_i/X (sky130_fd_sc_hd__clkbuf_8)
                                                         clknet_3_0_0_wb_clk_i (net)
                      0.121184    0.001539    1.874002 ^ _710_/CLK (sky130_fd_sc_hd__dfrtp_2)
     3    0.007952    0.104617    0.703258    2.577260 ^ _710_/Q (sky130_fd_sc_hd__dfrtp_2)
                                                         timer.scan_div[16] (net)
                      0.104617    0.000481    2.577741 ^ _534_/A (sky130_fd_sc_hd__and4_2)
     3    0.009940    0.152751    0.467361    3.045102 ^ _534_/X (sky130_fd_sc_hd__and4_2)
                                                         _296_ (net)
                      0.152751    0.000482    3.045584 ^ _535_/B (sky130_fd_sc_hd__nand2_2)
     2    0.014234    0.137106    0.180715    3.226299 v _535_/Y (sky130_fd_sc_hd__nand2_2)
                                                         _297_ (net)
                      0.137109    0.000857    3.227156 v _538_/B (sky130_fd_sc_hd__xnor2_2)
     1    0.002580    0.056453    0.189905    3.417061 ^ _538_/Y (sky130_fd_sc_hd__xnor2_2)
                                                         _013_ (net)
                      0.056453    0.000162    3.417222 ^ hold48/A (sky130_fd_sc_hd__dlygate4sd3_1)
     1    0.002631    0.089619    0.980685    4.397908 ^ hold48/X (sky130_fd_sc_hd__dlygate4sd3_1)
                                                         net48 (net)
                      0.089619    0.000160    4.398067 ^ _714_/D (sky130_fd_sc_hd__dfrtp_2)
                                              4.398067   data arrival time

                                  0.000000    0.000000   clock wb_clk_i (rise edge)
                                  0.000000    0.000000   clock source latency
     2    0.173147    1.249199    0.990660    0.990660 ^ wb_clk_i (in)
                                                         wb_clk_i (net)
                      1.273456    0.000000    0.990660 ^ clkbuf_0_wb_clk_i/A (sky130_fd_sc_hd__clkbuf_16)
    17    0.080878    0.167560    0.739572    1.730232 ^ clkbuf_0_wb_clk_i/X (sky130_fd_sc_hd__clkbuf_16)
                                                         clknet_0_wb_clk_i (net)
                      0.168126    0.008069    1.738300 ^ clkbuf_3_0_0_wb_clk_i/A (sky130_fd_sc_hd__clkbuf_8)
    11    0.036469    0.121162    0.331264    2.069565 ^ clkbuf_3_0_0_wb_clk_i/X (sky130_fd_sc_hd__clkbuf_8)
                                                         clknet_3_0_0_wb_clk_i (net)
                      0.121185    0.001751    2.071316 ^ _714_/CLK (sky130_fd_sc_hd__dfrtp_2)
                                  0.250000    2.321316   clock uncertainty
                                 -0.197101    2.124214   clock reconvergence pessimism
                                 -0.072959    2.051255   library hold time
                                              2.051255   data required time
---------------------------------------------------------------------------------------------
                                              2.051255   data required time
                                             -4.398067   data arrival time
---------------------------------------------------------------------------------------------
                                              2.346812   slack (MET)


Startpoint: _698_ (rising edge-triggered flip-flop clocked by wb_clk_i)
Endpoint: _700_ (rising edge-triggered flip-flop clocked by wb_clk_i)
Path Group: wb_clk_i
Path Type: min

Fanout         Cap        Slew       Delay        Time   Description
---------------------------------------------------------------------------------------------
                                  0.000000    0.000000   clock wb_clk_i (rise edge)
                                  0.000000    0.000000   clock source latency
     2    0.173147    1.249199    0.896311    0.896311 ^ wb_clk_i (in)
                                                         wb_clk_i (net)
                      1.273456    0.000000    0.896311 ^ clkbuf_0_wb_clk_i/A (sky130_fd_sc_hd__clkbuf_16)
    17    0.080878    0.167560    0.669136    1.565448 ^ clkbuf_0_wb_clk_i/X (sky130_fd_sc_hd__clkbuf_16)
                                                         clknet_0_wb_clk_i (net)
                      0.168029    0.006603    1.572050 ^ clkbuf_3_1_0_wb_clk_i/A (sky130_fd_sc_hd__clkbuf_8)
    11    0.037900    0.124584    0.302198    1.874248 ^ clkbuf_3_1_0_wb_clk_i/X (sky130_fd_sc_hd__clkbuf_8)
                                                         clknet_3_1_0_wb_clk_i (net)
                      0.124614    0.001774    1.876022 ^ _698_/CLK (sky130_fd_sc_hd__dfrtp_2)
     2    0.006254    0.094022    0.693801    2.569823 ^ _698_/Q (sky130_fd_sc_hd__dfrtp_2)
                                                         timer.scan_div[4] (net)
                      0.094022    0.000370    2.570193 ^ _499_/B (sky130_fd_sc_hd__and2_2)
     4    0.010252    0.119363    0.306463    2.876655 ^ _499_/X (sky130_fd_sc_hd__and2_2)
                                                         _275_ (net)
                      0.119363    0.000446    2.877101 ^ _502_/C (sky130_fd_sc_hd__and3_2)
     2    0.010395    0.134143    0.414479    3.291581 ^ _502_/X (sky130_fd_sc_hd__and3_2)
                                                         _277_ (net)
                      0.134144    0.000658    3.292239 ^ _504_/A (sky130_fd_sc_hd__nor2_2)
     1    0.002735    0.034205    0.086394    3.378633 v _504_/Y (sky130_fd_sc_hd__nor2_2)
                                                         _029_ (net)
                      0.034205    0.000154    3.378787 v hold91/A (sky130_fd_sc_hd__dlygate4sd3_1)
     1    0.002274    0.101895    1.044188    4.422976 v hold91/X (sky130_fd_sc_hd__dlygate4sd3_1)
                                                         net91 (net)
                      0.101895    0.000148    4.423123 v _700_/D (sky130_fd_sc_hd__dfrtp_2)
                                              4.423123   data arrival time

                                  0.000000    0.000000   clock wb_clk_i (rise edge)
                                  0.000000    0.000000   clock source latency
     2    0.173147    1.249199    0.990660    0.990660 ^ wb_clk_i (in)
                                                         wb_clk_i (net)
                      1.273456    0.000000    0.990660 ^ clkbuf_0_wb_clk_i/A (sky130_fd_sc_hd__clkbuf_16)
    17    0.080878    0.167560    0.739572    1.730232 ^ clkbuf_0_wb_clk_i/X (sky130_fd_sc_hd__clkbuf_16)
                                                         clknet_0_wb_clk_i (net)
                      0.167859    0.005697    1.735929 ^ clkbuf_3_3_0_wb_clk_i/A (sky130_fd_sc_hd__clkbuf_8)
    11    0.038093    0.125050    0.334284    2.070213 ^ clkbuf_3_3_0_wb_clk_i/X (sky130_fd_sc_hd__clkbuf_8)
                                                         clknet_3_3_0_wb_clk_i (net)
                      0.125081    0.001985    2.072198 ^ _700_/CLK (sky130_fd_sc_hd__dfrtp_2)
                                  0.250000    2.322198   clock uncertainty
                                 -0.164784    2.157414   clock reconvergence pessimism
                                 -0.087984    2.069430   library hold time
                                              2.069430   data required time
---------------------------------------------------------------------------------------------
                                              2.069430   data required time
                                             -4.423123   data arrival time
---------------------------------------------------------------------------------------------
                                              2.353693   slack (MET)


Startpoint: _689_ (rising edge-triggered flip-flop clocked by wb_clk_i)
Endpoint: _691_ (rising edge-triggered flip-flop clocked by wb_clk_i)
Path Group: wb_clk_i
Path Type: min

Fanout         Cap        Slew       Delay        Time   Description
---------------------------------------------------------------------------------------------
                                  0.000000    0.000000   clock wb_clk_i (rise edge)
                                  0.000000    0.000000   clock source latency
     2    0.173147    1.249199    0.896311    0.896311 ^ wb_clk_i (in)
                                                         wb_clk_i (net)
                      1.273456    0.000000    0.896311 ^ clkbuf_0_wb_clk_i/A (sky130_fd_sc_hd__clkbuf_16)
    17    0.080878    0.167560    0.669136    1.565448 ^ clkbuf_0_wb_clk_i/X (sky130_fd_sc_hd__clkbuf_16)
                                                         clknet_0_wb_clk_i (net)
                      0.168090    0.007044    1.572492 ^ clkbuf_3_7_0_wb_clk_i/A (sky130_fd_sc_hd__clkbuf_8)
    12    0.037900    0.124575    0.302075    1.874567 ^ clkbuf_3_7_0_wb_clk_i/X (sky130_fd_sc_hd__clkbuf_8)
                                                         clknet_3_7_0_wb_clk_i (net)
                      0.124605    0.001804    1.876370 ^ _689_/CLK (sky130_fd_sc_hd__dfrtp_2)
     5    0.018970    0.176636    0.775552    2.651922 ^ _689_/Q (sky130_fd_sc_hd__dfrtp_2)
                                                         timer.sec_ones[0] (net)
                      0.176638    0.000876    2.652798 ^ _341_/C (sky130_fd_sc_hd__and3_2)
     4    0.025771    0.240593    0.528352    3.181150 ^ _341_/X (sky130_fd_sc_hd__and3_2)
                                                         _176_ (net)
                      0.240595    0.001183    3.182333 ^ _346_/B (sky130_fd_sc_hd__xor2_2)
     1    0.003414    0.056459    0.167777    3.350109 v _346_/X (sky130_fd_sc_hd__xor2_2)
                                                         _166_ (net)
                      0.056459    0.000198    3.350307 v hold143/A (sky130_fd_sc_hd__dlygate4sd3_1)
     1    0.002683    0.104715    1.059806    4.410113 v hold143/X (sky130_fd_sc_hd__dlygate4sd3_1)
                                                         net143 (net)
                      0.104715    0.000107    4.410220 v _691_/D (sky130_fd_sc_hd__dfrtp_2)
                                              4.410220   data arrival time

                                  0.000000    0.000000   clock wb_clk_i (rise edge)
                                  0.000000    0.000000   clock source latency
     2    0.173147    1.249199    0.990660    0.990660 ^ wb_clk_i (in)
                                                         wb_clk_i (net)
                      1.273456    0.000000    0.990660 ^ clkbuf_0_wb_clk_i/A (sky130_fd_sc_hd__clkbuf_16)
    17    0.080878    0.167560    0.739572    1.730232 ^ clkbuf_0_wb_clk_i/X (sky130_fd_sc_hd__clkbuf_16)
                                                         clknet_0_wb_clk_i (net)
                      0.168090    0.007785    1.738017 ^ clkbuf_3_7_0_wb_clk_i/A (sky130_fd_sc_hd__clkbuf_8)
    12    0.037900    0.124575    0.333872    2.071889 ^ clkbuf_3_7_0_wb_clk_i/X (sky130_fd_sc_hd__clkbuf_8)
                                                         clknet_3_7_0_wb_clk_i (net)
                      0.124598    0.001790    2.073679 ^ _691_/CLK (sky130_fd_sc_hd__dfrtp_2)
                                  0.250000    2.323679   clock uncertainty
                                 -0.197323    2.126357   clock reconvergence pessimism
                                 -0.089134    2.037223   library hold time
                                              2.037223   data required time
---------------------------------------------------------------------------------------------
                                              2.037223   data required time
                                             -4.410220   data arrival time
---------------------------------------------------------------------------------------------
                                              2.372998   slack (MET)


Startpoint: _698_ (rising edge-triggered flip-flop clocked by wb_clk_i)
Endpoint: _701_ (rising edge-triggered flip-flop clocked by wb_clk_i)
Path Group: wb_clk_i
Path Type: min

Fanout         Cap        Slew       Delay        Time   Description
---------------------------------------------------------------------------------------------
                                  0.000000    0.000000   clock wb_clk_i (rise edge)
                                  0.000000    0.000000   clock source latency
     2    0.173147    1.249199    0.896311    0.896311 ^ wb_clk_i (in)
                                                         wb_clk_i (net)
                      1.273456    0.000000    0.896311 ^ clkbuf_0_wb_clk_i/A (sky130_fd_sc_hd__clkbuf_16)
    17    0.080878    0.167560    0.669136    1.565448 ^ clkbuf_0_wb_clk_i/X (sky130_fd_sc_hd__clkbuf_16)
                                                         clknet_0_wb_clk_i (net)
                      0.168029    0.006603    1.572050 ^ clkbuf_3_1_0_wb_clk_i/A (sky130_fd_sc_hd__clkbuf_8)
    11    0.037900    0.124584    0.302198    1.874248 ^ clkbuf_3_1_0_wb_clk_i/X (sky130_fd_sc_hd__clkbuf_8)
                                                         clknet_3_1_0_wb_clk_i (net)
                      0.124614    0.001774    1.876022 ^ _698_/CLK (sky130_fd_sc_hd__dfrtp_2)
     2    0.006254    0.094022    0.693801    2.569823 ^ _698_/Q (sky130_fd_sc_hd__dfrtp_2)
                                                         timer.scan_div[4] (net)
                      0.094022    0.000370    2.570193 ^ _499_/B (sky130_fd_sc_hd__and2_2)
     4    0.010252    0.119363    0.306463    2.876655 ^ _499_/X (sky130_fd_sc_hd__and2_2)
                                                         _275_ (net)
                      0.119363    0.000446    2.877101 ^ _502_/C (sky130_fd_sc_hd__and3_2)
     2    0.010395    0.134143    0.414479    3.291581 ^ _502_/X (sky130_fd_sc_hd__and3_2)
                                                         _277_ (net)
                      0.134143    0.000535    3.292116 ^ _507_/A2 (sky130_fd_sc_hd__o21ba_2)
     1    0.002999    0.060778    0.252415    3.544531 ^ _507_/X (sky130_fd_sc_hd__o21ba_2)
                                                         _030_ (net)
                      0.060778    0.000191    3.544722 ^ hold93/A (sky130_fd_sc_hd__dlygate4sd3_1)
     1    0.002230    0.085304    0.976615    4.521337 ^ hold93/X (sky130_fd_sc_hd__dlygate4sd3_1)
                                                         net93 (net)
                      0.085304    0.000150    4.521487 ^ _701_/D (sky130_fd_sc_hd__dfrtp_2)
                                              4.521487   data arrival time

                                  0.000000    0.000000   clock wb_clk_i (rise edge)
                                  0.000000    0.000000   clock source latency
     2    0.173147    1.249199    0.990660    0.990660 ^ wb_clk_i (in)
                                                         wb_clk_i (net)
                      1.273456    0.000000    0.990660 ^ clkbuf_0_wb_clk_i/A (sky130_fd_sc_hd__clkbuf_16)
    17    0.080878    0.167560    0.739572    1.730232 ^ clkbuf_0_wb_clk_i/X (sky130_fd_sc_hd__clkbuf_16)
                                                         clknet_0_wb_clk_i (net)
                      0.167859    0.005697    1.735929 ^ clkbuf_3_3_0_wb_clk_i/A (sky130_fd_sc_hd__clkbuf_8)
    11    0.038093    0.125050    0.334284    2.070213 ^ clkbuf_3_3_0_wb_clk_i/X (sky130_fd_sc_hd__clkbuf_8)
                                                         clknet_3_3_0_wb_clk_i (net)
                      0.125071    0.001706    2.071918 ^ _701_/CLK (sky130_fd_sc_hd__dfrtp_2)
                                  0.250000    2.321918   clock uncertainty
                                 -0.164784    2.157135   clock reconvergence pessimism
                                 -0.071341    2.085794   library hold time
                                              2.085794   data required time
---------------------------------------------------------------------------------------------
                                              2.085794   data required time
                                             -4.521487   data arrival time
---------------------------------------------------------------------------------------------
                                              2.435693   slack (MET)


Startpoint: _743_ (rising edge-triggered flip-flop clocked by wb_clk_i)
Endpoint: _746_ (rising edge-triggered flip-flop clocked by wb_clk_i)
Path Group: wb_clk_i
Path Type: min

Fanout         Cap        Slew       Delay        Time   Description
---------------------------------------------------------------------------------------------
                                  0.000000    0.000000   clock wb_clk_i (rise edge)
                                  0.000000    0.000000   clock source latency
     2    0.173147    1.249199    0.896311    0.896311 ^ wb_clk_i (in)
                                                         wb_clk_i (net)
                      1.273456    0.000000    0.896311 ^ clkbuf_0_wb_clk_i/A (sky130_fd_sc_hd__clkbuf_16)
    17    0.080878    0.167560    0.669136    1.565448 ^ clkbuf_0_wb_clk_i/X (sky130_fd_sc_hd__clkbuf_16)
                                                         clknet_0_wb_clk_i (net)
                      0.168001    0.006392    1.571839 ^ clkbuf_3_4_0_wb_clk_i/A (sky130_fd_sc_hd__clkbuf_8)
    11    0.038444    0.125873    0.302969    1.874808 ^ clkbuf_3_4_0_wb_clk_i/X (sky130_fd_sc_hd__clkbuf_8)
                                                         clknet_3_4_0_wb_clk_i (net)
                      0.125924    0.002243    1.877051 ^ _743_/CLK (sky130_fd_sc_hd__dfrtp_2)
     2    0.006305    0.094336    0.694715    2.571766 ^ _743_/Q (sky130_fd_sc_hd__dfrtp_2)
                                                         timer.sec_div[16] (net)
                      0.094336    0.000366    2.572132 ^ _455_/B (sky130_fd_sc_hd__and4_2)
     2    0.011484    0.164986    0.501029    3.073160 ^ _455_/X (sky130_fd_sc_hd__and4_2)
                                                         _251_ (net)
                      0.164986    0.000504    3.073664 ^ _457_/B (sky130_fd_sc_hd__and2_2)
     1    0.004786    0.080951    0.296419    3.370084 ^ _457_/X (sky130_fd_sc_hd__and2_2)
                                                         _252_ (net)
                      0.080960    0.000328    3.370412 ^ _461_/A2 (sky130_fd_sc_hd__o21ba_2)
     1    0.002614    0.058044    0.231186    3.601598 ^ _461_/X (sky130_fd_sc_hd__o21ba_2)
                                                         _044_ (net)
                      0.058044    0.000157    3.601755 ^ hold82/A (sky130_fd_sc_hd__dlygate4sd3_1)
     1    0.002214    0.085129    0.975251    4.577006 ^ hold82/X (sky130_fd_sc_hd__dlygate4sd3_1)
                                                         net82 (net)
                      0.085129    0.000146    4.577152 ^ _746_/D (sky130_fd_sc_hd__dfrtp_2)
                                              4.577152   data arrival time

                                  0.000000    0.000000   clock wb_clk_i (rise edge)
                                  0.000000    0.000000   clock source latency
     2    0.173147    1.249199    0.990660    0.990660 ^ wb_clk_i (in)
                                                         wb_clk_i (net)
                      1.273456    0.000000    0.990660 ^ clkbuf_0_wb_clk_i/A (sky130_fd_sc_hd__clkbuf_16)
    17    0.080878    0.167560    0.739572    1.730232 ^ clkbuf_0_wb_clk_i/X (sky130_fd_sc_hd__clkbuf_16)
                                                         clknet_0_wb_clk_i (net)
                      0.168001    0.007065    1.737296 ^ clkbuf_3_4_0_wb_clk_i/A (sky130_fd_sc_hd__clkbuf_8)
    11    0.038444    0.125873    0.334860    2.072156 ^ clkbuf_3_4_0_wb_clk_i/X (sky130_fd_sc_hd__clkbuf_8)
                                                         clknet_3_4_0_wb_clk_i (net)
                      0.125955    0.003026    2.075182 ^ _746_/CLK (sky130_fd_sc_hd__dfrtp_2)
                                  0.250000    2.325182   clock uncertainty
                                 -0.197348    2.127834   clock reconvergence pessimism
                                 -0.071156    2.056679   library hold time
                                              2.056679   data required time
---------------------------------------------------------------------------------------------
                                              2.056679   data required time
                                             -4.577152   data arrival time
---------------------------------------------------------------------------------------------
                                              2.520473   slack (MET)


Startpoint: _735_ (rising edge-triggered flip-flop clocked by wb_clk_i)
Endpoint: _738_ (rising edge-triggered flip-flop clocked by wb_clk_i)
Path Group: wb_clk_i
Path Type: min

Fanout         Cap        Slew       Delay        Time   Description
---------------------------------------------------------------------------------------------
                                  0.000000    0.000000   clock wb_clk_i (rise edge)
                                  0.000000    0.000000   clock source latency
     2    0.173147    1.249199    0.896311    0.896311 ^ wb_clk_i (in)
                                                         wb_clk_i (net)
                      1.273456    0.000000    0.896311 ^ clkbuf_0_wb_clk_i/A (sky130_fd_sc_hd__clkbuf_16)
    17    0.080878    0.167560    0.669136    1.565448 ^ clkbuf_0_wb_clk_i/X (sky130_fd_sc_hd__clkbuf_16)
                                                         clknet_0_wb_clk_i (net)
                      0.168169    0.007583    1.573030 ^ clkbuf_3_5_0_wb_clk_i/A (sky130_fd_sc_hd__clkbuf_8)
    11    0.039719    0.128953    0.305461    1.878491 ^ clkbuf_3_5_0_wb_clk_i/X (sky130_fd_sc_hd__clkbuf_8)
                                                         clknet_3_5_0_wb_clk_i (net)
                      0.128980    0.001739    1.880230 ^ _735_/CLK (sky130_fd_sc_hd__dfrtp_2)
     3    0.008415    0.107684    0.709725    2.589955 ^ _735_/Q (sky130_fd_sc_hd__dfrtp_2)
                                                         timer.sec_div[8] (net)
                      0.107684    0.000474    2.590429 ^ _438_/A (sky130_fd_sc_hd__and4_2)
     2    0.004758    0.113229    0.422990    3.013419 ^ _438_/X (sky130_fd_sc_hd__and4_2)
                                                         _240_ (net)
                      0.113229    0.000250    3.013668 ^ _439_/C (sky130_fd_sc_hd__and3_2)
     3    0.015652    0.173748    0.449409    3.463078 ^ _439_/X (sky130_fd_sc_hd__and3_2)
                                                         _241_ (net)
                      0.173753    0.001052    3.464130 ^ _440_/B1 (sky130_fd_sc_hd__a21oi_2)
     1    0.001863    0.050132    0.078801    3.542931 v _440_/Y (sky130_fd_sc_hd__a21oi_2)
                                                         _036_ (net)
                      0.050132    0.000120    3.543051 v hold136/A (sky130_fd_sc_hd__dlygate4sd3_1)
     1    0.002457    0.103149    1.053598    4.596649 v hold136/X (sky130_fd_sc_hd__dlygate4sd3_1)
                                                         net136 (net)
                      0.103149    0.000156    4.596805 v _738_/D (sky130_fd_sc_hd__dfrtp_2)
                                              4.596805   data arrival time

                                  0.000000    0.000000   clock wb_clk_i (rise edge)
                                  0.000000    0.000000   clock source latency
     2    0.173147    1.249199    0.990660    0.990660 ^ wb_clk_i (in)
                                                         wb_clk_i (net)
                      1.273456    0.000000    0.990660 ^ clkbuf_0_wb_clk_i/A (sky130_fd_sc_hd__clkbuf_16)
    17    0.080878    0.167560    0.739572    1.730232 ^ clkbuf_0_wb_clk_i/X (sky130_fd_sc_hd__clkbuf_16)
                                                         clknet_0_wb_clk_i (net)
                      0.167872    0.005835    1.736067 ^ clkbuf_3_6_0_wb_clk_i/A (sky130_fd_sc_hd__clkbuf_8)
    12    0.039360    0.128046    0.336398    2.072464 ^ clkbuf_3_6_0_wb_clk_i/X (sky130_fd_sc_hd__clkbuf_8)
                                                         clknet_3_6_0_wb_clk_i (net)
                      0.128099    0.002609    2.075073 ^ _738_/CLK (sky130_fd_sc_hd__dfrtp_2)
                                  0.250000    2.325073   clock uncertainty
                                 -0.164784    2.160289   clock reconvergence pessimism
                                 -0.087712    2.072577   library hold time
                                              2.072577   data required time
---------------------------------------------------------------------------------------------
                                              2.072577   data required time
                                             -4.596805   data arrival time
---------------------------------------------------------------------------------------------
                                              2.524227   slack (MET)


Startpoint: _683_ (rising edge-triggered flip-flop clocked by wb_clk_i)
Endpoint: _684_ (rising edge-triggered flip-flop clocked by wb_clk_i)
Path Group: wb_clk_i
Path Type: min

Fanout         Cap        Slew       Delay        Time   Description
---------------------------------------------------------------------------------------------
                                  0.000000    0.000000   clock wb_clk_i (rise edge)
                                  0.000000    0.000000   clock source latency
     2    0.173147    1.249199    0.896311    0.896311 ^ wb_clk_i (in)
                                                         wb_clk_i (net)
                      1.273456    0.000000    0.896311 ^ clkbuf_0_wb_clk_i/A (sky130_fd_sc_hd__clkbuf_16)
    17    0.080878    0.167560    0.669136    1.565448 ^ clkbuf_0_wb_clk_i/X (sky130_fd_sc_hd__clkbuf_16)
                                                         clknet_0_wb_clk_i (net)
                      0.168169    0.007583    1.573030 ^ clkbuf_3_5_0_wb_clk_i/A (sky130_fd_sc_hd__clkbuf_8)
    11    0.039719    0.128953    0.305461    1.878491 ^ clkbuf_3_5_0_wb_clk_i/X (sky130_fd_sc_hd__clkbuf_8)
                                                         clknet_3_5_0_wb_clk_i (net)
                      0.128990    0.001958    1.880449 ^ _683_/CLK (sky130_fd_sc_hd__dfrtp_2)
     3    0.014734    0.152096    0.750343    2.630792 ^ _683_/Q (sky130_fd_sc_hd__dfrtp_2)
                                                         timer.min_ones[2] (net)
                      0.152100    0.000954    2.631746 ^ _364_/A_N (sky130_fd_sc_hd__and2b_2)
     3    0.010313    0.100887    0.492405    3.124151 v _364_/X (sky130_fd_sc_hd__and2b_2)
                                                         _191_ (net)
                      0.100888    0.000457    3.124608 v _367_/B (sky130_fd_sc_hd__and3_2)
     2    0.011928    0.106169    0.447999    3.572606 v _367_/X (sky130_fd_sc_hd__and3_2)
                                                         _194_ (net)
                      0.106172    0.000713    3.573319 v _368_/B (sky130_fd_sc_hd__nor2_2)
     1    0.002139    0.091883    0.118079    3.691398 ^ _368_/Y (sky130_fd_sc_hd__nor2_2)
                                                         _159_ (net)
                      0.091883    0.000143    3.691541 ^ hold160/A (sky130_fd_sc_hd__dlygate4sd3_1)
     1    0.002935    0.093240    0.999273    4.690814 ^ hold160/X (sky130_fd_sc_hd__dlygate4sd3_1)
                                                         net160 (net)
                      0.093240    0.000179    4.690993 ^ _684_/D (sky130_fd_sc_hd__dfrtp_2)
                                              4.690993   data arrival time

                                  0.000000    0.000000   clock wb_clk_i (rise edge)
                                  0.000000    0.000000   clock source latency
     2    0.173147    1.249199    0.990660    0.990660 ^ wb_clk_i (in)
                                                         wb_clk_i (net)
                      1.273456    0.000000    0.990660 ^ clkbuf_0_wb_clk_i/A (sky130_fd_sc_hd__clkbuf_16)
    17    0.080878    0.167560    0.739572    1.730232 ^ clkbuf_0_wb_clk_i/X (sky130_fd_sc_hd__clkbuf_16)
                                                         clknet_0_wb_clk_i (net)
                      0.168169    0.008381    1.738613 ^ clkbuf_3_5_0_wb_clk_i/A (sky130_fd_sc_hd__clkbuf_8)
    11    0.039719    0.128953    0.337615    2.076227 ^ clkbuf_3_5_0_wb_clk_i/X (sky130_fd_sc_hd__clkbuf_8)
                                                         clknet_3_5_0_wb_clk_i (net)
                      0.128989    0.002159    2.078386 ^ _684_/CLK (sky130_fd_sc_hd__dfrtp_2)
                                  0.250000    2.328387   clock uncertainty
                                 -0.197736    2.130651   clock reconvergence pessimism
                                 -0.072501    2.058150   library hold time
                                              2.058150   data required time
---------------------------------------------------------------------------------------------
                                              2.058150   data required time
                                             -4.690993   data arrival time
---------------------------------------------------------------------------------------------
                                              2.632843   slack (MET)


Startpoint: _708_ (rising edge-triggered flip-flop clocked by wb_clk_i)
Endpoint: _709_ (rising edge-triggered flip-flop clocked by wb_clk_i)
Path Group: wb_clk_i
Path Type: min

Fanout         Cap        Slew       Delay        Time   Description
---------------------------------------------------------------------------------------------
                                  0.000000    0.000000   clock wb_clk_i (rise edge)
                                  0.000000    0.000000   clock source latency
     2    0.173147    1.249199    0.896311    0.896311 ^ wb_clk_i (in)
                                                         wb_clk_i (net)
                      1.273456    0.000000    0.896311 ^ clkbuf_0_wb_clk_i/A (sky130_fd_sc_hd__clkbuf_16)
    17    0.080878    0.167560    0.669136    1.565448 ^ clkbuf_0_wb_clk_i/X (sky130_fd_sc_hd__clkbuf_16)
                                                         clknet_0_wb_clk_i (net)
                      0.168029    0.006603    1.572050 ^ clkbuf_3_1_0_wb_clk_i/A (sky130_fd_sc_hd__clkbuf_8)
    11    0.037900    0.124584    0.302198    1.874248 ^ clkbuf_3_1_0_wb_clk_i/X (sky130_fd_sc_hd__clkbuf_8)
                                                         clknet_3_1_0_wb_clk_i (net)
                      0.124614    0.001771    1.876019 ^ _708_/CLK (sky130_fd_sc_hd__dfrtp_2)
     2    0.004888    0.084248    0.682968    2.558987 ^ _708_/Q (sky130_fd_sc_hd__dfrtp_2)
                                                         timer.scan_div[14] (net)
                      0.084248    0.000197    2.559183 ^ _525_/C (sky130_fd_sc_hd__and4_2)
     4    0.013416    0.181028    0.527281    3.086465 ^ _525_/X (sky130_fd_sc_hd__and4_2)
                                                         _291_ (net)
                      0.181028    0.000768    3.087233 ^ _526_/B (sky130_fd_sc_hd__and2_2)
     6    0.035815    0.307819    0.479569    3.566801 ^ _526_/X (sky130_fd_sc_hd__and2_2)
                                                         _292_ (net)
                      0.307827    0.001956    3.568757 ^ _527_/B1 (sky130_fd_sc_hd__a21oi_2)
     1    0.002376    0.057674    0.108057    3.676815 v _527_/Y (sky130_fd_sc_hd__a21oi_2)
                                                         _007_ (net)
                      0.057674    0.000091    3.676905 v hold120/A (sky130_fd_sc_hd__dlygate4sd3_1)
     1    0.002267    0.101597    1.053613    4.730518 v hold120/X (sky130_fd_sc_hd__dlygate4sd3_1)
                                                         net120 (net)
                      0.101597    0.000148    4.730666 v _709_/D (sky130_fd_sc_hd__dfrtp_2)
                                              4.730666   data arrival time

                                  0.000000    0.000000   clock wb_clk_i (rise edge)
                                  0.000000    0.000000   clock source latency
     2    0.173147    1.249199    0.990660    0.990660 ^ wb_clk_i (in)
                                                         wb_clk_i (net)
                      1.273456    0.000000    0.990660 ^ clkbuf_0_wb_clk_i/A (sky130_fd_sc_hd__clkbuf_16)
    17    0.080878    0.167560    0.739572    1.730232 ^ clkbuf_0_wb_clk_i/X (sky130_fd_sc_hd__clkbuf_16)
                                                         clknet_0_wb_clk_i (net)
                      0.168126    0.008069    1.738300 ^ clkbuf_3_0_0_wb_clk_i/A (sky130_fd_sc_hd__clkbuf_8)
    11    0.036469    0.121162    0.331264    2.069565 ^ clkbuf_3_0_0_wb_clk_i/X (sky130_fd_sc_hd__clkbuf_8)
                                                         clknet_3_0_0_wb_clk_i (net)
                      0.121187    0.001789    2.071354 ^ _709_/CLK (sky130_fd_sc_hd__dfrtp_2)
                                  0.250000    2.321354   clock uncertainty
                                 -0.164784    2.156570   clock reconvergence pessimism
                                 -0.088818    2.067752   library hold time
                                              2.067752   data required time
---------------------------------------------------------------------------------------------
                                              2.067752   data required time
                                             -4.730666   data arrival time
---------------------------------------------------------------------------------------------
                                              2.662914   slack (MET)


Startpoint: _696_ (rising edge-triggered flip-flop clocked by wb_clk_i)
Endpoint: _698_ (rising edge-triggered flip-flop clocked by wb_clk_i)
Path Group: wb_clk_i
Path Type: min

Fanout         Cap        Slew       Delay        Time   Description
---------------------------------------------------------------------------------------------
                                  0.000000    0.000000   clock wb_clk_i (rise edge)
                                  0.000000    0.000000   clock source latency
     2    0.173147    1.249199    0.896311    0.896311 ^ wb_clk_i (in)
                                                         wb_clk_i (net)
                      1.273456    0.000000    0.896311 ^ clkbuf_0_wb_clk_i/A (sky130_fd_sc_hd__clkbuf_16)
    17    0.080878    0.167560    0.669136    1.565448 ^ clkbuf_0_wb_clk_i/X (sky130_fd_sc_hd__clkbuf_16)
                                                         clknet_0_wb_clk_i (net)
                      0.168029    0.006603    1.572050 ^ clkbuf_3_1_0_wb_clk_i/A (sky130_fd_sc_hd__clkbuf_8)
    11    0.037900    0.124584    0.302198    1.874248 ^ clkbuf_3_1_0_wb_clk_i/X (sky130_fd_sc_hd__clkbuf_8)
                                                         clknet_3_1_0_wb_clk_i (net)
                      0.124611    0.001701    1.875949 ^ _696_/CLK (sky130_fd_sc_hd__dfrtp_2)
     2    0.005767    0.090503    0.802391    2.678340 v _696_/Q (sky130_fd_sc_hd__dfrtp_2)
                                                         timer.scan_div[2] (net)
                      0.090503    0.000425    2.678765 v _494_/D (sky130_fd_sc_hd__and4_2)
     6    0.018521    0.130647    0.554291    3.233056 v _494_/X (sky130_fd_sc_hd__and4_2)
                                                         _272_ (net)
                      0.130662    0.001281    3.234336 v _497_/B (sky130_fd_sc_hd__nand2_2)
     2    0.007348    0.090936    0.139492    3.373828 ^ _497_/Y (sky130_fd_sc_hd__nand2_2)
                                                         _274_ (net)
                      0.090937    0.000423    3.374250 ^ _498_/C (sky130_fd_sc_hd__and3_2)
     1    0.003187    0.082024    0.347459    3.721709 ^ _498_/X (sky130_fd_sc_hd__and3_2)
                                                         _027_ (net)
                      0.082024    0.000188    3.721898 ^ hold188/A (sky130_fd_sc_hd__dlygate4sd3_1)
     1    0.002976    0.093720    0.996161    4.718059 ^ hold188/X (sky130_fd_sc_hd__dlygate4sd3_1)
                                                         net188 (net)
                      0.093720    0.000185    4.718244 ^ _698_/D (sky130_fd_sc_hd__dfrtp_2)
                                              4.718244   data arrival time

                                  0.000000    0.000000   clock wb_clk_i (rise edge)
                                  0.000000    0.000000   clock source latency
     2    0.173147    1.249199    0.990660    0.990660 ^ wb_clk_i (in)
                                                         wb_clk_i (net)
                      1.273456    0.000000    0.990660 ^ clkbuf_0_wb_clk_i/A (sky130_fd_sc_hd__clkbuf_16)
    17    0.080878    0.167560    0.739572    1.730232 ^ clkbuf_0_wb_clk_i/X (sky130_fd_sc_hd__clkbuf_16)
                                                         clknet_0_wb_clk_i (net)
                      0.168029    0.007298    1.737529 ^ clkbuf_3_1_0_wb_clk_i/A (sky130_fd_sc_hd__clkbuf_8)
    11    0.037900    0.124584    0.334008    2.071537 ^ clkbuf_3_1_0_wb_clk_i/X (sky130_fd_sc_hd__clkbuf_8)
                                                         clknet_3_1_0_wb_clk_i (net)
                      0.124614    0.001961    2.073498 ^ _698_/CLK (sky130_fd_sc_hd__dfrtp_2)
                                  0.250000    2.323498   clock uncertainty
                                 -0.197289    2.126209   clock reconvergence pessimism
                                 -0.073329    2.052880   library hold time
                                              2.052880   data required time
---------------------------------------------------------------------------------------------
                                              2.052880   data required time
                                             -4.718244   data arrival time
---------------------------------------------------------------------------------------------
                                              2.665364   slack (MET)


Startpoint: _733_ (rising edge-triggered flip-flop clocked by wb_clk_i)
Endpoint: _735_ (rising edge-triggered flip-flop clocked by wb_clk_i)
Path Group: wb_clk_i
Path Type: min

Fanout         Cap        Slew       Delay        Time   Description
---------------------------------------------------------------------------------------------
                                  0.000000    0.000000   clock wb_clk_i (rise edge)
                                  0.000000    0.000000   clock source latency
     2    0.173147    1.249199    0.896311    0.896311 ^ wb_clk_i (in)
                                                         wb_clk_i (net)
                      1.273456    0.000000    0.896311 ^ clkbuf_0_wb_clk_i/A (sky130_fd_sc_hd__clkbuf_16)
    17    0.080878    0.167560    0.669136    1.565448 ^ clkbuf_0_wb_clk_i/X (sky130_fd_sc_hd__clkbuf_16)
                                                         clknet_0_wb_clk_i (net)
                      0.167872    0.005279    1.570727 ^ clkbuf_3_6_0_wb_clk_i/A (sky130_fd_sc_hd__clkbuf_8)
    12    0.039360    0.128046    0.304360    1.875087 ^ clkbuf_3_6_0_wb_clk_i/X (sky130_fd_sc_hd__clkbuf_8)
                                                         clknet_3_6_0_wb_clk_i (net)
                      0.128067    0.001662    1.876749 ^ _733_/CLK (sky130_fd_sc_hd__dfrtp_2)
     2    0.006265    0.094095    0.695372    2.572120 ^ _733_/Q (sky130_fd_sc_hd__dfrtp_2)
                                                         timer.sec_div[6] (net)
                      0.094095    0.000457    2.572577 ^ _427_/C (sky130_fd_sc_hd__and4_2)
     3    0.007743    0.136314    0.484289    3.056866 ^ _427_/X (sky130_fd_sc_hd__and4_2)
                                                         _233_ (net)
                      0.136314    0.000463    3.057329 ^ _428_/B (sky130_fd_sc_hd__and2_2)
     4    0.016891    0.168421    0.363004    3.420333 ^ _428_/X (sky130_fd_sc_hd__and2_2)
                                                         _234_ (net)
                      0.168421    0.000606    3.420939 ^ _431_/A2 (sky130_fd_sc_hd__o211a_2)
     1    0.002178    0.072053    0.354518    3.775457 ^ _431_/X (sky130_fd_sc_hd__o211a_2)
                                                         _064_ (net)
                      0.072053    0.000136    3.775593 ^ hold162/A (sky130_fd_sc_hd__dlygate4sd3_1)
     1    0.002382    0.086938    0.983500    4.759093 ^ hold162/X (sky130_fd_sc_hd__dlygate4sd3_1)
                                                         net162 (net)
                      0.086938    0.000160    4.759253 ^ _735_/D (sky130_fd_sc_hd__dfrtp_2)
                                              4.759253   data arrival time

                                  0.000000    0.000000   clock wb_clk_i (rise edge)
                                  0.000000    0.000000   clock source latency
     2    0.173147    1.249199    0.990660    0.990660 ^ wb_clk_i (in)
                                                         wb_clk_i (net)
                      1.273456    0.000000    0.990660 ^ clkbuf_0_wb_clk_i/A (sky130_fd_sc_hd__clkbuf_16)
    17    0.080878    0.167560    0.739572    1.730232 ^ clkbuf_0_wb_clk_i/X (sky130_fd_sc_hd__clkbuf_16)
                                                         clknet_0_wb_clk_i (net)
                      0.168169    0.008381    1.738613 ^ clkbuf_3_5_0_wb_clk_i/A (sky130_fd_sc_hd__clkbuf_8)
    11    0.039719    0.128953    0.337615    2.076227 ^ clkbuf_3_5_0_wb_clk_i/X (sky130_fd_sc_hd__clkbuf_8)
                                                         clknet_3_5_0_wb_clk_i (net)
                      0.128980    0.001922    2.078149 ^ _735_/CLK (sky130_fd_sc_hd__dfrtp_2)
                                  0.250000    2.328149   clock uncertainty
                                 -0.164784    2.163365   clock reconvergence pessimism
                                 -0.071070    2.092294   library hold time
                                              2.092294   data required time
---------------------------------------------------------------------------------------------
                                              2.092294   data required time
                                             -4.759253   data arrival time
---------------------------------------------------------------------------------------------
                                              2.666959   slack (MET)


Startpoint: _698_ (rising edge-triggered flip-flop clocked by wb_clk_i)
Endpoint: _706_ (rising edge-triggered flip-flop clocked by wb_clk_i)
Path Group: wb_clk_i
Path Type: min

Fanout         Cap        Slew       Delay        Time   Description
---------------------------------------------------------------------------------------------
                                  0.000000    0.000000   clock wb_clk_i (rise edge)
                                  0.000000    0.000000   clock source latency
     2    0.173147    1.249199    0.896311    0.896311 ^ wb_clk_i (in)
                                                         wb_clk_i (net)
                      1.273456    0.000000    0.896311 ^ clkbuf_0_wb_clk_i/A (sky130_fd_sc_hd__clkbuf_16)
    17    0.080878    0.167560    0.669136    1.565448 ^ clkbuf_0_wb_clk_i/X (sky130_fd_sc_hd__clkbuf_16)
                                                         clknet_0_wb_clk_i (net)
                      0.168029    0.006603    1.572050 ^ clkbuf_3_1_0_wb_clk_i/A (sky130_fd_sc_hd__clkbuf_8)
    11    0.037900    0.124584    0.302198    1.874248 ^ clkbuf_3_1_0_wb_clk_i/X (sky130_fd_sc_hd__clkbuf_8)
                                                         clknet_3_1_0_wb_clk_i (net)
                      0.124614    0.001774    1.876022 ^ _698_/CLK (sky130_fd_sc_hd__dfrtp_2)
     2    0.006254    0.094022    0.693801    2.569823 ^ _698_/Q (sky130_fd_sc_hd__dfrtp_2)
                                                         timer.scan_div[4] (net)
                      0.094022    0.000370    2.570193 ^ _499_/B (sky130_fd_sc_hd__and2_2)
     4    0.010252    0.119363    0.306463    2.876655 ^ _499_/X (sky130_fd_sc_hd__and2_2)
                                                         _275_ (net)
                      0.119363    0.000282    2.876938 ^ _516_/B (sky130_fd_sc_hd__and4_2)
     8    0.036244    0.345918    0.670394    3.547331 ^ _516_/X (sky130_fd_sc_hd__and4_2)
                                                         _286_ (net)
                      0.345933    0.002548    3.549879 ^ _518_/B (sky130_fd_sc_hd__xor2_2)
     1    0.002012    0.050323    0.185415    3.735294 v _518_/X (sky130_fd_sc_hd__xor2_2)
                                                         _004_ (net)
                      0.050323    0.000085    3.735379 v hold100/A (sky130_fd_sc_hd__dlygate4sd3_1)
     1    0.002538    0.103700    1.054966    4.790345 v hold100/X (sky130_fd_sc_hd__dlygate4sd3_1)
                                                         net100 (net)
                      0.103700    0.000158    4.790503 v _706_/D (sky130_fd_sc_hd__dfrtp_2)
                                              4.790503   data arrival time

                                  0.000000    0.000000   clock wb_clk_i (rise edge)
                                  0.000000    0.000000   clock source latency
     2    0.173147    1.249199    0.990660    0.990660 ^ wb_clk_i (in)
                                                         wb_clk_i (net)
                      1.273456    0.000000    0.990660 ^ clkbuf_0_wb_clk_i/A (sky130_fd_sc_hd__clkbuf_16)
    17    0.080878    0.167560    0.739572    1.730232 ^ clkbuf_0_wb_clk_i/X (sky130_fd_sc_hd__clkbuf_16)
                                                         clknet_0_wb_clk_i (net)
                      0.168053    0.007496    1.737728 ^ clkbuf_3_2_0_wb_clk_i/A (sky130_fd_sc_hd__clkbuf_8)
    11    0.037375    0.123327    0.332982    2.070710 ^ clkbuf_3_2_0_wb_clk_i/X (sky130_fd_sc_hd__clkbuf_8)
                                                         clknet_3_2_0_wb_clk_i (net)
                      0.123370    0.002272    2.072982 ^ _706_/CLK (sky130_fd_sc_hd__dfrtp_2)
                                  0.250000    2.322982   clock uncertainty
                                 -0.164784    2.158198   clock reconvergence pessimism
                                 -0.089059    2.069139   library hold time
                                              2.069139   data required time
---------------------------------------------------------------------------------------------
                                              2.069139   data required time
                                             -4.790503   data arrival time
---------------------------------------------------------------------------------------------
                                              2.721364   slack (MET)


Startpoint: _689_ (rising edge-triggered flip-flop clocked by wb_clk_i)
Endpoint: _685_ (rising edge-triggered flip-flop clocked by wb_clk_i)
Path Group: wb_clk_i
Path Type: min

Fanout         Cap        Slew       Delay        Time   Description
---------------------------------------------------------------------------------------------
                                  0.000000    0.000000   clock wb_clk_i (rise edge)
                                  0.000000    0.000000   clock source latency
     2    0.173147    1.249199    0.896311    0.896311 ^ wb_clk_i (in)
                                                         wb_clk_i (net)
                      1.273456    0.000000    0.896311 ^ clkbuf_0_wb_clk_i/A (sky130_fd_sc_hd__clkbuf_16)
    17    0.080878    0.167560    0.669136    1.565448 ^ clkbuf_0_wb_clk_i/X (sky130_fd_sc_hd__clkbuf_16)
                                                         clknet_0_wb_clk_i (net)
                      0.168090    0.007044    1.572492 ^ clkbuf_3_7_0_wb_clk_i/A (sky130_fd_sc_hd__clkbuf_8)
    12    0.037900    0.124575    0.302075    1.874567 ^ clkbuf_3_7_0_wb_clk_i/X (sky130_fd_sc_hd__clkbuf_8)
                                                         clknet_3_7_0_wb_clk_i (net)
                      0.124605    0.001804    1.876370 ^ _689_/CLK (sky130_fd_sc_hd__dfrtp_2)
     5    0.018970    0.176636    0.775552    2.651922 ^ _689_/Q (sky130_fd_sc_hd__dfrtp_2)
                                                         timer.sec_ones[0] (net)
                      0.176638    0.000926    2.652848 ^ _343_/B (sky130_fd_sc_hd__and4b_2)
     3    0.010247    0.155479    0.521712    3.174560 ^ _343_/X (sky130_fd_sc_hd__and4b_2)
                                                         _178_ (net)
                      0.155479    0.000462    3.175022 ^ _344_/B (sky130_fd_sc_hd__and2b_2)
     5    0.027885    0.238781    0.429477    3.604499 ^ _344_/X (sky130_fd_sc_hd__and2b_2)
                                                         _179_ (net)
                      0.238794    0.001914    3.606413 ^ _361_/B (sky130_fd_sc_hd__xnor2_2)
     1    0.002207    0.053729    0.230008    3.836421 ^ _361_/Y (sky130_fd_sc_hd__xnor2_2)
                                                         _160_ (net)
                      0.053729    0.000097    3.836518 ^ hold175/A (sky130_fd_sc_hd__dlygate4sd3_1)
     1    0.002644    0.089748    0.979726    4.816244 ^ hold175/X (sky130_fd_sc_hd__dlygate4sd3_1)
                                                         net175 (net)
                      0.089748    0.000183    4.816426 ^ _685_/D (sky130_fd_sc_hd__dfrtp_2)
                                              4.816426   data arrival time

                                  0.000000    0.000000   clock wb_clk_i (rise edge)
                                  0.000000    0.000000   clock source latency
     2    0.173147    1.249199    0.990660    0.990660 ^ wb_clk_i (in)
                                                         wb_clk_i (net)
                      1.273456    0.000000    0.990660 ^ clkbuf_0_wb_clk_i/A (sky130_fd_sc_hd__clkbuf_16)
    17    0.080878    0.167560    0.739572    1.730232 ^ clkbuf_0_wb_clk_i/X (sky130_fd_sc_hd__clkbuf_16)
                                                         clknet_0_wb_clk_i (net)
                      0.168169    0.008381    1.738613 ^ clkbuf_3_5_0_wb_clk_i/A (sky130_fd_sc_hd__clkbuf_8)
    11    0.039719    0.128953    0.337615    2.076227 ^ clkbuf_3_5_0_wb_clk_i/X (sky130_fd_sc_hd__clkbuf_8)
                                                         clknet_3_5_0_wb_clk_i (net)
                      0.128981    0.001956    2.078182 ^ _685_/CLK (sky130_fd_sc_hd__dfrtp_2)
                                  0.250000    2.328183   clock uncertainty
                                 -0.164784    2.163399   clock reconvergence pessimism
                                 -0.071709    2.091690   library hold time
                                              2.091690   data required time
---------------------------------------------------------------------------------------------
                                              2.091690   data required time
                                             -4.816426   data arrival time
---------------------------------------------------------------------------------------------
                                              2.724736   slack (MET)


Startpoint: _708_ (rising edge-triggered flip-flop clocked by wb_clk_i)
Endpoint: _710_ (rising edge-triggered flip-flop clocked by wb_clk_i)
Path Group: wb_clk_i
Path Type: min

Fanout         Cap        Slew       Delay        Time   Description
---------------------------------------------------------------------------------------------
                                  0.000000    0.000000   clock wb_clk_i (rise edge)
                                  0.000000    0.000000   clock source latency
     2    0.173147    1.249199    0.896311    0.896311 ^ wb_clk_i (in)
                                                         wb_clk_i (net)
                      1.273456    0.000000    0.896311 ^ clkbuf_0_wb_clk_i/A (sky130_fd_sc_hd__clkbuf_16)
    17    0.080878    0.167560    0.669136    1.565448 ^ clkbuf_0_wb_clk_i/X (sky130_fd_sc_hd__clkbuf_16)
                                                         clknet_0_wb_clk_i (net)
                      0.168029    0.006603    1.572050 ^ clkbuf_3_1_0_wb_clk_i/A (sky130_fd_sc_hd__clkbuf_8)
    11    0.037900    0.124584    0.302198    1.874248 ^ clkbuf_3_1_0_wb_clk_i/X (sky130_fd_sc_hd__clkbuf_8)
                                                         clknet_3_1_0_wb_clk_i (net)
                      0.124614    0.001771    1.876019 ^ _708_/CLK (sky130_fd_sc_hd__dfrtp_2)
     2    0.004888    0.084248    0.682968    2.558987 ^ _708_/Q (sky130_fd_sc_hd__dfrtp_2)
                                                         timer.scan_div[14] (net)
                      0.084248    0.000197    2.559183 ^ _525_/C (sky130_fd_sc_hd__and4_2)
     4    0.013416    0.181028    0.527281    3.086465 ^ _525_/X (sky130_fd_sc_hd__and4_2)
                                                         _291_ (net)
                      0.181028    0.000768    3.087233 ^ _526_/B (sky130_fd_sc_hd__and2_2)
     6    0.035815    0.307819    0.479569    3.566801 ^ _526_/X (sky130_fd_sc_hd__and2_2)
                                                         _292_ (net)
                      0.307833    0.002286    3.569088 ^ _528_/B (sky130_fd_sc_hd__xor2_2)
     1    0.001625    0.048553    0.172103    3.741191 v _528_/X (sky130_fd_sc_hd__xor2_2)
                                                         _008_ (net)
                      0.048553    0.000070    3.741261 v hold132/A (sky130_fd_sc_hd__dlygate4sd3_1)
     1    0.002432    0.102994    1.052549    4.793810 v hold132/X (sky130_fd_sc_hd__dlygate4sd3_1)
                                                         net132 (net)
                      0.102994    0.000153    4.793962 v _710_/D (sky130_fd_sc_hd__dfrtp_2)
                                              4.793962   data arrival time

                                  0.000000    0.000000   clock wb_clk_i (rise edge)
                                  0.000000    0.000000   clock source latency
     2    0.173147    1.249199    0.990660    0.990660 ^ wb_clk_i (in)
                                                         wb_clk_i (net)
                      1.273456    0.000000    0.990660 ^ clkbuf_0_wb_clk_i/A (sky130_fd_sc_hd__clkbuf_16)
    17    0.080878    0.167560    0.739572    1.730232 ^ clkbuf_0_wb_clk_i/X (sky130_fd_sc_hd__clkbuf_16)
                                                         clknet_0_wb_clk_i (net)
                      0.168126    0.008069    1.738300 ^ clkbuf_3_0_0_wb_clk_i/A (sky130_fd_sc_hd__clkbuf_8)
    11    0.036469    0.121162    0.331264    2.069565 ^ clkbuf_3_0_0_wb_clk_i/X (sky130_fd_sc_hd__clkbuf_8)
                                                         clknet_3_0_0_wb_clk_i (net)
                      0.121184    0.001701    2.071266 ^ _710_/CLK (sky130_fd_sc_hd__dfrtp_2)
                                  0.250000    2.321266   clock uncertainty
                                 -0.164784    2.156482   clock reconvergence pessimism
                                 -0.089330    2.067151   library hold time
                                              2.067151   data required time
---------------------------------------------------------------------------------------------
                                              2.067151   data required time
                                             -4.793962   data arrival time
---------------------------------------------------------------------------------------------
                                              2.726811   slack (MET)


Startpoint: _708_ (rising edge-triggered flip-flop clocked by wb_clk_i)
Endpoint: _718_ (rising edge-triggered flip-flop clocked by wb_clk_i)
Path Group: wb_clk_i
Path Type: min

Fanout         Cap        Slew       Delay        Time   Description
---------------------------------------------------------------------------------------------
                                  0.000000    0.000000   clock wb_clk_i (rise edge)
                                  0.000000    0.000000   clock source latency
     2    0.173147    1.249199    0.896311    0.896311 ^ wb_clk_i (in)
                                                         wb_clk_i (net)
                      1.273456    0.000000    0.896311 ^ clkbuf_0_wb_clk_i/A (sky130_fd_sc_hd__clkbuf_16)
    17    0.080878    0.167560    0.669136    1.565448 ^ clkbuf_0_wb_clk_i/X (sky130_fd_sc_hd__clkbuf_16)
                                                         clknet_0_wb_clk_i (net)
                      0.168029    0.006603    1.572050 ^ clkbuf_3_1_0_wb_clk_i/A (sky130_fd_sc_hd__clkbuf_8)
    11    0.037900    0.124584    0.302198    1.874248 ^ clkbuf_3_1_0_wb_clk_i/X (sky130_fd_sc_hd__clkbuf_8)
                                                         clknet_3_1_0_wb_clk_i (net)
                      0.124614    0.001771    1.876019 ^ _708_/CLK (sky130_fd_sc_hd__dfrtp_2)
     2    0.004888    0.084248    0.682968    2.558987 ^ _708_/Q (sky130_fd_sc_hd__dfrtp_2)
                                                         timer.scan_div[14] (net)
                      0.084248    0.000197    2.559183 ^ _525_/C (sky130_fd_sc_hd__and4_2)
     4    0.013416    0.181028    0.527281    3.086465 ^ _525_/X (sky130_fd_sc_hd__and4_2)
                                                         _291_ (net)
                      0.181041    0.001624    3.088089 ^ _546_/B (sky130_fd_sc_hd__and3_2)
     5    0.023935    0.227561    0.509314    3.597403 ^ _546_/X (sky130_fd_sc_hd__and3_2)
                                                         _304_ (net)
                      0.227563    0.001157    3.598560 ^ _549_/B (sky130_fd_sc_hd__xor2_2)
     1    0.001993    0.050099    0.153800    3.752360 v _549_/X (sky130_fd_sc_hd__xor2_2)
                                                         _017_ (net)
                      0.050099    0.000125    3.752485 v hold134/A (sky130_fd_sc_hd__dlygate4sd3_1)
     1    0.002502    0.103455    1.054306    4.806790 v hold134/X (sky130_fd_sc_hd__dlygate4sd3_1)
                                                         net134 (net)
                      0.103455    0.000157    4.806947 v _718_/D (sky130_fd_sc_hd__dfrtp_2)
                                              4.806947   data arrival time

                                  0.000000    0.000000   clock wb_clk_i (rise edge)
                                  0.000000    0.000000   clock source latency
     2    0.173147    1.249199    0.990660    0.990660 ^ wb_clk_i (in)
                                                         wb_clk_i (net)
                      1.273456    0.000000    0.990660 ^ clkbuf_0_wb_clk_i/A (sky130_fd_sc_hd__clkbuf_16)
    17    0.080878    0.167560    0.739572    1.730232 ^ clkbuf_0_wb_clk_i/X (sky130_fd_sc_hd__clkbuf_16)
                                                         clknet_0_wb_clk_i (net)
                      0.168053    0.007496    1.737728 ^ clkbuf_3_2_0_wb_clk_i/A (sky130_fd_sc_hd__clkbuf_8)
    11    0.037375    0.123327    0.332982    2.070710 ^ clkbuf_3_2_0_wb_clk_i/X (sky130_fd_sc_hd__clkbuf_8)
                                                         clknet_3_2_0_wb_clk_i (net)
                      0.123353    0.001854    2.072565 ^ _718_/CLK (sky130_fd_sc_hd__dfrtp_2)
                                  0.250000    2.322565   clock uncertainty
                                 -0.164784    2.157781   clock reconvergence pessimism
                                 -0.088974    2.068807   library hold time
                                              2.068807   data required time
---------------------------------------------------------------------------------------------
                                              2.068807   data required time
                                             -4.806947   data arrival time
---------------------------------------------------------------------------------------------
                                              2.738140   slack (MET)


Startpoint: _733_ (rising edge-triggered flip-flop clocked by wb_clk_i)
Endpoint: _736_ (rising edge-triggered flip-flop clocked by wb_clk_i)
Path Group: wb_clk_i
Path Type: min

Fanout         Cap        Slew       Delay        Time   Description
---------------------------------------------------------------------------------------------
                                  0.000000    0.000000   clock wb_clk_i (rise edge)
                                  0.000000    0.000000   clock source latency
     2    0.173147    1.249199    0.896311    0.896311 ^ wb_clk_i (in)
                                                         wb_clk_i (net)
                      1.273456    0.000000    0.896311 ^ clkbuf_0_wb_clk_i/A (sky130_fd_sc_hd__clkbuf_16)
    17    0.080878    0.167560    0.669136    1.565448 ^ clkbuf_0_wb_clk_i/X (sky130_fd_sc_hd__clkbuf_16)
                                                         clknet_0_wb_clk_i (net)
                      0.167872    0.005279    1.570727 ^ clkbuf_3_6_0_wb_clk_i/A (sky130_fd_sc_hd__clkbuf_8)
    12    0.039360    0.128046    0.304360    1.875087 ^ clkbuf_3_6_0_wb_clk_i/X (sky130_fd_sc_hd__clkbuf_8)
                                                         clknet_3_6_0_wb_clk_i (net)
                      0.128067    0.001662    1.876749 ^ _733_/CLK (sky130_fd_sc_hd__dfrtp_2)
     2    0.006265    0.094095    0.695372    2.572120 ^ _733_/Q (sky130_fd_sc_hd__dfrtp_2)
                                                         timer.sec_div[6] (net)
                      0.094095    0.000457    2.572577 ^ _427_/C (sky130_fd_sc_hd__and4_2)
     3    0.007743    0.136314    0.484289    3.056866 ^ _427_/X (sky130_fd_sc_hd__and4_2)
                                                         _233_ (net)
                      0.136314    0.000463    3.057329 ^ _428_/B (sky130_fd_sc_hd__and2_2)
     4    0.016891    0.168421    0.363004    3.420333 ^ _428_/X (sky130_fd_sc_hd__and2_2)
                                                         _234_ (net)
                      0.168421    0.000234    3.420567 ^ _430_/B (sky130_fd_sc_hd__nand2_2)
     3    0.013737    0.133806    0.183372    3.603939 v _430_/Y (sky130_fd_sc_hd__nand2_2)
                                                         _235_ (net)
                      0.133810    0.000827    3.604765 v _434_/A2 (sky130_fd_sc_hd__a21oi_2)
     1    0.003601    0.125146    0.230643    3.835408 ^ _434_/Y (sky130_fd_sc_hd__a21oi_2)
                                                         _065_ (net)
                      0.125146    0.000206    3.835615 ^ hold155/A (sky130_fd_sc_hd__dlygate4sd3_1)
     1    0.002944    0.093346    1.011871    4.847485 ^ hold155/X (sky130_fd_sc_hd__dlygate4sd3_1)
                                                         net155 (net)
                      0.093346    0.000175    4.847661 ^ _736_/D (sky130_fd_sc_hd__dfrtp_2)
                                              4.847661   data arrival time

                                  0.000000    0.000000   clock wb_clk_i (rise edge)
                                  0.000000    0.000000   clock source latency
     2    0.173147    1.249199    0.990660    0.990660 ^ wb_clk_i (in)
                                                         wb_clk_i (net)
                      1.273456    0.000000    0.990660 ^ clkbuf_0_wb_clk_i/A (sky130_fd_sc_hd__clkbuf_16)
    17    0.080878    0.167560    0.739572    1.730232 ^ clkbuf_0_wb_clk_i/X (sky130_fd_sc_hd__clkbuf_16)
                                                         clknet_0_wb_clk_i (net)
                      0.168001    0.007065    1.737296 ^ clkbuf_3_4_0_wb_clk_i/A (sky130_fd_sc_hd__clkbuf_8)
    11    0.038444    0.125873    0.334860    2.072156 ^ clkbuf_3_4_0_wb_clk_i/X (sky130_fd_sc_hd__clkbuf_8)
                                                         clknet_3_4_0_wb_clk_i (net)
                      0.125921    0.002416    2.074572 ^ _736_/CLK (sky130_fd_sc_hd__dfrtp_2)
                                  0.250000    2.324572   clock uncertainty
                                 -0.164784    2.159788   clock reconvergence pessimism
                                 -0.073029    2.086759   library hold time
                                              2.086759   data required time
---------------------------------------------------------------------------------------------
                                              2.086759   data required time
                                             -4.847661   data arrival time
---------------------------------------------------------------------------------------------
                                              2.760902   slack (MET)


Startpoint: _735_ (rising edge-triggered flip-flop clocked by wb_clk_i)
Endpoint: _741_ (rising edge-triggered flip-flop clocked by wb_clk_i)
Path Group: wb_clk_i
Path Type: min

Fanout         Cap        Slew       Delay        Time   Description
---------------------------------------------------------------------------------------------
                                  0.000000    0.000000   clock wb_clk_i (rise edge)
                                  0.000000    0.000000   clock source latency
     2    0.173147    1.249199    0.896311    0.896311 ^ wb_clk_i (in)
                                                         wb_clk_i (net)
                      1.273456    0.000000    0.896311 ^ clkbuf_0_wb_clk_i/A (sky130_fd_sc_hd__clkbuf_16)
    17    0.080878    0.167560    0.669136    1.565448 ^ clkbuf_0_wb_clk_i/X (sky130_fd_sc_hd__clkbuf_16)
                                                         clknet_0_wb_clk_i (net)
                      0.168169    0.007583    1.573030 ^ clkbuf_3_5_0_wb_clk_i/A (sky130_fd_sc_hd__clkbuf_8)
    11    0.039719    0.128953    0.305461    1.878491 ^ clkbuf_3_5_0_wb_clk_i/X (sky130_fd_sc_hd__clkbuf_8)
                                                         clknet_3_5_0_wb_clk_i (net)
                      0.128980    0.001739    1.880230 ^ _735_/CLK (sky130_fd_sc_hd__dfrtp_2)
     3    0.008229    0.100475    0.818548    2.698778 v _735_/Q (sky130_fd_sc_hd__dfrtp_2)
                                                         timer.sec_div[8] (net)
                      0.100475    0.000466    2.699244 v _438_/A (sky130_fd_sc_hd__and4_2)
     2    0.004597    0.073986    0.375791    3.075035 v _438_/X (sky130_fd_sc_hd__and4_2)
                                                         _240_ (net)
                      0.073986    0.000251    3.075286 v _445_/C (sky130_fd_sc_hd__and4_2)
     9    0.033587    0.186065    0.577483    3.652769 v _445_/X (sky130_fd_sc_hd__and4_2)
                                                         _245_ (net)
                      0.186097    0.002288    3.655056 v _447_/B (sky130_fd_sc_hd__xor2_2)
     1    0.001822    0.093056    0.203971    3.859027 ^ _447_/X (sky130_fd_sc_hd__xor2_2)
                                                         _039_ (net)
                      0.093056    0.000078    3.859105 ^ hold88/A (sky130_fd_sc_hd__dlygate4sd3_1)
     1    0.002450    0.087705    0.992659    4.851765 ^ hold88/X (sky130_fd_sc_hd__dlygate4sd3_1)
                                                         net88 (net)
                      0.087705    0.000155    4.851920 ^ _741_/D (sky130_fd_sc_hd__dfrtp_2)
                                              4.851920   data arrival time

                                  0.000000    0.000000   clock wb_clk_i (rise edge)
                                  0.000000    0.000000   clock source latency
     2    0.173147    1.249199    0.990660    0.990660 ^ wb_clk_i (in)
                                                         wb_clk_i (net)
                      1.273456    0.000000    0.990660 ^ clkbuf_0_wb_clk_i/A (sky130_fd_sc_hd__clkbuf_16)
    17    0.080878    0.167560    0.739572    1.730232 ^ clkbuf_0_wb_clk_i/X (sky130_fd_sc_hd__clkbuf_16)
                                                         clknet_0_wb_clk_i (net)
                      0.167872    0.005835    1.736067 ^ clkbuf_3_6_0_wb_clk_i/A (sky130_fd_sc_hd__clkbuf_8)
    12    0.039360    0.128046    0.336398    2.072464 ^ clkbuf_3_6_0_wb_clk_i/X (sky130_fd_sc_hd__clkbuf_8)
                                                         clknet_3_6_0_wb_clk_i (net)
                      0.128108    0.002776    2.075241 ^ _741_/CLK (sky130_fd_sc_hd__dfrtp_2)
                                  0.250000    2.325241   clock uncertainty
                                 -0.164784    2.160457   clock reconvergence pessimism
                                 -0.071388    2.089069   library hold time
                                              2.089069   data required time
---------------------------------------------------------------------------------------------
                                              2.089069   data required time
                                             -4.851920   data arrival time
---------------------------------------------------------------------------------------------
                                              2.762850   slack (MET)


Startpoint: _698_ (rising edge-triggered flip-flop clocked by wb_clk_i)
Endpoint: _702_ (rising edge-triggered flip-flop clocked by wb_clk_i)
Path Group: wb_clk_i
Path Type: min

Fanout         Cap        Slew       Delay        Time   Description
---------------------------------------------------------------------------------------------
                                  0.000000    0.000000   clock wb_clk_i (rise edge)
                                  0.000000    0.000000   clock source latency
     2    0.173147    1.249199    0.896311    0.896311 ^ wb_clk_i (in)
                                                         wb_clk_i (net)
                      1.273456    0.000000    0.896311 ^ clkbuf_0_wb_clk_i/A (sky130_fd_sc_hd__clkbuf_16)
    17    0.080878    0.167560    0.669136    1.565448 ^ clkbuf_0_wb_clk_i/X (sky130_fd_sc_hd__clkbuf_16)
                                                         clknet_0_wb_clk_i (net)
                      0.168029    0.006603    1.572050 ^ clkbuf_3_1_0_wb_clk_i/A (sky130_fd_sc_hd__clkbuf_8)
    11    0.037900    0.124584    0.302198    1.874248 ^ clkbuf_3_1_0_wb_clk_i/X (sky130_fd_sc_hd__clkbuf_8)
                                                         clknet_3_1_0_wb_clk_i (net)
                      0.124614    0.001774    1.876022 ^ _698_/CLK (sky130_fd_sc_hd__dfrtp_2)
     2    0.006254    0.094022    0.693801    2.569823 ^ _698_/Q (sky130_fd_sc_hd__dfrtp_2)
                                                         timer.scan_div[4] (net)
                      0.094022    0.000370    2.570193 ^ _499_/B (sky130_fd_sc_hd__and2_2)
     4    0.010252    0.119363    0.306463    2.876655 ^ _499_/X (sky130_fd_sc_hd__and2_2)
                                                         _275_ (net)
                      0.119363    0.000380    2.877036 ^ _506_/B (sky130_fd_sc_hd__and3_2)
     4    0.012934    0.152928    0.419967    3.297003 ^ _506_/X (sky130_fd_sc_hd__and3_2)
                                                         _280_ (net)
                      0.152929    0.000650    3.297654 ^ _508_/B (sky130_fd_sc_hd__and2_2)
     3    0.021668    0.200834    0.395167    3.692821 ^ _508_/X (sky130_fd_sc_hd__and2_2)
                                                         _281_ (net)
                      0.200834    0.000805    3.693626 ^ _510_/A (sky130_fd_sc_hd__nor2_2)
     1    0.001776    0.032690    0.105603    3.799229 v _510_/Y (sky130_fd_sc_hd__nor2_2)
                                                         _031_ (net)
                      0.032690    0.000077    3.799306 v hold116/A (sky130_fd_sc_hd__dlygate4sd3_1)
     1    0.002918    0.106693    1.053850    4.853156 v hold116/X (sky130_fd_sc_hd__dlygate4sd3_1)
                                                         net116 (net)
                      0.106693    0.000185    4.853341 v _702_/D (sky130_fd_sc_hd__dfrtp_2)
                                              4.853341   data arrival time

                                  0.000000    0.000000   clock wb_clk_i (rise edge)
                                  0.000000    0.000000   clock source latency
     2    0.173147    1.249199    0.990660    0.990660 ^ wb_clk_i (in)
                                                         wb_clk_i (net)
                      1.273456    0.000000    0.990660 ^ clkbuf_0_wb_clk_i/A (sky130_fd_sc_hd__clkbuf_16)
    17    0.080878    0.167560    0.739572    1.730232 ^ clkbuf_0_wb_clk_i/X (sky130_fd_sc_hd__clkbuf_16)
                                                         clknet_0_wb_clk_i (net)
                      0.167859    0.005697    1.735929 ^ clkbuf_3_3_0_wb_clk_i/A (sky130_fd_sc_hd__clkbuf_8)
    11    0.038093    0.125050    0.334284    2.070213 ^ clkbuf_3_3_0_wb_clk_i/X (sky130_fd_sc_hd__clkbuf_8)
                                                         clknet_3_3_0_wb_clk_i (net)
                      0.125073    0.001765    2.071978 ^ _702_/CLK (sky130_fd_sc_hd__dfrtp_2)
                                  0.250000    2.321978   clock uncertainty
                                 -0.164784    2.157194   clock reconvergence pessimism
                                 -0.089743    2.067451   library hold time
                                              2.067451   data required time
---------------------------------------------------------------------------------------------
                                              2.067451   data required time
                                             -4.853341   data arrival time
---------------------------------------------------------------------------------------------
                                              2.785890   slack (MET)


Startpoint: _705_ (rising edge-triggered flip-flop clocked by wb_clk_i)
Endpoint: _705_ (rising edge-triggered flip-flop clocked by wb_clk_i)
Path Group: wb_clk_i
Path Type: min

Fanout         Cap        Slew       Delay        Time   Description
---------------------------------------------------------------------------------------------
                                  0.000000    0.000000   clock wb_clk_i (rise edge)
                                  0.000000    0.000000   clock source latency
     2    0.173147    1.249199    0.896311    0.896311 ^ wb_clk_i (in)
                                                         wb_clk_i (net)
                      1.273456    0.000000    0.896311 ^ clkbuf_0_wb_clk_i/A (sky130_fd_sc_hd__clkbuf_16)
    17    0.080878    0.167560    0.669136    1.565448 ^ clkbuf_0_wb_clk_i/X (sky130_fd_sc_hd__clkbuf_16)
                                                         clknet_0_wb_clk_i (net)
                      0.167859    0.005155    1.570602 ^ clkbuf_3_3_0_wb_clk_i/A (sky130_fd_sc_hd__clkbuf_8)
    11    0.038093    0.125050    0.302447    1.873050 ^ clkbuf_3_3_0_wb_clk_i/X (sky130_fd_sc_hd__clkbuf_8)
                                                         clknet_3_3_0_wb_clk_i (net)
                      0.125077    0.001701    1.874751 ^ _705_/CLK (sky130_fd_sc_hd__dfrtp_2)
     1    0.002070    0.064969    0.656523    2.531274 ^ _705_/Q (sky130_fd_sc_hd__dfrtp_2)
                                                         timer.scan_div[11] (net)
                      0.064969    0.000134    2.531408 ^ hold83/A (sky130_fd_sc_hd__dlygate4sd3_1)
     3    0.008211    0.164479    1.053252    3.584660 ^ hold83/X (sky130_fd_sc_hd__dlygate4sd3_1)
                                                         net83 (net)
                      0.164479    0.000480    3.585140 ^ _517_/A1 (sky130_fd_sc_hd__o21ba_2)
     1    0.002522    0.057168    0.288955    3.874094 ^ _517_/X (sky130_fd_sc_hd__o21ba_2)
                                                         _003_ (net)
                      0.057168    0.000151    3.874245 ^ hold84/A (sky130_fd_sc_hd__dlygate4sd3_1)
     1    0.002300    0.086021    0.976144    4.850389 ^ hold84/X (sky130_fd_sc_hd__dlygate4sd3_1)
                                                         net84 (net)
                      0.086021    0.000159    4.850548 ^ _705_/D (sky130_fd_sc_hd__dfrtp_2)
                                              4.850548   data arrival time

                                  0.000000    0.000000   clock wb_clk_i (rise edge)
                                  0.000000    0.000000   clock source latency
     2    0.173147    1.249199    0.990660    0.990660 ^ wb_clk_i (in)
                                                         wb_clk_i (net)
                      1.273456    0.000000    0.990660 ^ clkbuf_0_wb_clk_i/A (sky130_fd_sc_hd__clkbuf_16)
    17    0.080878    0.167560    0.739572    1.730232 ^ clkbuf_0_wb_clk_i/X (sky130_fd_sc_hd__clkbuf_16)
                                                         clknet_0_wb_clk_i (net)
                      0.167859    0.005697    1.735929 ^ clkbuf_3_3_0_wb_clk_i/A (sky130_fd_sc_hd__clkbuf_8)
    11    0.038093    0.125050    0.334284    2.070213 ^ clkbuf_3_3_0_wb_clk_i/X (sky130_fd_sc_hd__clkbuf_8)
                                                         clknet_3_3_0_wb_clk_i (net)
                      0.125077    0.001880    2.072093 ^ _705_/CLK (sky130_fd_sc_hd__dfrtp_2)
                                  0.250000    2.322093   clock uncertainty
                                 -0.197342    2.124751   clock reconvergence pessimism
                                 -0.071502    2.053249   library hold time
                                              2.053249   data required time
---------------------------------------------------------------------------------------------
                                              2.053249   data required time
                                             -4.850548   data arrival time
---------------------------------------------------------------------------------------------
                                              2.797299   slack (MET)


Startpoint: _740_ (rising edge-triggered flip-flop clocked by wb_clk_i)
Endpoint: _740_ (rising edge-triggered flip-flop clocked by wb_clk_i)
Path Group: wb_clk_i
Path Type: min

Fanout         Cap        Slew       Delay        Time   Description
---------------------------------------------------------------------------------------------
                                  0.000000    0.000000   clock wb_clk_i (rise edge)
                                  0.000000    0.000000   clock source latency
     2    0.173147    1.249199    0.896311    0.896311 ^ wb_clk_i (in)
                                                         wb_clk_i (net)
                      1.273456    0.000000    0.896311 ^ clkbuf_0_wb_clk_i/A (sky130_fd_sc_hd__clkbuf_16)
    17    0.080878    0.167560    0.669136    1.565448 ^ clkbuf_0_wb_clk_i/X (sky130_fd_sc_hd__clkbuf_16)
                                                         clknet_0_wb_clk_i (net)
                      0.168001    0.006392    1.571839 ^ clkbuf_3_4_0_wb_clk_i/A (sky130_fd_sc_hd__clkbuf_8)
    11    0.038444    0.125873    0.302969    1.874808 ^ clkbuf_3_4_0_wb_clk_i/X (sky130_fd_sc_hd__clkbuf_8)
                                                         clknet_3_4_0_wb_clk_i (net)
                      0.125901    0.001764    1.876572 ^ _740_/CLK (sky130_fd_sc_hd__dfrtp_2)
     1    0.002403    0.067149    0.660040    2.536613 ^ _740_/Q (sky130_fd_sc_hd__dfrtp_2)
                                                         timer.sec_div[13] (net)
                      0.067149    0.000148    2.536760 ^ hold94/A (sky130_fd_sc_hd__dlygate4sd3_1)
     3    0.008379    0.166752    1.056139    3.592899 ^ hold94/X (sky130_fd_sc_hd__dlygate4sd3_1)
                                                         net94 (net)
                      0.166752    0.000242    3.593141 ^ _446_/A1 (sky130_fd_sc_hd__o21ba_2)
     1    0.002656    0.058265    0.290904    3.884045 ^ _446_/X (sky130_fd_sc_hd__o21ba_2)
                                                         _038_ (net)
                      0.058265    0.000179    3.884224 ^ hold95/A (sky130_fd_sc_hd__dlygate4sd3_1)
     1    0.002163    0.084613    0.974601    4.858826 ^ hold95/X (sky130_fd_sc_hd__dlygate4sd3_1)
                                                         net95 (net)
                      0.084613    0.000147    4.858972 ^ _740_/D (sky130_fd_sc_hd__dfrtp_2)
                                              4.858972   data arrival time

                                  0.000000    0.000000   clock wb_clk_i (rise edge)
                                  0.000000    0.000000   clock source latency
     2    0.173147    1.249199    0.990660    0.990660 ^ wb_clk_i (in)
                                                         wb_clk_i (net)
                      1.273456    0.000000    0.990660 ^ clkbuf_0_wb_clk_i/A (sky130_fd_sc_hd__clkbuf_16)
    17    0.080878    0.167560    0.739572    1.730232 ^ clkbuf_0_wb_clk_i/X (sky130_fd_sc_hd__clkbuf_16)
                                                         clknet_0_wb_clk_i (net)
                      0.168001    0.007065    1.737296 ^ clkbuf_3_4_0_wb_clk_i/A (sky130_fd_sc_hd__clkbuf_8)
    11    0.038444    0.125873    0.334860    2.072156 ^ clkbuf_3_4_0_wb_clk_i/X (sky130_fd_sc_hd__clkbuf_8)
                                                         clknet_3_4_0_wb_clk_i (net)
                      0.125901    0.001950    2.074106 ^ _740_/CLK (sky130_fd_sc_hd__dfrtp_2)
                                  0.250000    2.324106   clock uncertainty
                                 -0.197534    2.126573   clock reconvergence pessimism
                                 -0.071047    2.055525   library hold time
                                              2.055525   data required time
---------------------------------------------------------------------------------------------
                                              2.055525   data required time
                                             -4.858972   data arrival time
---------------------------------------------------------------------------------------------
                                              2.803447   slack (MET)


Startpoint: _683_ (rising edge-triggered flip-flop clocked by wb_clk_i)
Endpoint: _677_ (rising edge-triggered flip-flop clocked by wb_clk_i)
Path Group: wb_clk_i
Path Type: min

Fanout         Cap        Slew       Delay        Time   Description
---------------------------------------------------------------------------------------------
                                  0.000000    0.000000   clock wb_clk_i (rise edge)
                                  0.000000    0.000000   clock source latency
     2    0.173147    1.249199    0.896311    0.896311 ^ wb_clk_i (in)
                                                         wb_clk_i (net)
                      1.273456    0.000000    0.896311 ^ clkbuf_0_wb_clk_i/A (sky130_fd_sc_hd__clkbuf_16)
    17    0.080878    0.167560    0.669136    1.565448 ^ clkbuf_0_wb_clk_i/X (sky130_fd_sc_hd__clkbuf_16)
                                                         clknet_0_wb_clk_i (net)
                      0.168169    0.007583    1.573030 ^ clkbuf_3_5_0_wb_clk_i/A (sky130_fd_sc_hd__clkbuf_8)
    11    0.039719    0.128953    0.305461    1.878491 ^ clkbuf_3_5_0_wb_clk_i/X (sky130_fd_sc_hd__clkbuf_8)
                                                         clknet_3_5_0_wb_clk_i (net)
                      0.128990    0.001958    1.880449 ^ _683_/CLK (sky130_fd_sc_hd__dfrtp_2)
     3    0.014734    0.152096    0.750343    2.630792 ^ _683_/Q (sky130_fd_sc_hd__dfrtp_2)
                                                         timer.min_ones[2] (net)
                      0.152100    0.000954    2.631746 ^ _364_/A_N (sky130_fd_sc_hd__and2b_2)
     3    0.010313    0.100887    0.492405    3.124151 v _364_/X (sky130_fd_sc_hd__and2b_2)
                                                         _191_ (net)
                      0.100889    0.000566    3.124717 v _374_/C (sky130_fd_sc_hd__and4_2)
     5    0.021469    0.140832    0.548048    3.672765 v _374_/X (sky130_fd_sc_hd__and4_2)
                                                         _197_ (net)
                      0.140837    0.000999    3.673764 v _383_/A (sky130_fd_sc_hd__nor2_2)
     1    0.003747    0.116453    0.188476    3.862240 ^ _383_/Y (sky130_fd_sc_hd__nor2_2)
                                                         _152_ (net)
                      0.116453    0.000215    3.862455 ^ hold69/A (sky130_fd_sc_hd__dlygate4sd3_1)
     1    0.002518    0.088449    1.002410    4.864865 ^ hold69/X (sky130_fd_sc_hd__dlygate4sd3_1)
                                                         net69 (net)
                      0.088449    0.000161    4.865027 ^ _677_/D (sky130_fd_sc_hd__dfrtp_2)
                                              4.865027   data arrival time

                                  0.000000    0.000000   clock wb_clk_i (rise edge)
                                  0.000000    0.000000   clock source latency
     2    0.173147    1.249199    0.990660    0.990660 ^ wb_clk_i (in)
                                                         wb_clk_i (net)
                      1.273456    0.000000    0.990660 ^ clkbuf_0_wb_clk_i/A (sky130_fd_sc_hd__clkbuf_16)
    17    0.080878    0.167560    0.739572    1.730232 ^ clkbuf_0_wb_clk_i/X (sky130_fd_sc_hd__clkbuf_16)
                                                         clknet_0_wb_clk_i (net)
                      0.168169    0.008381    1.738613 ^ clkbuf_3_5_0_wb_clk_i/A (sky130_fd_sc_hd__clkbuf_8)
    11    0.039719    0.128953    0.337615    2.076227 ^ clkbuf_3_5_0_wb_clk_i/X (sky130_fd_sc_hd__clkbuf_8)
                                                         clknet_3_5_0_wb_clk_i (net)
                      0.128989    0.002146    2.078373 ^ _677_/CLK (sky130_fd_sc_hd__dfrtp_2)
                                  0.250000    2.328373   clock uncertainty
                                 -0.197736    2.130637   clock reconvergence pessimism
                                 -0.071412    2.059225   library hold time
                                              2.059225   data required time
---------------------------------------------------------------------------------------------
                                              2.059225   data required time
                                             -4.865027   data arrival time
---------------------------------------------------------------------------------------------
                                              2.805802   slack (MET)


Startpoint: _718_ (rising edge-triggered flip-flop clocked by wb_clk_i)
Endpoint: _722_ (rising edge-triggered flip-flop clocked by wb_clk_i)
Path Group: wb_clk_i
Path Type: min

Fanout         Cap        Slew       Delay        Time   Description
---------------------------------------------------------------------------------------------
                                  0.000000    0.000000   clock wb_clk_i (rise edge)
                                  0.000000    0.000000   clock source latency
     2    0.173147    1.249199    0.896311    0.896311 ^ wb_clk_i (in)
                                                         wb_clk_i (net)
                      1.273456    0.000000    0.896311 ^ clkbuf_0_wb_clk_i/A (sky130_fd_sc_hd__clkbuf_16)
    17    0.080878    0.167560    0.669136    1.565448 ^ clkbuf_0_wb_clk_i/X (sky130_fd_sc_hd__clkbuf_16)
                                                         clknet_0_wb_clk_i (net)
                      0.168053    0.006783    1.572230 ^ clkbuf_3_2_0_wb_clk_i/A (sky130_fd_sc_hd__clkbuf_8)
    11    0.037375    0.123327    0.301270    1.873500 ^ clkbuf_3_2_0_wb_clk_i/X (sky130_fd_sc_hd__clkbuf_8)
                                                         clknet_3_2_0_wb_clk_i (net)
                      0.123353    0.001678    1.875178 ^ _718_/CLK (sky130_fd_sc_hd__dfrtp_2)
     4    0.013873    0.128183    0.848416    2.723594 v _718_/Q (sky130_fd_sc_hd__dfrtp_2)
                                                         timer.scan_div[24] (net)
                      0.128183    0.001063    2.724657 v _553_/A (sky130_fd_sc_hd__and4_2)
     1    0.003886    0.070422    0.382924    3.107580 v _553_/X (sky130_fd_sc_hd__and4_2)
                                                         _307_ (net)
                      0.070422    0.000326    3.107906 v _554_/D (sky130_fd_sc_hd__and4_2)
     5    0.028011    0.164835    0.577930    3.685837 v _554_/X (sky130_fd_sc_hd__and4_2)
                                                         _308_ (net)
                      0.164880    0.002502    3.688339 v _557_/B (sky130_fd_sc_hd__xor2_2)
     1    0.003324    0.117530    0.214671    3.903010 ^ _557_/X (sky130_fd_sc_hd__xor2_2)
                                                         _021_ (net)
                      0.117543    0.000195    3.903205 ^ hold118/A (sky130_fd_sc_hd__dlygate4sd3_1)
     1    0.002427    0.087459    1.001504    4.904709 ^ hold118/X (sky130_fd_sc_hd__dlygate4sd3_1)
                                                         net118 (net)
                      0.087459    0.000155    4.904863 ^ _722_/D (sky130_fd_sc_hd__dfrtp_2)
                                              4.904863   data arrival time

                                  0.000000    0.000000   clock wb_clk_i (rise edge)
                                  0.000000    0.000000   clock source latency
     2    0.173147    1.249199    0.990660    0.990660 ^ wb_clk_i (in)
                                                         wb_clk_i (net)
                      1.273456    0.000000    0.990660 ^ clkbuf_0_wb_clk_i/A (sky130_fd_sc_hd__clkbuf_16)
    17    0.080878    0.167560    0.739572    1.730232 ^ clkbuf_0_wb_clk_i/X (sky130_fd_sc_hd__clkbuf_16)
                                                         clknet_0_wb_clk_i (net)
                      0.168126    0.008069    1.738300 ^ clkbuf_3_0_0_wb_clk_i/A (sky130_fd_sc_hd__clkbuf_8)
    11    0.036469    0.121162    0.331264    2.069565 ^ clkbuf_3_0_0_wb_clk_i/X (sky130_fd_sc_hd__clkbuf_8)
                                                         clknet_3_0_0_wb_clk_i (net)
                      0.121223    0.002573    2.072138 ^ _722_/CLK (sky130_fd_sc_hd__dfrtp_2)
                                  0.250000    2.322138   clock uncertainty
                                 -0.164784    2.157354   clock reconvergence pessimism
                                 -0.072462    2.084892   library hold time
                                              2.084892   data required time
---------------------------------------------------------------------------------------------
                                              2.084892   data required time
                                             -4.904863   data arrival time
---------------------------------------------------------------------------------------------
                                              2.819971   slack (MET)


Startpoint: _698_ (rising edge-triggered flip-flop clocked by wb_clk_i)
Endpoint: _703_ (rising edge-triggered flip-flop clocked by wb_clk_i)
Path Group: wb_clk_i
Path Type: min

Fanout         Cap        Slew       Delay        Time   Description
---------------------------------------------------------------------------------------------
                                  0.000000    0.000000   clock wb_clk_i (rise edge)
                                  0.000000    0.000000   clock source latency
     2    0.173147    1.249199    0.896311    0.896311 ^ wb_clk_i (in)
                                                         wb_clk_i (net)
                      1.273456    0.000000    0.896311 ^ clkbuf_0_wb_clk_i/A (sky130_fd_sc_hd__clkbuf_16)
    17    0.080878    0.167560    0.669136    1.565448 ^ clkbuf_0_wb_clk_i/X (sky130_fd_sc_hd__clkbuf_16)
                                                         clknet_0_wb_clk_i (net)
                      0.168029    0.006603    1.572050 ^ clkbuf_3_1_0_wb_clk_i/A (sky130_fd_sc_hd__clkbuf_8)
    11    0.037900    0.124584    0.302198    1.874248 ^ clkbuf_3_1_0_wb_clk_i/X (sky130_fd_sc_hd__clkbuf_8)
                                                         clknet_3_1_0_wb_clk_i (net)
                      0.124614    0.001774    1.876022 ^ _698_/CLK (sky130_fd_sc_hd__dfrtp_2)
     2    0.006254    0.094022    0.693801    2.569823 ^ _698_/Q (sky130_fd_sc_hd__dfrtp_2)
                                                         timer.scan_div[4] (net)
                      0.094022    0.000370    2.570193 ^ _499_/B (sky130_fd_sc_hd__and2_2)
     4    0.010252    0.119363    0.306463    2.876655 ^ _499_/X (sky130_fd_sc_hd__and2_2)
                                                         _275_ (net)
                      0.119363    0.000380    2.877036 ^ _506_/B (sky130_fd_sc_hd__and3_2)
     4    0.012934    0.152928    0.419967    3.297003 ^ _506_/X (sky130_fd_sc_hd__and3_2)
                                                         _280_ (net)
                      0.152929    0.000650    3.297654 ^ _508_/B (sky130_fd_sc_hd__and2_2)
     3    0.021668    0.200834    0.395167    3.692821 ^ _508_/X (sky130_fd_sc_hd__and2_2)
                                                         _281_ (net)
                      0.200835    0.000970    3.693791 ^ _511_/B (sky130_fd_sc_hd__xor2_2)
     1    0.002075    0.050439    0.144396    3.838187 v _511_/X (sky130_fd_sc_hd__xor2_2)
                                                         _032_ (net)
                      0.050439    0.000130    3.838317 v hold111/A (sky130_fd_sc_hd__dlygate4sd3_1)
     1    0.002500    0.103432    1.054397    4.892715 v hold111/X (sky130_fd_sc_hd__dlygate4sd3_1)
                                                         net111 (net)
                      0.103432    0.000161    4.892876 v _703_/D (sky130_fd_sc_hd__dfrtp_2)
                                              4.892876   data arrival time

                                  0.000000    0.000000   clock wb_clk_i (rise edge)
                                  0.000000    0.000000   clock source latency
     2    0.173147    1.249199    0.990660    0.990660 ^ wb_clk_i (in)
                                                         wb_clk_i (net)
                      1.273456    0.000000    0.990660 ^ clkbuf_0_wb_clk_i/A (sky130_fd_sc_hd__clkbuf_16)
    17    0.080878    0.167560    0.739572    1.730232 ^ clkbuf_0_wb_clk_i/X (sky130_fd_sc_hd__clkbuf_16)
                                                         clknet_0_wb_clk_i (net)
                      0.168053    0.007496    1.737728 ^ clkbuf_3_2_0_wb_clk_i/A (sky130_fd_sc_hd__clkbuf_8)
    11    0.037375    0.123327    0.332982    2.070710 ^ clkbuf_3_2_0_wb_clk_i/X (sky130_fd_sc_hd__clkbuf_8)
                                                         clknet_3_2_0_wb_clk_i (net)
                      0.123380    0.002468    2.073178 ^ _703_/CLK (sky130_fd_sc_hd__dfrtp_2)
                                  0.250000    2.323178   clock uncertainty
                                 -0.164784    2.158394   clock reconvergence pessimism
                                 -0.088959    2.069436   library hold time
                                              2.069436   data required time
---------------------------------------------------------------------------------------------
                                              2.069436   data required time
                                             -4.892876   data arrival time
---------------------------------------------------------------------------------------------
                                              2.823440   slack (MET)


Startpoint: _751_ (rising edge-triggered flip-flop clocked by wb_clk_i)
Endpoint: _755_ (rising edge-triggered flip-flop clocked by wb_clk_i)
Path Group: wb_clk_i
Path Type: min

Fanout         Cap        Slew       Delay        Time   Description
---------------------------------------------------------------------------------------------
                                  0.000000    0.000000   clock wb_clk_i (rise edge)
                                  0.000000    0.000000   clock source latency
     2    0.173147    1.249199    0.896311    0.896311 ^ wb_clk_i (in)
                                                         wb_clk_i (net)
                      1.273456    0.000000    0.896311 ^ clkbuf_0_wb_clk_i/A (sky130_fd_sc_hd__clkbuf_16)
    17    0.080878    0.167560    0.669136    1.565448 ^ clkbuf_0_wb_clk_i/X (sky130_fd_sc_hd__clkbuf_16)
                                                         clknet_0_wb_clk_i (net)
                      0.167872    0.005279    1.570727 ^ clkbuf_3_6_0_wb_clk_i/A (sky130_fd_sc_hd__clkbuf_8)
    12    0.039360    0.128046    0.304360    1.875087 ^ clkbuf_3_6_0_wb_clk_i/X (sky130_fd_sc_hd__clkbuf_8)
                                                         clknet_3_6_0_wb_clk_i (net)
                      0.128125    0.002770    1.877857 ^ _751_/CLK (sky130_fd_sc_hd__dfrtp_2)
     4    0.012721    0.122005    0.844053    2.721911 v _751_/Q (sky130_fd_sc_hd__dfrtp_2)
                                                         timer.sec_div[24] (net)
                      0.122005    0.000594    2.722505 v _477_/B (sky130_fd_sc_hd__and4_2)
     1    0.004716    0.074668    0.441677    3.164183 v _477_/X (sky130_fd_sc_hd__and4_2)
                                                         _263_ (net)
                      0.074668    0.000301    3.164484 v _478_/D (sky130_fd_sc_hd__and4_2)
     5    0.022561    0.144907    0.560740    3.725223 v _478_/X (sky130_fd_sc_hd__and4_2)
                                                         _264_ (net)
                      0.144939    0.001973    3.727196 v _481_/B (sky130_fd_sc_hd__xor2_2)
     1    0.002327    0.100919    0.193933    3.921129 ^ _481_/X (sky130_fd_sc_hd__xor2_2)
                                                         _054_ (net)
                      0.100919    0.000151    3.921281 ^ hold102/A (sky130_fd_sc_hd__dlygate4sd3_1)
     1    0.002211    0.085194    0.992136    4.913416 ^ hold102/X (sky130_fd_sc_hd__dlygate4sd3_1)
                                                         net102 (net)
                      0.085194    0.000094    4.913511 ^ _755_/D (sky130_fd_sc_hd__dfrtp_2)
                                              4.913511   data arrival time

                                  0.000000    0.000000   clock wb_clk_i (rise edge)
                                  0.000000    0.000000   clock source latency
     2    0.173147    1.249199    0.990660    0.990660 ^ wb_clk_i (in)
                                                         wb_clk_i (net)
                      1.273456    0.000000    0.990660 ^ clkbuf_0_wb_clk_i/A (sky130_fd_sc_hd__clkbuf_16)
    17    0.080878    0.167560    0.739572    1.730232 ^ clkbuf_0_wb_clk_i/X (sky130_fd_sc_hd__clkbuf_16)
                                                         clknet_0_wb_clk_i (net)
                      0.167859    0.005697    1.735929 ^ clkbuf_3_3_0_wb_clk_i/A (sky130_fd_sc_hd__clkbuf_8)
    11    0.038093    0.125050    0.334284    2.070213 ^ clkbuf_3_3_0_wb_clk_i/X (sky130_fd_sc_hd__clkbuf_8)
                                                         clknet_3_3_0_wb_clk_i (net)
                      0.125090    0.002202    2.072415 ^ _755_/CLK (sky130_fd_sc_hd__dfrtp_2)
                                  0.250000    2.322415   clock uncertainty
                                 -0.164784    2.157631   clock reconvergence pessimism
                                 -0.071312    2.086319   library hold time
                                              2.086319   data required time
---------------------------------------------------------------------------------------------
                                              2.086319   data required time
                                             -4.913511   data arrival time
---------------------------------------------------------------------------------------------
                                              2.827192   slack (MET)


Startpoint: _697_ (rising edge-triggered flip-flop clocked by wb_clk_i)
Endpoint: _697_ (rising edge-triggered flip-flop clocked by wb_clk_i)
Path Group: wb_clk_i
Path Type: min

Fanout         Cap        Slew       Delay        Time   Description
---------------------------------------------------------------------------------------------
                                  0.000000    0.000000   clock wb_clk_i (rise edge)
                                  0.000000    0.000000   clock source latency
     2    0.173147    1.249199    0.896311    0.896311 ^ wb_clk_i (in)
                                                         wb_clk_i (net)
                      1.273456    0.000000    0.896311 ^ clkbuf_0_wb_clk_i/A (sky130_fd_sc_hd__clkbuf_16)
    17    0.080878    0.167560    0.669136    1.565448 ^ clkbuf_0_wb_clk_i/X (sky130_fd_sc_hd__clkbuf_16)
                                                         clknet_0_wb_clk_i (net)
                      0.168029    0.006603    1.572050 ^ clkbuf_3_1_0_wb_clk_i/A (sky130_fd_sc_hd__clkbuf_8)
    11    0.037900    0.124584    0.302198    1.874248 ^ clkbuf_3_1_0_wb_clk_i/X (sky130_fd_sc_hd__clkbuf_8)
                                                         clknet_3_1_0_wb_clk_i (net)
                      0.124603    0.001491    1.875739 ^ _697_/CLK (sky130_fd_sc_hd__dfrtp_2)
     1    0.002564    0.068199    0.660986    2.536726 ^ _697_/Q (sky130_fd_sc_hd__dfrtp_2)
                                                         timer.scan_div[3] (net)
                      0.068199    0.000157    2.536882 ^ hold37/A (sky130_fd_sc_hd__dlygate4sd3_1)
     3    0.014994    0.255934    1.128987    3.665869 ^ hold37/X (sky130_fd_sc_hd__dlygate4sd3_1)
                                                         net37 (net)
                      0.255934    0.000992    3.666861 ^ _495_/A (sky130_fd_sc_hd__xnor2_2)
     1    0.002094    0.053165    0.241221    3.908082 ^ _495_/Y (sky130_fd_sc_hd__xnor2_2)
                                                         _026_ (net)
                      0.053165    0.000138    3.908220 ^ hold38/A (sky130_fd_sc_hd__dlygate4sd3_1)
     1    0.002774    0.091239    0.981405    4.889625 ^ hold38/X (sky130_fd_sc_hd__dlygate4sd3_1)
                                                         net38 (net)
                      0.091239    0.000172    4.889796 ^ _697_/D (sky130_fd_sc_hd__dfrtp_2)
                                              4.889796   data arrival time

                                  0.000000    0.000000   clock wb_clk_i (rise edge)
                                  0.000000    0.000000   clock source latency
     2    0.173147    1.249199    0.990660    0.990660 ^ wb_clk_i (in)
                                                         wb_clk_i (net)
                      1.273456    0.000000    0.990660 ^ clkbuf_0_wb_clk_i/A (sky130_fd_sc_hd__clkbuf_16)
    17    0.080878    0.167560    0.739572    1.730232 ^ clkbuf_0_wb_clk_i/X (sky130_fd_sc_hd__clkbuf_16)
                                                         clknet_0_wb_clk_i (net)
                      0.168029    0.007298    1.737529 ^ clkbuf_3_1_0_wb_clk_i/A (sky130_fd_sc_hd__clkbuf_8)
    11    0.037900    0.124584    0.334008    2.071537 ^ clkbuf_3_1_0_wb_clk_i/X (sky130_fd_sc_hd__clkbuf_8)
                                                         clknet_3_1_0_wb_clk_i (net)
                      0.124603    0.001648    2.073185 ^ _697_/CLK (sky130_fd_sc_hd__dfrtp_2)
                                  0.250000    2.323185   clock uncertainty
                                 -0.197446    2.125739   clock reconvergence pessimism
                                 -0.072766    2.052973   library hold time
                                              2.052973   data required time
---------------------------------------------------------------------------------------------
                                              2.052973   data required time
                                             -4.889796   data arrival time
---------------------------------------------------------------------------------------------
                                              2.836823   slack (MET)


Startpoint: _724_ (rising edge-triggered flip-flop clocked by wb_clk_i)
Endpoint: _724_ (rising edge-triggered flip-flop clocked by wb_clk_i)
Path Group: wb_clk_i
Path Type: min

Fanout         Cap        Slew       Delay        Time   Description
---------------------------------------------------------------------------------------------
                                  0.000000    0.000000   clock wb_clk_i (rise edge)
                                  0.000000    0.000000   clock source latency
     2    0.173147    1.249199    0.896311    0.896311 ^ wb_clk_i (in)
                                                         wb_clk_i (net)
                      1.273456    0.000000    0.896311 ^ clkbuf_0_wb_clk_i/A (sky130_fd_sc_hd__clkbuf_16)
    17    0.080878    0.167560    0.669136    1.565448 ^ clkbuf_0_wb_clk_i/X (sky130_fd_sc_hd__clkbuf_16)
                                                         clknet_0_wb_clk_i (net)
                      0.168126    0.007300    1.572748 ^ clkbuf_3_0_0_wb_clk_i/A (sky130_fd_sc_hd__clkbuf_8)
    11    0.036469    0.121162    0.299715    1.872463 ^ clkbuf_3_0_0_wb_clk_i/X (sky130_fd_sc_hd__clkbuf_8)
                                                         clknet_3_0_0_wb_clk_i (net)
                      0.121213    0.002170    1.874633 ^ _724_/CLK (sky130_fd_sc_hd__dfrtp_2)
     2    0.005612    0.089454    0.688124    2.562757 ^ _724_/Q (sky130_fd_sc_hd__dfrtp_2)
                                                         timer.scan_div[30] (net)
                      0.089454    0.000281    2.563038 ^ hold35/A (sky130_fd_sc_hd__dlygate4sd3_1)
     2    0.012626    0.223905    1.113379    3.676417 ^ hold35/X (sky130_fd_sc_hd__dlygate4sd3_1)
                                                         net35 (net)
                      0.223905    0.000448    3.676865 ^ _562_/A (sky130_fd_sc_hd__xnor2_2)
     1    0.002882    0.058344    0.237508    3.914373 ^ _562_/Y (sky130_fd_sc_hd__xnor2_2)
                                                         _024_ (net)
                      0.058344    0.000168    3.914541 ^ hold36/A (sky130_fd_sc_hd__dlygate4sd3_1)
     1    0.002264    0.085653    0.976112    4.890653 ^ hold36/X (sky130_fd_sc_hd__dlygate4sd3_1)
                                                         net36 (net)
                      0.085653    0.000149    4.890802 ^ _724_/D (sky130_fd_sc_hd__dfrtp_2)
                                              4.890802   data arrival time

                                  0.000000    0.000000   clock wb_clk_i (rise edge)
                                  0.000000    0.000000   clock source latency
     2    0.173147    1.249199    0.990660    0.990660 ^ wb_clk_i (in)
                                                         wb_clk_i (net)
                      1.273456    0.000000    0.990660 ^ clkbuf_0_wb_clk_i/A (sky130_fd_sc_hd__clkbuf_16)
    17    0.080878    0.167560    0.739572    1.730232 ^ clkbuf_0_wb_clk_i/X (sky130_fd_sc_hd__clkbuf_16)
                                                         clknet_0_wb_clk_i (net)
                      0.168126    0.008069    1.738300 ^ clkbuf_3_0_0_wb_clk_i/A (sky130_fd_sc_hd__clkbuf_8)
    11    0.036469    0.121162    0.331264    2.069565 ^ clkbuf_3_0_0_wb_clk_i/X (sky130_fd_sc_hd__clkbuf_8)
                                                         clknet_3_0_0_wb_clk_i (net)
                      0.121213    0.002398    2.071963 ^ _724_/CLK (sky130_fd_sc_hd__dfrtp_2)
                                  0.250000    2.321963   clock uncertainty
                                 -0.197330    2.124633   clock reconvergence pessimism
                                 -0.072053    2.052580   library hold time
                                              2.052580   data required time
---------------------------------------------------------------------------------------------
                                              2.052580   data required time
                                             -4.890802   data arrival time
---------------------------------------------------------------------------------------------
                                              2.838221   slack (MET)


Startpoint: _727_ (rising edge-triggered flip-flop clocked by wb_clk_i)
Endpoint: _727_ (rising edge-triggered flip-flop clocked by wb_clk_i)
Path Group: wb_clk_i
Path Type: min

Fanout         Cap        Slew       Delay        Time   Description
---------------------------------------------------------------------------------------------
                                  0.000000    0.000000   clock wb_clk_i (rise edge)
                                  0.000000    0.000000   clock source latency
     2    0.173147    1.249199    0.896311    0.896311 ^ wb_clk_i (in)
                                                         wb_clk_i (net)
                      1.273456    0.000000    0.896311 ^ clkbuf_0_wb_clk_i/A (sky130_fd_sc_hd__clkbuf_16)
    17    0.080878    0.167560    0.669136    1.565448 ^ clkbuf_0_wb_clk_i/X (sky130_fd_sc_hd__clkbuf_16)
                                                         clknet_0_wb_clk_i (net)
                      0.168090    0.007044    1.572492 ^ clkbuf_3_7_0_wb_clk_i/A (sky130_fd_sc_hd__clkbuf_8)
    12    0.037900    0.124575    0.302075    1.874567 ^ clkbuf_3_7_0_wb_clk_i/X (sky130_fd_sc_hd__clkbuf_8)
                                                         clknet_3_7_0_wb_clk_i (net)
                      0.124641    0.002470    1.877036 ^ _727_/CLK (sky130_fd_sc_hd__dfrtp_2)
     1    0.001979    0.064366    0.655462    2.532498 ^ _727_/Q (sky130_fd_sc_hd__dfrtp_2)
                                                         timer.sec_div[0] (net)
                      0.064366    0.000129    2.532628 ^ hold27/A (sky130_fd_sc_hd__dlygate4sd3_1)
     5    0.019325    0.317411    1.170989    3.703616 ^ hold27/X (sky130_fd_sc_hd__dlygate4sd3_1)
                                                         net27 (net)
                      0.317411    0.000356    3.703973 ^ _413_/A (sky130_fd_sc_hd__nor2_2)
     1    0.002098    0.038141    0.135836    3.839808 v _413_/Y (sky130_fd_sc_hd__nor2_2)
                                                         _034_ (net)
                      0.038141    0.000136    3.839944 v hold28/A (sky130_fd_sc_hd__dlygate4sd3_1)
     1    0.002292    0.102026    1.046082    4.886026 v hold28/X (sky130_fd_sc_hd__dlygate4sd3_1)
                                                         net28 (net)
                      0.102026    0.000150    4.886176 v _727_/D (sky130_fd_sc_hd__dfrtp_2)
                                              4.886176   data arrival time

                                  0.000000    0.000000   clock wb_clk_i (rise edge)
                                  0.000000    0.000000   clock source latency
     2    0.173147    1.249199    0.990660    0.990660 ^ wb_clk_i (in)
                                                         wb_clk_i (net)
                      1.273456    0.000000    0.990660 ^ clkbuf_0_wb_clk_i/A (sky130_fd_sc_hd__clkbuf_16)
    17    0.080878    0.167560    0.739572    1.730232 ^ clkbuf_0_wb_clk_i/X (sky130_fd_sc_hd__clkbuf_16)
                                                         clknet_0_wb_clk_i (net)
                      0.168090    0.007785    1.738017 ^ clkbuf_3_7_0_wb_clk_i/A (sky130_fd_sc_hd__clkbuf_8)
    12    0.037900    0.124575    0.333872    2.071889 ^ clkbuf_3_7_0_wb_clk_i/X (sky130_fd_sc_hd__clkbuf_8)
                                                         clknet_3_7_0_wb_clk_i (net)
                      0.124641    0.002730    2.074619 ^ _727_/CLK (sky130_fd_sc_hd__dfrtp_2)
                                  0.250000    2.324619   clock uncertainty
                                 -0.197583    2.127036   clock reconvergence pessimism
                                 -0.088138    2.038898   library hold time
                                              2.038898   data required time
---------------------------------------------------------------------------------------------
                                              2.038898   data required time
                                             -4.886176   data arrival time
---------------------------------------------------------------------------------------------
                                              2.847278   slack (MET)


Startpoint: _704_ (rising edge-triggered flip-flop clocked by wb_clk_i)
Endpoint: _704_ (rising edge-triggered flip-flop clocked by wb_clk_i)
Path Group: wb_clk_i
Path Type: min

Fanout         Cap        Slew       Delay        Time   Description
---------------------------------------------------------------------------------------------
                                  0.000000    0.000000   clock wb_clk_i (rise edge)
                                  0.000000    0.000000   clock source latency
     2    0.173147    1.249199    0.896311    0.896311 ^ wb_clk_i (in)
                                                         wb_clk_i (net)
                      1.273456    0.000000    0.896311 ^ clkbuf_0_wb_clk_i/A (sky130_fd_sc_hd__clkbuf_16)
    17    0.080878    0.167560    0.669136    1.565448 ^ clkbuf_0_wb_clk_i/X (sky130_fd_sc_hd__clkbuf_16)
                                                         clknet_0_wb_clk_i (net)
                      0.168053    0.006783    1.572230 ^ clkbuf_3_2_0_wb_clk_i/A (sky130_fd_sc_hd__clkbuf_8)
    11    0.037375    0.123327    0.301270    1.873500 ^ clkbuf_3_2_0_wb_clk_i/X (sky130_fd_sc_hd__clkbuf_8)
                                                         clknet_3_2_0_wb_clk_i (net)
                      0.123382    0.002268    1.875767 ^ _704_/CLK (sky130_fd_sc_hd__dfrtp_2)
     2    0.007227    0.099994    0.699500    2.575268 ^ _704_/Q (sky130_fd_sc_hd__dfrtp_2)
                                                         timer.scan_div[10] (net)
                      0.099994    0.000414    2.575682 ^ hold137/A (sky130_fd_sc_hd__dlygate4sd3_1)
     3    0.009988    0.189333    1.087142    3.662824 ^ hold137/X (sky130_fd_sc_hd__dlygate4sd3_1)
                                                         net137 (net)
                      0.189333    0.000589    3.663413 ^ _512_/B1 (sky130_fd_sc_hd__a21oi_2)
     1    0.004936    0.062287    0.099480    3.762893 v _512_/Y (sky130_fd_sc_hd__a21oi_2)
                                                         _283_ (net)
                      0.062288    0.000342    3.763235 v _514_/A (sky130_fd_sc_hd__nor2_2)
     1    0.002860    0.101718    0.145816    3.909051 ^ _514_/Y (sky130_fd_sc_hd__nor2_2)
                                                         _002_ (net)
                      0.101718    0.000177    3.909228 ^ hold138/A (sky130_fd_sc_hd__dlygate4sd3_1)
     1    0.002455    0.087751    0.995960    4.905189 ^ hold138/X (sky130_fd_sc_hd__dlygate4sd3_1)
                                                         net138 (net)
                      0.087751    0.000170    4.905358 ^ _704_/D (sky130_fd_sc_hd__dfrtp_2)
                                              4.905358   data arrival time

                                  0.000000    0.000000   clock wb_clk_i (rise edge)
                                  0.000000    0.000000   clock source latency
     2    0.173147    1.249199    0.990660    0.990660 ^ wb_clk_i (in)
                                                         wb_clk_i (net)
                      1.273456    0.000000    0.990660 ^ clkbuf_0_wb_clk_i/A (sky130_fd_sc_hd__clkbuf_16)
    17    0.080878    0.167560    0.739572    1.730232 ^ clkbuf_0_wb_clk_i/X (sky130_fd_sc_hd__clkbuf_16)
                                                         clknet_0_wb_clk_i (net)
                      0.168053    0.007496    1.737728 ^ clkbuf_3_2_0_wb_clk_i/A (sky130_fd_sc_hd__clkbuf_8)
    11    0.037375    0.123327    0.332982    2.070710 ^ clkbuf_3_2_0_wb_clk_i/X (sky130_fd_sc_hd__clkbuf_8)
                                                         clknet_3_2_0_wb_clk_i (net)
                      0.123382    0.002506    2.073216 ^ _704_/CLK (sky130_fd_sc_hd__dfrtp_2)
                                  0.250000    2.323217   clock uncertainty
                                 -0.197449    2.125767   clock reconvergence pessimism
                                 -0.072174    2.053593   library hold time
                                              2.053593   data required time
---------------------------------------------------------------------------------------------
                                              2.053593   data required time
                                             -4.905358   data arrival time
---------------------------------------------------------------------------------------------
                                              2.851765   slack (MET)


Startpoint: _735_ (rising edge-triggered flip-flop clocked by wb_clk_i)
Endpoint: _739_ (rising edge-triggered flip-flop clocked by wb_clk_i)
Path Group: wb_clk_i
Path Type: min

Fanout         Cap        Slew       Delay        Time   Description
---------------------------------------------------------------------------------------------
                                  0.000000    0.000000   clock wb_clk_i (rise edge)
                                  0.000000    0.000000   clock source latency
     2    0.173147    1.249199    0.896311    0.896311 ^ wb_clk_i (in)
                                                         wb_clk_i (net)
                      1.273456    0.000000    0.896311 ^ clkbuf_0_wb_clk_i/A (sky130_fd_sc_hd__clkbuf_16)
    17    0.080878    0.167560    0.669136    1.565448 ^ clkbuf_0_wb_clk_i/X (sky130_fd_sc_hd__clkbuf_16)
                                                         clknet_0_wb_clk_i (net)
                      0.168169    0.007583    1.573030 ^ clkbuf_3_5_0_wb_clk_i/A (sky130_fd_sc_hd__clkbuf_8)
    11    0.039719    0.128953    0.305461    1.878491 ^ clkbuf_3_5_0_wb_clk_i/X (sky130_fd_sc_hd__clkbuf_8)
                                                         clknet_3_5_0_wb_clk_i (net)
                      0.128980    0.001739    1.880230 ^ _735_/CLK (sky130_fd_sc_hd__dfrtp_2)
     3    0.008415    0.107684    0.709725    2.589955 ^ _735_/Q (sky130_fd_sc_hd__dfrtp_2)
                                                         timer.sec_div[8] (net)
                      0.107684    0.000474    2.590429 ^ _438_/A (sky130_fd_sc_hd__and4_2)
     2    0.004758    0.113229    0.422990    3.013419 ^ _438_/X (sky130_fd_sc_hd__and4_2)
                                                         _240_ (net)
                      0.113229    0.000250    3.013668 ^ _439_/C (sky130_fd_sc_hd__and3_2)
     3    0.015652    0.173748    0.449409    3.463078 ^ _439_/X (sky130_fd_sc_hd__and3_2)
                                                         _241_ (net)
                      0.173750    0.000838    3.463916 ^ _441_/B (sky130_fd_sc_hd__and2_2)
     2    0.009518    0.114017    0.330364    3.794280 ^ _441_/X (sky130_fd_sc_hd__and2_2)
                                                         _242_ (net)
                      0.114018    0.000634    3.794914 ^ _443_/A (sky130_fd_sc_hd__nor2_2)
     1    0.001606    0.031475    0.074987    3.869900 v _443_/Y (sky130_fd_sc_hd__nor2_2)
                                                         _037_ (net)
                      0.031475    0.000070    3.869971 v hold98/A (sky130_fd_sc_hd__dlygate4sd3_1)
     1    0.003037    0.107677    1.055251    4.925221 v hold98/X (sky130_fd_sc_hd__dlygate4sd3_1)
                                                         net98 (net)
                      0.107677    0.000191    4.925413 v _739_/D (sky130_fd_sc_hd__dfrtp_2)
                                              4.925413   data arrival time

                                  0.000000    0.000000   clock wb_clk_i (rise edge)
                                  0.000000    0.000000   clock source latency
     2    0.173147    1.249199    0.990660    0.990660 ^ wb_clk_i (in)
                                                         wb_clk_i (net)
                      1.273456    0.000000    0.990660 ^ clkbuf_0_wb_clk_i/A (sky130_fd_sc_hd__clkbuf_16)
    17    0.080878    0.167560    0.739572    1.730232 ^ clkbuf_0_wb_clk_i/X (sky130_fd_sc_hd__clkbuf_16)
                                                         clknet_0_wb_clk_i (net)
                      0.168001    0.007065    1.737296 ^ clkbuf_3_4_0_wb_clk_i/A (sky130_fd_sc_hd__clkbuf_8)
    11    0.038444    0.125873    0.334860    2.072156 ^ clkbuf_3_4_0_wb_clk_i/X (sky130_fd_sc_hd__clkbuf_8)
                                                         clknet_3_4_0_wb_clk_i (net)
                      0.125877    0.001042    2.073199 ^ _739_/CLK (sky130_fd_sc_hd__dfrtp_2)
                                  0.250000    2.323199   clock uncertainty
                                 -0.164784    2.158415   clock reconvergence pessimism
                                 -0.089909    2.068506   library hold time
                                              2.068506   data required time
---------------------------------------------------------------------------------------------
                                              2.068506   data required time
                                             -4.925413   data arrival time
---------------------------------------------------------------------------------------------
                                              2.856907   slack (MET)


Startpoint: _710_ (rising edge-triggered flip-flop clocked by wb_clk_i)
Endpoint: _716_ (rising edge-triggered flip-flop clocked by wb_clk_i)
Path Group: wb_clk_i
Path Type: min

Fanout         Cap        Slew       Delay        Time   Description
---------------------------------------------------------------------------------------------
                                  0.000000    0.000000   clock wb_clk_i (rise edge)
                                  0.000000    0.000000   clock source latency
     2    0.173147    1.249199    0.896311    0.896311 ^ wb_clk_i (in)
                                                         wb_clk_i (net)
                      1.273456    0.000000    0.896311 ^ clkbuf_0_wb_clk_i/A (sky130_fd_sc_hd__clkbuf_16)
    17    0.080878    0.167560    0.669136    1.565448 ^ clkbuf_0_wb_clk_i/X (sky130_fd_sc_hd__clkbuf_16)
                                                         clknet_0_wb_clk_i (net)
                      0.168126    0.007300    1.572748 ^ clkbuf_3_0_0_wb_clk_i/A (sky130_fd_sc_hd__clkbuf_8)
    11    0.036469    0.121162    0.299715    1.872463 ^ clkbuf_3_0_0_wb_clk_i/X (sky130_fd_sc_hd__clkbuf_8)
                                                         clknet_3_0_0_wb_clk_i (net)
                      0.121184    0.001539    1.874002 ^ _710_/CLK (sky130_fd_sc_hd__dfrtp_2)
     3    0.007796    0.098666    0.812616    2.686619 v _710_/Q (sky130_fd_sc_hd__dfrtp_2)
                                                         timer.scan_div[16] (net)
                      0.098666    0.000474    2.687093 v _534_/A (sky130_fd_sc_hd__and4_2)
     3    0.009426    0.094491    0.402309    3.089401 v _534_/X (sky130_fd_sc_hd__and4_2)
                                                         _296_ (net)
                      0.094491    0.000375    3.089777 v _537_/D (sky130_fd_sc_hd__and4_2)
     3    0.013303    0.112185    0.528754    3.618531 v _537_/X (sky130_fd_sc_hd__and4_2)
                                                         _298_ (net)
                      0.112189    0.000777    3.619308 v _540_/B (sky130_fd_sc_hd__nand2_2)
     2    0.012059    0.124570    0.156489    3.775797 ^ _540_/Y (sky130_fd_sc_hd__nand2_2)
                                                         _300_ (net)
                      0.124570    0.000464    3.776261 ^ _543_/B (sky130_fd_sc_hd__xnor2_2)
     1    0.002434    0.055409    0.189643    3.965904 ^ _543_/Y (sky130_fd_sc_hd__xnor2_2)
                                                         _015_ (net)
                      0.055409    0.000164    3.966068 ^ hold50/A (sky130_fd_sc_hd__dlygate4sd3_1)
     1    0.002378    0.086836    0.976552    4.942620 ^ hold50/X (sky130_fd_sc_hd__dlygate4sd3_1)
                                                         net50 (net)
                      0.086836    0.000153    4.942772 ^ _716_/D (sky130_fd_sc_hd__dfrtp_2)
                                              4.942772   data arrival time

                                  0.000000    0.000000   clock wb_clk_i (rise edge)
                                  0.000000    0.000000   clock source latency
     2    0.173147    1.249199    0.990660    0.990660 ^ wb_clk_i (in)
                                                         wb_clk_i (net)
                      1.273456    0.000000    0.990660 ^ clkbuf_0_wb_clk_i/A (sky130_fd_sc_hd__clkbuf_16)
    17    0.080878    0.167560    0.739572    1.730232 ^ clkbuf_0_wb_clk_i/X (sky130_fd_sc_hd__clkbuf_16)
                                                         clknet_0_wb_clk_i (net)
                      0.168053    0.007496    1.737728 ^ clkbuf_3_2_0_wb_clk_i/A (sky130_fd_sc_hd__clkbuf_8)
    11    0.037375    0.123327    0.332982    2.070710 ^ clkbuf_3_2_0_wb_clk_i/X (sky130_fd_sc_hd__clkbuf_8)
                                                         clknet_3_2_0_wb_clk_i (net)
                      0.123339    0.001398    2.072108 ^ _716_/CLK (sky130_fd_sc_hd__dfrtp_2)
                                  0.250000    2.322108   clock uncertainty
                                 -0.164784    2.157324   clock reconvergence pessimism
                                 -0.071973    2.085351   library hold time
                                              2.085351   data required time
---------------------------------------------------------------------------------------------
                                              2.085351   data required time
                                             -4.942772   data arrival time
---------------------------------------------------------------------------------------------
                                              2.857422   slack (MET)


Startpoint: _694_ (rising edge-triggered flip-flop clocked by wb_clk_i)
Endpoint: _695_ (rising edge-triggered flip-flop clocked by wb_clk_i)
Path Group: wb_clk_i
Path Type: min

Fanout         Cap        Slew       Delay        Time   Description
---------------------------------------------------------------------------------------------
                                  0.000000    0.000000   clock wb_clk_i (rise edge)
                                  0.000000    0.000000   clock source latency
     2    0.173147    1.249199    0.896311    0.896311 ^ wb_clk_i (in)
                                                         wb_clk_i (net)
                      1.273456    0.000000    0.896311 ^ clkbuf_0_wb_clk_i/A (sky130_fd_sc_hd__clkbuf_16)
    17    0.080878    0.167560    0.669136    1.565448 ^ clkbuf_0_wb_clk_i/X (sky130_fd_sc_hd__clkbuf_16)
                                                         clknet_0_wb_clk_i (net)
                      0.168029    0.006603    1.572050 ^ clkbuf_3_1_0_wb_clk_i/A (sky130_fd_sc_hd__clkbuf_8)
    11    0.037900    0.124584    0.302198    1.874248 ^ clkbuf_3_1_0_wb_clk_i/X (sky130_fd_sc_hd__clkbuf_8)
                                                         clknet_3_1_0_wb_clk_i (net)
                      0.124605    0.001547    1.875795 ^ _694_/CLK (sky130_fd_sc_hd__dfrtp_2)
     2    0.007516    0.101825    0.701931    2.577727 ^ _694_/Q (sky130_fd_sc_hd__dfrtp_2)
                                                         timer.scan_div[0] (net)
                      0.101825    0.000499    2.578226 ^ _395_/A (sky130_fd_sc_hd__nor2_2)
     1    0.002009    0.034402    0.072202    2.650428 v _395_/Y (sky130_fd_sc_hd__nor2_2)
                                                         _210_ (net)
                      0.034402    0.000128    2.650556 v hold122/A (sky130_fd_sc_hd__dlygate4sd3_1)
     2    0.007802    0.153848    1.114659    3.765215 v hold122/X (sky130_fd_sc_hd__dlygate4sd3_1)
                                                         net122 (net)
                      0.153848    0.000516    3.765731 v _490_/A (sky130_fd_sc_hd__nor2_2)
     1    0.002790    0.102231    0.182163    3.947894 ^ _490_/Y (sky130_fd_sc_hd__nor2_2)
                                                         _012_ (net)
                      0.102231    0.000165    3.948059 ^ hold123/A (sky130_fd_sc_hd__dlygate4sd3_1)
     1    0.002152    0.084580    0.991764    4.939823 ^ hold123/X (sky130_fd_sc_hd__dlygate4sd3_1)
                                                         net123 (net)
                      0.084580    0.000147    4.939970 ^ _695_/D (sky130_fd_sc_hd__dfrtp_2)
                                              4.939970   data arrival time

                                  0.000000    0.000000   clock wb_clk_i (rise edge)
                                  0.000000    0.000000   clock source latency
     2    0.173147    1.249199    0.990660    0.990660 ^ wb_clk_i (in)
                                                         wb_clk_i (net)
                      1.273456    0.000000    0.990660 ^ clkbuf_0_wb_clk_i/A (sky130_fd_sc_hd__clkbuf_16)
    17    0.080878    0.167560    0.739572    1.730232 ^ clkbuf_0_wb_clk_i/X (sky130_fd_sc_hd__clkbuf_16)
                                                         clknet_0_wb_clk_i (net)
                      0.168029    0.007298    1.737529 ^ clkbuf_3_1_0_wb_clk_i/A (sky130_fd_sc_hd__clkbuf_8)
    11    0.037900    0.124584    0.334008    2.071537 ^ clkbuf_3_1_0_wb_clk_i/X (sky130_fd_sc_hd__clkbuf_8)
                                                         clknet_3_1_0_wb_clk_i (net)
                      0.124599    0.001512    2.073049 ^ _695_/CLK (sky130_fd_sc_hd__dfrtp_2)
                                  0.250000    2.323049   clock uncertainty
                                 -0.197289    2.125760   clock reconvergence pessimism
                                 -0.071253    2.054507   library hold time
                                              2.054507   data required time
---------------------------------------------------------------------------------------------
                                              2.054507   data required time
                                             -4.939970   data arrival time
---------------------------------------------------------------------------------------------
                                              2.885463   slack (MET)


Startpoint: _726_ (rising edge-triggered flip-flop clocked by wb_clk_i)
Endpoint: _676_ (rising edge-triggered flip-flop clocked by wb_clk_i)
Path Group: wb_clk_i
Path Type: min

Fanout         Cap        Slew       Delay        Time   Description
---------------------------------------------------------------------------------------------
                                  0.000000    0.000000   clock wb_clk_i (rise edge)
                                  0.000000    0.000000   clock source latency
     2    0.173147    1.249199    0.896311    0.896311 ^ wb_clk_i (in)
                                                         wb_clk_i (net)
                      1.273456    0.000000    0.896311 ^ clkbuf_0_wb_clk_i/A (sky130_fd_sc_hd__clkbuf_16)
    17    0.080878    0.167560    0.669136    1.565448 ^ clkbuf_0_wb_clk_i/X (sky130_fd_sc_hd__clkbuf_16)
                                                         clknet_0_wb_clk_i (net)
                      0.168001    0.006392    1.571839 ^ clkbuf_3_4_0_wb_clk_i/A (sky130_fd_sc_hd__clkbuf_8)
    11    0.038444    0.125873    0.302969    1.874808 ^ clkbuf_3_4_0_wb_clk_i/X (sky130_fd_sc_hd__clkbuf_8)
                                                         clknet_3_4_0_wb_clk_i (net)
                      0.125914    0.002053    1.876861 ^ _726_/CLK (sky130_fd_sc_hd__dfrtp_2)
     1    0.002576    0.068277    0.661677    2.538538 ^ _726_/Q (sky130_fd_sc_hd__dfrtp_2)
                                                         timer.scan (net)
                      0.068277    0.000161    2.538699 ^ hold43/A (sky130_fd_sc_hd__dlygate4sd3_1)
     2    0.014759    0.252603    1.126619    3.665318 ^ hold43/X (sky130_fd_sc_hd__dlygate4sd3_1)
                                                         net43 (net)
                      0.252603    0.000700    3.666018 ^ _387_/S (sky130_fd_sc_hd__mux2_1)
     1    0.003110    0.075891    0.298966    3.964984 ^ _387_/X (sky130_fd_sc_hd__mux2_1)
                                                         _151_ (net)
                      0.075891    0.000184    3.965168 ^ hold151/A (sky130_fd_sc_hd__dlygate4sd3_1)
     1    0.002241    0.085475    0.983045    4.948213 ^ hold151/X (sky130_fd_sc_hd__dlygate4sd3_1)
                                                         net151 (net)
                      0.085475    0.000150    4.948363 ^ _676_/D (sky130_fd_sc_hd__dfrtp_2)
                                              4.948363   data arrival time

                                  0.000000    0.000000   clock wb_clk_i (rise edge)
                                  0.000000    0.000000   clock source latency
     2    0.173147    1.249199    0.990660    0.990660 ^ wb_clk_i (in)
                                                         wb_clk_i (net)
                      1.273456    0.000000    0.990660 ^ clkbuf_0_wb_clk_i/A (sky130_fd_sc_hd__clkbuf_16)
    17    0.080878    0.167560    0.739572    1.730232 ^ clkbuf_0_wb_clk_i/X (sky130_fd_sc_hd__clkbuf_16)
                                                         clknet_0_wb_clk_i (net)
                      0.168001    0.007065    1.737296 ^ clkbuf_3_4_0_wb_clk_i/A (sky130_fd_sc_hd__clkbuf_8)
    11    0.038444    0.125873    0.334860    2.072156 ^ clkbuf_3_4_0_wb_clk_i/X (sky130_fd_sc_hd__clkbuf_8)
                                                         clknet_3_4_0_wb_clk_i (net)
                      0.125914    0.002261    2.074417 ^ _676_/CLK (sky130_fd_sc_hd__dfrtp_2)
                                  0.250000    2.324417   clock uncertainty
                                 -0.197348    2.127069   clock reconvergence pessimism
                                 -0.071241    2.055828   library hold time
                                              2.055828   data required time
---------------------------------------------------------------------------------------------
                                              2.055828   data required time
                                             -4.948363   data arrival time
---------------------------------------------------------------------------------------------
                                              2.892534   slack (MET)


Startpoint: _729_ (rising edge-triggered flip-flop clocked by wb_clk_i)
Endpoint: _729_ (rising edge-triggered flip-flop clocked by wb_clk_i)
Path Group: wb_clk_i
Path Type: min

Fanout         Cap        Slew       Delay        Time   Description
---------------------------------------------------------------------------------------------
                                  0.000000    0.000000   clock wb_clk_i (rise edge)
                                  0.000000    0.000000   clock source latency
     2    0.173147    1.249199    0.896311    0.896311 ^ wb_clk_i (in)
                                                         wb_clk_i (net)
                      1.273456    0.000000    0.896311 ^ clkbuf_0_wb_clk_i/A (sky130_fd_sc_hd__clkbuf_16)
    17    0.080878    0.167560    0.669136    1.565448 ^ clkbuf_0_wb_clk_i/X (sky130_fd_sc_hd__clkbuf_16)
                                                         clknet_0_wb_clk_i (net)
                      0.168090    0.007044    1.572492 ^ clkbuf_3_7_0_wb_clk_i/A (sky130_fd_sc_hd__clkbuf_8)
    12    0.037900    0.124575    0.302075    1.874567 ^ clkbuf_3_7_0_wb_clk_i/X (sky130_fd_sc_hd__clkbuf_8)
                                                         clknet_3_7_0_wb_clk_i (net)
                      0.124622    0.002140    1.876707 ^ _729_/CLK (sky130_fd_sc_hd__dfrtp_2)
     1    0.002220    0.065951    0.657731    2.534437 ^ _729_/Q (sky130_fd_sc_hd__dfrtp_2)
                                                         timer.sec_div[2] (net)
                      0.065951    0.000153    2.534590 ^ hold59/A (sky130_fd_sc_hd__dlygate4sd3_1)
     4    0.018455    0.305041    1.162892    3.697482 ^ hold59/X (sky130_fd_sc_hd__dlygate4sd3_1)
                                                         net59 (net)
                      0.305041    0.000655    3.698137 ^ _416_/A (sky130_fd_sc_hd__xnor2_2)
     1    0.002774    0.057558    0.259578    3.957715 ^ _416_/Y (sky130_fd_sc_hd__xnor2_2)
                                                         _056_ (net)
                      0.057558    0.000106    3.957820 ^ hold60/A (sky130_fd_sc_hd__dlygate4sd3_1)
     1    0.003313    0.099201    0.991067    4.948888 ^ hold60/X (sky130_fd_sc_hd__dlygate4sd3_1)
                                                         net60 (net)
                      0.099201    0.000225    4.949112 ^ _729_/D (sky130_fd_sc_hd__dfrtp_2)
                                              4.949112   data arrival time

                                  0.000000    0.000000   clock wb_clk_i (rise edge)
                                  0.000000    0.000000   clock source latency
     2    0.173147    1.249199    0.990660    0.990660 ^ wb_clk_i (in)
                                                         wb_clk_i (net)
                      1.273456    0.000000    0.990660 ^ clkbuf_0_wb_clk_i/A (sky130_fd_sc_hd__clkbuf_16)
    17    0.080878    0.167560    0.739572    1.730232 ^ clkbuf_0_wb_clk_i/X (sky130_fd_sc_hd__clkbuf_16)
                                                         clknet_0_wb_clk_i (net)
                      0.168090    0.007785    1.738017 ^ clkbuf_3_7_0_wb_clk_i/A (sky130_fd_sc_hd__clkbuf_8)
    12    0.037900    0.124575    0.333872    2.071889 ^ clkbuf_3_7_0_wb_clk_i/X (sky130_fd_sc_hd__clkbuf_8)
                                                         clknet_3_7_0_wb_clk_i (net)
                      0.124622    0.002365    2.074255 ^ _729_/CLK (sky130_fd_sc_hd__dfrtp_2)
                                  0.250000    2.324255   clock uncertainty
                                 -0.197548    2.126707   clock reconvergence pessimism
                                 -0.074573    2.052133   library hold time
                                              2.052133   data required time
---------------------------------------------------------------------------------------------
                                              2.052133   data required time
                                             -4.949112   data arrival time
---------------------------------------------------------------------------------------------
                                              2.896979   slack (MET)


Startpoint: _744_ (rising edge-triggered flip-flop clocked by wb_clk_i)
Endpoint: _744_ (rising edge-triggered flip-flop clocked by wb_clk_i)
Path Group: wb_clk_i
Path Type: min

Fanout         Cap        Slew       Delay        Time   Description
---------------------------------------------------------------------------------------------
                                  0.000000    0.000000   clock wb_clk_i (rise edge)
                                  0.000000    0.000000   clock source latency
     2    0.173147    1.249199    0.896311    0.896311 ^ wb_clk_i (in)
                                                         wb_clk_i (net)
                      1.273456    0.000000    0.896311 ^ clkbuf_0_wb_clk_i/A (sky130_fd_sc_hd__clkbuf_16)
    17    0.080878    0.167560    0.669136    1.565448 ^ clkbuf_0_wb_clk_i/X (sky130_fd_sc_hd__clkbuf_16)
                                                         clknet_0_wb_clk_i (net)
                      0.168001    0.006392    1.571839 ^ clkbuf_3_4_0_wb_clk_i/A (sky130_fd_sc_hd__clkbuf_8)
    11    0.038444    0.125873    0.302969    1.874808 ^ clkbuf_3_4_0_wb_clk_i/X (sky130_fd_sc_hd__clkbuf_8)
                                                         clknet_3_4_0_wb_clk_i (net)
                      0.125946    0.002600    1.877408 ^ _744_/CLK (sky130_fd_sc_hd__dfrtp_2)
     1    0.002200    0.065821    0.658128    2.535535 ^ _744_/Q (sky130_fd_sc_hd__dfrtp_2)
                                                         timer.sec_div[17] (net)
                      0.065821    0.000152    2.535687 ^ hold53/A (sky130_fd_sc_hd__dlygate4sd3_1)
     4    0.018845    0.310660    1.166527    3.702214 ^ hold53/X (sky130_fd_sc_hd__dlygate4sd3_1)
                                                         net53 (net)
                      0.310660    0.001144    3.703358 ^ _456_/A (sky130_fd_sc_hd__xor2_2)
     1    0.002771    0.053522    0.191387    3.894745 v _456_/X (sky130_fd_sc_hd__xor2_2)
                                                         _042_ (net)
                      0.053522    0.000163    3.894908 v hold54/A (sky130_fd_sc_hd__dlygate4sd3_1)
     1    0.002205    0.101058    1.050950    4.945858 v hold54/X (sky130_fd_sc_hd__dlygate4sd3_1)
                                                         net54 (net)
                      0.101058    0.000095    4.945953 v _744_/D (sky130_fd_sc_hd__dfrtp_2)
                                              4.945953   data arrival time

                                  0.000000    0.000000   clock wb_clk_i (rise edge)
                                  0.000000    0.000000   clock source latency
     2    0.173147    1.249199    0.990660    0.990660 ^ wb_clk_i (in)
                                                         wb_clk_i (net)
                      1.273456    0.000000    0.990660 ^ clkbuf_0_wb_clk_i/A (sky130_fd_sc_hd__clkbuf_16)
    17    0.080878    0.167560    0.739572    1.730232 ^ clkbuf_0_wb_clk_i/X (sky130_fd_sc_hd__clkbuf_16)
                                                         clknet_0_wb_clk_i (net)
                      0.168001    0.007065    1.737296 ^ clkbuf_3_4_0_wb_clk_i/A (sky130_fd_sc_hd__clkbuf_8)
    11    0.038444    0.125873    0.334860    2.072156 ^ clkbuf_3_4_0_wb_clk_i/X (sky130_fd_sc_hd__clkbuf_8)
                                                         clknet_3_4_0_wb_clk_i (net)
                      0.125946    0.002873    2.075030 ^ _744_/CLK (sky130_fd_sc_hd__dfrtp_2)
                                  0.250000    2.325030   clock uncertainty
                                 -0.197622    2.127408   clock reconvergence pessimism
                                 -0.087468    2.039940   library hold time
                                              2.039940   data required time
---------------------------------------------------------------------------------------------
                                              2.039940   data required time
                                             -4.945953   data arrival time
---------------------------------------------------------------------------------------------
                                              2.906013   slack (MET)


Startpoint: _678_ (rising edge-triggered flip-flop clocked by wb_clk_i)
Endpoint: _678_ (rising edge-triggered flip-flop clocked by wb_clk_i)
Path Group: wb_clk_i
Path Type: min

Fanout         Cap        Slew       Delay        Time   Description
---------------------------------------------------------------------------------------------
                                  0.000000    0.000000   clock wb_clk_i (rise edge)
                                  0.000000    0.000000   clock source latency
     2    0.173147    1.249199    0.896311    0.896311 ^ wb_clk_i (in)
                                                         wb_clk_i (net)
                      1.273456    0.000000    0.896311 ^ clkbuf_0_wb_clk_i/A (sky130_fd_sc_hd__clkbuf_16)
    17    0.080878    0.167560    0.669136    1.565448 ^ clkbuf_0_wb_clk_i/X (sky130_fd_sc_hd__clkbuf_16)
                                                         clknet_0_wb_clk_i (net)
                      0.168169    0.007583    1.573030 ^ clkbuf_3_5_0_wb_clk_i/A (sky130_fd_sc_hd__clkbuf_8)
    11    0.039719    0.128953    0.305461    1.878491 ^ clkbuf_3_5_0_wb_clk_i/X (sky130_fd_sc_hd__clkbuf_8)
                                                         clknet_3_5_0_wb_clk_i (net)
                      0.128984    0.001830    1.880322 ^ _678_/CLK (sky130_fd_sc_hd__dfrtp_2)
     4    0.012709    0.137411    0.737425    2.617747 ^ _678_/Q (sky130_fd_sc_hd__dfrtp_2)
                                                         timer.min_tens[1] (net)
                      0.137411    0.000561    2.618308 ^ hold152/A (sky130_fd_sc_hd__dlygate4sd3_1)
     2    0.007758    0.158346    1.075809    3.694117 ^ hold152/X (sky130_fd_sc_hd__dlygate4sd3_1)
                                                         net152 (net)
                      0.158346    0.000421    3.694538 ^ _381_/A1 (sky130_fd_sc_hd__o21ba_2)
     1    0.003443    0.064274    0.294831    3.989368 ^ _381_/X (sky130_fd_sc_hd__o21ba_2)
                                                         _153_ (net)
                      0.064274    0.000195    3.989563 ^ hold153/A (sky130_fd_sc_hd__dlygate4sd3_1)
     1    0.002178    0.084787    0.977311    4.966874 ^ hold153/X (sky130_fd_sc_hd__dlygate4sd3_1)
                                                         net153 (net)
                      0.084787    0.000147    4.967021 ^ _678_/D (sky130_fd_sc_hd__dfrtp_2)
                                              4.967021   data arrival time

                                  0.000000    0.000000   clock wb_clk_i (rise edge)
                                  0.000000    0.000000   clock source latency
     2    0.173147    1.249199    0.990660    0.990660 ^ wb_clk_i (in)
                                                         wb_clk_i (net)
                      1.273456    0.000000    0.990660 ^ clkbuf_0_wb_clk_i/A (sky130_fd_sc_hd__clkbuf_16)
    17    0.080878    0.167560    0.739572    1.730232 ^ clkbuf_0_wb_clk_i/X (sky130_fd_sc_hd__clkbuf_16)
                                                         clknet_0_wb_clk_i (net)
                      0.168169    0.008381    1.738613 ^ clkbuf_3_5_0_wb_clk_i/A (sky130_fd_sc_hd__clkbuf_8)
    11    0.039719    0.128953    0.337615    2.076227 ^ clkbuf_3_5_0_wb_clk_i/X (sky130_fd_sc_hd__clkbuf_8)
                                                         clknet_3_5_0_wb_clk_i (net)
                      0.128984    0.002023    2.078250 ^ _678_/CLK (sky130_fd_sc_hd__dfrtp_2)
                                  0.250000    2.328250   clock uncertainty
                                 -0.197929    2.130322   clock reconvergence pessimism
                                 -0.070581    2.059741   library hold time
                                              2.059741   data required time
---------------------------------------------------------------------------------------------
                                              2.059741   data required time
                                             -4.967021   data arrival time
---------------------------------------------------------------------------------------------
                                              2.907281   slack (MET)


Startpoint: _712_ (rising edge-triggered flip-flop clocked by wb_clk_i)
Endpoint: _712_ (rising edge-triggered flip-flop clocked by wb_clk_i)
Path Group: wb_clk_i
Path Type: min

Fanout         Cap        Slew       Delay        Time   Description
---------------------------------------------------------------------------------------------
                                  0.000000    0.000000   clock wb_clk_i (rise edge)
                                  0.000000    0.000000   clock source latency
     2    0.173147    1.249199    0.896311    0.896311 ^ wb_clk_i (in)
                                                         wb_clk_i (net)
                      1.273456    0.000000    0.896311 ^ clkbuf_0_wb_clk_i/A (sky130_fd_sc_hd__clkbuf_16)
    17    0.080878    0.167560    0.669136    1.565448 ^ clkbuf_0_wb_clk_i/X (sky130_fd_sc_hd__clkbuf_16)
                                                         clknet_0_wb_clk_i (net)
                      0.168126    0.007300    1.572748 ^ clkbuf_3_0_0_wb_clk_i/A (sky130_fd_sc_hd__clkbuf_8)
    11    0.036469    0.121162    0.299715    1.872463 ^ clkbuf_3_0_0_wb_clk_i/X (sky130_fd_sc_hd__clkbuf_8)
                                                         clknet_3_0_0_wb_clk_i (net)
                      0.121189    0.001668    1.874131 ^ _712_/CLK (sky130_fd_sc_hd__dfrtp_2)
     1    0.002663    0.068839    0.660406    2.534536 ^ _712_/Q (sky130_fd_sc_hd__dfrtp_2)
                                                         timer.scan_div[18] (net)
                      0.068839    0.000160    2.534697 ^ hold57/A (sky130_fd_sc_hd__dlygate4sd3_1)
     4    0.018726    0.308902    1.166766    3.701462 ^ hold57/X (sky130_fd_sc_hd__dlygate4sd3_1)
                                                         net57 (net)
                      0.308902    0.000785    3.702248 ^ _533_/A (sky130_fd_sc_hd__xor2_2)
     1    0.002636    0.106210    0.260667    3.962914 ^ _533_/X (sky130_fd_sc_hd__xor2_2)
                                                         _010_ (net)
                      0.106210    0.000166    3.963081 ^ hold58/A (sky130_fd_sc_hd__dlygate4sd3_1)
     1    0.002948    0.093383    1.004824    4.967905 ^ hold58/X (sky130_fd_sc_hd__dlygate4sd3_1)
                                                         net58 (net)
                      0.093383    0.000176    4.968081 ^ _712_/D (sky130_fd_sc_hd__dfrtp_2)
                                              4.968081   data arrival time

                                  0.000000    0.000000   clock wb_clk_i (rise edge)
                                  0.000000    0.000000   clock source latency
     2    0.173147    1.249199    0.990660    0.990660 ^ wb_clk_i (in)
                                                         wb_clk_i (net)
                      1.273456    0.000000    0.990660 ^ clkbuf_0_wb_clk_i/A (sky130_fd_sc_hd__clkbuf_16)
    17    0.080878    0.167560    0.739572    1.730232 ^ clkbuf_0_wb_clk_i/X (sky130_fd_sc_hd__clkbuf_16)
                                                         clknet_0_wb_clk_i (net)
                      0.168126    0.008069    1.738300 ^ clkbuf_3_0_0_wb_clk_i/A (sky130_fd_sc_hd__clkbuf_8)
    11    0.036469    0.121162    0.331264    2.069565 ^ clkbuf_3_0_0_wb_clk_i/X (sky130_fd_sc_hd__clkbuf_8)
                                                         clknet_3_0_0_wb_clk_i (net)
                      0.121189    0.001843    2.071408 ^ _712_/CLK (sky130_fd_sc_hd__dfrtp_2)
                                  0.250000    2.321408   clock uncertainty
                                 -0.197277    2.124131   clock reconvergence pessimism
                                 -0.073814    2.050317   library hold time
                                              2.050317   data required time
---------------------------------------------------------------------------------------------
                                              2.050317   data required time
                                             -4.968081   data arrival time
---------------------------------------------------------------------------------------------
                                              2.917764   slack (MET)


Startpoint: _688_ (rising edge-triggered flip-flop clocked by wb_clk_i)
Endpoint: _688_ (rising edge-triggered flip-flop clocked by wb_clk_i)
Path Group: wb_clk_i
Path Type: min

Fanout         Cap        Slew       Delay        Time   Description
---------------------------------------------------------------------------------------------
                                  0.000000    0.000000   clock wb_clk_i (rise edge)
                                  0.000000    0.000000   clock source latency
     2    0.173147    1.249199    0.896311    0.896311 ^ wb_clk_i (in)
                                                         wb_clk_i (net)
                      1.273456    0.000000    0.896311 ^ clkbuf_0_wb_clk_i/A (sky130_fd_sc_hd__clkbuf_16)
    17    0.080878    0.167560    0.669136    1.565448 ^ clkbuf_0_wb_clk_i/X (sky130_fd_sc_hd__clkbuf_16)
                                                         clknet_0_wb_clk_i (net)
                      0.168090    0.007044    1.572492 ^ clkbuf_3_7_0_wb_clk_i/A (sky130_fd_sc_hd__clkbuf_8)
    12    0.037900    0.124575    0.302075    1.874567 ^ clkbuf_3_7_0_wb_clk_i/X (sky130_fd_sc_hd__clkbuf_8)
                                                         clknet_3_7_0_wb_clk_i (net)
                      0.124643    0.002497    1.877064 ^ _688_/CLK (sky130_fd_sc_hd__dfrtp_2)
     2    0.005850    0.090790    0.691226    2.568289 ^ _688_/Q (sky130_fd_sc_hd__dfrtp_2)
                                                         timer.sec_tens[3] (net)
                      0.090790    0.000235    2.568525 ^ hold77/A (sky130_fd_sc_hd__dlygate4sd3_1)
     2    0.018887    0.311256    1.176822    3.745346 ^ hold77/X (sky130_fd_sc_hd__dlygate4sd3_1)
                                                         net77 (net)
                      0.311257    0.001240    3.746586 ^ _353_/A (sky130_fd_sc_hd__xnor2_2)
     1    0.001728    0.050815    0.254217    4.000803 ^ _353_/Y (sky130_fd_sc_hd__xnor2_2)
                                                         _163_ (net)
                      0.050815    0.000075    4.000878 ^ hold78/A (sky130_fd_sc_hd__dlygate4sd3_1)
     1    0.002513    0.088281    0.976623    4.977501 ^ hold78/X (sky130_fd_sc_hd__dlygate4sd3_1)
                                                         net78 (net)
                      0.088281    0.000160    4.977662 ^ _688_/D (sky130_fd_sc_hd__dfrtp_2)
                                              4.977662   data arrival time

                                  0.000000    0.000000   clock wb_clk_i (rise edge)
                                  0.000000    0.000000   clock source latency
     2    0.173147    1.249199    0.990660    0.990660 ^ wb_clk_i (in)
                                                         wb_clk_i (net)
                      1.273456    0.000000    0.990660 ^ clkbuf_0_wb_clk_i/A (sky130_fd_sc_hd__clkbuf_16)
    17    0.080878    0.167560    0.739572    1.730232 ^ clkbuf_0_wb_clk_i/X (sky130_fd_sc_hd__clkbuf_16)
                                                         clknet_0_wb_clk_i (net)
                      0.168090    0.007785    1.738017 ^ clkbuf_3_7_0_wb_clk_i/A (sky130_fd_sc_hd__clkbuf_8)
    12    0.037900    0.124575    0.333872    2.071889 ^ clkbuf_3_7_0_wb_clk_i/X (sky130_fd_sc_hd__clkbuf_8)
                                                         clknet_3_7_0_wb_clk_i (net)
                      0.124643    0.002760    2.074649 ^ _688_/CLK (sky130_fd_sc_hd__dfrtp_2)
                                  0.250000    2.324649   clock uncertainty
                                 -0.197586    2.127064   clock reconvergence pessimism
                                 -0.072088    2.054976   library hold time
                                              2.054976   data required time
---------------------------------------------------------------------------------------------
                                              2.054976   data required time
                                             -4.977662   data arrival time
---------------------------------------------------------------------------------------------
                                              2.922685   slack (MET)


Startpoint: _721_ (rising edge-triggered flip-flop clocked by wb_clk_i)
Endpoint: _721_ (rising edge-triggered flip-flop clocked by wb_clk_i)
Path Group: wb_clk_i
Path Type: min

Fanout         Cap        Slew       Delay        Time   Description
---------------------------------------------------------------------------------------------
                                  0.000000    0.000000   clock wb_clk_i (rise edge)
                                  0.000000    0.000000   clock source latency
     2    0.173147    1.249199    0.896311    0.896311 ^ wb_clk_i (in)
                                                         wb_clk_i (net)
                      1.273456    0.000000    0.896311 ^ clkbuf_0_wb_clk_i/A (sky130_fd_sc_hd__clkbuf_16)
    17    0.080878    0.167560    0.669136    1.565448 ^ clkbuf_0_wb_clk_i/X (sky130_fd_sc_hd__clkbuf_16)
                                                         clknet_0_wb_clk_i (net)
                      0.168126    0.007300    1.572748 ^ clkbuf_3_0_0_wb_clk_i/A (sky130_fd_sc_hd__clkbuf_8)
    11    0.036469    0.121162    0.299715    1.872463 ^ clkbuf_3_0_0_wb_clk_i/X (sky130_fd_sc_hd__clkbuf_8)
                                                         clknet_3_0_0_wb_clk_i (net)
                      0.121199    0.001903    1.874366 ^ _721_/CLK (sky130_fd_sc_hd__dfrtp_2)
     2    0.005882    0.090926    0.689871    2.564237 ^ _721_/Q (sky130_fd_sc_hd__dfrtp_2)
                                                         timer.scan_div[27] (net)
                      0.091779    0.000308    2.564545 ^ hold163/A (sky130_fd_sc_hd__dlygate4sd3_1)
     2    0.006326    0.139058    1.042485    3.607030 ^ hold163/X (sky130_fd_sc_hd__dlygate4sd3_1)
                                                         net163 (net)
                      0.139058    0.000211    3.607241 ^ _555_/B1 (sky130_fd_sc_hd__a41o_2)
     1    0.002491    0.046664    0.174755    3.781996 ^ _555_/X (sky130_fd_sc_hd__a41o_2)
                                                         _309_ (net)
                      0.046664    0.000155    3.782151 ^ _556_/B (sky130_fd_sc_hd__and2b_2)
     1    0.001903    0.057219    0.232428    4.014578 ^ _556_/X (sky130_fd_sc_hd__and2b_2)
                                                         _020_ (net)
                      0.057219    0.000083    4.014662 ^ hold164/A (sky130_fd_sc_hd__dlygate4sd3_1)
     1    0.002255    0.085553    0.975509    4.990171 ^ hold164/X (sky130_fd_sc_hd__dlygate4sd3_1)
                                                         net164 (net)
                      0.085553    0.000152    4.990324 ^ _721_/D (sky130_fd_sc_hd__dfrtp_2)
                                              4.990324   data arrival time

                                  0.000000    0.000000   clock wb_clk_i (rise edge)
                                  0.000000    0.000000   clock source latency
     2    0.173147    1.249199    0.990660    0.990660 ^ wb_clk_i (in)
                                                         wb_clk_i (net)
                      1.273456    0.000000    0.990660 ^ clkbuf_0_wb_clk_i/A (sky130_fd_sc_hd__clkbuf_16)
    17    0.080878    0.167560    0.739572    1.730232 ^ clkbuf_0_wb_clk_i/X (sky130_fd_sc_hd__clkbuf_16)
                                                         clknet_0_wb_clk_i (net)
                      0.168126    0.008069    1.738300 ^ clkbuf_3_0_0_wb_clk_i/A (sky130_fd_sc_hd__clkbuf_8)
    11    0.036469    0.121162    0.331264    2.069565 ^ clkbuf_3_0_0_wb_clk_i/X (sky130_fd_sc_hd__clkbuf_8)
                                                         clknet_3_0_0_wb_clk_i (net)
                      0.121199    0.002103    2.071668 ^ _721_/CLK (sky130_fd_sc_hd__dfrtp_2)
                                  0.250000    2.321668   clock uncertainty
                                 -0.197302    2.124366   clock reconvergence pessimism
                                 -0.072032    2.052334   library hold time
                                              2.052334   data required time
---------------------------------------------------------------------------------------------
                                              2.052334   data required time
                                             -4.990324   data arrival time
---------------------------------------------------------------------------------------------
                                              2.937990   slack (MET)


Startpoint: _732_ (rising edge-triggered flip-flop clocked by wb_clk_i)
Endpoint: _732_ (rising edge-triggered flip-flop clocked by wb_clk_i)
Path Group: wb_clk_i
Path Type: min

Fanout         Cap        Slew       Delay        Time   Description
---------------------------------------------------------------------------------------------
                                  0.000000    0.000000   clock wb_clk_i (rise edge)
                                  0.000000    0.000000   clock source latency
     2    0.173147    1.249199    0.896311    0.896311 ^ wb_clk_i (in)
                                                         wb_clk_i (net)
                      1.273456    0.000000    0.896311 ^ clkbuf_0_wb_clk_i/A (sky130_fd_sc_hd__clkbuf_16)
    17    0.080878    0.167560    0.669136    1.565448 ^ clkbuf_0_wb_clk_i/X (sky130_fd_sc_hd__clkbuf_16)
                                                         clknet_0_wb_clk_i (net)
                      0.167872    0.005279    1.570727 ^ clkbuf_3_6_0_wb_clk_i/A (sky130_fd_sc_hd__clkbuf_8)
    12    0.039360    0.128046    0.304360    1.875087 ^ clkbuf_3_6_0_wb_clk_i/X (sky130_fd_sc_hd__clkbuf_8)
                                                         clknet_3_6_0_wb_clk_i (net)
                      0.128057    0.001336    1.876423 ^ _732_/CLK (sky130_fd_sc_hd__dfrtp_2)
     1    0.002181    0.065698    0.658886    2.535309 ^ _732_/Q (sky130_fd_sc_hd__dfrtp_2)
                                                         timer.sec_div[5] (net)
                      0.065698    0.000149    2.535457 ^ hold108/A (sky130_fd_sc_hd__dlygate4sd3_1)
     5    0.024031    0.384606    1.218519    3.753977 ^ hold108/X (sky130_fd_sc_hd__dlygate4sd3_1)
                                                         net108 (net)
                      0.384606    0.000866    3.754843 ^ _423_/A (sky130_fd_sc_hd__xnor2_2)
     1    0.002127    0.053368    0.277438    4.032281 ^ _423_/Y (sky130_fd_sc_hd__xnor2_2)
                                                         _061_ (net)
                      0.053368    0.000138    4.032419 ^ hold109/A (sky130_fd_sc_hd__dlygate4sd3_1)
     1    0.002770    0.091189    0.981433    5.013852 ^ hold109/X (sky130_fd_sc_hd__dlygate4sd3_1)
                                                         net109 (net)
                      0.091189    0.000170    5.014022 ^ _732_/D (sky130_fd_sc_hd__dfrtp_2)
                                              5.014022   data arrival time

                                  0.000000    0.000000   clock wb_clk_i (rise edge)
                                  0.000000    0.000000   clock source latency
     2    0.173147    1.249199    0.990660    0.990660 ^ wb_clk_i (in)
                                                         wb_clk_i (net)
                      1.273456    0.000000    0.990660 ^ clkbuf_0_wb_clk_i/A (sky130_fd_sc_hd__clkbuf_16)
    17    0.080878    0.167560    0.739572    1.730232 ^ clkbuf_0_wb_clk_i/X (sky130_fd_sc_hd__clkbuf_16)
                                                         clknet_0_wb_clk_i (net)
                      0.167872    0.005835    1.736067 ^ clkbuf_3_6_0_wb_clk_i/A (sky130_fd_sc_hd__clkbuf_8)
    12    0.039360    0.128046    0.336398    2.072464 ^ clkbuf_3_6_0_wb_clk_i/X (sky130_fd_sc_hd__clkbuf_8)
                                                         clknet_3_6_0_wb_clk_i (net)
                      0.128057    0.001476    2.073941 ^ _732_/CLK (sky130_fd_sc_hd__dfrtp_2)
                                  0.250000    2.323941   clock uncertainty
                                 -0.197518    2.126423   clock reconvergence pessimism
                                 -0.072188    2.054235   library hold time
                                              2.054235   data required time
---------------------------------------------------------------------------------------------
                                              2.054235   data required time
                                             -5.014022   data arrival time
---------------------------------------------------------------------------------------------
                                              2.959787   slack (MET)


Startpoint: _747_ (rising edge-triggered flip-flop clocked by wb_clk_i)
Endpoint: _747_ (rising edge-triggered flip-flop clocked by wb_clk_i)
Path Group: wb_clk_i
Path Type: min

Fanout         Cap        Slew       Delay        Time   Description
---------------------------------------------------------------------------------------------
                                  0.000000    0.000000   clock wb_clk_i (rise edge)
                                  0.000000    0.000000   clock source latency
     2    0.173147    1.249199    0.896311    0.896311 ^ wb_clk_i (in)
                                                         wb_clk_i (net)
                      1.273456    0.000000    0.896311 ^ clkbuf_0_wb_clk_i/A (sky130_fd_sc_hd__clkbuf_16)
    17    0.080878    0.167560    0.669136    1.565448 ^ clkbuf_0_wb_clk_i/X (sky130_fd_sc_hd__clkbuf_16)
                                                         clknet_0_wb_clk_i (net)
                      0.168029    0.006603    1.572050 ^ clkbuf_3_1_0_wb_clk_i/A (sky130_fd_sc_hd__clkbuf_8)
    11    0.037900    0.124584    0.302198    1.874248 ^ clkbuf_3_1_0_wb_clk_i/X (sky130_fd_sc_hd__clkbuf_8)
                                                         clknet_3_1_0_wb_clk_i (net)
                      0.124651    0.002479    1.876727 ^ _747_/CLK (sky130_fd_sc_hd__dfrtp_2)
     4    0.011869    0.131447    0.730101    2.606828 ^ _747_/Q (sky130_fd_sc_hd__dfrtp_2)
                                                         timer.sec_div[20] (net)
                      0.131447    0.000523    2.607351 ^ hold124/A (sky130_fd_sc_hd__dlygate4sd3_1)
     3    0.016757    0.280885    1.170992    3.778343 ^ hold124/X (sky130_fd_sc_hd__dlygate4sd3_1)
                                                         net124 (net)
                      0.280885    0.000913    3.779256 ^ _463_/A (sky130_fd_sc_hd__xor2_2)
     1    0.002737    0.053444    0.182910    3.962166 v _463_/X (sky130_fd_sc_hd__xor2_2)
                                                         _046_ (net)
                      0.053444    0.000155    3.962321 v hold125/A (sky130_fd_sc_hd__dlygate4sd3_1)
     1    0.002117    0.100244    1.049496    5.011817 v hold125/X (sky130_fd_sc_hd__dlygate4sd3_1)
                                                         net125 (net)
                      0.100244    0.000143    5.011960 v _747_/D (sky130_fd_sc_hd__dfrtp_2)
                                              5.011960   data arrival time

                                  0.000000    0.000000   clock wb_clk_i (rise edge)
                                  0.000000    0.000000   clock source latency
     2    0.173147    1.249199    0.990660    0.990660 ^ wb_clk_i (in)
                                                         wb_clk_i (net)
                      1.273456    0.000000    0.990660 ^ clkbuf_0_wb_clk_i/A (sky130_fd_sc_hd__clkbuf_16)
    17    0.080878    0.167560    0.739572    1.730232 ^ clkbuf_0_wb_clk_i/X (sky130_fd_sc_hd__clkbuf_16)
                                                         clknet_0_wb_clk_i (net)
                      0.168029    0.007298    1.737529 ^ clkbuf_3_1_0_wb_clk_i/A (sky130_fd_sc_hd__clkbuf_8)
    11    0.037900    0.124584    0.334008    2.071537 ^ clkbuf_3_1_0_wb_clk_i/X (sky130_fd_sc_hd__clkbuf_8)
                                                         clknet_3_1_0_wb_clk_i (net)
                      0.124651    0.002740    2.074277 ^ _747_/CLK (sky130_fd_sc_hd__dfrtp_2)
                                  0.250000    2.324277   clock uncertainty
                                 -0.197550    2.126727   clock reconvergence pessimism
                                 -0.087483    2.039244   library hold time
                                              2.039244   data required time
---------------------------------------------------------------------------------------------
                                              2.039244   data required time
                                             -5.011960   data arrival time
---------------------------------------------------------------------------------------------
                                              2.972715   slack (MET)


Startpoint: _728_ (rising edge-triggered flip-flop clocked by wb_clk_i)
Endpoint: _730_ (rising edge-triggered flip-flop clocked by wb_clk_i)
Path Group: wb_clk_i
Path Type: min

Fanout         Cap        Slew       Delay        Time   Description
---------------------------------------------------------------------------------------------
                                  0.000000    0.000000   clock wb_clk_i (rise edge)
                                  0.000000    0.000000   clock source latency
     2    0.173147    1.249199    0.896311    0.896311 ^ wb_clk_i (in)
                                                         wb_clk_i (net)
                      1.273456    0.000000    0.896311 ^ clkbuf_0_wb_clk_i/A (sky130_fd_sc_hd__clkbuf_16)
    17    0.080878    0.167560    0.669136    1.565448 ^ clkbuf_0_wb_clk_i/X (sky130_fd_sc_hd__clkbuf_16)
                                                         clknet_0_wb_clk_i (net)
                      0.168090    0.007044    1.572492 ^ clkbuf_3_7_0_wb_clk_i/A (sky130_fd_sc_hd__clkbuf_8)
    12    0.037900    0.124575    0.302075    1.874567 ^ clkbuf_3_7_0_wb_clk_i/X (sky130_fd_sc_hd__clkbuf_8)
                                                         clknet_3_7_0_wb_clk_i (net)
                      0.124604    0.001768    1.876334 ^ _728_/CLK (sky130_fd_sc_hd__dfrtp_2)
     2    0.005848    0.090737    0.691163    2.567498 ^ _728_/Q (sky130_fd_sc_hd__dfrtp_2)
                                                         timer.sec_div[1] (net)
                      0.091578    0.000362    2.567860 ^ _418_/A2 (sky130_fd_sc_hd__a31o_2)
     1    0.002136    0.050261    0.293952    2.861812 ^ _418_/X (sky130_fd_sc_hd__a31o_2)
                                                         _228_ (net)
                      0.050261    0.000146    2.861958 ^ hold167/A (sky130_fd_sc_hd__dlygate4sd3_1)
     1    0.002128    0.084236    0.970776    3.832734 ^ hold167/X (sky130_fd_sc_hd__dlygate4sd3_1)
                                                         net167 (net)
                      0.084236    0.000134    3.832868 ^ _419_/B (sky130_fd_sc_hd__and2b_2)
     1    0.002226    0.059297    0.249330    4.082199 ^ _419_/X (sky130_fd_sc_hd__and2b_2)
                                                         _059_ (net)
                      0.059297    0.000089    4.082287 ^ hold168/A (sky130_fd_sc_hd__dlygate4sd3_1)
     1    0.002228    0.085275    0.975969    5.058257 ^ hold168/X (sky130_fd_sc_hd__dlygate4sd3_1)
                                                         net168 (net)
                      0.085275    0.000154    5.058410 ^ _730_/D (sky130_fd_sc_hd__dfrtp_2)
                                              5.058410   data arrival time

                                  0.000000    0.000000   clock wb_clk_i (rise edge)
                                  0.000000    0.000000   clock source latency
     2    0.173147    1.249199    0.990660    0.990660 ^ wb_clk_i (in)
                                                         wb_clk_i (net)
                      1.273456    0.000000    0.990660 ^ clkbuf_0_wb_clk_i/A (sky130_fd_sc_hd__clkbuf_16)
    17    0.080878    0.167560    0.739572    1.730232 ^ clkbuf_0_wb_clk_i/X (sky130_fd_sc_hd__clkbuf_16)
                                                         clknet_0_wb_clk_i (net)
                      0.168090    0.007785    1.738017 ^ clkbuf_3_7_0_wb_clk_i/A (sky130_fd_sc_hd__clkbuf_8)
    12    0.037900    0.124575    0.333872    2.071889 ^ clkbuf_3_7_0_wb_clk_i/X (sky130_fd_sc_hd__clkbuf_8)
                                                         clknet_3_7_0_wb_clk_i (net)
                      0.124627    0.002484    2.074374 ^ _730_/CLK (sky130_fd_sc_hd__dfrtp_2)
                                  0.250000    2.324374   clock uncertainty
                                 -0.197323    2.127051   clock reconvergence pessimism
                                 -0.071407    2.055644   library hold time
                                              2.055644   data required time
---------------------------------------------------------------------------------------------
                                              2.055644   data required time
                                             -5.058410   data arrival time
---------------------------------------------------------------------------------------------
                                              3.002766   slack (MET)


Startpoint: _694_ (rising edge-triggered flip-flop clocked by wb_clk_i)
Endpoint: _694_ (rising edge-triggered flip-flop clocked by wb_clk_i)
Path Group: wb_clk_i
Path Type: min

Fanout         Cap        Slew       Delay        Time   Description
---------------------------------------------------------------------------------------------
                                  0.000000    0.000000   clock wb_clk_i (rise edge)
                                  0.000000    0.000000   clock source latency
     2    0.173147    1.249199    0.896311    0.896311 ^ wb_clk_i (in)
                                                         wb_clk_i (net)
                      1.273456    0.000000    0.896311 ^ clkbuf_0_wb_clk_i/A (sky130_fd_sc_hd__clkbuf_16)
    17    0.080878    0.167560    0.669136    1.565448 ^ clkbuf_0_wb_clk_i/X (sky130_fd_sc_hd__clkbuf_16)
                                                         clknet_0_wb_clk_i (net)
                      0.168029    0.006603    1.572050 ^ clkbuf_3_1_0_wb_clk_i/A (sky130_fd_sc_hd__clkbuf_8)
    11    0.037900    0.124584    0.302198    1.874248 ^ clkbuf_3_1_0_wb_clk_i/X (sky130_fd_sc_hd__clkbuf_8)
                                                         clknet_3_1_0_wb_clk_i (net)
                      0.124605    0.001547    1.875795 ^ _694_/CLK (sky130_fd_sc_hd__dfrtp_2)
     2    0.007516    0.101825    0.701931    2.577727 ^ _694_/Q (sky130_fd_sc_hd__dfrtp_2)
                                                         timer.scan_div[0] (net)
                      0.101825    0.000346    2.578072 ^ hold172/A (sky130_fd_sc_hd__dlygate4sd3_1)
     3    0.008427    0.167537    1.069975    3.648047 ^ hold172/X (sky130_fd_sc_hd__dlygate4sd3_1)
                                                         net172 (net)
                      0.167537    0.000482    3.648529 ^ _488_/A_N (sky130_fd_sc_hd__and2b_2)
     1    0.002174    0.064879    0.446127    4.094656 v _488_/X (sky130_fd_sc_hd__and2b_2)
                                                         _001_ (net)
                      0.064879    0.000146    4.094802 v hold173/A (sky130_fd_sc_hd__dlygate4sd3_1)
     1    0.002132    0.100256    1.054374    5.149176 v hold173/X (sky130_fd_sc_hd__dlygate4sd3_1)
                                                         net173 (net)
                      0.100256    0.000145    5.149322 v _694_/D (sky130_fd_sc_hd__dfrtp_2)
                                              5.149322   data arrival time

                                  0.000000    0.000000   clock wb_clk_i (rise edge)
                                  0.000000    0.000000   clock source latency
     2    0.173147    1.249199    0.990660    0.990660 ^ wb_clk_i (in)
                                                         wb_clk_i (net)
                      1.273456    0.000000    0.990660 ^ clkbuf_0_wb_clk_i/A (sky130_fd_sc_hd__clkbuf_16)
    17    0.080878    0.167560    0.739572    1.730232 ^ clkbuf_0_wb_clk_i/X (sky130_fd_sc_hd__clkbuf_16)
                                                         clknet_0_wb_clk_i (net)
                      0.168029    0.007298    1.737529 ^ clkbuf_3_1_0_wb_clk_i/A (sky130_fd_sc_hd__clkbuf_8)
    11    0.037900    0.124584    0.334008    2.071537 ^ clkbuf_3_1_0_wb_clk_i/X (sky130_fd_sc_hd__clkbuf_8)
                                                         clknet_3_1_0_wb_clk_i (net)
                      0.124605    0.001710    2.073248 ^ _694_/CLK (sky130_fd_sc_hd__dfrtp_2)
                                  0.250000    2.323248   clock uncertainty
                                 -0.197452    2.125795   clock reconvergence pessimism
                                 -0.087499    2.038297   library hold time
                                              2.038297   data required time
---------------------------------------------------------------------------------------------
                                              2.038297   data required time
                                             -5.149322   data arrival time
---------------------------------------------------------------------------------------------
                                              3.111025   slack (MET)


Startpoint: _737_ (rising edge-triggered flip-flop clocked by wb_clk_i)
Endpoint: _737_ (rising edge-triggered flip-flop clocked by wb_clk_i)
Path Group: wb_clk_i
Path Type: min

Fanout         Cap        Slew       Delay        Time   Description
---------------------------------------------------------------------------------------------
                                  0.000000    0.000000   clock wb_clk_i (rise edge)
                                  0.000000    0.000000   clock source latency
     2    0.173147    1.249199    0.896311    0.896311 ^ wb_clk_i (in)
                                                         wb_clk_i (net)
                      1.273456    0.000000    0.896311 ^ clkbuf_0_wb_clk_i/A (sky130_fd_sc_hd__clkbuf_16)
    17    0.080878    0.167560    0.669136    1.565448 ^ clkbuf_0_wb_clk_i/X (sky130_fd_sc_hd__clkbuf_16)
                                                         clknet_0_wb_clk_i (net)
                      0.167872    0.005279    1.570727 ^ clkbuf_3_6_0_wb_clk_i/A (sky130_fd_sc_hd__clkbuf_8)
    12    0.039360    0.128046    0.304360    1.875087 ^ clkbuf_3_6_0_wb_clk_i/X (sky130_fd_sc_hd__clkbuf_8)
                                                         clknet_3_6_0_wb_clk_i (net)
                      0.128075    0.001876    1.876963 ^ _737_/CLK (sky130_fd_sc_hd__dfrtp_2)
     2    0.007255    0.100174    0.701818    2.578781 ^ _737_/Q (sky130_fd_sc_hd__dfrtp_2)
                                                         timer.sec_div[10] (net)
                      0.100174    0.000343    2.579124 ^ hold190/A (sky130_fd_sc_hd__dlygate4sd3_1)
     3    0.010453    0.195829    1.092511    3.671636 ^ hold190/X (sky130_fd_sc_hd__dlygate4sd3_1)
                                                         net190 (net)
                      0.195829    0.000491    3.672127 ^ _435_/A (sky130_fd_sc_hd__or2_2)
     1    0.002068    0.044177    0.215811    3.887938 ^ _435_/X (sky130_fd_sc_hd__or2_2)
                                                         _238_ (net)
                      0.044177    0.000086    3.888023 ^ _437_/B (sky130_fd_sc_hd__and3_2)
     1    0.001945    0.072855    0.304004    4.192027 ^ _437_/X (sky130_fd_sc_hd__and3_2)
                                                         _035_ (net)
                      0.072855    0.000129    4.192156 ^ hold191/A (sky130_fd_sc_hd__dlygate4sd3_1)
     1    0.002593    0.089255    0.986909    5.179066 ^ hold191/X (sky130_fd_sc_hd__dlygate4sd3_1)
                                                         net191 (net)
                      0.089255    0.000166    5.179232 ^ _737_/D (sky130_fd_sc_hd__dfrtp_2)
                                              5.179232   data arrival time

                                  0.000000    0.000000   clock wb_clk_i (rise edge)
                                  0.000000    0.000000   clock source latency
     2    0.173147    1.249199    0.990660    0.990660 ^ wb_clk_i (in)
                                                         wb_clk_i (net)
                      1.273456    0.000000    0.990660 ^ clkbuf_0_wb_clk_i/A (sky130_fd_sc_hd__clkbuf_16)
    17    0.080878    0.167560    0.739572    1.730232 ^ clkbuf_0_wb_clk_i/X (sky130_fd_sc_hd__clkbuf_16)
                                                         clknet_0_wb_clk_i (net)
                      0.167872    0.005835    1.736067 ^ clkbuf_3_6_0_wb_clk_i/A (sky130_fd_sc_hd__clkbuf_8)
    12    0.039360    0.128046    0.336398    2.072464 ^ clkbuf_3_6_0_wb_clk_i/X (sky130_fd_sc_hd__clkbuf_8)
                                                         clknet_3_6_0_wb_clk_i (net)
                      0.128075    0.002074    2.074538 ^ _737_/CLK (sky130_fd_sc_hd__dfrtp_2)
                                  0.250000    2.324538   clock uncertainty
                                 -0.197575    2.126963   clock reconvergence pessimism
                                 -0.071745    2.055218   library hold time
                                              2.055218   data required time
---------------------------------------------------------------------------------------------
                                              2.055218   data required time
                                             -5.179232   data arrival time
---------------------------------------------------------------------------------------------
                                              3.124013   slack (MET)


Startpoint: _687_ (rising edge-triggered flip-flop clocked by wb_clk_i)
Endpoint: _687_ (rising edge-triggered flip-flop clocked by wb_clk_i)
Path Group: wb_clk_i
Path Type: min

Fanout         Cap        Slew       Delay        Time   Description
---------------------------------------------------------------------------------------------
                                  0.000000    0.000000   clock wb_clk_i (rise edge)
                                  0.000000    0.000000   clock source latency
     2    0.173147    1.249199    0.896311    0.896311 ^ wb_clk_i (in)
                                                         wb_clk_i (net)
                      1.273456    0.000000    0.896311 ^ clkbuf_0_wb_clk_i/A (sky130_fd_sc_hd__clkbuf_16)
    17    0.080878    0.167560    0.669136    1.565448 ^ clkbuf_0_wb_clk_i/X (sky130_fd_sc_hd__clkbuf_16)
                                                         clknet_0_wb_clk_i (net)
                      0.168169    0.007583    1.573030 ^ clkbuf_3_5_0_wb_clk_i/A (sky130_fd_sc_hd__clkbuf_8)
    11    0.039719    0.128953    0.305461    1.878491 ^ clkbuf_3_5_0_wb_clk_i/X (sky130_fd_sc_hd__clkbuf_8)
                                                         clknet_3_5_0_wb_clk_i (net)
                      0.128977    0.001660    1.880151 ^ _687_/CLK (sky130_fd_sc_hd__dfrtp_2)
     2    0.007703    0.103013    0.705145    2.585296 ^ _687_/Q (sky130_fd_sc_hd__dfrtp_2)
                                                         timer.sec_tens[2] (net)
                      0.103013    0.000280    2.585577 ^ hold181/A (sky130_fd_sc_hd__dlygate4sd3_1)
     3    0.012299    0.220719    1.114543    3.700119 ^ hold181/X (sky130_fd_sc_hd__dlygate4sd3_1)
                                                         net181 (net)
                      0.220719    0.000562    3.700682 ^ _354_/A (sky130_fd_sc_hd__or2_2)
     1    0.003596    0.054324    0.237173    3.937854 ^ _354_/X (sky130_fd_sc_hd__or2_2)
                                                         _184_ (net)
                      0.054324    0.000210    3.938065 ^ _358_/B (sky130_fd_sc_hd__and3_2)
     1    0.003101    0.081464    0.319722    4.257787 ^ _358_/X (sky130_fd_sc_hd__and3_2)
                                                         _162_ (net)
                      0.081464    0.000204    4.257991 ^ hold183/A (sky130_fd_sc_hd__dlygate4sd3_1)
     1    0.002714    0.090644    0.992142    5.250133 ^ hold183/X (sky130_fd_sc_hd__dlygate4sd3_1)
                                                         net183 (net)
                      0.090644    0.000175    5.250309 ^ _687_/D (sky130_fd_sc_hd__dfrtp_2)
                                              5.250309   data arrival time

                                  0.000000    0.000000   clock wb_clk_i (rise edge)
                                  0.000000    0.000000   clock source latency
     2    0.173147    1.249199    0.990660    0.990660 ^ wb_clk_i (in)
                                                         wb_clk_i (net)
                      1.273456    0.000000    0.990660 ^ clkbuf_0_wb_clk_i/A (sky130_fd_sc_hd__clkbuf_16)
    17    0.080878    0.167560    0.739572    1.730232 ^ clkbuf_0_wb_clk_i/X (sky130_fd_sc_hd__clkbuf_16)
                                                         clknet_0_wb_clk_i (net)
                      0.168169    0.008381    1.738613 ^ clkbuf_3_5_0_wb_clk_i/A (sky130_fd_sc_hd__clkbuf_8)
    11    0.039719    0.128953    0.337615    2.076227 ^ clkbuf_3_5_0_wb_clk_i/X (sky130_fd_sc_hd__clkbuf_8)
                                                         clknet_3_5_0_wb_clk_i (net)
                      0.128977    0.001835    2.078062 ^ _687_/CLK (sky130_fd_sc_hd__dfrtp_2)
                                  0.250000    2.328062   clock uncertainty
                                 -0.197911    2.130152   clock reconvergence pessimism
                                 -0.071913    2.058238   library hold time
                                              2.058238   data required time
---------------------------------------------------------------------------------------------
                                              2.058238   data required time
                                             -5.250309   data arrival time
---------------------------------------------------------------------------------------------
                                              3.192070   slack (MET)


Startpoint: wb_rst_i (input port clocked by wb_clk_i)
Endpoint: _743_ (removal check against rising-edge clock wb_clk_i)
Path Group: asynchronous
Path Type: min

Fanout         Cap        Slew       Delay        Time   Description
---------------------------------------------------------------------------------------------
                                  0.000000    0.000000   clock wb_clk_i (rise edge)
                                  0.000000    0.000000   clock network delay (propagated)
                                  5.000000    5.000000 v input external delay
     2    0.005119    0.027589    0.015766    5.015766 v wb_rst_i (in)
                                                         wb_rst_i (net)
                      0.027591    0.000000    5.015766 v input1/A (sky130_fd_sc_hd__buf_2)
     5    0.144267    0.617235    0.568217    5.583983 v input1/X (sky130_fd_sc_hd__buf_2)
                                                         net1 (net)
                      0.650584    0.105956    5.689939 v fanout25/A (sky130_fd_sc_hd__clkdlybuf4s25_1)
     8    0.042275    0.568549    1.002256    6.692195 v fanout25/X (sky130_fd_sc_hd__clkdlybuf4s25_1)
                                                         net25 (net)
                      0.568558    0.002797    6.694993 v _659_/A (sky130_fd_sc_hd__inv_2)
     1    0.003642    0.126329    0.192233    6.887226 ^ _659_/Y (sky130_fd_sc_hd__inv_2)
                                                         _134_ (net)
                      0.126329    0.000182    6.887407 ^ _743_/RESET_B (sky130_fd_sc_hd__dfrtp_2)
                                              6.887407   data arrival time

                                  0.000000    0.000000   clock wb_clk_i (rise edge)
                                  0.000000    0.000000   clock source latency
     2    0.173147    1.249199    0.990660    0.990660 ^ wb_clk_i (in)
                                                         wb_clk_i (net)
                      1.273456    0.000000    0.990660 ^ clkbuf_0_wb_clk_i/A (sky130_fd_sc_hd__clkbuf_16)
    17    0.080878    0.167560    0.739572    1.730232 ^ clkbuf_0_wb_clk_i/X (sky130_fd_sc_hd__clkbuf_16)
                                                         clknet_0_wb_clk_i (net)
                      0.168001    0.007065    1.737296 ^ clkbuf_3_4_0_wb_clk_i/A (sky130_fd_sc_hd__clkbuf_8)
    11    0.038444    0.125873    0.334860    2.072156 ^ clkbuf_3_4_0_wb_clk_i/X (sky130_fd_sc_hd__clkbuf_8)
                                                         clknet_3_4_0_wb_clk_i (net)
                      0.125924    0.002479    2.074635 ^ _743_/CLK (sky130_fd_sc_hd__dfrtp_2)
                                  0.250000    2.324635   clock uncertainty
                                  0.000000    2.324635   clock reconvergence pessimism
                                  0.691545    3.016180   library removal time
                                              3.016180   data required time
---------------------------------------------------------------------------------------------
                                              3.016180   data required time
                                             -6.887407   data arrival time
---------------------------------------------------------------------------------------------
                                              3.871227   slack (MET)


Startpoint: wb_rst_i (input port clocked by wb_clk_i)
Endpoint: _739_ (removal check against rising-edge clock wb_clk_i)
Path Group: asynchronous
Path Type: min

Fanout         Cap        Slew       Delay        Time   Description
---------------------------------------------------------------------------------------------
                                  0.000000    0.000000   clock wb_clk_i (rise edge)
                                  0.000000    0.000000   clock network delay (propagated)
                                  5.000000    5.000000 v input external delay
     2    0.005119    0.027589    0.015766    5.015766 v wb_rst_i (in)
                                                         wb_rst_i (net)
                      0.027591    0.000000    5.015766 v input1/A (sky130_fd_sc_hd__buf_2)
     5    0.144267    0.617235    0.568217    5.583983 v input1/X (sky130_fd_sc_hd__buf_2)
                                                         net1 (net)
                      0.650584    0.105956    5.689939 v fanout25/A (sky130_fd_sc_hd__clkdlybuf4s25_1)
     8    0.042275    0.568549    1.002256    6.692195 v fanout25/X (sky130_fd_sc_hd__clkdlybuf4s25_1)
                                                         net25 (net)
                      0.568590    0.004784    6.696980 v _655_/A (sky130_fd_sc_hd__inv_2)
     1    0.003445    0.124662    0.189055    6.886034 ^ _655_/Y (sky130_fd_sc_hd__inv_2)
                                                         _130_ (net)
                      0.124662    0.000173    6.886208 ^ _739_/RESET_B (sky130_fd_sc_hd__dfrtp_2)
                                              6.886208   data arrival time

                                  0.000000    0.000000   clock wb_clk_i (rise edge)
                                  0.000000    0.000000   clock source latency
     2    0.173147    1.249199    0.990660    0.990660 ^ wb_clk_i (in)
                                                         wb_clk_i (net)
                      1.273456    0.000000    0.990660 ^ clkbuf_0_wb_clk_i/A (sky130_fd_sc_hd__clkbuf_16)
    17    0.080878    0.167560    0.739572    1.730232 ^ clkbuf_0_wb_clk_i/X (sky130_fd_sc_hd__clkbuf_16)
                                                         clknet_0_wb_clk_i (net)
                      0.168001    0.007065    1.737296 ^ clkbuf_3_4_0_wb_clk_i/A (sky130_fd_sc_hd__clkbuf_8)
    11    0.038444    0.125873    0.334860    2.072156 ^ clkbuf_3_4_0_wb_clk_i/X (sky130_fd_sc_hd__clkbuf_8)
                                                         clknet_3_4_0_wb_clk_i (net)
                      0.125877    0.001042    2.073199 ^ _739_/CLK (sky130_fd_sc_hd__dfrtp_2)
                                  0.250000    2.323199   clock uncertainty
                                  0.000000    2.323199   clock reconvergence pessimism
                                  0.691020    3.014219   library removal time
                                              3.014219   data required time
---------------------------------------------------------------------------------------------
                                              3.014219   data required time
                                             -6.886208   data arrival time
---------------------------------------------------------------------------------------------
                                              3.871989   slack (MET)


Startpoint: wb_rst_i (input port clocked by wb_clk_i)
Endpoint: _742_ (removal check against rising-edge clock wb_clk_i)
Path Group: asynchronous
Path Type: min

Fanout         Cap        Slew       Delay        Time   Description
---------------------------------------------------------------------------------------------
                                  0.000000    0.000000   clock wb_clk_i (rise edge)
                                  0.000000    0.000000   clock network delay (propagated)
                                  5.000000    5.000000 v input external delay
     2    0.005119    0.027589    0.015766    5.015766 v wb_rst_i (in)
                                                         wb_rst_i (net)
                      0.027591    0.000000    5.015766 v input1/A (sky130_fd_sc_hd__buf_2)
     5    0.144267    0.617235    0.568217    5.583983 v input1/X (sky130_fd_sc_hd__buf_2)
                                                         net1 (net)
                      0.650584    0.105956    5.689939 v fanout25/A (sky130_fd_sc_hd__clkdlybuf4s25_1)
     8    0.042275    0.568549    1.002256    6.692195 v fanout25/X (sky130_fd_sc_hd__clkdlybuf4s25_1)
                                                         net25 (net)
                      0.568581    0.004342    6.696537 v _658_/A (sky130_fd_sc_hd__inv_2)
     1    0.003575    0.125751    0.191154    6.887691 ^ _658_/Y (sky130_fd_sc_hd__inv_2)
                                                         _133_ (net)
                      0.125751    0.000178    6.887869 ^ _742_/RESET_B (sky130_fd_sc_hd__dfrtp_2)
                                              6.887869   data arrival time

                                  0.000000    0.000000   clock wb_clk_i (rise edge)
                                  0.000000    0.000000   clock source latency
     2    0.173147    1.249199    0.990660    0.990660 ^ wb_clk_i (in)
                                                         wb_clk_i (net)
                      1.273456    0.000000    0.990660 ^ clkbuf_0_wb_clk_i/A (sky130_fd_sc_hd__clkbuf_16)
    17    0.080878    0.167560    0.739572    1.730232 ^ clkbuf_0_wb_clk_i/X (sky130_fd_sc_hd__clkbuf_16)
                                                         clknet_0_wb_clk_i (net)
                      0.168001    0.007065    1.737296 ^ clkbuf_3_4_0_wb_clk_i/A (sky130_fd_sc_hd__clkbuf_8)
    11    0.038444    0.125873    0.334860    2.072156 ^ clkbuf_3_4_0_wb_clk_i/X (sky130_fd_sc_hd__clkbuf_8)
                                                         clknet_3_4_0_wb_clk_i (net)
                      0.125911    0.002192    2.074349 ^ _742_/CLK (sky130_fd_sc_hd__dfrtp_2)
                                  0.250000    2.324349   clock uncertainty
                                  0.000000    2.324349   clock reconvergence pessimism
                                  0.691364    3.015713   library removal time
                                              3.015713   data required time
---------------------------------------------------------------------------------------------
                                              3.015713   data required time
                                             -6.887869   data arrival time
---------------------------------------------------------------------------------------------
                                              3.872156   slack (MET)


Startpoint: wb_rst_i (input port clocked by wb_clk_i)
Endpoint: _737_ (removal check against rising-edge clock wb_clk_i)
Path Group: asynchronous
Path Type: min

Fanout         Cap        Slew       Delay        Time   Description
---------------------------------------------------------------------------------------------
                                  0.000000    0.000000   clock wb_clk_i (rise edge)
                                  0.000000    0.000000   clock network delay (propagated)
                                  5.000000    5.000000 v input external delay
     2    0.005119    0.027589    0.015766    5.015766 v wb_rst_i (in)
                                                         wb_rst_i (net)
                      0.027591    0.000000    5.015766 v input1/A (sky130_fd_sc_hd__buf_2)
     5    0.144267    0.617235    0.568217    5.583983 v input1/X (sky130_fd_sc_hd__buf_2)
                                                         net1 (net)
                      0.650584    0.105956    5.689939 v fanout25/A (sky130_fd_sc_hd__clkdlybuf4s25_1)
     8    0.042275    0.568549    1.002256    6.692195 v fanout25/X (sky130_fd_sc_hd__clkdlybuf4s25_1)
                                                         net25 (net)
                      0.568587    0.004665    6.696860 v _653_/A (sky130_fd_sc_hd__inv_2)
     1    0.003802    0.127795    0.194835    6.891695 ^ _653_/Y (sky130_fd_sc_hd__inv_2)
                                                         _128_ (net)
                      0.127795    0.000191    6.891886 ^ _737_/RESET_B (sky130_fd_sc_hd__dfrtp_2)
                                              6.891886   data arrival time

                                  0.000000    0.000000   clock wb_clk_i (rise edge)
                                  0.000000    0.000000   clock source latency
     2    0.173147    1.249199    0.990660    0.990660 ^ wb_clk_i (in)
                                                         wb_clk_i (net)
                      1.273456    0.000000    0.990660 ^ clkbuf_0_wb_clk_i/A (sky130_fd_sc_hd__clkbuf_16)
    17    0.080878    0.167560    0.739572    1.730232 ^ clkbuf_0_wb_clk_i/X (sky130_fd_sc_hd__clkbuf_16)
                                                         clknet_0_wb_clk_i (net)
                      0.167872    0.005835    1.736067 ^ clkbuf_3_6_0_wb_clk_i/A (sky130_fd_sc_hd__clkbuf_8)
    12    0.039360    0.128046    0.336398    2.072464 ^ clkbuf_3_6_0_wb_clk_i/X (sky130_fd_sc_hd__clkbuf_8)
                                                         clknet_3_6_0_wb_clk_i (net)
                      0.128075    0.002074    2.074538 ^ _737_/CLK (sky130_fd_sc_hd__dfrtp_2)
                                  0.250000    2.324538   clock uncertainty
                                  0.000000    2.324538   clock reconvergence pessimism
                                  0.692643    3.017181   library removal time
                                              3.017181   data required time
---------------------------------------------------------------------------------------------
                                              3.017181   data required time
                                             -6.891886   data arrival time
---------------------------------------------------------------------------------------------
                                              3.874705   slack (MET)


Startpoint: wb_rst_i (input port clocked by wb_clk_i)
Endpoint: _736_ (removal check against rising-edge clock wb_clk_i)
Path Group: asynchronous
Path Type: min

Fanout         Cap        Slew       Delay        Time   Description
---------------------------------------------------------------------------------------------
                                  0.000000    0.000000   clock wb_clk_i (rise edge)
                                  0.000000    0.000000   clock network delay (propagated)
                                  5.000000    5.000000 v input external delay
     2    0.005119    0.027589    0.015766    5.015766 v wb_rst_i (in)
                                                         wb_rst_i (net)
                      0.027591    0.000000    5.015766 v input1/A (sky130_fd_sc_hd__buf_2)
     5    0.144267    0.617235    0.568217    5.583983 v input1/X (sky130_fd_sc_hd__buf_2)
                                                         net1 (net)
                      0.650584    0.105956    5.689939 v fanout25/A (sky130_fd_sc_hd__clkdlybuf4s25_1)
     8    0.042275    0.568549    1.002256    6.692195 v fanout25/X (sky130_fd_sc_hd__clkdlybuf4s25_1)
                                                         net25 (net)
                      0.568590    0.004814    6.697010 v _652_/A (sky130_fd_sc_hd__inv_2)
     1    0.003919    0.128886    0.196724    6.893734 ^ _652_/Y (sky130_fd_sc_hd__inv_2)
                                                         _127_ (net)
                      0.128886    0.000204    6.893937 ^ _736_/RESET_B (sky130_fd_sc_hd__dfrtp_2)
                                              6.893937   data arrival time

                                  0.000000    0.000000   clock wb_clk_i (rise edge)
                                  0.000000    0.000000   clock source latency
     2    0.173147    1.249199    0.990660    0.990660 ^ wb_clk_i (in)
                                                         wb_clk_i (net)
                      1.273456    0.000000    0.990660 ^ clkbuf_0_wb_clk_i/A (sky130_fd_sc_hd__clkbuf_16)
    17    0.080878    0.167560    0.739572    1.730232 ^ clkbuf_0_wb_clk_i/X (sky130_fd_sc_hd__clkbuf_16)
                                                         clknet_0_wb_clk_i (net)
                      0.168001    0.007065    1.737296 ^ clkbuf_3_4_0_wb_clk_i/A (sky130_fd_sc_hd__clkbuf_8)
    11    0.038444    0.125873    0.334860    2.072156 ^ clkbuf_3_4_0_wb_clk_i/X (sky130_fd_sc_hd__clkbuf_8)
                                                         clknet_3_4_0_wb_clk_i (net)
                      0.125921    0.002416    2.074572 ^ _736_/CLK (sky130_fd_sc_hd__dfrtp_2)
                                  0.250000    2.324572   clock uncertainty
                                  0.000000    2.324572   clock reconvergence pessimism
                                  0.692327    3.016899   library removal time
                                              3.016899   data required time
---------------------------------------------------------------------------------------------
                                              3.016899   data required time
                                             -6.893937   data arrival time
---------------------------------------------------------------------------------------------
                                              3.877038   slack (MET)


Startpoint: wb_rst_i (input port clocked by wb_clk_i)
Endpoint: _740_ (removal check against rising-edge clock wb_clk_i)
Path Group: asynchronous
Path Type: min

Fanout         Cap        Slew       Delay        Time   Description
---------------------------------------------------------------------------------------------
                                  0.000000    0.000000   clock wb_clk_i (rise edge)
                                  0.000000    0.000000   clock network delay (propagated)
                                  5.000000    5.000000 v input external delay
     2    0.005119    0.027589    0.015766    5.015766 v wb_rst_i (in)
                                                         wb_rst_i (net)
                      0.027591    0.000000    5.015766 v input1/A (sky130_fd_sc_hd__buf_2)
     5    0.144267    0.617235    0.568217    5.583983 v input1/X (sky130_fd_sc_hd__buf_2)
                                                         net1 (net)
                      0.650584    0.105956    5.689939 v fanout25/A (sky130_fd_sc_hd__clkdlybuf4s25_1)
     8    0.042275    0.568549    1.002256    6.692195 v fanout25/X (sky130_fd_sc_hd__clkdlybuf4s25_1)
                                                         net25 (net)
                      0.568576    0.004085    6.696280 v _656_/A (sky130_fd_sc_hd__inv_2)
     1    0.004229    0.131906    0.201756    6.898036 ^ _656_/Y (sky130_fd_sc_hd__inv_2)
                                                         _131_ (net)
                      0.131906    0.000213    6.898250 ^ _740_/RESET_B (sky130_fd_sc_hd__dfrtp_2)
                                              6.898250   data arrival time

                                  0.000000    0.000000   clock wb_clk_i (rise edge)
                                  0.000000    0.000000   clock source latency
     2    0.173147    1.249199    0.990660    0.990660 ^ wb_clk_i (in)
                                                         wb_clk_i (net)
                      1.273456    0.000000    0.990660 ^ clkbuf_0_wb_clk_i/A (sky130_fd_sc_hd__clkbuf_16)
    17    0.080878    0.167560    0.739572    1.730232 ^ clkbuf_0_wb_clk_i/X (sky130_fd_sc_hd__clkbuf_16)
                                                         clknet_0_wb_clk_i (net)
                      0.168001    0.007065    1.737296 ^ clkbuf_3_4_0_wb_clk_i/A (sky130_fd_sc_hd__clkbuf_8)
    11    0.038444    0.125873    0.334860    2.072156 ^ clkbuf_3_4_0_wb_clk_i/X (sky130_fd_sc_hd__clkbuf_8)
                                                         clknet_3_4_0_wb_clk_i (net)
                      0.125901    0.001950    2.074106 ^ _740_/CLK (sky130_fd_sc_hd__dfrtp_2)
                                  0.250000    2.324106   clock uncertainty
                                  0.000000    2.324106   clock reconvergence pessimism
                                  0.693246    3.017353   library removal time
                                              3.017353   data required time
---------------------------------------------------------------------------------------------
                                              3.017353   data required time
                                             -6.898250   data arrival time
---------------------------------------------------------------------------------------------
                                              3.880897   slack (MET)


Startpoint: wb_rst_i (input port clocked by wb_clk_i)
Endpoint: _716_ (removal check against rising-edge clock wb_clk_i)
Path Group: asynchronous
Path Type: min

Fanout         Cap        Slew       Delay        Time   Description
---------------------------------------------------------------------------------------------
                                  0.000000    0.000000   clock wb_clk_i (rise edge)
                                  0.000000    0.000000   clock network delay (propagated)
                                  5.000000    5.000000 v input external delay
     2    0.005119    0.027589    0.015766    5.015766 v wb_rst_i (in)
                                                         wb_rst_i (net)
                      0.027591    0.000000    5.015766 v input1/A (sky130_fd_sc_hd__buf_2)
     5    0.144267    0.617235    0.568217    5.583983 v input1/X (sky130_fd_sc_hd__buf_2)
                                                         net1 (net)
                      0.648212    0.102280    5.686264 v fanout19/A (sky130_fd_sc_hd__clkdlybuf4s25_1)
     2    0.011523    0.179903    0.724801    6.411064 v fanout19/X (sky130_fd_sc_hd__clkdlybuf4s25_1)
                                                         net19 (net)
                      0.179905    0.000896    6.411960 v wire20/A (sky130_fd_sc_hd__buf_4)
    19    0.072039    0.181068    0.392926    6.804886 v wire20/X (sky130_fd_sc_hd__buf_4)
                                                         net20 (net)
                      0.181492    0.005903    6.810789 v _632_/A (sky130_fd_sc_hd__inv_2)
     1    0.003587    0.061338    0.106259    6.917048 ^ _632_/Y (sky130_fd_sc_hd__inv_2)
                                                         _107_ (net)
                      0.061338    0.000181    6.917229 ^ _716_/RESET_B (sky130_fd_sc_hd__dfrtp_2)
                                              6.917229   data arrival time

                                  0.000000    0.000000   clock wb_clk_i (rise edge)
                                  0.000000    0.000000   clock source latency
     2    0.173147    1.249199    0.990660    0.990660 ^ wb_clk_i (in)
                                                         wb_clk_i (net)
                      1.273456    0.000000    0.990660 ^ clkbuf_0_wb_clk_i/A (sky130_fd_sc_hd__clkbuf_16)
    17    0.080878    0.167560    0.739572    1.730232 ^ clkbuf_0_wb_clk_i/X (sky130_fd_sc_hd__clkbuf_16)
                                                         clknet_0_wb_clk_i (net)
                      0.168053    0.007496    1.737728 ^ clkbuf_3_2_0_wb_clk_i/A (sky130_fd_sc_hd__clkbuf_8)
    11    0.037375    0.123327    0.332982    2.070710 ^ clkbuf_3_2_0_wb_clk_i/X (sky130_fd_sc_hd__clkbuf_8)
                                                         clknet_3_2_0_wb_clk_i (net)
                      0.123339    0.001398    2.072108 ^ _716_/CLK (sky130_fd_sc_hd__dfrtp_2)
                                  0.250000    2.322108   clock uncertainty
                                  0.000000    2.322108   clock reconvergence pessimism
                                  0.670858    2.992966   library removal time
                                              2.992966   data required time
---------------------------------------------------------------------------------------------
                                              2.992966   data required time
                                             -6.917229   data arrival time
---------------------------------------------------------------------------------------------
                                              3.924263   slack (MET)


Startpoint: wb_rst_i (input port clocked by wb_clk_i)
Endpoint: _717_ (removal check against rising-edge clock wb_clk_i)
Path Group: asynchronous
Path Type: min

Fanout         Cap        Slew       Delay        Time   Description
---------------------------------------------------------------------------------------------
                                  0.000000    0.000000   clock wb_clk_i (rise edge)
                                  0.000000    0.000000   clock network delay (propagated)
                                  5.000000    5.000000 v input external delay
     2    0.005119    0.027589    0.015766    5.015766 v wb_rst_i (in)
                                                         wb_rst_i (net)
                      0.027591    0.000000    5.015766 v input1/A (sky130_fd_sc_hd__buf_2)
     5    0.144267    0.617235    0.568217    5.583983 v input1/X (sky130_fd_sc_hd__buf_2)
                                                         net1 (net)
                      0.648212    0.102280    5.686264 v fanout19/A (sky130_fd_sc_hd__clkdlybuf4s25_1)
     2    0.011523    0.179903    0.724801    6.411064 v fanout19/X (sky130_fd_sc_hd__clkdlybuf4s25_1)
                                                         net19 (net)
                      0.179905    0.000896    6.411960 v wire20/A (sky130_fd_sc_hd__buf_4)
    19    0.072039    0.181068    0.392926    6.804886 v wire20/X (sky130_fd_sc_hd__buf_4)
                                                         net20 (net)
                      0.181445    0.005429    6.810315 v _633_/A (sky130_fd_sc_hd__inv_2)
     1    0.003828    0.062711    0.108121    6.918436 ^ _633_/Y (sky130_fd_sc_hd__inv_2)
                                                         _108_ (net)
                      0.062711    0.000199    6.918636 ^ _717_/RESET_B (sky130_fd_sc_hd__dfrtp_2)
                                              6.918636   data arrival time

                                  0.000000    0.000000   clock wb_clk_i (rise edge)
                                  0.000000    0.000000   clock source latency
     2    0.173147    1.249199    0.990660    0.990660 ^ wb_clk_i (in)
                                                         wb_clk_i (net)
                      1.273456    0.000000    0.990660 ^ clkbuf_0_wb_clk_i/A (sky130_fd_sc_hd__clkbuf_16)
    17    0.080878    0.167560    0.739572    1.730232 ^ clkbuf_0_wb_clk_i/X (sky130_fd_sc_hd__clkbuf_16)
                                                         clknet_0_wb_clk_i (net)
                      0.168053    0.007496    1.737728 ^ clkbuf_3_2_0_wb_clk_i/A (sky130_fd_sc_hd__clkbuf_8)
    11    0.037375    0.123327    0.332982    2.070710 ^ clkbuf_3_2_0_wb_clk_i/X (sky130_fd_sc_hd__clkbuf_8)
                                                         clknet_3_2_0_wb_clk_i (net)
                      0.123341    0.001476    2.072186 ^ _717_/CLK (sky130_fd_sc_hd__dfrtp_2)
                                  0.250000    2.322186   clock uncertainty
                                  0.000000    2.322186   clock reconvergence pessimism
                                  0.671279    2.993465   library removal time
                                              2.993465   data required time
---------------------------------------------------------------------------------------------
                                              2.993465   data required time
                                             -6.918636   data arrival time
---------------------------------------------------------------------------------------------
                                              3.925170   slack (MET)


Startpoint: wb_rst_i (input port clocked by wb_clk_i)
Endpoint: _715_ (removal check against rising-edge clock wb_clk_i)
Path Group: asynchronous
Path Type: min

Fanout         Cap        Slew       Delay        Time   Description
---------------------------------------------------------------------------------------------
                                  0.000000    0.000000   clock wb_clk_i (rise edge)
                                  0.000000    0.000000   clock network delay (propagated)
                                  5.000000    5.000000 v input external delay
     2    0.005119    0.027589    0.015766    5.015766 v wb_rst_i (in)
                                                         wb_rst_i (net)
                      0.027591    0.000000    5.015766 v input1/A (sky130_fd_sc_hd__buf_2)
     5    0.144267    0.617235    0.568217    5.583983 v input1/X (sky130_fd_sc_hd__buf_2)
                                                         net1 (net)
                      0.648212    0.102280    5.686264 v fanout19/A (sky130_fd_sc_hd__clkdlybuf4s25_1)
     2    0.011523    0.179903    0.724801    6.411064 v fanout19/X (sky130_fd_sc_hd__clkdlybuf4s25_1)
                                                         net19 (net)
                      0.179905    0.000896    6.411960 v wire20/A (sky130_fd_sc_hd__buf_4)
    19    0.072039    0.181068    0.392926    6.804886 v wire20/X (sky130_fd_sc_hd__buf_4)
                                                         net20 (net)
                      0.181706    0.007654    6.812540 v _631_/A (sky130_fd_sc_hd__inv_2)
     1    0.003726    0.062169    0.107416    6.919956 ^ _631_/Y (sky130_fd_sc_hd__inv_2)
                                                         _106_ (net)
                      0.062169    0.000188    6.920144 ^ _715_/RESET_B (sky130_fd_sc_hd__dfrtp_2)
                                              6.920144   data arrival time

                                  0.000000    0.000000   clock wb_clk_i (rise edge)
                                  0.000000    0.000000   clock source latency
     2    0.173147    1.249199    0.990660    0.990660 ^ wb_clk_i (in)
                                                         wb_clk_i (net)
                      1.273456    0.000000    0.990660 ^ clkbuf_0_wb_clk_i/A (sky130_fd_sc_hd__clkbuf_16)
    17    0.080878    0.167560    0.739572    1.730232 ^ clkbuf_0_wb_clk_i/X (sky130_fd_sc_hd__clkbuf_16)
                                                         clknet_0_wb_clk_i (net)
                      0.168053    0.007496    1.737728 ^ clkbuf_3_2_0_wb_clk_i/A (sky130_fd_sc_hd__clkbuf_8)
    11    0.037375    0.123327    0.332982    2.070710 ^ clkbuf_3_2_0_wb_clk_i/X (sky130_fd_sc_hd__clkbuf_8)
                                                         clknet_3_2_0_wb_clk_i (net)
                      0.123362    0.002094    2.072804 ^ _715_/CLK (sky130_fd_sc_hd__dfrtp_2)
                                  0.250000    2.322804   clock uncertainty
                                  0.000000    2.322804   clock reconvergence pessimism
                                  0.671119    2.993923   library removal time
                                              2.993923   data required time
---------------------------------------------------------------------------------------------
                                              2.993923   data required time
                                             -6.920144   data arrival time
---------------------------------------------------------------------------------------------
                                              3.926221   slack (MET)


Startpoint: wb_rst_i (input port clocked by wb_clk_i)
Endpoint: _750_ (removal check against rising-edge clock wb_clk_i)
Path Group: asynchronous
Path Type: min

Fanout         Cap        Slew       Delay        Time   Description
---------------------------------------------------------------------------------------------
                                  0.000000    0.000000   clock wb_clk_i (rise edge)
                                  0.000000    0.000000   clock network delay (propagated)
                                  5.000000    5.000000 v input external delay
     2    0.005119    0.027589    0.015766    5.015766 v wb_rst_i (in)
                                                         wb_rst_i (net)
                      0.027591    0.000000    5.015766 v input1/A (sky130_fd_sc_hd__buf_2)
     5    0.144267    0.617235    0.568217    5.583983 v input1/X (sky130_fd_sc_hd__buf_2)
                                                         net1 (net)
                      0.648212    0.102280    5.686264 v fanout19/A (sky130_fd_sc_hd__clkdlybuf4s25_1)
     2    0.011523    0.179903    0.724801    6.411064 v fanout19/X (sky130_fd_sc_hd__clkdlybuf4s25_1)
                                                         net19 (net)
                      0.179905    0.000896    6.411960 v wire20/A (sky130_fd_sc_hd__buf_4)
    19    0.072039    0.181068    0.392926    6.804886 v wire20/X (sky130_fd_sc_hd__buf_4)
                                                         net20 (net)
                      0.183518    0.015711    6.820597 v _666_/A (sky130_fd_sc_hd__inv_2)
     1    0.003441    0.060935    0.105805    6.926402 ^ _666_/Y (sky130_fd_sc_hd__inv_2)
                                                         _141_ (net)
                      0.060935    0.000172    6.926575 ^ _750_/RESET_B (sky130_fd_sc_hd__dfrtp_2)
                                              6.926575   data arrival time

                                  0.000000    0.000000   clock wb_clk_i (rise edge)
                                  0.000000    0.000000   clock source latency
     2    0.173147    1.249199    0.990660    0.990660 ^ wb_clk_i (in)
                                                         wb_clk_i (net)
                      1.273456    0.000000    0.990660 ^ clkbuf_0_wb_clk_i/A (sky130_fd_sc_hd__clkbuf_16)
    17    0.080878    0.167560    0.739572    1.730232 ^ clkbuf_0_wb_clk_i/X (sky130_fd_sc_hd__clkbuf_16)
                                                         clknet_0_wb_clk_i (net)
                      0.167859    0.005697    1.735929 ^ clkbuf_3_3_0_wb_clk_i/A (sky130_fd_sc_hd__clkbuf_8)
    11    0.038093    0.125050    0.334284    2.070213 ^ clkbuf_3_3_0_wb_clk_i/X (sky130_fd_sc_hd__clkbuf_8)
                                                         clknet_3_3_0_wb_clk_i (net)
                      0.125089    0.002188    2.072401 ^ _750_/CLK (sky130_fd_sc_hd__dfrtp_2)
                                  0.250000    2.322401   clock uncertainty
                                  0.000000    2.322401   clock reconvergence pessimism
                                  0.671263    2.993663   library removal time
                                              2.993663   data required time
---------------------------------------------------------------------------------------------
                                              2.993663   data required time
                                             -6.926575   data arrival time
---------------------------------------------------------------------------------------------
                                              3.932911   slack (MET)


Startpoint: wb_rst_i (input port clocked by wb_clk_i)
Endpoint: _758_ (removal check against rising-edge clock wb_clk_i)
Path Group: asynchronous
Path Type: min

Fanout         Cap        Slew       Delay        Time   Description
---------------------------------------------------------------------------------------------
                                  0.000000    0.000000   clock wb_clk_i (rise edge)
                                  0.000000    0.000000   clock network delay (propagated)
                                  5.000000    5.000000 v input external delay
     2    0.005119    0.027589    0.015766    5.015766 v wb_rst_i (in)
                                                         wb_rst_i (net)
                      0.027591    0.000000    5.015766 v input1/A (sky130_fd_sc_hd__buf_2)
     5    0.144267    0.617235    0.568217    5.583983 v input1/X (sky130_fd_sc_hd__buf_2)
                                                         net1 (net)
                      0.648212    0.102280    5.686264 v fanout19/A (sky130_fd_sc_hd__clkdlybuf4s25_1)
     2    0.011523    0.179903    0.724801    6.411064 v fanout19/X (sky130_fd_sc_hd__clkdlybuf4s25_1)
                                                         net19 (net)
                      0.179905    0.000896    6.411960 v wire20/A (sky130_fd_sc_hd__buf_4)
    19    0.072039    0.181068    0.392926    6.804886 v wire20/X (sky130_fd_sc_hd__buf_4)
                                                         net20 (net)
                      0.183037    0.014069    6.818955 v _674_/A (sky130_fd_sc_hd__inv_2)
     1    0.003883    0.063354    0.109120    6.928075 ^ _674_/Y (sky130_fd_sc_hd__inv_2)
                                                         _149_ (net)
                      0.063354    0.000195    6.928270 ^ _758_/RESET_B (sky130_fd_sc_hd__dfrtp_2)
                                              6.928270   data arrival time

                                  0.000000    0.000000   clock wb_clk_i (rise edge)
                                  0.000000    0.000000   clock source latency
     2    0.173147    1.249199    0.990660    0.990660 ^ wb_clk_i (in)
                                                         wb_clk_i (net)
                      1.273456    0.000000    0.990660 ^ clkbuf_0_wb_clk_i/A (sky130_fd_sc_hd__clkbuf_16)
    17    0.080878    0.167560    0.739572    1.730232 ^ clkbuf_0_wb_clk_i/X (sky130_fd_sc_hd__clkbuf_16)
                                                         clknet_0_wb_clk_i (net)
                      0.167859    0.005697    1.735929 ^ clkbuf_3_3_0_wb_clk_i/A (sky130_fd_sc_hd__clkbuf_8)
    11    0.038093    0.125050    0.334284    2.070213 ^ clkbuf_3_3_0_wb_clk_i/X (sky130_fd_sc_hd__clkbuf_8)
                                                         clknet_3_3_0_wb_clk_i (net)
                      0.125088    0.002167    2.072380 ^ _758_/CLK (sky130_fd_sc_hd__dfrtp_2)
                                  0.250000    2.322380   clock uncertainty
                                  0.000000    2.322380   clock reconvergence pessimism
                                  0.672004    2.994384   library removal time
                                              2.994384   data required time
---------------------------------------------------------------------------------------------
                                              2.994384   data required time
                                             -6.928270   data arrival time
---------------------------------------------------------------------------------------------
                                              3.933886   slack (MET)


Startpoint: wb_rst_i (input port clocked by wb_clk_i)
Endpoint: _757_ (removal check against rising-edge clock wb_clk_i)
Path Group: asynchronous
Path Type: min

Fanout         Cap        Slew       Delay        Time   Description
---------------------------------------------------------------------------------------------
                                  0.000000    0.000000   clock wb_clk_i (rise edge)
                                  0.000000    0.000000   clock network delay (propagated)
                                  5.000000    5.000000 v input external delay
     2    0.005119    0.027589    0.015766    5.015766 v wb_rst_i (in)
                                                         wb_rst_i (net)
                      0.027591    0.000000    5.015766 v input1/A (sky130_fd_sc_hd__buf_2)
     5    0.144267    0.617235    0.568217    5.583983 v input1/X (sky130_fd_sc_hd__buf_2)
                                                         net1 (net)
                      0.648212    0.102280    5.686264 v fanout19/A (sky130_fd_sc_hd__clkdlybuf4s25_1)
     2    0.011523    0.179903    0.724801    6.411064 v fanout19/X (sky130_fd_sc_hd__clkdlybuf4s25_1)
                                                         net19 (net)
                      0.179905    0.000896    6.411960 v wire20/A (sky130_fd_sc_hd__buf_4)
    19    0.072039    0.181068    0.392926    6.804886 v wire20/X (sky130_fd_sc_hd__buf_4)
                                                         net20 (net)
                      0.182789    0.013133    6.818019 v _673_/A (sky130_fd_sc_hd__inv_2)
     1    0.004117    0.064724    0.110861    6.928880 ^ _673_/Y (sky130_fd_sc_hd__inv_2)
                                                         _148_ (net)
                      0.064724    0.000206    6.929086 ^ _757_/RESET_B (sky130_fd_sc_hd__dfrtp_2)
                                              6.929086   data arrival time

                                  0.000000    0.000000   clock wb_clk_i (rise edge)
                                  0.000000    0.000000   clock source latency
     2    0.173147    1.249199    0.990660    0.990660 ^ wb_clk_i (in)
                                                         wb_clk_i (net)
                      1.273456    0.000000    0.990660 ^ clkbuf_0_wb_clk_i/A (sky130_fd_sc_hd__clkbuf_16)
    17    0.080878    0.167560    0.739572    1.730232 ^ clkbuf_0_wb_clk_i/X (sky130_fd_sc_hd__clkbuf_16)
                                                         clknet_0_wb_clk_i (net)
                      0.167859    0.005697    1.735929 ^ clkbuf_3_3_0_wb_clk_i/A (sky130_fd_sc_hd__clkbuf_8)
    11    0.038093    0.125050    0.334284    2.070213 ^ clkbuf_3_3_0_wb_clk_i/X (sky130_fd_sc_hd__clkbuf_8)
                                                         clknet_3_3_0_wb_clk_i (net)
                      0.125085    0.002093    2.072305 ^ _757_/CLK (sky130_fd_sc_hd__dfrtp_2)
                                  0.250000    2.322305   clock uncertainty
                                  0.000000    2.322305   clock reconvergence pessimism
                                  0.672422    2.994728   library removal time
                                              2.994728   data required time
---------------------------------------------------------------------------------------------
                                              2.994728   data required time
                                             -6.929086   data arrival time
---------------------------------------------------------------------------------------------
                                              3.934358   slack (MET)


Startpoint: wb_rst_i (input port clocked by wb_clk_i)
Endpoint: _755_ (removal check against rising-edge clock wb_clk_i)
Path Group: asynchronous
Path Type: min

Fanout         Cap        Slew       Delay        Time   Description
---------------------------------------------------------------------------------------------
                                  0.000000    0.000000   clock wb_clk_i (rise edge)
                                  0.000000    0.000000   clock network delay (propagated)
                                  5.000000    5.000000 v input external delay
     2    0.005119    0.027589    0.015766    5.015766 v wb_rst_i (in)
                                                         wb_rst_i (net)
                      0.027591    0.000000    5.015766 v input1/A (sky130_fd_sc_hd__buf_2)
     5    0.144267    0.617235    0.568217    5.583983 v input1/X (sky130_fd_sc_hd__buf_2)
                                                         net1 (net)
                      0.648212    0.102280    5.686264 v fanout19/A (sky130_fd_sc_hd__clkdlybuf4s25_1)
     2    0.011523    0.179903    0.724801    6.411064 v fanout19/X (sky130_fd_sc_hd__clkdlybuf4s25_1)
                                                         net19 (net)
                      0.179905    0.000896    6.411960 v wire20/A (sky130_fd_sc_hd__buf_4)
    19    0.072039    0.181068    0.392926    6.804886 v wire20/X (sky130_fd_sc_hd__buf_4)
                                                         net20 (net)
                      0.183504    0.015665    6.820551 v _671_/A (sky130_fd_sc_hd__inv_2)
     1    0.003735    0.062587    0.108118    6.928669 ^ _671_/Y (sky130_fd_sc_hd__inv_2)
                                                         _146_ (net)
                      0.062587    0.000187    6.928857 ^ _755_/RESET_B (sky130_fd_sc_hd__dfrtp_2)
                                              6.928857   data arrival time

                                  0.000000    0.000000   clock wb_clk_i (rise edge)
                                  0.000000    0.000000   clock source latency
     2    0.173147    1.249199    0.990660    0.990660 ^ wb_clk_i (in)
                                                         wb_clk_i (net)
                      1.273456    0.000000    0.990660 ^ clkbuf_0_wb_clk_i/A (sky130_fd_sc_hd__clkbuf_16)
    17    0.080878    0.167560    0.739572    1.730232 ^ clkbuf_0_wb_clk_i/X (sky130_fd_sc_hd__clkbuf_16)
                                                         clknet_0_wb_clk_i (net)
                      0.167859    0.005697    1.735929 ^ clkbuf_3_3_0_wb_clk_i/A (sky130_fd_sc_hd__clkbuf_8)
    11    0.038093    0.125050    0.334284    2.070213 ^ clkbuf_3_3_0_wb_clk_i/X (sky130_fd_sc_hd__clkbuf_8)
                                                         clknet_3_3_0_wb_clk_i (net)
                      0.125090    0.002202    2.072415 ^ _755_/CLK (sky130_fd_sc_hd__dfrtp_2)
                                  0.250000    2.322415   clock uncertainty
                                  0.000000    2.322415   clock reconvergence pessimism
                                  0.671769    2.994184   library removal time
                                              2.994184   data required time
---------------------------------------------------------------------------------------------
                                              2.994184   data required time
                                             -6.928857   data arrival time
---------------------------------------------------------------------------------------------
                                              3.934673   slack (MET)


Startpoint: wb_rst_i (input port clocked by wb_clk_i)
Endpoint: _756_ (removal check against rising-edge clock wb_clk_i)
Path Group: asynchronous
Path Type: min

Fanout         Cap        Slew       Delay        Time   Description
---------------------------------------------------------------------------------------------
                                  0.000000    0.000000   clock wb_clk_i (rise edge)
                                  0.000000    0.000000   clock network delay (propagated)
                                  5.000000    5.000000 v input external delay
     2    0.005119    0.027589    0.015766    5.015766 v wb_rst_i (in)
                                                         wb_rst_i (net)
                      0.027591    0.000000    5.015766 v input1/A (sky130_fd_sc_hd__buf_2)
     5    0.144267    0.617235    0.568217    5.583983 v input1/X (sky130_fd_sc_hd__buf_2)
                                                         net1 (net)
                      0.648212    0.102280    5.686264 v fanout19/A (sky130_fd_sc_hd__clkdlybuf4s25_1)
     2    0.011523    0.179903    0.724801    6.411064 v fanout19/X (sky130_fd_sc_hd__clkdlybuf4s25_1)
                                                         net19 (net)
                      0.179905    0.000896    6.411960 v wire20/A (sky130_fd_sc_hd__buf_4)
    19    0.072039    0.181068    0.392926    6.804886 v wire20/X (sky130_fd_sc_hd__buf_4)
                                                         net20 (net)
                      0.183312    0.015032    6.819917 v _672_/A (sky130_fd_sc_hd__inv_2)
     1    0.004095    0.064700    0.110881    6.930798 ^ _672_/Y (sky130_fd_sc_hd__inv_2)
                                                         _147_ (net)
                      0.064700    0.000203    6.931001 ^ _756_/RESET_B (sky130_fd_sc_hd__dfrtp_2)
                                              6.931001   data arrival time

                                  0.000000    0.000000   clock wb_clk_i (rise edge)
                                  0.000000    0.000000   clock source latency
     2    0.173147    1.249199    0.990660    0.990660 ^ wb_clk_i (in)
                                                         wb_clk_i (net)
                      1.273456    0.000000    0.990660 ^ clkbuf_0_wb_clk_i/A (sky130_fd_sc_hd__clkbuf_16)
    17    0.080878    0.167560    0.739572    1.730232 ^ clkbuf_0_wb_clk_i/X (sky130_fd_sc_hd__clkbuf_16)
                                                         clknet_0_wb_clk_i (net)
                      0.167859    0.005697    1.735929 ^ clkbuf_3_3_0_wb_clk_i/A (sky130_fd_sc_hd__clkbuf_8)
    11    0.038093    0.125050    0.334284    2.070213 ^ clkbuf_3_3_0_wb_clk_i/X (sky130_fd_sc_hd__clkbuf_8)
                                                         clknet_3_3_0_wb_clk_i (net)
                      0.125088    0.002153    2.072366 ^ _756_/CLK (sky130_fd_sc_hd__dfrtp_2)
                                  0.250000    2.322366   clock uncertainty
                                  0.000000    2.322366   clock reconvergence pessimism
                                  0.672416    2.994782   library removal time
                                              2.994782   data required time
---------------------------------------------------------------------------------------------
                                              2.994782   data required time
                                             -6.931001   data arrival time
---------------------------------------------------------------------------------------------
                                              3.936219   slack (MET)


Startpoint: wb_rst_i (input port clocked by wb_clk_i)
Endpoint: _685_ (removal check against rising-edge clock wb_clk_i)
Path Group: asynchronous
Path Type: min

Fanout         Cap        Slew       Delay        Time   Description
---------------------------------------------------------------------------------------------
                                  0.000000    0.000000   clock wb_clk_i (rise edge)
                                  0.000000    0.000000   clock network delay (propagated)
                                  5.000000    5.000000 v input external delay
     2    0.005119    0.027589    0.015766    5.015766 v wb_rst_i (in)
                                                         wb_rst_i (net)
                      0.027591    0.000000    5.015766 v input1/A (sky130_fd_sc_hd__buf_2)
     5    0.144267    0.617235    0.568217    5.583983 v input1/X (sky130_fd_sc_hd__buf_2)
                                                         net1 (net)
                      0.650584    0.105956    5.689939 v fanout25/A (sky130_fd_sc_hd__clkdlybuf4s25_1)
     8    0.042275    0.568549    1.002256    6.692195 v fanout25/X (sky130_fd_sc_hd__clkdlybuf4s25_1)
                                                         net25 (net)
                      0.568589    0.004730    6.696926 v load_slew26/A (sky130_fd_sc_hd__buf_4)
    15    0.062705    0.163925    0.553533    7.250458 v load_slew26/X (sky130_fd_sc_hd__buf_4)
                                                         net26 (net)
                      0.164619    0.008851    7.259309 v _601_/A (sky130_fd_sc_hd__inv_2)
     1    0.003785    0.059054    0.101893    7.361202 ^ _601_/Y (sky130_fd_sc_hd__inv_2)
                                                         _076_ (net)
                      0.059054    0.000195    7.361397 ^ _685_/RESET_B (sky130_fd_sc_hd__dfrtp_2)
                                              7.361397   data arrival time

                                  0.000000    0.000000   clock wb_clk_i (rise edge)
                                  0.000000    0.000000   clock source latency
     2    0.173147    1.249199    0.990660    0.990660 ^ wb_clk_i (in)
                                                         wb_clk_i (net)
                      1.273456    0.000000    0.990660 ^ clkbuf_0_wb_clk_i/A (sky130_fd_sc_hd__clkbuf_16)
    17    0.080878    0.167560    0.739572    1.730232 ^ clkbuf_0_wb_clk_i/X (sky130_fd_sc_hd__clkbuf_16)
                                                         clknet_0_wb_clk_i (net)
                      0.168169    0.008381    1.738613 ^ clkbuf_3_5_0_wb_clk_i/A (sky130_fd_sc_hd__clkbuf_8)
    11    0.039719    0.128953    0.337615    2.076227 ^ clkbuf_3_5_0_wb_clk_i/X (sky130_fd_sc_hd__clkbuf_8)
                                                         clknet_3_5_0_wb_clk_i (net)
                      0.128981    0.001956    2.078182 ^ _685_/CLK (sky130_fd_sc_hd__dfrtp_2)
                                  0.250000    2.328183   clock uncertainty
                                  0.000000    2.328183   clock reconvergence pessimism
                                  0.671862    3.000044   library removal time
                                              3.000044   data required time
---------------------------------------------------------------------------------------------
                                              3.000044   data required time
                                             -7.361397   data arrival time
---------------------------------------------------------------------------------------------
                                              4.361353   slack (MET)


Startpoint: wb_rst_i (input port clocked by wb_clk_i)
Endpoint: _684_ (removal check against rising-edge clock wb_clk_i)
Path Group: asynchronous
Path Type: min

Fanout         Cap        Slew       Delay        Time   Description
---------------------------------------------------------------------------------------------
                                  0.000000    0.000000   clock wb_clk_i (rise edge)
                                  0.000000    0.000000   clock network delay (propagated)
                                  5.000000    5.000000 v input external delay
     2    0.005119    0.027589    0.015766    5.015766 v wb_rst_i (in)
                                                         wb_rst_i (net)
                      0.027591    0.000000    5.015766 v input1/A (sky130_fd_sc_hd__buf_2)
     5    0.144267    0.617235    0.568217    5.583983 v input1/X (sky130_fd_sc_hd__buf_2)
                                                         net1 (net)
                      0.650584    0.105956    5.689939 v fanout25/A (sky130_fd_sc_hd__clkdlybuf4s25_1)
     8    0.042275    0.568549    1.002256    6.692195 v fanout25/X (sky130_fd_sc_hd__clkdlybuf4s25_1)
                                                         net25 (net)
                      0.568589    0.004730    6.696926 v load_slew26/A (sky130_fd_sc_hd__buf_4)
    15    0.062705    0.163925    0.553533    7.250458 v load_slew26/X (sky130_fd_sc_hd__buf_4)
                                                         net26 (net)
                      0.165591    0.013147    7.263606 v _600_/A (sky130_fd_sc_hd__inv_2)
     1    0.003524    0.057778    0.100317    7.363922 ^ _600_/Y (sky130_fd_sc_hd__inv_2)
                                                         _075_ (net)
                      0.057782    0.000177    7.364099 ^ _684_/RESET_B (sky130_fd_sc_hd__dfrtp_2)
                                              7.364099   data arrival time

                                  0.000000    0.000000   clock wb_clk_i (rise edge)
                                  0.000000    0.000000   clock source latency
     2    0.173147    1.249199    0.990660    0.990660 ^ wb_clk_i (in)
                                                         wb_clk_i (net)
                      1.273456    0.000000    0.990660 ^ clkbuf_0_wb_clk_i/A (sky130_fd_sc_hd__clkbuf_16)
    17    0.080878    0.167560    0.739572    1.730232 ^ clkbuf_0_wb_clk_i/X (sky130_fd_sc_hd__clkbuf_16)
                                                         clknet_0_wb_clk_i (net)
                      0.168169    0.008381    1.738613 ^ clkbuf_3_5_0_wb_clk_i/A (sky130_fd_sc_hd__clkbuf_8)
    11    0.039719    0.128953    0.337615    2.076227 ^ clkbuf_3_5_0_wb_clk_i/X (sky130_fd_sc_hd__clkbuf_8)
                                                         clknet_3_5_0_wb_clk_i (net)
                      0.128989    0.002159    2.078386 ^ _684_/CLK (sky130_fd_sc_hd__dfrtp_2)
                                  0.250000    2.328387   clock uncertainty
                                  0.000000    2.328387   clock reconvergence pessimism
                                  0.671474    2.999861   library removal time
                                              2.999861   data required time
---------------------------------------------------------------------------------------------
                                              2.999861   data required time
                                             -7.364099   data arrival time
---------------------------------------------------------------------------------------------
                                              4.364238   slack (MET)


Startpoint: wb_rst_i (input port clocked by wb_clk_i)
Endpoint: _683_ (removal check against rising-edge clock wb_clk_i)
Path Group: asynchronous
Path Type: min

Fanout         Cap        Slew       Delay        Time   Description
---------------------------------------------------------------------------------------------
                                  0.000000    0.000000   clock wb_clk_i (rise edge)
                                  0.000000    0.000000   clock network delay (propagated)
                                  5.000000    5.000000 v input external delay
     2    0.005119    0.027589    0.015766    5.015766 v wb_rst_i (in)
                                                         wb_rst_i (net)
                      0.027591    0.000000    5.015766 v input1/A (sky130_fd_sc_hd__buf_2)
     5    0.144267    0.617235    0.568217    5.583983 v input1/X (sky130_fd_sc_hd__buf_2)
                                                         net1 (net)
                      0.650584    0.105956    5.689939 v fanout25/A (sky130_fd_sc_hd__clkdlybuf4s25_1)
     8    0.042275    0.568549    1.002256    6.692195 v fanout25/X (sky130_fd_sc_hd__clkdlybuf4s25_1)
                                                         net25 (net)
                      0.568589    0.004730    6.696926 v load_slew26/A (sky130_fd_sc_hd__buf_4)
    15    0.062705    0.163925    0.553533    7.250458 v load_slew26/X (sky130_fd_sc_hd__buf_4)
                                                         net26 (net)
                      0.165504    0.012829    7.263287 v _599_/A (sky130_fd_sc_hd__inv_2)
     1    0.003800    0.059318    0.102316    7.365603 ^ _599_/Y (sky130_fd_sc_hd__inv_2)
                                                         _074_ (net)
                      0.059318    0.000190    7.365793 ^ _683_/RESET_B (sky130_fd_sc_hd__dfrtp_2)
                                              7.365793   data arrival time

                                  0.000000    0.000000   clock wb_clk_i (rise edge)
                                  0.000000    0.000000   clock source latency
     2    0.173147    1.249199    0.990660    0.990660 ^ wb_clk_i (in)
                                                         wb_clk_i (net)
                      1.273456    0.000000    0.990660 ^ clkbuf_0_wb_clk_i/A (sky130_fd_sc_hd__clkbuf_16)
    17    0.080878    0.167560    0.739572    1.730232 ^ clkbuf_0_wb_clk_i/X (sky130_fd_sc_hd__clkbuf_16)
                                                         clknet_0_wb_clk_i (net)
                      0.168169    0.008381    1.738613 ^ clkbuf_3_5_0_wb_clk_i/A (sky130_fd_sc_hd__clkbuf_8)
    11    0.039719    0.128953    0.337615    2.076227 ^ clkbuf_3_5_0_wb_clk_i/X (sky130_fd_sc_hd__clkbuf_8)
                                                         clknet_3_5_0_wb_clk_i (net)
                      0.128990    0.002164    2.078391 ^ _683_/CLK (sky130_fd_sc_hd__dfrtp_2)
                                  0.250000    2.328391   clock uncertainty
                                  0.000000    2.328391   clock reconvergence pessimism
                                  0.671945    3.000335   library removal time
                                              3.000335   data required time
---------------------------------------------------------------------------------------------
                                              3.000335   data required time
                                             -7.365793   data arrival time
---------------------------------------------------------------------------------------------
                                              4.365458   slack (MET)


Startpoint: wb_rst_i (input port clocked by wb_clk_i)
Endpoint: _692_ (removal check against rising-edge clock wb_clk_i)
Path Group: asynchronous
Path Type: min

Fanout         Cap        Slew       Delay        Time   Description
---------------------------------------------------------------------------------------------
                                  0.000000    0.000000   clock wb_clk_i (rise edge)
                                  0.000000    0.000000   clock network delay (propagated)
                                  5.000000    5.000000 v input external delay
     2    0.005119    0.027589    0.015766    5.015766 v wb_rst_i (in)
                                                         wb_rst_i (net)
                      0.027591    0.000000    5.015766 v input1/A (sky130_fd_sc_hd__buf_2)
     5    0.144267    0.617235    0.568217    5.583983 v input1/X (sky130_fd_sc_hd__buf_2)
                                                         net1 (net)
                      0.650584    0.105956    5.689939 v fanout25/A (sky130_fd_sc_hd__clkdlybuf4s25_1)
     8    0.042275    0.568549    1.002256    6.692195 v fanout25/X (sky130_fd_sc_hd__clkdlybuf4s25_1)
                                                         net25 (net)
                      0.568589    0.004730    6.696926 v load_slew26/A (sky130_fd_sc_hd__buf_4)
    15    0.062705    0.163925    0.553533    7.250458 v load_slew26/X (sky130_fd_sc_hd__buf_4)
                                                         net26 (net)
                      0.164626    0.008892    7.259350 v _608_/A (sky130_fd_sc_hd__inv_2)
     1    0.003680    0.058454    0.101125    7.360475 ^ _608_/Y (sky130_fd_sc_hd__inv_2)
                                                         _083_ (net)
                      0.058454    0.000185    7.360660 ^ _692_/RESET_B (sky130_fd_sc_hd__dfrtp_2)
                                              7.360660   data arrival time

                                  0.000000    0.000000   clock wb_clk_i (rise edge)
                                  0.000000    0.000000   clock source latency
     2    0.173147    1.249199    0.990660    0.990660 ^ wb_clk_i (in)
                                                         wb_clk_i (net)
                      1.273456    0.000000    0.990660 ^ clkbuf_0_wb_clk_i/A (sky130_fd_sc_hd__clkbuf_16)
    17    0.080878    0.167560    0.739572    1.730232 ^ clkbuf_0_wb_clk_i/X (sky130_fd_sc_hd__clkbuf_16)
                                                         clknet_0_wb_clk_i (net)
                      0.168090    0.007785    1.738017 ^ clkbuf_3_7_0_wb_clk_i/A (sky130_fd_sc_hd__clkbuf_8)
    12    0.037900    0.124575    0.333872    2.071889 ^ clkbuf_3_7_0_wb_clk_i/X (sky130_fd_sc_hd__clkbuf_8)
                                                         clknet_3_7_0_wb_clk_i (net)
                      0.124601    0.001871    2.073760 ^ _692_/CLK (sky130_fd_sc_hd__dfrtp_2)
                                  0.250000    2.323760   clock uncertainty
                                  0.000000    2.323760   clock reconvergence pessimism
                                  0.670355    2.994116   library removal time
                                              2.994116   data required time
---------------------------------------------------------------------------------------------
                                              2.994116   data required time
                                             -7.360660   data arrival time
---------------------------------------------------------------------------------------------
                                              4.366544   slack (MET)


Startpoint: wb_rst_i (input port clocked by wb_clk_i)
Endpoint: _689_ (removal check against rising-edge clock wb_clk_i)
Path Group: asynchronous
Path Type: min

Fanout         Cap        Slew       Delay        Time   Description
---------------------------------------------------------------------------------------------
                                  0.000000    0.000000   clock wb_clk_i (rise edge)
                                  0.000000    0.000000   clock network delay (propagated)
                                  5.000000    5.000000 v input external delay
     2    0.005119    0.027589    0.015766    5.015766 v wb_rst_i (in)
                                                         wb_rst_i (net)
                      0.027591    0.000000    5.015766 v input1/A (sky130_fd_sc_hd__buf_2)
     5    0.144267    0.617235    0.568217    5.583983 v input1/X (sky130_fd_sc_hd__buf_2)
                                                         net1 (net)
                      0.650584    0.105956    5.689939 v fanout25/A (sky130_fd_sc_hd__clkdlybuf4s25_1)
     8    0.042275    0.568549    1.002256    6.692195 v fanout25/X (sky130_fd_sc_hd__clkdlybuf4s25_1)
                                                         net25 (net)
                      0.568589    0.004730    6.696926 v load_slew26/A (sky130_fd_sc_hd__buf_4)
    15    0.062705    0.163925    0.553533    7.250458 v load_slew26/X (sky130_fd_sc_hd__buf_4)
                                                         net26 (net)
                      0.164636    0.008944    7.259402 v _605_/A (sky130_fd_sc_hd__inv_2)
     1    0.003720    0.058686    0.101428    7.360830 ^ _605_/Y (sky130_fd_sc_hd__inv_2)
                                                         _080_ (net)
                      0.058686    0.000186    7.361016 ^ _689_/RESET_B (sky130_fd_sc_hd__dfrtp_2)
                                              7.361016   data arrival time

                                  0.000000    0.000000   clock wb_clk_i (rise edge)
                                  0.000000    0.000000   clock source latency
     2    0.173147    1.249199    0.990660    0.990660 ^ wb_clk_i (in)
                                                         wb_clk_i (net)
                      1.273456    0.000000    0.990660 ^ clkbuf_0_wb_clk_i/A (sky130_fd_sc_hd__clkbuf_16)
    17    0.080878    0.167560    0.739572    1.730232 ^ clkbuf_0_wb_clk_i/X (sky130_fd_sc_hd__clkbuf_16)
                                                         clknet_0_wb_clk_i (net)
                      0.168090    0.007785    1.738017 ^ clkbuf_3_7_0_wb_clk_i/A (sky130_fd_sc_hd__clkbuf_8)
    12    0.037900    0.124575    0.333872    2.071889 ^ clkbuf_3_7_0_wb_clk_i/X (sky130_fd_sc_hd__clkbuf_8)
                                                         clknet_3_7_0_wb_clk_i (net)
                      0.124605    0.001994    2.073883 ^ _689_/CLK (sky130_fd_sc_hd__dfrtp_2)
                                  0.250000    2.323883   clock uncertainty
                                  0.000000    2.323883   clock reconvergence pessimism
                                  0.670428    2.994311   library removal time
                                              2.994311   data required time
---------------------------------------------------------------------------------------------
                                              2.994311   data required time
                                             -7.361016   data arrival time
---------------------------------------------------------------------------------------------
                                              4.366705   slack (MET)


Startpoint: wb_rst_i (input port clocked by wb_clk_i)
Endpoint: _690_ (removal check against rising-edge clock wb_clk_i)
Path Group: asynchronous
Path Type: min

Fanout         Cap        Slew       Delay        Time   Description
---------------------------------------------------------------------------------------------
                                  0.000000    0.000000   clock wb_clk_i (rise edge)
                                  0.000000    0.000000   clock network delay (propagated)
                                  5.000000    5.000000 v input external delay
     2    0.005119    0.027589    0.015766    5.015766 v wb_rst_i (in)
                                                         wb_rst_i (net)
                      0.027591    0.000000    5.015766 v input1/A (sky130_fd_sc_hd__buf_2)
     5    0.144267    0.617235    0.568217    5.583983 v input1/X (sky130_fd_sc_hd__buf_2)
                                                         net1 (net)
                      0.650584    0.105956    5.689939 v fanout25/A (sky130_fd_sc_hd__clkdlybuf4s25_1)
     8    0.042275    0.568549    1.002256    6.692195 v fanout25/X (sky130_fd_sc_hd__clkdlybuf4s25_1)
                                                         net25 (net)
                      0.568589    0.004730    6.696926 v load_slew26/A (sky130_fd_sc_hd__buf_4)
    15    0.062705    0.163925    0.553533    7.250458 v load_slew26/X (sky130_fd_sc_hd__buf_4)
                                                         net26 (net)
                      0.165237    0.011790    7.262248 v _606_/A (sky130_fd_sc_hd__inv_2)
     1    0.003518    0.057671    0.100147    7.362395 ^ _606_/Y (sky130_fd_sc_hd__inv_2)
                                                         _081_ (net)
                      0.057674    0.000176    7.362571 ^ _690_/RESET_B (sky130_fd_sc_hd__dfrtp_2)
                                              7.362571   data arrival time

                                  0.000000    0.000000   clock wb_clk_i (rise edge)
                                  0.000000    0.000000   clock source latency
     2    0.173147    1.249199    0.990660    0.990660 ^ wb_clk_i (in)
                                                         wb_clk_i (net)
                      1.273456    0.000000    0.990660 ^ clkbuf_0_wb_clk_i/A (sky130_fd_sc_hd__clkbuf_16)
    17    0.080878    0.167560    0.739572    1.730232 ^ clkbuf_0_wb_clk_i/X (sky130_fd_sc_hd__clkbuf_16)
                                                         clknet_0_wb_clk_i (net)
                      0.168090    0.007785    1.738017 ^ clkbuf_3_7_0_wb_clk_i/A (sky130_fd_sc_hd__clkbuf_8)
    12    0.037900    0.124575    0.333872    2.071889 ^ clkbuf_3_7_0_wb_clk_i/X (sky130_fd_sc_hd__clkbuf_8)
                                                         clknet_3_7_0_wb_clk_i (net)
                      0.124618    0.002294    2.074184 ^ _690_/CLK (sky130_fd_sc_hd__dfrtp_2)
                                  0.250000    2.324184   clock uncertainty
                                  0.000000    2.324184   clock reconvergence pessimism
                                  0.670122    2.994306   library removal time
                                              2.994306   data required time
---------------------------------------------------------------------------------------------
                                              2.994306   data required time
                                             -7.362571   data arrival time
---------------------------------------------------------------------------------------------
                                              4.368266   slack (MET)


Startpoint: wb_rst_i (input port clocked by wb_clk_i)
Endpoint: _725_ (removal check against rising-edge clock wb_clk_i)
Path Group: asynchronous
Path Type: min

Fanout         Cap        Slew       Delay        Time   Description
---------------------------------------------------------------------------------------------
                                  0.000000    0.000000   clock wb_clk_i (rise edge)
                                  0.000000    0.000000   clock network delay (propagated)
                                  5.000000    5.000000 v input external delay
     2    0.005119    0.027589    0.015766    5.015766 v wb_rst_i (in)
                                                         wb_rst_i (net)
                      0.027591    0.000000    5.015766 v input1/A (sky130_fd_sc_hd__buf_2)
     5    0.144267    0.617235    0.568217    5.583983 v input1/X (sky130_fd_sc_hd__buf_2)
                                                         net1 (net)
                      0.648212    0.102280    5.686264 v fanout19/A (sky130_fd_sc_hd__clkdlybuf4s25_1)
     2    0.011523    0.179903    0.724801    6.411064 v fanout19/X (sky130_fd_sc_hd__clkdlybuf4s25_1)
                                                         net19 (net)
                      0.179903    0.000544    6.411608 v fanout15/A (sky130_fd_sc_hd__clkdlybuf4s25_1)
     8    0.046489    0.621924    0.885484    7.297092 v fanout15/X (sky130_fd_sc_hd__clkdlybuf4s25_1)
                                                         net15 (net)
                      0.621935    0.003233    7.300325 v _641_/A (sky130_fd_sc_hd__inv_2)
     1    0.003460    0.133385    0.200061    7.500386 ^ _641_/Y (sky130_fd_sc_hd__inv_2)
                                                         _116_ (net)
                      0.133386    0.000173    7.500559 ^ _725_/RESET_B (sky130_fd_sc_hd__dfrtp_2)
                                              7.500559   data arrival time

                                  0.000000    0.000000   clock wb_clk_i (rise edge)
                                  0.000000    0.000000   clock source latency
     2    0.173147    1.249199    0.990660    0.990660 ^ wb_clk_i (in)
                                                         wb_clk_i (net)
                      1.273456    0.000000    0.990660 ^ clkbuf_0_wb_clk_i/A (sky130_fd_sc_hd__clkbuf_16)
    17    0.080878    0.167560    0.739572    1.730232 ^ clkbuf_0_wb_clk_i/X (sky130_fd_sc_hd__clkbuf_16)
                                                         clknet_0_wb_clk_i (net)
                      0.168053    0.007496    1.737728 ^ clkbuf_3_2_0_wb_clk_i/A (sky130_fd_sc_hd__clkbuf_8)
    11    0.037375    0.123327    0.332982    2.070710 ^ clkbuf_3_2_0_wb_clk_i/X (sky130_fd_sc_hd__clkbuf_8)
                                                         clknet_3_2_0_wb_clk_i (net)
                      0.123368    0.002228    2.072938 ^ _725_/CLK (sky130_fd_sc_hd__dfrtp_2)
                                  0.250000    2.322939   clock uncertainty
                                  0.000000    2.322939   clock reconvergence pessimism
                                  0.692936    3.015874   library removal time
                                              3.015874   data required time
---------------------------------------------------------------------------------------------
                                              3.015874   data required time
                                             -7.500559   data arrival time
---------------------------------------------------------------------------------------------
                                              4.484685   slack (MET)


Startpoint: wb_rst_i (input port clocked by wb_clk_i)
Endpoint: _720_ (removal check against rising-edge clock wb_clk_i)
Path Group: asynchronous
Path Type: min

Fanout         Cap        Slew       Delay        Time   Description
---------------------------------------------------------------------------------------------
                                  0.000000    0.000000   clock wb_clk_i (rise edge)
                                  0.000000    0.000000   clock network delay (propagated)
                                  5.000000    5.000000 v input external delay
     2    0.005119    0.027589    0.015766    5.015766 v wb_rst_i (in)
                                                         wb_rst_i (net)
                      0.027591    0.000000    5.015766 v input1/A (sky130_fd_sc_hd__buf_2)
     5    0.144267    0.617235    0.568217    5.583983 v input1/X (sky130_fd_sc_hd__buf_2)
                                                         net1 (net)
                      0.648212    0.102280    5.686264 v fanout19/A (sky130_fd_sc_hd__clkdlybuf4s25_1)
     2    0.011523    0.179903    0.724801    6.411064 v fanout19/X (sky130_fd_sc_hd__clkdlybuf4s25_1)
                                                         net19 (net)
                      0.179903    0.000544    6.411608 v fanout15/A (sky130_fd_sc_hd__clkdlybuf4s25_1)
     8    0.046489    0.621924    0.885484    7.297092 v fanout15/X (sky130_fd_sc_hd__clkdlybuf4s25_1)
                                                         net15 (net)
                      0.621940    0.003589    7.300681 v _636_/A (sky130_fd_sc_hd__inv_2)
     1    0.003572    0.134387    0.202009    7.502690 ^ _636_/Y (sky130_fd_sc_hd__inv_2)
                                                         _111_ (net)
                      0.134387    0.000179    7.502869 ^ _720_/RESET_B (sky130_fd_sc_hd__dfrtp_2)
                                              7.502869   data arrival time

                                  0.000000    0.000000   clock wb_clk_i (rise edge)
                                  0.000000    0.000000   clock source latency
     2    0.173147    1.249199    0.990660    0.990660 ^ wb_clk_i (in)
                                                         wb_clk_i (net)
                      1.273456    0.000000    0.990660 ^ clkbuf_0_wb_clk_i/A (sky130_fd_sc_hd__clkbuf_16)
    17    0.080878    0.167560    0.739572    1.730232 ^ clkbuf_0_wb_clk_i/X (sky130_fd_sc_hd__clkbuf_16)
                                                         clknet_0_wb_clk_i (net)
                      0.168053    0.007496    1.737728 ^ clkbuf_3_2_0_wb_clk_i/A (sky130_fd_sc_hd__clkbuf_8)
    11    0.037375    0.123327    0.332982    2.070710 ^ clkbuf_3_2_0_wb_clk_i/X (sky130_fd_sc_hd__clkbuf_8)
                                                         clknet_3_2_0_wb_clk_i (net)
                      0.123366    0.002188    2.072898 ^ _720_/CLK (sky130_fd_sc_hd__dfrtp_2)
                                  0.250000    2.322898   clock uncertainty
                                  0.000000    2.322898   clock reconvergence pessimism
                                  0.693242    3.016140   library removal time
                                              3.016140   data required time
---------------------------------------------------------------------------------------------
                                              3.016140   data required time
                                             -7.502869   data arrival time
---------------------------------------------------------------------------------------------
                                              4.486729   slack (MET)


Startpoint: wb_rst_i (input port clocked by wb_clk_i)
Endpoint: _718_ (removal check against rising-edge clock wb_clk_i)
Path Group: asynchronous
Path Type: min

Fanout         Cap        Slew       Delay        Time   Description
---------------------------------------------------------------------------------------------
                                  0.000000    0.000000   clock wb_clk_i (rise edge)
                                  0.000000    0.000000   clock network delay (propagated)
                                  5.000000    5.000000 v input external delay
     2    0.005119    0.027589    0.015766    5.015766 v wb_rst_i (in)
                                                         wb_rst_i (net)
                      0.027591    0.000000    5.015766 v input1/A (sky130_fd_sc_hd__buf_2)
     5    0.144267    0.617235    0.568217    5.583983 v input1/X (sky130_fd_sc_hd__buf_2)
                                                         net1 (net)
                      0.648212    0.102280    5.686264 v fanout19/A (sky130_fd_sc_hd__clkdlybuf4s25_1)
     2    0.011523    0.179903    0.724801    6.411064 v fanout19/X (sky130_fd_sc_hd__clkdlybuf4s25_1)
                                                         net19 (net)
                      0.179903    0.000544    6.411608 v fanout15/A (sky130_fd_sc_hd__clkdlybuf4s25_1)
     8    0.046489    0.621924    0.885484    7.297092 v fanout15/X (sky130_fd_sc_hd__clkdlybuf4s25_1)
                                                         net15 (net)
                      0.621945    0.003986    7.301078 v _634_/A (sky130_fd_sc_hd__inv_2)
     1    0.003636    0.134968    0.203115    7.504193 ^ _634_/Y (sky130_fd_sc_hd__inv_2)
                                                         _109_ (net)
                      0.134968    0.000180    7.504374 ^ _718_/RESET_B (sky130_fd_sc_hd__dfrtp_2)
                                              7.504374   data arrival time

                                  0.000000    0.000000   clock wb_clk_i (rise edge)
                                  0.000000    0.000000   clock source latency
     2    0.173147    1.249199    0.990660    0.990660 ^ wb_clk_i (in)
                                                         wb_clk_i (net)
                      1.273456    0.000000    0.990660 ^ clkbuf_0_wb_clk_i/A (sky130_fd_sc_hd__clkbuf_16)
    17    0.080878    0.167560    0.739572    1.730232 ^ clkbuf_0_wb_clk_i/X (sky130_fd_sc_hd__clkbuf_16)
                                                         clknet_0_wb_clk_i (net)
                      0.168053    0.007496    1.737728 ^ clkbuf_3_2_0_wb_clk_i/A (sky130_fd_sc_hd__clkbuf_8)
    11    0.037375    0.123327    0.332982    2.070710 ^ clkbuf_3_2_0_wb_clk_i/X (sky130_fd_sc_hd__clkbuf_8)
                                                         clknet_3_2_0_wb_clk_i (net)
                      0.123353    0.001854    2.072565 ^ _718_/CLK (sky130_fd_sc_hd__dfrtp_2)
                                  0.250000    2.322565   clock uncertainty
                                  0.000000    2.322565   clock reconvergence pessimism
                                  0.693416    3.015980   library removal time
                                              3.015980   data required time
---------------------------------------------------------------------------------------------
                                              3.015980   data required time
                                             -7.504374   data arrival time
---------------------------------------------------------------------------------------------
                                              4.488393   slack (MET)


Startpoint: wb_rst_i (input port clocked by wb_clk_i)
Endpoint: _722_ (removal check against rising-edge clock wb_clk_i)
Path Group: asynchronous
Path Type: min

Fanout         Cap        Slew       Delay        Time   Description
---------------------------------------------------------------------------------------------
                                  0.000000    0.000000   clock wb_clk_i (rise edge)
                                  0.000000    0.000000   clock network delay (propagated)
                                  5.000000    5.000000 v input external delay
     2    0.005119    0.027589    0.015766    5.015766 v wb_rst_i (in)
                                                         wb_rst_i (net)
                      0.027591    0.000000    5.015766 v input1/A (sky130_fd_sc_hd__buf_2)
     5    0.144267    0.617235    0.568217    5.583983 v input1/X (sky130_fd_sc_hd__buf_2)
                                                         net1 (net)
                      0.648212    0.102280    5.686264 v fanout19/A (sky130_fd_sc_hd__clkdlybuf4s25_1)
     2    0.011523    0.179903    0.724801    6.411064 v fanout19/X (sky130_fd_sc_hd__clkdlybuf4s25_1)
                                                         net19 (net)
                      0.179903    0.000544    6.411608 v fanout15/A (sky130_fd_sc_hd__clkdlybuf4s25_1)
     8    0.046489    0.621924    0.885484    7.297092 v fanout15/X (sky130_fd_sc_hd__clkdlybuf4s25_1)
                                                         net15 (net)
                      0.621926    0.002220    7.299313 v _638_/A (sky130_fd_sc_hd__inv_2)
     1    0.004047    0.139000    0.210246    7.509559 ^ _638_/Y (sky130_fd_sc_hd__inv_2)
                                                         _113_ (net)
                      0.139000    0.000204    7.509763 ^ _722_/RESET_B (sky130_fd_sc_hd__dfrtp_2)
                                              7.509763   data arrival time

                                  0.000000    0.000000   clock wb_clk_i (rise edge)
                                  0.000000    0.000000   clock source latency
     2    0.173147    1.249199    0.990660    0.990660 ^ wb_clk_i (in)
                                                         wb_clk_i (net)
                      1.273456    0.000000    0.990660 ^ clkbuf_0_wb_clk_i/A (sky130_fd_sc_hd__clkbuf_16)
    17    0.080878    0.167560    0.739572    1.730232 ^ clkbuf_0_wb_clk_i/X (sky130_fd_sc_hd__clkbuf_16)
                                                         clknet_0_wb_clk_i (net)
                      0.168126    0.008069    1.738300 ^ clkbuf_3_0_0_wb_clk_i/A (sky130_fd_sc_hd__clkbuf_8)
    11    0.036469    0.121162    0.331264    2.069565 ^ clkbuf_3_0_0_wb_clk_i/X (sky130_fd_sc_hd__clkbuf_8)
                                                         clknet_3_0_0_wb_clk_i (net)
                      0.121223    0.002573    2.072138 ^ _722_/CLK (sky130_fd_sc_hd__dfrtp_2)
                                  0.250000    2.322138   clock uncertainty
                                  0.000000    2.322138   clock reconvergence pessimism
                                  0.694009    3.016147   library removal time
                                              3.016147   data required time
---------------------------------------------------------------------------------------------
                                              3.016147   data required time
                                             -7.509763   data arrival time
---------------------------------------------------------------------------------------------
                                              4.493616   slack (MET)


Startpoint: wb_rst_i (input port clocked by wb_clk_i)
Endpoint: _723_ (removal check against rising-edge clock wb_clk_i)
Path Group: asynchronous
Path Type: min

Fanout         Cap        Slew       Delay        Time   Description
---------------------------------------------------------------------------------------------
                                  0.000000    0.000000   clock wb_clk_i (rise edge)
                                  0.000000    0.000000   clock network delay (propagated)
                                  5.000000    5.000000 v input external delay
     2    0.005119    0.027589    0.015766    5.015766 v wb_rst_i (in)
                                                         wb_rst_i (net)
                      0.027591    0.000000    5.015766 v input1/A (sky130_fd_sc_hd__buf_2)
     5    0.144267    0.617235    0.568217    5.583983 v input1/X (sky130_fd_sc_hd__buf_2)
                                                         net1 (net)
                      0.648212    0.102280    5.686264 v fanout19/A (sky130_fd_sc_hd__clkdlybuf4s25_1)
     2    0.011523    0.179903    0.724801    6.411064 v fanout19/X (sky130_fd_sc_hd__clkdlybuf4s25_1)
                                                         net19 (net)
                      0.179903    0.000544    6.411608 v fanout15/A (sky130_fd_sc_hd__clkdlybuf4s25_1)
     8    0.046489    0.621924    0.885484    7.297092 v fanout15/X (sky130_fd_sc_hd__clkdlybuf4s25_1)
                                                         net15 (net)
                      0.621924    0.001136    7.298228 v _639_/A (sky130_fd_sc_hd__inv_2)
     1    0.004212    0.140721    0.213081    7.511309 ^ _639_/Y (sky130_fd_sc_hd__inv_2)
                                                         _114_ (net)
                      0.140721    0.000226    7.511535 ^ _723_/RESET_B (sky130_fd_sc_hd__dfrtp_2)
                                              7.511535   data arrival time

                                  0.000000    0.000000   clock wb_clk_i (rise edge)
                                  0.000000    0.000000   clock source latency
     2    0.173147    1.249199    0.990660    0.990660 ^ wb_clk_i (in)
                                                         wb_clk_i (net)
                      1.273456    0.000000    0.990660 ^ clkbuf_0_wb_clk_i/A (sky130_fd_sc_hd__clkbuf_16)
    17    0.080878    0.167560    0.739572    1.730232 ^ clkbuf_0_wb_clk_i/X (sky130_fd_sc_hd__clkbuf_16)
                                                         clknet_0_wb_clk_i (net)
                      0.168126    0.008069    1.738300 ^ clkbuf_3_0_0_wb_clk_i/A (sky130_fd_sc_hd__clkbuf_8)
    11    0.036469    0.121162    0.331264    2.069565 ^ clkbuf_3_0_0_wb_clk_i/X (sky130_fd_sc_hd__clkbuf_8)
                                                         clknet_3_0_0_wb_clk_i (net)
                      0.121224    0.002597    2.072162 ^ _723_/CLK (sky130_fd_sc_hd__dfrtp_2)
                                  0.250000    2.322162   clock uncertainty
                                  0.000000    2.322162   clock reconvergence pessimism
                                  0.694536    3.016698   library removal time
                                              3.016698   data required time
---------------------------------------------------------------------------------------------
                                              3.016698   data required time
                                             -7.511535   data arrival time
---------------------------------------------------------------------------------------------
                                              4.494837   slack (MET)


Startpoint: wb_rst_i (input port clocked by wb_clk_i)
Endpoint: _719_ (removal check against rising-edge clock wb_clk_i)
Path Group: asynchronous
Path Type: min

Fanout         Cap        Slew       Delay        Time   Description
---------------------------------------------------------------------------------------------
                                  0.000000    0.000000   clock wb_clk_i (rise edge)
                                  0.000000    0.000000   clock network delay (propagated)
                                  5.000000    5.000000 v input external delay
     2    0.005119    0.027589    0.015766    5.015766 v wb_rst_i (in)
                                                         wb_rst_i (net)
                      0.027591    0.000000    5.015766 v input1/A (sky130_fd_sc_hd__buf_2)
     5    0.144267    0.617235    0.568217    5.583983 v input1/X (sky130_fd_sc_hd__buf_2)
                                                         net1 (net)
                      0.648212    0.102280    5.686264 v fanout19/A (sky130_fd_sc_hd__clkdlybuf4s25_1)
     2    0.011523    0.179903    0.724801    6.411064 v fanout19/X (sky130_fd_sc_hd__clkdlybuf4s25_1)
                                                         net19 (net)
                      0.179903    0.000544    6.411608 v fanout15/A (sky130_fd_sc_hd__clkdlybuf4s25_1)
     8    0.046489    0.621924    0.885484    7.297092 v fanout15/X (sky130_fd_sc_hd__clkdlybuf4s25_1)
                                                         net15 (net)
                      0.621949    0.004211    7.301303 v _635_/A (sky130_fd_sc_hd__inv_2)
     1    0.004201    0.140596    0.212909    7.514212 ^ _635_/Y (sky130_fd_sc_hd__inv_2)
                                                         _110_ (net)
                      0.140596    0.000210    7.514422 ^ _719_/RESET_B (sky130_fd_sc_hd__dfrtp_2)
                                              7.514422   data arrival time

                                  0.000000    0.000000   clock wb_clk_i (rise edge)
                                  0.000000    0.000000   clock source latency
     2    0.173147    1.249199    0.990660    0.990660 ^ wb_clk_i (in)
                                                         wb_clk_i (net)
                      1.273456    0.000000    0.990660 ^ clkbuf_0_wb_clk_i/A (sky130_fd_sc_hd__clkbuf_16)
    17    0.080878    0.167560    0.739572    1.730232 ^ clkbuf_0_wb_clk_i/X (sky130_fd_sc_hd__clkbuf_16)
                                                         clknet_0_wb_clk_i (net)
                      0.168053    0.007496    1.737728 ^ clkbuf_3_2_0_wb_clk_i/A (sky130_fd_sc_hd__clkbuf_8)
    11    0.037375    0.123327    0.332982    2.070710 ^ clkbuf_3_2_0_wb_clk_i/X (sky130_fd_sc_hd__clkbuf_8)
                                                         clknet_3_2_0_wb_clk_i (net)
                      0.123364    0.002130    2.072841 ^ _719_/CLK (sky130_fd_sc_hd__dfrtp_2)
                                  0.250000    2.322841   clock uncertainty
                                  0.000000    2.322841   clock reconvergence pessimism
                                  0.695143    3.017984   library removal time
                                              3.017984   data required time
---------------------------------------------------------------------------------------------
                                              3.017984   data required time
                                             -7.514422   data arrival time
---------------------------------------------------------------------------------------------
                                              4.496439   slack (MET)


Startpoint: wb_rst_i (input port clocked by wb_clk_i)
Endpoint: _724_ (removal check against rising-edge clock wb_clk_i)
Path Group: asynchronous
Path Type: min

Fanout         Cap        Slew       Delay        Time   Description
---------------------------------------------------------------------------------------------
                                  0.000000    0.000000   clock wb_clk_i (rise edge)
                                  0.000000    0.000000   clock network delay (propagated)
                                  5.000000    5.000000 v input external delay
     2    0.005119    0.027589    0.015766    5.015766 v wb_rst_i (in)
                                                         wb_rst_i (net)
                      0.027591    0.000000    5.015766 v input1/A (sky130_fd_sc_hd__buf_2)
     5    0.144267    0.617235    0.568217    5.583983 v input1/X (sky130_fd_sc_hd__buf_2)
                                                         net1 (net)
                      0.648212    0.102280    5.686264 v fanout19/A (sky130_fd_sc_hd__clkdlybuf4s25_1)
     2    0.011523    0.179903    0.724801    6.411064 v fanout19/X (sky130_fd_sc_hd__clkdlybuf4s25_1)
                                                         net19 (net)
                      0.179903    0.000544    6.411608 v fanout15/A (sky130_fd_sc_hd__clkdlybuf4s25_1)
     8    0.046489    0.621924    0.885484    7.297092 v fanout15/X (sky130_fd_sc_hd__clkdlybuf4s25_1)
                                                         net15 (net)
                      0.621926    0.002300    7.299392 v _640_/A (sky130_fd_sc_hd__inv_2)
     1    0.004752    0.146175    0.222458    7.521850 ^ _640_/Y (sky130_fd_sc_hd__inv_2)
                                                         _115_ (net)
                      0.146175    0.000244    7.522094 ^ _724_/RESET_B (sky130_fd_sc_hd__dfrtp_2)
                                              7.522094   data arrival time

                                  0.000000    0.000000   clock wb_clk_i (rise edge)
                                  0.000000    0.000000   clock source latency
     2    0.173147    1.249199    0.990660    0.990660 ^ wb_clk_i (in)
                                                         wb_clk_i (net)
                      1.273456    0.000000    0.990660 ^ clkbuf_0_wb_clk_i/A (sky130_fd_sc_hd__clkbuf_16)
    17    0.080878    0.167560    0.739572    1.730232 ^ clkbuf_0_wb_clk_i/X (sky130_fd_sc_hd__clkbuf_16)
                                                         clknet_0_wb_clk_i (net)
                      0.168126    0.008069    1.738300 ^ clkbuf_3_0_0_wb_clk_i/A (sky130_fd_sc_hd__clkbuf_8)
    11    0.036469    0.121162    0.331264    2.069565 ^ clkbuf_3_0_0_wb_clk_i/X (sky130_fd_sc_hd__clkbuf_8)
                                                         clknet_3_0_0_wb_clk_i (net)
                      0.121213    0.002398    2.071963 ^ _724_/CLK (sky130_fd_sc_hd__dfrtp_2)
                                  0.250000    2.321963   clock uncertainty
                                  0.000000    2.321963   clock reconvergence pessimism
                                  0.696204    3.018167   library removal time
                                              3.018167   data required time
---------------------------------------------------------------------------------------------
                                              3.018167   data required time
                                             -7.522094   data arrival time
---------------------------------------------------------------------------------------------
                                              4.503928   slack (MET)


Startpoint: wb_rst_i (input port clocked by wb_clk_i)
Endpoint: _696_ (removal check against rising-edge clock wb_clk_i)
Path Group: asynchronous
Path Type: min

Fanout         Cap        Slew       Delay        Time   Description
---------------------------------------------------------------------------------------------
                                  0.000000    0.000000   clock wb_clk_i (rise edge)
                                  0.000000    0.000000   clock network delay (propagated)
                                  5.000000    5.000000 v input external delay
     2    0.005119    0.027589    0.015766    5.015766 v wb_rst_i (in)
                                                         wb_rst_i (net)
                      0.027591    0.000000    5.015766 v input1/A (sky130_fd_sc_hd__buf_2)
     5    0.144267    0.617235    0.568217    5.583983 v input1/X (sky130_fd_sc_hd__buf_2)
                                                         net1 (net)
                      0.648212    0.102280    5.686264 v fanout19/A (sky130_fd_sc_hd__clkdlybuf4s25_1)
     2    0.011523    0.179903    0.724801    6.411064 v fanout19/X (sky130_fd_sc_hd__clkdlybuf4s25_1)
                                                         net19 (net)
                      0.179905    0.000896    6.411960 v wire20/A (sky130_fd_sc_hd__buf_4)
    19    0.072039    0.181068    0.392926    6.804886 v wire20/X (sky130_fd_sc_hd__buf_4)
                                                         net20 (net)
                      0.182013    0.009572    6.814457 v fanout17/A (sky130_fd_sc_hd__clkdlybuf4s25_1)
     9    0.052659    0.702508    0.941061    7.755519 v fanout17/X (sky130_fd_sc_hd__clkdlybuf4s25_1)
                                                         net17 (net)
                      0.702508    0.001251    7.756770 v _612_/A (sky130_fd_sc_hd__inv_2)
     1    0.003710    0.145518    0.214087    7.970856 ^ _612_/Y (sky130_fd_sc_hd__inv_2)
                                                         _087_ (net)
                      0.145518    0.000185    7.971041 ^ _696_/RESET_B (sky130_fd_sc_hd__dfrtp_2)
                                              7.971041   data arrival time

                                  0.000000    0.000000   clock wb_clk_i (rise edge)
                                  0.000000    0.000000   clock source latency
     2    0.173147    1.249199    0.990660    0.990660 ^ wb_clk_i (in)
                                                         wb_clk_i (net)
                      1.273456    0.000000    0.990660 ^ clkbuf_0_wb_clk_i/A (sky130_fd_sc_hd__clkbuf_16)
    17    0.080878    0.167560    0.739572    1.730232 ^ clkbuf_0_wb_clk_i/X (sky130_fd_sc_hd__clkbuf_16)
                                                         clknet_0_wb_clk_i (net)
                      0.168029    0.007298    1.737529 ^ clkbuf_3_1_0_wb_clk_i/A (sky130_fd_sc_hd__clkbuf_8)
    11    0.037900    0.124584    0.334008    2.071537 ^ clkbuf_3_1_0_wb_clk_i/X (sky130_fd_sc_hd__clkbuf_8)
                                                         clknet_3_1_0_wb_clk_i (net)
                      0.124611    0.001880    2.073417 ^ _696_/CLK (sky130_fd_sc_hd__dfrtp_2)
                                  0.250000    2.323417   clock uncertainty
                                  0.000000    2.323417   clock reconvergence pessimism
                                  0.697027    3.020444   library removal time
                                              3.020444   data required time
---------------------------------------------------------------------------------------------
                                              3.020444   data required time
                                             -7.971041   data arrival time
---------------------------------------------------------------------------------------------
                                              4.950596   slack (MET)


Startpoint: wb_rst_i (input port clocked by wb_clk_i)
Endpoint: _749_ (removal check against rising-edge clock wb_clk_i)
Path Group: asynchronous
Path Type: min

Fanout         Cap        Slew       Delay        Time   Description
---------------------------------------------------------------------------------------------
                                  0.000000    0.000000   clock wb_clk_i (rise edge)
                                  0.000000    0.000000   clock network delay (propagated)
                                  5.000000    5.000000 v input external delay
     2    0.005119    0.027589    0.015766    5.015766 v wb_rst_i (in)
                                                         wb_rst_i (net)
                      0.027591    0.000000    5.015766 v input1/A (sky130_fd_sc_hd__buf_2)
     5    0.144267    0.617235    0.568217    5.583983 v input1/X (sky130_fd_sc_hd__buf_2)
                                                         net1 (net)
                      0.648212    0.102280    5.686264 v fanout19/A (sky130_fd_sc_hd__clkdlybuf4s25_1)
     2    0.011523    0.179903    0.724801    6.411064 v fanout19/X (sky130_fd_sc_hd__clkdlybuf4s25_1)
                                                         net19 (net)
                      0.179905    0.000896    6.411960 v wire20/A (sky130_fd_sc_hd__buf_4)
    19    0.072039    0.181068    0.392926    6.804886 v wire20/X (sky130_fd_sc_hd__buf_4)
                                                         net20 (net)
                      0.182013    0.009572    6.814457 v fanout17/A (sky130_fd_sc_hd__clkdlybuf4s25_1)
     9    0.052659    0.702508    0.941061    7.755519 v fanout17/X (sky130_fd_sc_hd__clkdlybuf4s25_1)
                                                         net17 (net)
                      0.702546    0.005278    7.760798 v _665_/A (sky130_fd_sc_hd__inv_2)
     1    0.003705    0.145475    0.214001    7.974799 ^ _665_/Y (sky130_fd_sc_hd__inv_2)
                                                         _140_ (net)
                      0.145475    0.000184    7.974983 ^ _749_/RESET_B (sky130_fd_sc_hd__dfrtp_2)
                                              7.974983   data arrival time

                                  0.000000    0.000000   clock wb_clk_i (rise edge)
                                  0.000000    0.000000   clock source latency
     2    0.173147    1.249199    0.990660    0.990660 ^ wb_clk_i (in)
                                                         wb_clk_i (net)
                      1.273456    0.000000    0.990660 ^ clkbuf_0_wb_clk_i/A (sky130_fd_sc_hd__clkbuf_16)
    17    0.080878    0.167560    0.739572    1.730232 ^ clkbuf_0_wb_clk_i/X (sky130_fd_sc_hd__clkbuf_16)
                                                         clknet_0_wb_clk_i (net)
                      0.168029    0.007298    1.737529 ^ clkbuf_3_1_0_wb_clk_i/A (sky130_fd_sc_hd__clkbuf_8)
    11    0.037900    0.124584    0.334008    2.071537 ^ clkbuf_3_1_0_wb_clk_i/X (sky130_fd_sc_hd__clkbuf_8)
                                                         clknet_3_1_0_wb_clk_i (net)
                      0.124636    0.002458    2.073995 ^ _749_/CLK (sky130_fd_sc_hd__dfrtp_2)
                                  0.250000    2.323995   clock uncertainty
                                  0.000000    2.323995   clock reconvergence pessimism
                                  0.697021    3.021016   library removal time
                                              3.021016   data required time
---------------------------------------------------------------------------------------------
                                              3.021016   data required time
                                             -7.974983   data arrival time
---------------------------------------------------------------------------------------------
                                              4.953966   slack (MET)


Startpoint: wb_rst_i (input port clocked by wb_clk_i)
Endpoint: _698_ (removal check against rising-edge clock wb_clk_i)
Path Group: asynchronous
Path Type: min

Fanout         Cap        Slew       Delay        Time   Description
---------------------------------------------------------------------------------------------
                                  0.000000    0.000000   clock wb_clk_i (rise edge)
                                  0.000000    0.000000   clock network delay (propagated)
                                  5.000000    5.000000 v input external delay
     2    0.005119    0.027589    0.015766    5.015766 v wb_rst_i (in)
                                                         wb_rst_i (net)
                      0.027591    0.000000    5.015766 v input1/A (sky130_fd_sc_hd__buf_2)
     5    0.144267    0.617235    0.568217    5.583983 v input1/X (sky130_fd_sc_hd__buf_2)
                                                         net1 (net)
                      0.648212    0.102280    5.686264 v fanout19/A (sky130_fd_sc_hd__clkdlybuf4s25_1)
     2    0.011523    0.179903    0.724801    6.411064 v fanout19/X (sky130_fd_sc_hd__clkdlybuf4s25_1)
                                                         net19 (net)
                      0.179905    0.000896    6.411960 v wire20/A (sky130_fd_sc_hd__buf_4)
    19    0.072039    0.181068    0.392926    6.804886 v wire20/X (sky130_fd_sc_hd__buf_4)
                                                         net20 (net)
                      0.182013    0.009572    6.814457 v fanout17/A (sky130_fd_sc_hd__clkdlybuf4s25_1)
     9    0.052659    0.702508    0.941061    7.755519 v fanout17/X (sky130_fd_sc_hd__clkdlybuf4s25_1)
                                                         net17 (net)
                      0.702541    0.004980    7.760499 v _614_/A (sky130_fd_sc_hd__inv_2)
     1    0.003708    0.145504    0.214051    7.974550 ^ _614_/Y (sky130_fd_sc_hd__inv_2)
                                                         _089_ (net)
                      0.145504    0.000187    7.974737 ^ _698_/RESET_B (sky130_fd_sc_hd__dfrtp_2)
                                              7.974737   data arrival time

                                  0.000000    0.000000   clock wb_clk_i (rise edge)
                                  0.000000    0.000000   clock source latency
     2    0.173147    1.249199    0.990660    0.990660 ^ wb_clk_i (in)
                                                         wb_clk_i (net)
                      1.273456    0.000000    0.990660 ^ clkbuf_0_wb_clk_i/A (sky130_fd_sc_hd__clkbuf_16)
    17    0.080878    0.167560    0.739572    1.730232 ^ clkbuf_0_wb_clk_i/X (sky130_fd_sc_hd__clkbuf_16)
                                                         clknet_0_wb_clk_i (net)
                      0.168029    0.007298    1.737529 ^ clkbuf_3_1_0_wb_clk_i/A (sky130_fd_sc_hd__clkbuf_8)
    11    0.037900    0.124584    0.334008    2.071537 ^ clkbuf_3_1_0_wb_clk_i/X (sky130_fd_sc_hd__clkbuf_8)
                                                         clknet_3_1_0_wb_clk_i (net)
                      0.124614    0.001961    2.073498 ^ _698_/CLK (sky130_fd_sc_hd__dfrtp_2)
                                  0.250000    2.323498   clock uncertainty
                                  0.000000    2.323498   clock reconvergence pessimism
                                  0.697023    3.020521   library removal time
                                              3.020521   data required time
---------------------------------------------------------------------------------------------
                                              3.020521   data required time
                                             -7.974737   data arrival time
---------------------------------------------------------------------------------------------
                                              4.954216   slack (MET)


Startpoint: wb_rst_i (input port clocked by wb_clk_i)
Endpoint: _695_ (removal check against rising-edge clock wb_clk_i)
Path Group: asynchronous
Path Type: min

Fanout         Cap        Slew       Delay        Time   Description
---------------------------------------------------------------------------------------------
                                  0.000000    0.000000   clock wb_clk_i (rise edge)
                                  0.000000    0.000000   clock network delay (propagated)
                                  5.000000    5.000000 v input external delay
     2    0.005119    0.027589    0.015766    5.015766 v wb_rst_i (in)
                                                         wb_rst_i (net)
                      0.027591    0.000000    5.015766 v input1/A (sky130_fd_sc_hd__buf_2)
     5    0.144267    0.617235    0.568217    5.583983 v input1/X (sky130_fd_sc_hd__buf_2)
                                                         net1 (net)
                      0.648212    0.102280    5.686264 v fanout19/A (sky130_fd_sc_hd__clkdlybuf4s25_1)
     2    0.011523    0.179903    0.724801    6.411064 v fanout19/X (sky130_fd_sc_hd__clkdlybuf4s25_1)
                                                         net19 (net)
                      0.179905    0.000896    6.411960 v wire20/A (sky130_fd_sc_hd__buf_4)
    19    0.072039    0.181068    0.392926    6.804886 v wire20/X (sky130_fd_sc_hd__buf_4)
                                                         net20 (net)
                      0.182013    0.009572    6.814457 v fanout17/A (sky130_fd_sc_hd__clkdlybuf4s25_1)
     9    0.052659    0.702508    0.941061    7.755519 v fanout17/X (sky130_fd_sc_hd__clkdlybuf4s25_1)
                                                         net17 (net)
                      0.702523    0.003783    7.759302 v _611_/A (sky130_fd_sc_hd__inv_2)
     1    0.003832    0.146789    0.216344    7.975646 ^ _611_/Y (sky130_fd_sc_hd__inv_2)
                                                         _086_ (net)
                      0.146789    0.000192    7.975838 ^ _695_/RESET_B (sky130_fd_sc_hd__dfrtp_2)
                                              7.975838   data arrival time

                                  0.000000    0.000000   clock wb_clk_i (rise edge)
                                  0.000000    0.000000   clock source latency
     2    0.173147    1.249199    0.990660    0.990660 ^ wb_clk_i (in)
                                                         wb_clk_i (net)
                      1.273456    0.000000    0.990660 ^ clkbuf_0_wb_clk_i/A (sky130_fd_sc_hd__clkbuf_16)
    17    0.080878    0.167560    0.739572    1.730232 ^ clkbuf_0_wb_clk_i/X (sky130_fd_sc_hd__clkbuf_16)
                                                         clknet_0_wb_clk_i (net)
                      0.168029    0.007298    1.737529 ^ clkbuf_3_1_0_wb_clk_i/A (sky130_fd_sc_hd__clkbuf_8)
    11    0.037900    0.124584    0.334008    2.071537 ^ clkbuf_3_1_0_wb_clk_i/X (sky130_fd_sc_hd__clkbuf_8)
                                                         clknet_3_1_0_wb_clk_i (net)
                      0.124599    0.001512    2.073049 ^ _695_/CLK (sky130_fd_sc_hd__dfrtp_2)
                                  0.250000    2.323049   clock uncertainty
                                  0.000000    2.323049   clock reconvergence pessimism
                                  0.697412    3.020461   library removal time
                                              3.020461   data required time
---------------------------------------------------------------------------------------------
                                              3.020461   data required time
                                             -7.975838   data arrival time
---------------------------------------------------------------------------------------------
                                              4.955377   slack (MET)


Startpoint: wb_rst_i (input port clocked by wb_clk_i)
Endpoint: _747_ (removal check against rising-edge clock wb_clk_i)
Path Group: asynchronous
Path Type: min

Fanout         Cap        Slew       Delay        Time   Description
---------------------------------------------------------------------------------------------
                                  0.000000    0.000000   clock wb_clk_i (rise edge)
                                  0.000000    0.000000   clock network delay (propagated)
                                  5.000000    5.000000 v input external delay
     2    0.005119    0.027589    0.015766    5.015766 v wb_rst_i (in)
                                                         wb_rst_i (net)
                      0.027591    0.000000    5.015766 v input1/A (sky130_fd_sc_hd__buf_2)
     5    0.144267    0.617235    0.568217    5.583983 v input1/X (sky130_fd_sc_hd__buf_2)
                                                         net1 (net)
                      0.648212    0.102280    5.686264 v fanout19/A (sky130_fd_sc_hd__clkdlybuf4s25_1)
     2    0.011523    0.179903    0.724801    6.411064 v fanout19/X (sky130_fd_sc_hd__clkdlybuf4s25_1)
                                                         net19 (net)
                      0.179905    0.000896    6.411960 v wire20/A (sky130_fd_sc_hd__buf_4)
    19    0.072039    0.181068    0.392926    6.804886 v wire20/X (sky130_fd_sc_hd__buf_4)
                                                         net20 (net)
                      0.182013    0.009572    6.814457 v fanout17/A (sky130_fd_sc_hd__clkdlybuf4s25_1)
     9    0.052659    0.702508    0.941061    7.755519 v fanout17/X (sky130_fd_sc_hd__clkdlybuf4s25_1)
                                                         net17 (net)
                      0.702541    0.005014    7.760533 v _663_/A (sky130_fd_sc_hd__inv_2)
     1    0.003901    0.147508    0.217616    7.978149 ^ _663_/Y (sky130_fd_sc_hd__inv_2)
                                                         _138_ (net)
                      0.147508    0.000195    7.978343 ^ _747_/RESET_B (sky130_fd_sc_hd__dfrtp_2)
                                              7.978343   data arrival time

                                  0.000000    0.000000   clock wb_clk_i (rise edge)
                                  0.000000    0.000000   clock source latency
     2    0.173147    1.249199    0.990660    0.990660 ^ wb_clk_i (in)
                                                         wb_clk_i (net)
                      1.273456    0.000000    0.990660 ^ clkbuf_0_wb_clk_i/A (sky130_fd_sc_hd__clkbuf_16)
    17    0.080878    0.167560    0.739572    1.730232 ^ clkbuf_0_wb_clk_i/X (sky130_fd_sc_hd__clkbuf_16)
                                                         clknet_0_wb_clk_i (net)
                      0.168029    0.007298    1.737529 ^ clkbuf_3_1_0_wb_clk_i/A (sky130_fd_sc_hd__clkbuf_8)
    11    0.037900    0.124584    0.334008    2.071537 ^ clkbuf_3_1_0_wb_clk_i/X (sky130_fd_sc_hd__clkbuf_8)
                                                         clknet_3_1_0_wb_clk_i (net)
                      0.124651    0.002740    2.074277 ^ _747_/CLK (sky130_fd_sc_hd__dfrtp_2)
                                  0.250000    2.324277   clock uncertainty
                                  0.000000    2.324277   clock reconvergence pessimism
                                  0.697648    3.021926   library removal time
                                              3.021926   data required time
---------------------------------------------------------------------------------------------
                                              3.021926   data required time
                                             -7.978343   data arrival time
---------------------------------------------------------------------------------------------
                                              4.956418   slack (MET)


Startpoint: wb_rst_i (input port clocked by wb_clk_i)
Endpoint: _694_ (removal check against rising-edge clock wb_clk_i)
Path Group: asynchronous
Path Type: min

Fanout         Cap        Slew       Delay        Time   Description
---------------------------------------------------------------------------------------------
                                  0.000000    0.000000   clock wb_clk_i (rise edge)
                                  0.000000    0.000000   clock network delay (propagated)
                                  5.000000    5.000000 v input external delay
     2    0.005119    0.027589    0.015766    5.015766 v wb_rst_i (in)
                                                         wb_rst_i (net)
                      0.027591    0.000000    5.015766 v input1/A (sky130_fd_sc_hd__buf_2)
     5    0.144267    0.617235    0.568217    5.583983 v input1/X (sky130_fd_sc_hd__buf_2)
                                                         net1 (net)
                      0.648212    0.102280    5.686264 v fanout19/A (sky130_fd_sc_hd__clkdlybuf4s25_1)
     2    0.011523    0.179903    0.724801    6.411064 v fanout19/X (sky130_fd_sc_hd__clkdlybuf4s25_1)
                                                         net19 (net)
                      0.179905    0.000896    6.411960 v wire20/A (sky130_fd_sc_hd__buf_4)
    19    0.072039    0.181068    0.392926    6.804886 v wire20/X (sky130_fd_sc_hd__buf_4)
                                                         net20 (net)
                      0.182013    0.009572    6.814457 v fanout17/A (sky130_fd_sc_hd__clkdlybuf4s25_1)
     9    0.052659    0.702508    0.941061    7.755519 v fanout17/X (sky130_fd_sc_hd__clkdlybuf4s25_1)
                                                         net17 (net)
                      0.702533    0.004518    7.760037 v _610_/A (sky130_fd_sc_hd__inv_2)
     1    0.003926    0.147773    0.218078    7.978115 ^ _610_/Y (sky130_fd_sc_hd__inv_2)
                                                         _085_ (net)
                      0.147773    0.000197    7.978312 ^ _694_/RESET_B (sky130_fd_sc_hd__dfrtp_2)
                                              7.978312   data arrival time

                                  0.000000    0.000000   clock wb_clk_i (rise edge)
                                  0.000000    0.000000   clock source latency
     2    0.173147    1.249199    0.990660    0.990660 ^ wb_clk_i (in)
                                                         wb_clk_i (net)
                      1.273456    0.000000    0.990660 ^ clkbuf_0_wb_clk_i/A (sky130_fd_sc_hd__clkbuf_16)
    17    0.080878    0.167560    0.739572    1.730232 ^ clkbuf_0_wb_clk_i/X (sky130_fd_sc_hd__clkbuf_16)
                                                         clknet_0_wb_clk_i (net)
                      0.168029    0.007298    1.737529 ^ clkbuf_3_1_0_wb_clk_i/A (sky130_fd_sc_hd__clkbuf_8)
    11    0.037900    0.124584    0.334008    2.071537 ^ clkbuf_3_1_0_wb_clk_i/X (sky130_fd_sc_hd__clkbuf_8)
                                                         clknet_3_1_0_wb_clk_i (net)
                      0.124605    0.001710    2.073248 ^ _694_/CLK (sky130_fd_sc_hd__dfrtp_2)
                                  0.250000    2.323248   clock uncertainty
                                  0.000000    2.323248   clock reconvergence pessimism
                                  0.697715    3.020963   library removal time
                                              3.020963   data required time
---------------------------------------------------------------------------------------------
                                              3.020963   data required time
                                             -7.978312   data arrival time
---------------------------------------------------------------------------------------------
                                              4.957349   slack (MET)


Startpoint: wb_rst_i (input port clocked by wb_clk_i)
Endpoint: _748_ (removal check against rising-edge clock wb_clk_i)
Path Group: asynchronous
Path Type: min

Fanout         Cap        Slew       Delay        Time   Description
---------------------------------------------------------------------------------------------
                                  0.000000    0.000000   clock wb_clk_i (rise edge)
                                  0.000000    0.000000   clock network delay (propagated)
                                  5.000000    5.000000 v input external delay
     2    0.005119    0.027589    0.015766    5.015766 v wb_rst_i (in)
                                                         wb_rst_i (net)
                      0.027591    0.000000    5.015766 v input1/A (sky130_fd_sc_hd__buf_2)
     5    0.144267    0.617235    0.568217    5.583983 v input1/X (sky130_fd_sc_hd__buf_2)
                                                         net1 (net)
                      0.648212    0.102280    5.686264 v fanout19/A (sky130_fd_sc_hd__clkdlybuf4s25_1)
     2    0.011523    0.179903    0.724801    6.411064 v fanout19/X (sky130_fd_sc_hd__clkdlybuf4s25_1)
                                                         net19 (net)
                      0.179905    0.000896    6.411960 v wire20/A (sky130_fd_sc_hd__buf_4)
    19    0.072039    0.181068    0.392926    6.804886 v wire20/X (sky130_fd_sc_hd__buf_4)
                                                         net20 (net)
                      0.182013    0.009572    6.814457 v fanout17/A (sky130_fd_sc_hd__clkdlybuf4s25_1)
     9    0.052659    0.702508    0.941061    7.755519 v fanout17/X (sky130_fd_sc_hd__clkdlybuf4s25_1)
                                                         net17 (net)
                      0.702538    0.004834    7.760354 v _664_/A (sky130_fd_sc_hd__inv_2)
     1    0.004061    0.149227    0.220576    7.980930 ^ _664_/Y (sky130_fd_sc_hd__inv_2)
                                                         _139_ (net)
                      0.149227    0.000205    7.981135 ^ _748_/RESET_B (sky130_fd_sc_hd__dfrtp_2)
                                              7.981135   data arrival time

                                  0.000000    0.000000   clock wb_clk_i (rise edge)
                                  0.000000    0.000000   clock source latency
     2    0.173147    1.249199    0.990660    0.990660 ^ wb_clk_i (in)
                                                         wb_clk_i (net)
                      1.273456    0.000000    0.990660 ^ clkbuf_0_wb_clk_i/A (sky130_fd_sc_hd__clkbuf_16)
    17    0.080878    0.167560    0.739572    1.730232 ^ clkbuf_0_wb_clk_i/X (sky130_fd_sc_hd__clkbuf_16)
                                                         clknet_0_wb_clk_i (net)
                      0.168029    0.007298    1.737529 ^ clkbuf_3_1_0_wb_clk_i/A (sky130_fd_sc_hd__clkbuf_8)
    11    0.037900    0.124584    0.334008    2.071537 ^ clkbuf_3_1_0_wb_clk_i/X (sky130_fd_sc_hd__clkbuf_8)
                                                         clknet_3_1_0_wb_clk_i (net)
                      0.124645    0.002623    2.074160 ^ _748_/CLK (sky130_fd_sc_hd__dfrtp_2)
                                  0.250000    2.324160   clock uncertainty
                                  0.000000    2.324160   clock reconvergence pessimism
                                  0.698173    3.022333   library removal time
                                              3.022333   data required time
---------------------------------------------------------------------------------------------
                                              3.022333   data required time
                                             -7.981135   data arrival time
---------------------------------------------------------------------------------------------
                                              4.958802   slack (MET)


Startpoint: wb_rst_i (input port clocked by wb_clk_i)
Endpoint: _699_ (removal check against rising-edge clock wb_clk_i)
Path Group: asynchronous
Path Type: min

Fanout         Cap        Slew       Delay        Time   Description
---------------------------------------------------------------------------------------------
                                  0.000000    0.000000   clock wb_clk_i (rise edge)
                                  0.000000    0.000000   clock network delay (propagated)
                                  5.000000    5.000000 v input external delay
     2    0.005119    0.027589    0.015766    5.015766 v wb_rst_i (in)
                                                         wb_rst_i (net)
                      0.027591    0.000000    5.015766 v input1/A (sky130_fd_sc_hd__buf_2)
     5    0.144267    0.617235    0.568217    5.583983 v input1/X (sky130_fd_sc_hd__buf_2)
                                                         net1 (net)
                      0.648212    0.102280    5.686264 v fanout19/A (sky130_fd_sc_hd__clkdlybuf4s25_1)
     2    0.011523    0.179903    0.724801    6.411064 v fanout19/X (sky130_fd_sc_hd__clkdlybuf4s25_1)
                                                         net19 (net)
                      0.179905    0.000896    6.411960 v wire20/A (sky130_fd_sc_hd__buf_4)
    19    0.072039    0.181068    0.392926    6.804886 v wire20/X (sky130_fd_sc_hd__buf_4)
                                                         net20 (net)
                      0.182013    0.009572    6.814457 v fanout17/A (sky130_fd_sc_hd__clkdlybuf4s25_1)
     9    0.052659    0.702508    0.941061    7.755519 v fanout17/X (sky130_fd_sc_hd__clkdlybuf4s25_1)
                                                         net17 (net)
                      0.702543    0.005087    7.760607 v _615_/A (sky130_fd_sc_hd__inv_2)
     1    0.004048    0.149078    0.220331    7.980938 ^ _615_/Y (sky130_fd_sc_hd__inv_2)
                                                         _090_ (net)
                      0.149078    0.000204    7.981142 ^ _699_/RESET_B (sky130_fd_sc_hd__dfrtp_2)
                                              7.981142   data arrival time

                                  0.000000    0.000000   clock wb_clk_i (rise edge)
                                  0.000000    0.000000   clock source latency
     2    0.173147    1.249199    0.990660    0.990660 ^ wb_clk_i (in)
                                                         wb_clk_i (net)
                      1.273456    0.000000    0.990660 ^ clkbuf_0_wb_clk_i/A (sky130_fd_sc_hd__clkbuf_16)
    17    0.080878    0.167560    0.739572    1.730232 ^ clkbuf_0_wb_clk_i/X (sky130_fd_sc_hd__clkbuf_16)
                                                         clknet_0_wb_clk_i (net)
                      0.167859    0.005697    1.735929 ^ clkbuf_3_3_0_wb_clk_i/A (sky130_fd_sc_hd__clkbuf_8)
    11    0.038093    0.125050    0.334284    2.070213 ^ clkbuf_3_3_0_wb_clk_i/X (sky130_fd_sc_hd__clkbuf_8)
                                                         clknet_3_3_0_wb_clk_i (net)
                      0.125092    0.002254    2.072467 ^ _699_/CLK (sky130_fd_sc_hd__dfrtp_2)
                                  0.250000    2.322467   clock uncertainty
                                  0.000000    2.322467   clock reconvergence pessimism
                                  0.698262    3.020730   library removal time
                                              3.020730   data required time
---------------------------------------------------------------------------------------------
                                              3.020730   data required time
                                             -7.981142   data arrival time
---------------------------------------------------------------------------------------------
                                              4.960413   slack (MET)


Startpoint: wb_rst_i (input port clocked by wb_clk_i)
Endpoint: _706_ (removal check against rising-edge clock wb_clk_i)
Path Group: asynchronous
Path Type: min

Fanout         Cap        Slew       Delay        Time   Description
---------------------------------------------------------------------------------------------
                                  0.000000    0.000000   clock wb_clk_i (rise edge)
                                  0.000000    0.000000   clock network delay (propagated)
                                  5.000000    5.000000 v input external delay
     2    0.005119    0.027589    0.015766    5.015766 v wb_rst_i (in)
                                                         wb_rst_i (net)
                      0.027591    0.000000    5.015766 v input1/A (sky130_fd_sc_hd__buf_2)
     5    0.144267    0.617235    0.568217    5.583983 v input1/X (sky130_fd_sc_hd__buf_2)
                                                         net1 (net)
                      0.648212    0.102280    5.686264 v fanout19/A (sky130_fd_sc_hd__clkdlybuf4s25_1)
     2    0.011523    0.179903    0.724801    6.411064 v fanout19/X (sky130_fd_sc_hd__clkdlybuf4s25_1)
                                                         net19 (net)
                      0.179903    0.000544    6.411608 v fanout15/A (sky130_fd_sc_hd__clkdlybuf4s25_1)
     8    0.046489    0.621924    0.885484    7.297092 v fanout15/X (sky130_fd_sc_hd__clkdlybuf4s25_1)
                                                         net15 (net)
                      0.621927    0.002381    7.299473 v load_slew16/A (sky130_fd_sc_hd__buf_4)
     9    0.057312    0.152004    0.571897    7.871369 v load_slew16/X (sky130_fd_sc_hd__buf_4)
                                                         net16 (net)
                      0.152318    0.005745    7.877114 v _622_/A (sky130_fd_sc_hd__inv_2)
     1    0.003462    0.054773    0.095329    7.972444 ^ _622_/Y (sky130_fd_sc_hd__inv_2)
                                                         _097_ (net)
                      0.054773    0.000175    7.972619 ^ _706_/RESET_B (sky130_fd_sc_hd__dfrtp_2)
                                              7.972619   data arrival time

                                  0.000000    0.000000   clock wb_clk_i (rise edge)
                                  0.000000    0.000000   clock source latency
     2    0.173147    1.249199    0.990660    0.990660 ^ wb_clk_i (in)
                                                         wb_clk_i (net)
                      1.273456    0.000000    0.990660 ^ clkbuf_0_wb_clk_i/A (sky130_fd_sc_hd__clkbuf_16)
    17    0.080878    0.167560    0.739572    1.730232 ^ clkbuf_0_wb_clk_i/X (sky130_fd_sc_hd__clkbuf_16)
                                                         clknet_0_wb_clk_i (net)
                      0.168053    0.007496    1.737728 ^ clkbuf_3_2_0_wb_clk_i/A (sky130_fd_sc_hd__clkbuf_8)
    11    0.037375    0.123327    0.332982    2.070710 ^ clkbuf_3_2_0_wb_clk_i/X (sky130_fd_sc_hd__clkbuf_8)
                                                         clknet_3_2_0_wb_clk_i (net)
                      0.123370    0.002272    2.072982 ^ _706_/CLK (sky130_fd_sc_hd__dfrtp_2)
                                  0.250000    2.322982   clock uncertainty
                                  0.000000    2.322982   clock reconvergence pessimism
                                  0.668856    2.991838   library removal time
                                              2.991838   data required time
---------------------------------------------------------------------------------------------
                                              2.991838   data required time
                                             -7.972619   data arrival time
---------------------------------------------------------------------------------------------
                                              4.980781   slack (MET)


Startpoint: wb_rst_i (input port clocked by wb_clk_i)
Endpoint: _712_ (removal check against rising-edge clock wb_clk_i)
Path Group: asynchronous
Path Type: min

Fanout         Cap        Slew       Delay        Time   Description
---------------------------------------------------------------------------------------------
                                  0.000000    0.000000   clock wb_clk_i (rise edge)
                                  0.000000    0.000000   clock network delay (propagated)
                                  5.000000    5.000000 v input external delay
     2    0.005119    0.027589    0.015766    5.015766 v wb_rst_i (in)
                                                         wb_rst_i (net)
                      0.027591    0.000000    5.015766 v input1/A (sky130_fd_sc_hd__buf_2)
     5    0.144267    0.617235    0.568217    5.583983 v input1/X (sky130_fd_sc_hd__buf_2)
                                                         net1 (net)
                      0.648212    0.102280    5.686264 v fanout19/A (sky130_fd_sc_hd__clkdlybuf4s25_1)
     2    0.011523    0.179903    0.724801    6.411064 v fanout19/X (sky130_fd_sc_hd__clkdlybuf4s25_1)
                                                         net19 (net)
                      0.179903    0.000544    6.411608 v fanout15/A (sky130_fd_sc_hd__clkdlybuf4s25_1)
     8    0.046489    0.621924    0.885484    7.297092 v fanout15/X (sky130_fd_sc_hd__clkdlybuf4s25_1)
                                                         net15 (net)
                      0.621927    0.002381    7.299473 v load_slew16/A (sky130_fd_sc_hd__buf_4)
     9    0.057312    0.152004    0.571897    7.871369 v load_slew16/X (sky130_fd_sc_hd__buf_4)
                                                         net16 (net)
                      0.152099    0.003389    7.874759 v _628_/A (sky130_fd_sc_hd__inv_2)
     1    0.003685    0.055955    0.096812    7.971571 ^ _628_/Y (sky130_fd_sc_hd__inv_2)
                                                         _103_ (net)
                      0.055955    0.000187    7.971758 ^ _712_/RESET_B (sky130_fd_sc_hd__dfrtp_2)
                                              7.971758   data arrival time

                                  0.000000    0.000000   clock wb_clk_i (rise edge)
                                  0.000000    0.000000   clock source latency
     2    0.173147    1.249199    0.990660    0.990660 ^ wb_clk_i (in)
                                                         wb_clk_i (net)
                      1.273456    0.000000    0.990660 ^ clkbuf_0_wb_clk_i/A (sky130_fd_sc_hd__clkbuf_16)
    17    0.080878    0.167560    0.739572    1.730232 ^ clkbuf_0_wb_clk_i/X (sky130_fd_sc_hd__clkbuf_16)
                                                         clknet_0_wb_clk_i (net)
                      0.168126    0.008069    1.738300 ^ clkbuf_3_0_0_wb_clk_i/A (sky130_fd_sc_hd__clkbuf_8)
    11    0.036469    0.121162    0.331264    2.069565 ^ clkbuf_3_0_0_wb_clk_i/X (sky130_fd_sc_hd__clkbuf_8)
                                                         clknet_3_0_0_wb_clk_i (net)
                      0.121189    0.001843    2.071408 ^ _712_/CLK (sky130_fd_sc_hd__dfrtp_2)
                                  0.250000    2.321408   clock uncertainty
                                  0.000000    2.321408   clock reconvergence pessimism
                                  0.668560    2.989968   library removal time
                                              2.989968   data required time
---------------------------------------------------------------------------------------------
                                              2.989968   data required time
                                             -7.971758   data arrival time
---------------------------------------------------------------------------------------------
                                              4.981790   slack (MET)


Startpoint: wb_rst_i (input port clocked by wb_clk_i)
Endpoint: _721_ (removal check against rising-edge clock wb_clk_i)
Path Group: asynchronous
Path Type: min

Fanout         Cap        Slew       Delay        Time   Description
---------------------------------------------------------------------------------------------
                                  0.000000    0.000000   clock wb_clk_i (rise edge)
                                  0.000000    0.000000   clock network delay (propagated)
                                  5.000000    5.000000 v input external delay
     2    0.005119    0.027589    0.015766    5.015766 v wb_rst_i (in)
                                                         wb_rst_i (net)
                      0.027591    0.000000    5.015766 v input1/A (sky130_fd_sc_hd__buf_2)
     5    0.144267    0.617235    0.568217    5.583983 v input1/X (sky130_fd_sc_hd__buf_2)
                                                         net1 (net)
                      0.648212    0.102280    5.686264 v fanout19/A (sky130_fd_sc_hd__clkdlybuf4s25_1)
     2    0.011523    0.179903    0.724801    6.411064 v fanout19/X (sky130_fd_sc_hd__clkdlybuf4s25_1)
                                                         net19 (net)
                      0.179903    0.000544    6.411608 v fanout15/A (sky130_fd_sc_hd__clkdlybuf4s25_1)
     8    0.046489    0.621924    0.885484    7.297092 v fanout15/X (sky130_fd_sc_hd__clkdlybuf4s25_1)
                                                         net15 (net)
                      0.621927    0.002381    7.299473 v load_slew16/A (sky130_fd_sc_hd__buf_4)
     9    0.057312    0.152004    0.571897    7.871369 v load_slew16/X (sky130_fd_sc_hd__buf_4)
                                                         net16 (net)
                      0.152049    0.002468    7.873838 v _637_/A (sky130_fd_sc_hd__inv_2)
     1    0.003929    0.057331    0.098495    7.972333 ^ _637_/Y (sky130_fd_sc_hd__inv_2)
                                                         _112_ (net)
                      0.057332    0.000199    7.972532 ^ _721_/RESET_B (sky130_fd_sc_hd__dfrtp_2)
                                              7.972532   data arrival time

                                  0.000000    0.000000   clock wb_clk_i (rise edge)
                                  0.000000    0.000000   clock source latency
     2    0.173147    1.249199    0.990660    0.990660 ^ wb_clk_i (in)
                                                         wb_clk_i (net)
                      1.273456    0.000000    0.990660 ^ clkbuf_0_wb_clk_i/A (sky130_fd_sc_hd__clkbuf_16)
    17    0.080878    0.167560    0.739572    1.730232 ^ clkbuf_0_wb_clk_i/X (sky130_fd_sc_hd__clkbuf_16)
                                                         clknet_0_wb_clk_i (net)
                      0.168126    0.008069    1.738300 ^ clkbuf_3_0_0_wb_clk_i/A (sky130_fd_sc_hd__clkbuf_8)
    11    0.036469    0.121162    0.331264    2.069565 ^ clkbuf_3_0_0_wb_clk_i/X (sky130_fd_sc_hd__clkbuf_8)
                                                         clknet_3_0_0_wb_clk_i (net)
                      0.121199    0.002103    2.071668 ^ _721_/CLK (sky130_fd_sc_hd__dfrtp_2)
                                  0.250000    2.321668   clock uncertainty
                                  0.000000    2.321668   clock reconvergence pessimism
                                  0.668985    2.990653   library removal time
                                              2.990653   data required time
---------------------------------------------------------------------------------------------
                                              2.990653   data required time
                                             -7.972532   data arrival time
---------------------------------------------------------------------------------------------
                                              4.981880   slack (MET)


Startpoint: wb_rst_i (input port clocked by wb_clk_i)
Endpoint: _711_ (removal check against rising-edge clock wb_clk_i)
Path Group: asynchronous
Path Type: min

Fanout         Cap        Slew       Delay        Time   Description
---------------------------------------------------------------------------------------------
                                  0.000000    0.000000   clock wb_clk_i (rise edge)
                                  0.000000    0.000000   clock network delay (propagated)
                                  5.000000    5.000000 v input external delay
     2    0.005119    0.027589    0.015766    5.015766 v wb_rst_i (in)
                                                         wb_rst_i (net)
                      0.027591    0.000000    5.015766 v input1/A (sky130_fd_sc_hd__buf_2)
     5    0.144267    0.617235    0.568217    5.583983 v input1/X (sky130_fd_sc_hd__buf_2)
                                                         net1 (net)
                      0.648212    0.102280    5.686264 v fanout19/A (sky130_fd_sc_hd__clkdlybuf4s25_1)
     2    0.011523    0.179903    0.724801    6.411064 v fanout19/X (sky130_fd_sc_hd__clkdlybuf4s25_1)
                                                         net19 (net)
                      0.179903    0.000544    6.411608 v fanout15/A (sky130_fd_sc_hd__clkdlybuf4s25_1)
     8    0.046489    0.621924    0.885484    7.297092 v fanout15/X (sky130_fd_sc_hd__clkdlybuf4s25_1)
                                                         net15 (net)
                      0.621927    0.002381    7.299473 v load_slew16/A (sky130_fd_sc_hd__buf_4)
     9    0.057312    0.152004    0.571897    7.871369 v load_slew16/X (sky130_fd_sc_hd__buf_4)
                                                         net16 (net)
                      0.152112    0.003574    7.874944 v _627_/A (sky130_fd_sc_hd__inv_2)
     1    0.003978    0.057627    0.098864    7.973808 ^ _627_/Y (sky130_fd_sc_hd__inv_2)
                                                         _102_ (net)
                      0.057627    0.000197    7.974005 ^ _711_/RESET_B (sky130_fd_sc_hd__dfrtp_2)
                                              7.974005   data arrival time

                                  0.000000    0.000000   clock wb_clk_i (rise edge)
                                  0.000000    0.000000   clock source latency
     2    0.173147    1.249199    0.990660    0.990660 ^ wb_clk_i (in)
                                                         wb_clk_i (net)
                      1.273456    0.000000    0.990660 ^ clkbuf_0_wb_clk_i/A (sky130_fd_sc_hd__clkbuf_16)
    17    0.080878    0.167560    0.739572    1.730232 ^ clkbuf_0_wb_clk_i/X (sky130_fd_sc_hd__clkbuf_16)
                                                         clknet_0_wb_clk_i (net)
                      0.168126    0.008069    1.738300 ^ clkbuf_3_0_0_wb_clk_i/A (sky130_fd_sc_hd__clkbuf_8)
    11    0.036469    0.121162    0.331264    2.069565 ^ clkbuf_3_0_0_wb_clk_i/X (sky130_fd_sc_hd__clkbuf_8)
                                                         clknet_3_0_0_wb_clk_i (net)
                      0.121187    0.001784    2.071349 ^ _711_/CLK (sky130_fd_sc_hd__dfrtp_2)
                                  0.250000    2.321349   clock uncertainty
                                  0.000000    2.321349   clock reconvergence pessimism
                                  0.669071    2.990421   library removal time
                                              2.990421   data required time
---------------------------------------------------------------------------------------------
                                              2.990421   data required time
                                             -7.974005   data arrival time
---------------------------------------------------------------------------------------------
                                              4.983584   slack (MET)


Startpoint: wb_rst_i (input port clocked by wb_clk_i)
Endpoint: _708_ (removal check against rising-edge clock wb_clk_i)
Path Group: asynchronous
Path Type: min

Fanout         Cap        Slew       Delay        Time   Description
---------------------------------------------------------------------------------------------
                                  0.000000    0.000000   clock wb_clk_i (rise edge)
                                  0.000000    0.000000   clock network delay (propagated)
                                  5.000000    5.000000 v input external delay
     2    0.005119    0.027589    0.015766    5.015766 v wb_rst_i (in)
                                                         wb_rst_i (net)
                      0.027591    0.000000    5.015766 v input1/A (sky130_fd_sc_hd__buf_2)
     5    0.144267    0.617235    0.568217    5.583983 v input1/X (sky130_fd_sc_hd__buf_2)
                                                         net1 (net)
                      0.648212    0.102280    5.686264 v fanout19/A (sky130_fd_sc_hd__clkdlybuf4s25_1)
     2    0.011523    0.179903    0.724801    6.411064 v fanout19/X (sky130_fd_sc_hd__clkdlybuf4s25_1)
                                                         net19 (net)
                      0.179903    0.000544    6.411608 v fanout15/A (sky130_fd_sc_hd__clkdlybuf4s25_1)
     8    0.046489    0.621924    0.885484    7.297092 v fanout15/X (sky130_fd_sc_hd__clkdlybuf4s25_1)
                                                         net15 (net)
                      0.621927    0.002381    7.299473 v load_slew16/A (sky130_fd_sc_hd__buf_4)
     9    0.057312    0.152004    0.571897    7.871369 v load_slew16/X (sky130_fd_sc_hd__buf_4)
                                                         net16 (net)
                      0.152344    0.005962    7.877332 v _624_/A (sky130_fd_sc_hd__inv_2)
     1    0.004124    0.058554    0.099965    7.977297 ^ _624_/Y (sky130_fd_sc_hd__inv_2)
                                                         _099_ (net)
                      0.058554    0.000205    7.977502 ^ _708_/RESET_B (sky130_fd_sc_hd__dfrtp_2)
                                              7.977502   data arrival time

                                  0.000000    0.000000   clock wb_clk_i (rise edge)
                                  0.000000    0.000000   clock source latency
     2    0.173147    1.249199    0.990660    0.990660 ^ wb_clk_i (in)
                                                         wb_clk_i (net)
                      1.273456    0.000000    0.990660 ^ clkbuf_0_wb_clk_i/A (sky130_fd_sc_hd__clkbuf_16)
    17    0.080878    0.167560    0.739572    1.730232 ^ clkbuf_0_wb_clk_i/X (sky130_fd_sc_hd__clkbuf_16)
                                                         clknet_0_wb_clk_i (net)
                      0.168029    0.007298    1.737529 ^ clkbuf_3_1_0_wb_clk_i/A (sky130_fd_sc_hd__clkbuf_8)
    11    0.037900    0.124584    0.334008    2.071537 ^ clkbuf_3_1_0_wb_clk_i/X (sky130_fd_sc_hd__clkbuf_8)
                                                         clknet_3_1_0_wb_clk_i (net)
                      0.124614    0.001957    2.073494 ^ _708_/CLK (sky130_fd_sc_hd__dfrtp_2)
                                  0.250000    2.323495   clock uncertainty
                                  0.000000    2.323495   clock reconvergence pessimism
                                  0.670390    2.993884   library removal time
                                              2.993884   data required time
---------------------------------------------------------------------------------------------
                                              2.993884   data required time
                                             -7.977502   data arrival time
---------------------------------------------------------------------------------------------
                                              4.983618   slack (MET)


Startpoint: wb_rst_i (input port clocked by wb_clk_i)
Endpoint: _709_ (removal check against rising-edge clock wb_clk_i)
Path Group: asynchronous
Path Type: min

Fanout         Cap        Slew       Delay        Time   Description
---------------------------------------------------------------------------------------------
                                  0.000000    0.000000   clock wb_clk_i (rise edge)
                                  0.000000    0.000000   clock network delay (propagated)
                                  5.000000    5.000000 v input external delay
     2    0.005119    0.027589    0.015766    5.015766 v wb_rst_i (in)
                                                         wb_rst_i (net)
                      0.027591    0.000000    5.015766 v input1/A (sky130_fd_sc_hd__buf_2)
     5    0.144267    0.617235    0.568217    5.583983 v input1/X (sky130_fd_sc_hd__buf_2)
                                                         net1 (net)
                      0.648212    0.102280    5.686264 v fanout19/A (sky130_fd_sc_hd__clkdlybuf4s25_1)
     2    0.011523    0.179903    0.724801    6.411064 v fanout19/X (sky130_fd_sc_hd__clkdlybuf4s25_1)
                                                         net19 (net)
                      0.179903    0.000544    6.411608 v fanout15/A (sky130_fd_sc_hd__clkdlybuf4s25_1)
     8    0.046489    0.621924    0.885484    7.297092 v fanout15/X (sky130_fd_sc_hd__clkdlybuf4s25_1)
                                                         net15 (net)
                      0.621927    0.002381    7.299473 v load_slew16/A (sky130_fd_sc_hd__buf_4)
     9    0.057312    0.152004    0.571897    7.871369 v load_slew16/X (sky130_fd_sc_hd__buf_4)
                                                         net16 (net)
                      0.152289    0.005500    7.876869 v _625_/A (sky130_fd_sc_hd__inv_2)
     1    0.003635    0.055712    0.096527    7.973396 ^ _625_/Y (sky130_fd_sc_hd__inv_2)
                                                         _100_ (net)
                      0.055712    0.000183    7.973579 ^ _709_/RESET_B (sky130_fd_sc_hd__dfrtp_2)
                                              7.973579   data arrival time

                                  0.000000    0.000000   clock wb_clk_i (rise edge)
                                  0.000000    0.000000   clock source latency
     2    0.173147    1.249199    0.990660    0.990660 ^ wb_clk_i (in)
                                                         wb_clk_i (net)
                      1.273456    0.000000    0.990660 ^ clkbuf_0_wb_clk_i/A (sky130_fd_sc_hd__clkbuf_16)
    17    0.080878    0.167560    0.739572    1.730232 ^ clkbuf_0_wb_clk_i/X (sky130_fd_sc_hd__clkbuf_16)
                                                         clknet_0_wb_clk_i (net)
                      0.168126    0.008069    1.738300 ^ clkbuf_3_0_0_wb_clk_i/A (sky130_fd_sc_hd__clkbuf_8)
    11    0.036469    0.121162    0.331264    2.069565 ^ clkbuf_3_0_0_wb_clk_i/X (sky130_fd_sc_hd__clkbuf_8)
                                                         clknet_3_0_0_wb_clk_i (net)
                      0.121187    0.001789    2.071354 ^ _709_/CLK (sky130_fd_sc_hd__dfrtp_2)
                                  0.250000    2.321354   clock uncertainty
                                  0.000000    2.321354   clock reconvergence pessimism
                                  0.668485    2.989839   library removal time
                                              2.989839   data required time
---------------------------------------------------------------------------------------------
                                              2.989839   data required time
                                             -7.973579   data arrival time
---------------------------------------------------------------------------------------------
                                              4.983741   slack (MET)


Startpoint: wb_rst_i (input port clocked by wb_clk_i)
Endpoint: _710_ (removal check against rising-edge clock wb_clk_i)
Path Group: asynchronous
Path Type: min

Fanout         Cap        Slew       Delay        Time   Description
---------------------------------------------------------------------------------------------
                                  0.000000    0.000000   clock wb_clk_i (rise edge)
                                  0.000000    0.000000   clock network delay (propagated)
                                  5.000000    5.000000 v input external delay
     2    0.005119    0.027589    0.015766    5.015766 v wb_rst_i (in)
                                                         wb_rst_i (net)
                      0.027591    0.000000    5.015766 v input1/A (sky130_fd_sc_hd__buf_2)
     5    0.144267    0.617235    0.568217    5.583983 v input1/X (sky130_fd_sc_hd__buf_2)
                                                         net1 (net)
                      0.648212    0.102280    5.686264 v fanout19/A (sky130_fd_sc_hd__clkdlybuf4s25_1)
     2    0.011523    0.179903    0.724801    6.411064 v fanout19/X (sky130_fd_sc_hd__clkdlybuf4s25_1)
                                                         net19 (net)
                      0.179903    0.000544    6.411608 v fanout15/A (sky130_fd_sc_hd__clkdlybuf4s25_1)
     8    0.046489    0.621924    0.885484    7.297092 v fanout15/X (sky130_fd_sc_hd__clkdlybuf4s25_1)
                                                         net15 (net)
                      0.621927    0.002381    7.299473 v load_slew16/A (sky130_fd_sc_hd__buf_4)
     9    0.057312    0.152004    0.571897    7.871369 v load_slew16/X (sky130_fd_sc_hd__buf_4)
                                                         net16 (net)
                      0.152276    0.005388    7.876757 v _626_/A (sky130_fd_sc_hd__inv_2)
     1    0.003642    0.055747    0.096571    7.973328 ^ _626_/Y (sky130_fd_sc_hd__inv_2)
                                                         _101_ (net)
                      0.055747    0.000181    7.973509 ^ _710_/RESET_B (sky130_fd_sc_hd__dfrtp_2)
                                              7.973509   data arrival time

                                  0.000000    0.000000   clock wb_clk_i (rise edge)
                                  0.000000    0.000000   clock source latency
     2    0.173147    1.249199    0.990660    0.990660 ^ wb_clk_i (in)
                                                         wb_clk_i (net)
                      1.273456    0.000000    0.990660 ^ clkbuf_0_wb_clk_i/A (sky130_fd_sc_hd__clkbuf_16)
    17    0.080878    0.167560    0.739572    1.730232 ^ clkbuf_0_wb_clk_i/X (sky130_fd_sc_hd__clkbuf_16)
                                                         clknet_0_wb_clk_i (net)
                      0.168126    0.008069    1.738300 ^ clkbuf_3_0_0_wb_clk_i/A (sky130_fd_sc_hd__clkbuf_8)
    11    0.036469    0.121162    0.331264    2.069565 ^ clkbuf_3_0_0_wb_clk_i/X (sky130_fd_sc_hd__clkbuf_8)
                                                         clknet_3_0_0_wb_clk_i (net)
                      0.121184    0.001701    2.071266 ^ _710_/CLK (sky130_fd_sc_hd__dfrtp_2)
                                  0.250000    2.321266   clock uncertainty
                                  0.000000    2.321266   clock reconvergence pessimism
                                  0.668495    2.989760   library removal time
                                              2.989760   data required time
---------------------------------------------------------------------------------------------
                                              2.989760   data required time
                                             -7.973509   data arrival time
---------------------------------------------------------------------------------------------
                                              4.983748   slack (MET)


Startpoint: wb_rst_i (input port clocked by wb_clk_i)
Endpoint: _713_ (removal check against rising-edge clock wb_clk_i)
Path Group: asynchronous
Path Type: min

Fanout         Cap        Slew       Delay        Time   Description
---------------------------------------------------------------------------------------------
                                  0.000000    0.000000   clock wb_clk_i (rise edge)
                                  0.000000    0.000000   clock network delay (propagated)
                                  5.000000    5.000000 v input external delay
     2    0.005119    0.027589    0.015766    5.015766 v wb_rst_i (in)
                                                         wb_rst_i (net)
                      0.027591    0.000000    5.015766 v input1/A (sky130_fd_sc_hd__buf_2)
     5    0.144267    0.617235    0.568217    5.583983 v input1/X (sky130_fd_sc_hd__buf_2)
                                                         net1 (net)
                      0.648212    0.102280    5.686264 v fanout19/A (sky130_fd_sc_hd__clkdlybuf4s25_1)
     2    0.011523    0.179903    0.724801    6.411064 v fanout19/X (sky130_fd_sc_hd__clkdlybuf4s25_1)
                                                         net19 (net)
                      0.179903    0.000544    6.411608 v fanout15/A (sky130_fd_sc_hd__clkdlybuf4s25_1)
     8    0.046489    0.621924    0.885484    7.297092 v fanout15/X (sky130_fd_sc_hd__clkdlybuf4s25_1)
                                                         net15 (net)
                      0.621927    0.002381    7.299473 v load_slew16/A (sky130_fd_sc_hd__buf_4)
     9    0.057312    0.152004    0.571897    7.871369 v load_slew16/X (sky130_fd_sc_hd__buf_4)
                                                         net16 (net)
                      0.152279    0.005419    7.876788 v _629_/A (sky130_fd_sc_hd__inv_2)
     1    0.003698    0.056062    0.096964    7.973752 ^ _629_/Y (sky130_fd_sc_hd__inv_2)
                                                         _104_ (net)
                      0.056062    0.000184    7.973937 ^ _713_/RESET_B (sky130_fd_sc_hd__dfrtp_2)
                                              7.973937   data arrival time

                                  0.000000    0.000000   clock wb_clk_i (rise edge)
                                  0.000000    0.000000   clock source latency
     2    0.173147    1.249199    0.990660    0.990660 ^ wb_clk_i (in)
                                                         wb_clk_i (net)
                      1.273456    0.000000    0.990660 ^ clkbuf_0_wb_clk_i/A (sky130_fd_sc_hd__clkbuf_16)
    17    0.080878    0.167560    0.739572    1.730232 ^ clkbuf_0_wb_clk_i/X (sky130_fd_sc_hd__clkbuf_16)
                                                         clknet_0_wb_clk_i (net)
                      0.168126    0.008069    1.738300 ^ clkbuf_3_0_0_wb_clk_i/A (sky130_fd_sc_hd__clkbuf_8)
    11    0.036469    0.121162    0.331264    2.069565 ^ clkbuf_3_0_0_wb_clk_i/X (sky130_fd_sc_hd__clkbuf_8)
                                                         clknet_3_0_0_wb_clk_i (net)
                      0.121184    0.001703    2.071267 ^ _713_/CLK (sky130_fd_sc_hd__dfrtp_2)
                                  0.250000    2.321267   clock uncertainty
                                  0.000000    2.321267   clock reconvergence pessimism
                                  0.668591    2.989859   library removal time
                                              2.989859   data required time
---------------------------------------------------------------------------------------------
                                              2.989859   data required time
                                             -7.973937   data arrival time
---------------------------------------------------------------------------------------------
                                              4.984078   slack (MET)


Startpoint: wb_rst_i (input port clocked by wb_clk_i)
Endpoint: _714_ (removal check against rising-edge clock wb_clk_i)
Path Group: asynchronous
Path Type: min

Fanout         Cap        Slew       Delay        Time   Description
---------------------------------------------------------------------------------------------
                                  0.000000    0.000000   clock wb_clk_i (rise edge)
                                  0.000000    0.000000   clock network delay (propagated)
                                  5.000000    5.000000 v input external delay
     2    0.005119    0.027589    0.015766    5.015766 v wb_rst_i (in)
                                                         wb_rst_i (net)
                      0.027591    0.000000    5.015766 v input1/A (sky130_fd_sc_hd__buf_2)
     5    0.144267    0.617235    0.568217    5.583983 v input1/X (sky130_fd_sc_hd__buf_2)
                                                         net1 (net)
                      0.648212    0.102280    5.686264 v fanout19/A (sky130_fd_sc_hd__clkdlybuf4s25_1)
     2    0.011523    0.179903    0.724801    6.411064 v fanout19/X (sky130_fd_sc_hd__clkdlybuf4s25_1)
                                                         net19 (net)
                      0.179903    0.000544    6.411608 v fanout15/A (sky130_fd_sc_hd__clkdlybuf4s25_1)
     8    0.046489    0.621924    0.885484    7.297092 v fanout15/X (sky130_fd_sc_hd__clkdlybuf4s25_1)
                                                         net15 (net)
                      0.621927    0.002381    7.299473 v load_slew16/A (sky130_fd_sc_hd__buf_4)
     9    0.057312    0.152004    0.571897    7.871369 v load_slew16/X (sky130_fd_sc_hd__buf_4)
                                                         net16 (net)
                      0.152296    0.005564    7.876933 v _630_/A (sky130_fd_sc_hd__inv_2)
     1    0.004331    0.059785    0.101389    7.978322 ^ _630_/Y (sky130_fd_sc_hd__inv_2)
                                                         _105_ (net)
                      0.059785    0.000223    7.978545 ^ _714_/RESET_B (sky130_fd_sc_hd__dfrtp_2)
                                              7.978545   data arrival time

                                  0.000000    0.000000   clock wb_clk_i (rise edge)
                                  0.000000    0.000000   clock source latency
     2    0.173147    1.249199    0.990660    0.990660 ^ wb_clk_i (in)
                                                         wb_clk_i (net)
                      1.273456    0.000000    0.990660 ^ clkbuf_0_wb_clk_i/A (sky130_fd_sc_hd__clkbuf_16)
    17    0.080878    0.167560    0.739572    1.730232 ^ clkbuf_0_wb_clk_i/X (sky130_fd_sc_hd__clkbuf_16)
                                                         clknet_0_wb_clk_i (net)
                      0.168126    0.008069    1.738300 ^ clkbuf_3_0_0_wb_clk_i/A (sky130_fd_sc_hd__clkbuf_8)
    11    0.036469    0.121162    0.331264    2.069565 ^ clkbuf_3_0_0_wb_clk_i/X (sky130_fd_sc_hd__clkbuf_8)
                                                         clknet_3_0_0_wb_clk_i (net)
                      0.121185    0.001751    2.071316 ^ _714_/CLK (sky130_fd_sc_hd__dfrtp_2)
                                  0.250000    2.321316   clock uncertainty
                                  0.000000    2.321316   clock reconvergence pessimism
                                  0.669732    2.991048   library removal time
                                              2.991048   data required time
---------------------------------------------------------------------------------------------
                                              2.991048   data required time
                                             -7.978545   data arrival time
---------------------------------------------------------------------------------------------
                                              4.987497   slack (MET)


Startpoint: wb_rst_i (input port clocked by wb_clk_i)
Endpoint: _744_ (removal check against rising-edge clock wb_clk_i)
Path Group: asynchronous
Path Type: min

Fanout         Cap        Slew       Delay        Time   Description
---------------------------------------------------------------------------------------------
                                  0.000000    0.000000   clock wb_clk_i (rise edge)
                                  0.000000    0.000000   clock network delay (propagated)
                                  5.000000    5.000000 v input external delay
     2    0.005119    0.027589    0.015766    5.015766 v wb_rst_i (in)
                                                         wb_rst_i (net)
                      0.027591    0.000000    5.015766 v input1/A (sky130_fd_sc_hd__buf_2)
     5    0.144267    0.617235    0.568217    5.583983 v input1/X (sky130_fd_sc_hd__buf_2)
                                                         net1 (net)
                      0.650584    0.105956    5.689939 v fanout25/A (sky130_fd_sc_hd__clkdlybuf4s25_1)
     8    0.042275    0.568549    1.002256    6.692195 v fanout25/X (sky130_fd_sc_hd__clkdlybuf4s25_1)
                                                         net25 (net)
                      0.568549    0.001676    6.693871 v fanout21/A (sky130_fd_sc_hd__clkdlybuf4s25_1)
     9    0.058918    0.783781    1.128424    7.822295 v fanout21/X (sky130_fd_sc_hd__clkdlybuf4s25_1)
                                                         net21 (net)
                      0.783789    0.003435    7.825730 v _660_/A (sky130_fd_sc_hd__inv_2)
     1    0.003536    0.153293    0.219646    8.045376 ^ _660_/Y (sky130_fd_sc_hd__inv_2)
                                                         _135_ (net)
                      0.153293    0.000179    8.045555 ^ _744_/RESET_B (sky130_fd_sc_hd__dfrtp_2)
                                              8.045555   data arrival time

                                  0.000000    0.000000   clock wb_clk_i (rise edge)
                                  0.000000    0.000000   clock source latency
     2    0.173147    1.249199    0.990660    0.990660 ^ wb_clk_i (in)
                                                         wb_clk_i (net)
                      1.273456    0.000000    0.990660 ^ clkbuf_0_wb_clk_i/A (sky130_fd_sc_hd__clkbuf_16)
    17    0.080878    0.167560    0.739572    1.730232 ^ clkbuf_0_wb_clk_i/X (sky130_fd_sc_hd__clkbuf_16)
                                                         clknet_0_wb_clk_i (net)
                      0.168001    0.007065    1.737296 ^ clkbuf_3_4_0_wb_clk_i/A (sky130_fd_sc_hd__clkbuf_8)
    11    0.038444    0.125873    0.334860    2.072156 ^ clkbuf_3_4_0_wb_clk_i/X (sky130_fd_sc_hd__clkbuf_8)
                                                         clknet_3_4_0_wb_clk_i (net)
                      0.125946    0.002873    2.075030 ^ _744_/CLK (sky130_fd_sc_hd__dfrtp_2)
                                  0.250000    2.325030   clock uncertainty
                                  0.000000    2.325030   clock reconvergence pessimism
                                  0.699811    3.024840   library removal time
                                              3.024840   data required time
---------------------------------------------------------------------------------------------
                                              3.024840   data required time
                                             -8.045555   data arrival time
---------------------------------------------------------------------------------------------
                                              5.020715   slack (MET)


Startpoint: wb_rst_i (input port clocked by wb_clk_i)
Endpoint: _726_ (removal check against rising-edge clock wb_clk_i)
Path Group: asynchronous
Path Type: min

Fanout         Cap        Slew       Delay        Time   Description
---------------------------------------------------------------------------------------------
                                  0.000000    0.000000   clock wb_clk_i (rise edge)
                                  0.000000    0.000000   clock network delay (propagated)
                                  5.000000    5.000000 v input external delay
     2    0.005119    0.027589    0.015766    5.015766 v wb_rst_i (in)
                                                         wb_rst_i (net)
                      0.027591    0.000000    5.015766 v input1/A (sky130_fd_sc_hd__buf_2)
     5    0.144267    0.617235    0.568217    5.583983 v input1/X (sky130_fd_sc_hd__buf_2)
                                                         net1 (net)
                      0.650584    0.105956    5.689939 v fanout25/A (sky130_fd_sc_hd__clkdlybuf4s25_1)
     8    0.042275    0.568549    1.002256    6.692195 v fanout25/X (sky130_fd_sc_hd__clkdlybuf4s25_1)
                                                         net25 (net)
                      0.568549    0.001676    6.693871 v fanout21/A (sky130_fd_sc_hd__clkdlybuf4s25_1)
     9    0.058918    0.783781    1.128424    7.822295 v fanout21/X (sky130_fd_sc_hd__clkdlybuf4s25_1)
                                                         net21 (net)
                      0.783803    0.004665    7.826960 v _642_/A (sky130_fd_sc_hd__inv_2)
     1    0.003654    0.154502    0.221952    8.048912 ^ _642_/Y (sky130_fd_sc_hd__inv_2)
                                                         _117_ (net)
                      0.154502    0.000187    8.049099 ^ _726_/RESET_B (sky130_fd_sc_hd__dfrtp_2)
                                              8.049099   data arrival time

                                  0.000000    0.000000   clock wb_clk_i (rise edge)
                                  0.000000    0.000000   clock source latency
     2    0.173147    1.249199    0.990660    0.990660 ^ wb_clk_i (in)
                                                         wb_clk_i (net)
                      1.273456    0.000000    0.990660 ^ clkbuf_0_wb_clk_i/A (sky130_fd_sc_hd__clkbuf_16)
    17    0.080878    0.167560    0.739572    1.730232 ^ clkbuf_0_wb_clk_i/X (sky130_fd_sc_hd__clkbuf_16)
                                                         clknet_0_wb_clk_i (net)
                      0.168001    0.007065    1.737296 ^ clkbuf_3_4_0_wb_clk_i/A (sky130_fd_sc_hd__clkbuf_8)
    11    0.038444    0.125873    0.334860    2.072156 ^ clkbuf_3_4_0_wb_clk_i/X (sky130_fd_sc_hd__clkbuf_8)
                                                         clknet_3_4_0_wb_clk_i (net)
                      0.125914    0.002269    2.074425 ^ _726_/CLK (sky130_fd_sc_hd__dfrtp_2)
                                  0.250000    2.324425   clock uncertainty
                                  0.000000    2.324425   clock reconvergence pessimism
                                  0.700171    3.024596   library removal time
                                              3.024596   data required time
---------------------------------------------------------------------------------------------
                                              3.024596   data required time
                                             -8.049099   data arrival time
---------------------------------------------------------------------------------------------
                                              5.024502   slack (MET)


Startpoint: wb_rst_i (input port clocked by wb_clk_i)
Endpoint: _746_ (removal check against rising-edge clock wb_clk_i)
Path Group: asynchronous
Path Type: min

Fanout         Cap        Slew       Delay        Time   Description
---------------------------------------------------------------------------------------------
                                  0.000000    0.000000   clock wb_clk_i (rise edge)
                                  0.000000    0.000000   clock network delay (propagated)
                                  5.000000    5.000000 v input external delay
     2    0.005119    0.027589    0.015766    5.015766 v wb_rst_i (in)
                                                         wb_rst_i (net)
                      0.027591    0.000000    5.015766 v input1/A (sky130_fd_sc_hd__buf_2)
     5    0.144267    0.617235    0.568217    5.583983 v input1/X (sky130_fd_sc_hd__buf_2)
                                                         net1 (net)
                      0.650584    0.105956    5.689939 v fanout25/A (sky130_fd_sc_hd__clkdlybuf4s25_1)
     8    0.042275    0.568549    1.002256    6.692195 v fanout25/X (sky130_fd_sc_hd__clkdlybuf4s25_1)
                                                         net25 (net)
                      0.568549    0.001676    6.693871 v fanout21/A (sky130_fd_sc_hd__clkdlybuf4s25_1)
     9    0.058918    0.783781    1.128424    7.822295 v fanout21/X (sky130_fd_sc_hd__clkdlybuf4s25_1)
                                                         net21 (net)
                      0.783783    0.002675    7.824970 v _662_/A (sky130_fd_sc_hd__inv_2)
     1    0.003833    0.156448    0.225474    8.050444 ^ _662_/Y (sky130_fd_sc_hd__inv_2)
                                                         _137_ (net)
                      0.156448    0.000198    8.050642 ^ _746_/RESET_B (sky130_fd_sc_hd__dfrtp_2)
                                              8.050642   data arrival time

                                  0.000000    0.000000   clock wb_clk_i (rise edge)
                                  0.000000    0.000000   clock source latency
     2    0.173147    1.249199    0.990660    0.990660 ^ wb_clk_i (in)
                                                         wb_clk_i (net)
                      1.273456    0.000000    0.990660 ^ clkbuf_0_wb_clk_i/A (sky130_fd_sc_hd__clkbuf_16)
    17    0.080878    0.167560    0.739572    1.730232 ^ clkbuf_0_wb_clk_i/X (sky130_fd_sc_hd__clkbuf_16)
                                                         clknet_0_wb_clk_i (net)
                      0.168001    0.007065    1.737296 ^ clkbuf_3_4_0_wb_clk_i/A (sky130_fd_sc_hd__clkbuf_8)
    11    0.038444    0.125873    0.334860    2.072156 ^ clkbuf_3_4_0_wb_clk_i/X (sky130_fd_sc_hd__clkbuf_8)
                                                         clknet_3_4_0_wb_clk_i (net)
                      0.125955    0.003026    2.075182 ^ _746_/CLK (sky130_fd_sc_hd__dfrtp_2)
                                  0.250000    2.325182   clock uncertainty
                                  0.000000    2.325182   clock reconvergence pessimism
                                  0.700780    3.025962   library removal time
                                              3.025962   data required time
---------------------------------------------------------------------------------------------
                                              3.025962   data required time
                                             -8.050642   data arrival time
---------------------------------------------------------------------------------------------
                                              5.024680   slack (MET)


Startpoint: wb_rst_i (input port clocked by wb_clk_i)
Endpoint: _734_ (removal check against rising-edge clock wb_clk_i)
Path Group: asynchronous
Path Type: min

Fanout         Cap        Slew       Delay        Time   Description
---------------------------------------------------------------------------------------------
                                  0.000000    0.000000   clock wb_clk_i (rise edge)
                                  0.000000    0.000000   clock network delay (propagated)
                                  5.000000    5.000000 v input external delay
     2    0.005119    0.027589    0.015766    5.015766 v wb_rst_i (in)
                                                         wb_rst_i (net)
                      0.027591    0.000000    5.015766 v input1/A (sky130_fd_sc_hd__buf_2)
     5    0.144267    0.617235    0.568217    5.583983 v input1/X (sky130_fd_sc_hd__buf_2)
                                                         net1 (net)
                      0.650584    0.105956    5.689939 v fanout25/A (sky130_fd_sc_hd__clkdlybuf4s25_1)
     8    0.042275    0.568549    1.002256    6.692195 v fanout25/X (sky130_fd_sc_hd__clkdlybuf4s25_1)
                                                         net25 (net)
                      0.568549    0.001676    6.693871 v fanout21/A (sky130_fd_sc_hd__clkdlybuf4s25_1)
     9    0.058918    0.783781    1.128424    7.822295 v fanout21/X (sky130_fd_sc_hd__clkdlybuf4s25_1)
                                                         net21 (net)
                      0.783827    0.006074    7.828369 v _650_/A (sky130_fd_sc_hd__inv_2)
     1    0.003638    0.154344    0.221657    8.050027 ^ _650_/Y (sky130_fd_sc_hd__inv_2)
                                                         _125_ (net)
                      0.154344    0.000183    8.050210 ^ _734_/RESET_B (sky130_fd_sc_hd__dfrtp_2)
                                              8.050210   data arrival time

                                  0.000000    0.000000   clock wb_clk_i (rise edge)
                                  0.000000    0.000000   clock source latency
     2    0.173147    1.249199    0.990660    0.990660 ^ wb_clk_i (in)
                                                         wb_clk_i (net)
                      1.273456    0.000000    0.990660 ^ clkbuf_0_wb_clk_i/A (sky130_fd_sc_hd__clkbuf_16)
    17    0.080878    0.167560    0.739572    1.730232 ^ clkbuf_0_wb_clk_i/X (sky130_fd_sc_hd__clkbuf_16)
                                                         clknet_0_wb_clk_i (net)
                      0.167872    0.005835    1.736067 ^ clkbuf_3_6_0_wb_clk_i/A (sky130_fd_sc_hd__clkbuf_8)
    12    0.039360    0.128046    0.336398    2.072464 ^ clkbuf_3_6_0_wb_clk_i/X (sky130_fd_sc_hd__clkbuf_8)
                                                         clknet_3_6_0_wb_clk_i (net)
                      0.128073    0.001996    2.074461 ^ _734_/CLK (sky130_fd_sc_hd__dfrtp_2)
                                  0.250000    2.324461   clock uncertainty
                                  0.000000    2.324461   clock reconvergence pessimism
                                  0.700774    3.025234   library removal time
                                              3.025234   data required time
---------------------------------------------------------------------------------------------
                                              3.025234   data required time
                                             -8.050210   data arrival time
---------------------------------------------------------------------------------------------
                                              5.024975   slack (MET)


Startpoint: wb_rst_i (input port clocked by wb_clk_i)
Endpoint: _753_ (removal check against rising-edge clock wb_clk_i)
Path Group: asynchronous
Path Type: min

Fanout         Cap        Slew       Delay        Time   Description
---------------------------------------------------------------------------------------------
                                  0.000000    0.000000   clock wb_clk_i (rise edge)
                                  0.000000    0.000000   clock network delay (propagated)
                                  5.000000    5.000000 v input external delay
     2    0.005119    0.027589    0.015766    5.015766 v wb_rst_i (in)
                                                         wb_rst_i (net)
                      0.027591    0.000000    5.015766 v input1/A (sky130_fd_sc_hd__buf_2)
     5    0.144267    0.617235    0.568217    5.583983 v input1/X (sky130_fd_sc_hd__buf_2)
                                                         net1 (net)
                      0.650584    0.105956    5.689939 v fanout25/A (sky130_fd_sc_hd__clkdlybuf4s25_1)
     8    0.042275    0.568549    1.002256    6.692195 v fanout25/X (sky130_fd_sc_hd__clkdlybuf4s25_1)
                                                         net25 (net)
                      0.568549    0.001676    6.693871 v fanout21/A (sky130_fd_sc_hd__clkdlybuf4s25_1)
     9    0.058918    0.783781    1.128424    7.822295 v fanout21/X (sky130_fd_sc_hd__clkdlybuf4s25_1)
                                                         net21 (net)
                      0.783787    0.003236    7.825531 v _669_/A (sky130_fd_sc_hd__inv_2)
     1    0.004082    0.159255    0.230351    8.055882 ^ _669_/Y (sky130_fd_sc_hd__inv_2)
                                                         _144_ (net)
                      0.159255    0.000209    8.056090 ^ _753_/RESET_B (sky130_fd_sc_hd__dfrtp_2)
                                              8.056090   data arrival time

                                  0.000000    0.000000   clock wb_clk_i (rise edge)
                                  0.000000    0.000000   clock source latency
     2    0.173147    1.249199    0.990660    0.990660 ^ wb_clk_i (in)
                                                         wb_clk_i (net)
                      1.273456    0.000000    0.990660 ^ clkbuf_0_wb_clk_i/A (sky130_fd_sc_hd__clkbuf_16)
    17    0.080878    0.167560    0.739572    1.730232 ^ clkbuf_0_wb_clk_i/X (sky130_fd_sc_hd__clkbuf_16)
                                                         clknet_0_wb_clk_i (net)
                      0.167872    0.005835    1.736067 ^ clkbuf_3_6_0_wb_clk_i/A (sky130_fd_sc_hd__clkbuf_8)
    12    0.039360    0.128046    0.336398    2.072464 ^ clkbuf_3_6_0_wb_clk_i/X (sky130_fd_sc_hd__clkbuf_8)
                                                         clknet_3_6_0_wb_clk_i (net)
                      0.128170    0.003718    2.076183 ^ _753_/CLK (sky130_fd_sc_hd__dfrtp_2)
                                  0.250000    2.326183   clock uncertainty
                                  0.000000    2.326183   clock reconvergence pessimism
                                  0.702307    3.028490   library removal time
                                              3.028490   data required time
---------------------------------------------------------------------------------------------
                                              3.028490   data required time
                                             -8.056090   data arrival time
---------------------------------------------------------------------------------------------
                                              5.027600   slack (MET)


Startpoint: wb_rst_i (input port clocked by wb_clk_i)
Endpoint: _754_ (removal check against rising-edge clock wb_clk_i)
Path Group: asynchronous
Path Type: min

Fanout         Cap        Slew       Delay        Time   Description
---------------------------------------------------------------------------------------------
                                  0.000000    0.000000   clock wb_clk_i (rise edge)
                                  0.000000    0.000000   clock network delay (propagated)
                                  5.000000    5.000000 v input external delay
     2    0.005119    0.027589    0.015766    5.015766 v wb_rst_i (in)
                                                         wb_rst_i (net)
                      0.027591    0.000000    5.015766 v input1/A (sky130_fd_sc_hd__buf_2)
     5    0.144267    0.617235    0.568217    5.583983 v input1/X (sky130_fd_sc_hd__buf_2)
                                                         net1 (net)
                      0.650584    0.105956    5.689939 v fanout25/A (sky130_fd_sc_hd__clkdlybuf4s25_1)
     8    0.042275    0.568549    1.002256    6.692195 v fanout25/X (sky130_fd_sc_hd__clkdlybuf4s25_1)
                                                         net25 (net)
                      0.568549    0.001676    6.693871 v fanout21/A (sky130_fd_sc_hd__clkdlybuf4s25_1)
     9    0.058918    0.783781    1.128424    7.822295 v fanout21/X (sky130_fd_sc_hd__clkdlybuf4s25_1)
                                                         net21 (net)
                      0.783785    0.002927    7.825222 v _670_/A (sky130_fd_sc_hd__inv_2)
     1    0.004207    0.160726    0.232816    8.058038 ^ _670_/Y (sky130_fd_sc_hd__inv_2)
                                                         _145_ (net)
                      0.160726    0.000214    8.058252 ^ _754_/RESET_B (sky130_fd_sc_hd__dfrtp_2)
                                              8.058252   data arrival time

                                  0.000000    0.000000   clock wb_clk_i (rise edge)
                                  0.000000    0.000000   clock source latency
     2    0.173147    1.249199    0.990660    0.990660 ^ wb_clk_i (in)
                                                         wb_clk_i (net)
                      1.273456    0.000000    0.990660 ^ clkbuf_0_wb_clk_i/A (sky130_fd_sc_hd__clkbuf_16)
    17    0.080878    0.167560    0.739572    1.730232 ^ clkbuf_0_wb_clk_i/X (sky130_fd_sc_hd__clkbuf_16)
                                                         clknet_0_wb_clk_i (net)
                      0.167872    0.005835    1.736067 ^ clkbuf_3_6_0_wb_clk_i/A (sky130_fd_sc_hd__clkbuf_8)
    12    0.039360    0.128046    0.336398    2.072464 ^ clkbuf_3_6_0_wb_clk_i/X (sky130_fd_sc_hd__clkbuf_8)
                                                         clknet_3_6_0_wb_clk_i (net)
                      0.128157    0.003542    2.076007 ^ _754_/CLK (sky130_fd_sc_hd__dfrtp_2)
                                  0.250000    2.326007   clock uncertainty
                                  0.000000    2.326007   clock reconvergence pessimism
                                  0.702754    3.028760   library removal time
                                              3.028760   data required time
---------------------------------------------------------------------------------------------
                                              3.028760   data required time
                                             -8.058252   data arrival time
---------------------------------------------------------------------------------------------
                                              5.029491   slack (MET)


Startpoint: wb_rst_i (input port clocked by wb_clk_i)
Endpoint: _675_ (removal check against rising-edge clock wb_clk_i)
Path Group: asynchronous
Path Type: min

Fanout         Cap        Slew       Delay        Time   Description
---------------------------------------------------------------------------------------------
                                  0.000000    0.000000   clock wb_clk_i (rise edge)
                                  0.000000    0.000000   clock network delay (propagated)
                                  5.000000    5.000000 v input external delay
     2    0.005119    0.027589    0.015766    5.015766 v wb_rst_i (in)
                                                         wb_rst_i (net)
                      0.027591    0.000000    5.015766 v input1/A (sky130_fd_sc_hd__buf_2)
     5    0.144267    0.617235    0.568217    5.583983 v input1/X (sky130_fd_sc_hd__buf_2)
                                                         net1 (net)
                      0.650584    0.105956    5.689939 v fanout25/A (sky130_fd_sc_hd__clkdlybuf4s25_1)
     8    0.042275    0.568549    1.002256    6.692195 v fanout25/X (sky130_fd_sc_hd__clkdlybuf4s25_1)
                                                         net25 (net)
                      0.568549    0.001676    6.693871 v fanout21/A (sky130_fd_sc_hd__clkdlybuf4s25_1)
     9    0.058918    0.783781    1.128424    7.822295 v fanout21/X (sky130_fd_sc_hd__clkdlybuf4s25_1)
                                                         net21 (net)
                      0.783825    0.005945    7.828239 v _339_/A (sky130_fd_sc_hd__inv_2)
     1    0.003929    0.157517    0.227367    8.055607 ^ _339_/Y (sky130_fd_sc_hd__inv_2)
                                                         _066_ (net)
                      0.157517    0.000198    8.055805 ^ _675_/RESET_B (sky130_fd_sc_hd__dfrtp_2)
                                              8.055805   data arrival time

                                  0.000000    0.000000   clock wb_clk_i (rise edge)
                                  0.000000    0.000000   clock source latency
     2    0.173147    1.249199    0.990660    0.990660 ^ wb_clk_i (in)
                                                         wb_clk_i (net)
                      1.273456    0.000000    0.990660 ^ clkbuf_0_wb_clk_i/A (sky130_fd_sc_hd__clkbuf_16)
    17    0.080878    0.167560    0.739572    1.730232 ^ clkbuf_0_wb_clk_i/X (sky130_fd_sc_hd__clkbuf_16)
                                                         clknet_0_wb_clk_i (net)
                      0.168001    0.007065    1.737296 ^ clkbuf_3_4_0_wb_clk_i/A (sky130_fd_sc_hd__clkbuf_8)
    11    0.038444    0.125873    0.334860    2.072156 ^ clkbuf_3_4_0_wb_clk_i/X (sky130_fd_sc_hd__clkbuf_8)
                                                         clknet_3_4_0_wb_clk_i (net)
                      0.125925    0.002496    2.074652 ^ _675_/CLK (sky130_fd_sc_hd__dfrtp_2)
                                  0.250000    2.324652   clock uncertainty
                                  0.000000    2.324652   clock reconvergence pessimism
                                  0.701098    3.025751   library removal time
                                              3.025751   data required time
---------------------------------------------------------------------------------------------
                                              3.025751   data required time
                                             -8.055805   data arrival time
---------------------------------------------------------------------------------------------
                                              5.030055   slack (MET)


Startpoint: wb_rst_i (input port clocked by wb_clk_i)
Endpoint: _676_ (removal check against rising-edge clock wb_clk_i)
Path Group: asynchronous
Path Type: min

Fanout         Cap        Slew       Delay        Time   Description
---------------------------------------------------------------------------------------------
                                  0.000000    0.000000   clock wb_clk_i (rise edge)
                                  0.000000    0.000000   clock network delay (propagated)
                                  5.000000    5.000000 v input external delay
     2    0.005119    0.027589    0.015766    5.015766 v wb_rst_i (in)
                                                         wb_rst_i (net)
                      0.027591    0.000000    5.015766 v input1/A (sky130_fd_sc_hd__buf_2)
     5    0.144267    0.617235    0.568217    5.583983 v input1/X (sky130_fd_sc_hd__buf_2)
                                                         net1 (net)
                      0.650584    0.105956    5.689939 v fanout25/A (sky130_fd_sc_hd__clkdlybuf4s25_1)
     8    0.042275    0.568549    1.002256    6.692195 v fanout25/X (sky130_fd_sc_hd__clkdlybuf4s25_1)
                                                         net25 (net)
                      0.568549    0.001676    6.693871 v fanout21/A (sky130_fd_sc_hd__clkdlybuf4s25_1)
     9    0.058918    0.783781    1.128424    7.822295 v fanout21/X (sky130_fd_sc_hd__clkdlybuf4s25_1)
                                                         net21 (net)
                      0.783819    0.005655    7.827950 v _592_/A (sky130_fd_sc_hd__inv_2)
     1    0.003942    0.157662    0.227619    8.055569 ^ _592_/Y (sky130_fd_sc_hd__inv_2)
                                                         _067_ (net)
                      0.157662    0.000198    8.055767 ^ _676_/RESET_B (sky130_fd_sc_hd__dfrtp_2)
                                              8.055767   data arrival time

                                  0.000000    0.000000   clock wb_clk_i (rise edge)
                                  0.000000    0.000000   clock source latency
     2    0.173147    1.249199    0.990660    0.990660 ^ wb_clk_i (in)
                                                         wb_clk_i (net)
                      1.273456    0.000000    0.990660 ^ clkbuf_0_wb_clk_i/A (sky130_fd_sc_hd__clkbuf_16)
    17    0.080878    0.167560    0.739572    1.730232 ^ clkbuf_0_wb_clk_i/X (sky130_fd_sc_hd__clkbuf_16)
                                                         clknet_0_wb_clk_i (net)
                      0.168001    0.007065    1.737296 ^ clkbuf_3_4_0_wb_clk_i/A (sky130_fd_sc_hd__clkbuf_8)
    11    0.038444    0.125873    0.334860    2.072156 ^ clkbuf_3_4_0_wb_clk_i/X (sky130_fd_sc_hd__clkbuf_8)
                                                         clknet_3_4_0_wb_clk_i (net)
                      0.125914    0.002261    2.074417 ^ _676_/CLK (sky130_fd_sc_hd__dfrtp_2)
                                  0.250000    2.324417   clock uncertainty
                                  0.000000    2.324417   clock reconvergence pessimism
                                  0.701139    3.025557   library removal time
                                              3.025557   data required time
---------------------------------------------------------------------------------------------
                                              3.025557   data required time
                                             -8.055767   data arrival time
---------------------------------------------------------------------------------------------
                                              5.030210   slack (MET)


Startpoint: wb_rst_i (input port clocked by wb_clk_i)
Endpoint: _680_ (removal check against rising-edge clock wb_clk_i)
Path Group: asynchronous
Path Type: min

Fanout         Cap        Slew       Delay        Time   Description
---------------------------------------------------------------------------------------------
                                  0.000000    0.000000   clock wb_clk_i (rise edge)
                                  0.000000    0.000000   clock network delay (propagated)
                                  5.000000    5.000000 v input external delay
     2    0.005119    0.027589    0.015766    5.015766 v wb_rst_i (in)
                                                         wb_rst_i (net)
                      0.027591    0.000000    5.015766 v input1/A (sky130_fd_sc_hd__buf_2)
     5    0.144267    0.617235    0.568217    5.583983 v input1/X (sky130_fd_sc_hd__buf_2)
                                                         net1 (net)
                      0.650584    0.105956    5.689939 v fanout25/A (sky130_fd_sc_hd__clkdlybuf4s25_1)
     8    0.042275    0.568549    1.002256    6.692195 v fanout25/X (sky130_fd_sc_hd__clkdlybuf4s25_1)
                                                         net25 (net)
                      0.568589    0.004730    6.696926 v load_slew26/A (sky130_fd_sc_hd__buf_4)
    15    0.062705    0.163925    0.553533    7.250458 v load_slew26/X (sky130_fd_sc_hd__buf_4)
                                                         net26 (net)
                      0.164125    0.005116    7.255574 v fanout23/A (sky130_fd_sc_hd__clkdlybuf4s25_1)
     7    0.045998    0.615332    0.874520    8.130095 v fanout23/X (sky130_fd_sc_hd__clkdlybuf4s25_1)
                                                         net23 (net)
                      0.615333    0.001990    8.132084 v _596_/A (sky130_fd_sc_hd__inv_2)
     1    0.003639    0.133926    0.201816    8.333900 ^ _596_/Y (sky130_fd_sc_hd__inv_2)
                                                         _071_ (net)
                      0.133926    0.000183    8.334083 ^ _680_/RESET_B (sky130_fd_sc_hd__dfrtp_2)
                                              8.334083   data arrival time

                                  0.000000    0.000000   clock wb_clk_i (rise edge)
                                  0.000000    0.000000   clock source latency
     2    0.173147    1.249199    0.990660    0.990660 ^ wb_clk_i (in)
                                                         wb_clk_i (net)
                      1.273456    0.000000    0.990660 ^ clkbuf_0_wb_clk_i/A (sky130_fd_sc_hd__clkbuf_16)
    17    0.080878    0.167560    0.739572    1.730232 ^ clkbuf_0_wb_clk_i/X (sky130_fd_sc_hd__clkbuf_16)
                                                         clknet_0_wb_clk_i (net)
                      0.168169    0.008381    1.738613 ^ clkbuf_3_5_0_wb_clk_i/A (sky130_fd_sc_hd__clkbuf_8)
    11    0.039719    0.128953    0.337615    2.076227 ^ clkbuf_3_5_0_wb_clk_i/X (sky130_fd_sc_hd__clkbuf_8)
                                                         clknet_3_5_0_wb_clk_i (net)
                      0.128978    0.001860    2.078087 ^ _680_/CLK (sky130_fd_sc_hd__dfrtp_2)
                                  0.250000    2.328087   clock uncertainty
                                  0.000000    2.328087   clock reconvergence pessimism
                                  0.694793    3.022879   library removal time
                                              3.022879   data required time
---------------------------------------------------------------------------------------------
                                              3.022879   data required time
                                             -8.334083   data arrival time
---------------------------------------------------------------------------------------------
                                              5.311203   slack (MET)


Startpoint: wb_rst_i (input port clocked by wb_clk_i)
Endpoint: _677_ (removal check against rising-edge clock wb_clk_i)
Path Group: asynchronous
Path Type: min

Fanout         Cap        Slew       Delay        Time   Description
---------------------------------------------------------------------------------------------
                                  0.000000    0.000000   clock wb_clk_i (rise edge)
                                  0.000000    0.000000   clock network delay (propagated)
                                  5.000000    5.000000 v input external delay
     2    0.005119    0.027589    0.015766    5.015766 v wb_rst_i (in)
                                                         wb_rst_i (net)
                      0.027591    0.000000    5.015766 v input1/A (sky130_fd_sc_hd__buf_2)
     5    0.144267    0.617235    0.568217    5.583983 v input1/X (sky130_fd_sc_hd__buf_2)
                                                         net1 (net)
                      0.650584    0.105956    5.689939 v fanout25/A (sky130_fd_sc_hd__clkdlybuf4s25_1)
     8    0.042275    0.568549    1.002256    6.692195 v fanout25/X (sky130_fd_sc_hd__clkdlybuf4s25_1)
                                                         net25 (net)
                      0.568589    0.004730    6.696926 v load_slew26/A (sky130_fd_sc_hd__buf_4)
    15    0.062705    0.163925    0.553533    7.250458 v load_slew26/X (sky130_fd_sc_hd__buf_4)
                                                         net26 (net)
                      0.164125    0.005116    7.255574 v fanout23/A (sky130_fd_sc_hd__clkdlybuf4s25_1)
     7    0.045998    0.615332    0.874520    8.130095 v fanout23/X (sky130_fd_sc_hd__clkdlybuf4s25_1)
                                                         net23 (net)
                      0.615338    0.002721    8.132815 v _593_/A (sky130_fd_sc_hd__inv_2)
     1    0.004210    0.139581    0.211628    8.344443 ^ _593_/Y (sky130_fd_sc_hd__inv_2)
                                                         _068_ (net)
                      0.139581    0.000210    8.344654 ^ _677_/RESET_B (sky130_fd_sc_hd__dfrtp_2)
                                              8.344654   data arrival time

                                  0.000000    0.000000   clock wb_clk_i (rise edge)
                                  0.000000    0.000000   clock source latency
     2    0.173147    1.249199    0.990660    0.990660 ^ wb_clk_i (in)
                                                         wb_clk_i (net)
                      1.273456    0.000000    0.990660 ^ clkbuf_0_wb_clk_i/A (sky130_fd_sc_hd__clkbuf_16)
    17    0.080878    0.167560    0.739572    1.730232 ^ clkbuf_0_wb_clk_i/X (sky130_fd_sc_hd__clkbuf_16)
                                                         clknet_0_wb_clk_i (net)
                      0.168169    0.008381    1.738613 ^ clkbuf_3_5_0_wb_clk_i/A (sky130_fd_sc_hd__clkbuf_8)
    11    0.039719    0.128953    0.337615    2.076227 ^ clkbuf_3_5_0_wb_clk_i/X (sky130_fd_sc_hd__clkbuf_8)
                                                         clknet_3_5_0_wb_clk_i (net)
                      0.128989    0.002146    2.078373 ^ _677_/CLK (sky130_fd_sc_hd__dfrtp_2)
                                  0.250000    2.328373   clock uncertainty
                                  0.000000    2.328373   clock reconvergence pessimism
                                  0.696528    3.024901   library removal time
                                              3.024901   data required time
---------------------------------------------------------------------------------------------
                                              3.024901   data required time
                                             -8.344654   data arrival time
---------------------------------------------------------------------------------------------
                                              5.319753   slack (MET)


Startpoint: wb_rst_i (input port clocked by wb_clk_i)
Endpoint: _679_ (removal check against rising-edge clock wb_clk_i)
Path Group: asynchronous
Path Type: min

Fanout         Cap        Slew       Delay        Time   Description
---------------------------------------------------------------------------------------------
                                  0.000000    0.000000   clock wb_clk_i (rise edge)
                                  0.000000    0.000000   clock network delay (propagated)
                                  5.000000    5.000000 v input external delay
     2    0.005119    0.027589    0.015766    5.015766 v wb_rst_i (in)
                                                         wb_rst_i (net)
                      0.027591    0.000000    5.015766 v input1/A (sky130_fd_sc_hd__buf_2)
     5    0.144267    0.617235    0.568217    5.583983 v input1/X (sky130_fd_sc_hd__buf_2)
                                                         net1 (net)
                      0.650584    0.105956    5.689939 v fanout25/A (sky130_fd_sc_hd__clkdlybuf4s25_1)
     8    0.042275    0.568549    1.002256    6.692195 v fanout25/X (sky130_fd_sc_hd__clkdlybuf4s25_1)
                                                         net25 (net)
                      0.568589    0.004730    6.696926 v load_slew26/A (sky130_fd_sc_hd__buf_4)
    15    0.062705    0.163925    0.553533    7.250458 v load_slew26/X (sky130_fd_sc_hd__buf_4)
                                                         net26 (net)
                      0.164125    0.005116    7.255574 v fanout23/A (sky130_fd_sc_hd__clkdlybuf4s25_1)
     7    0.045998    0.615332    0.874520    8.130095 v fanout23/X (sky130_fd_sc_hd__clkdlybuf4s25_1)
                                                         net23 (net)
                      0.615332    0.000199    8.130293 v _595_/A (sky130_fd_sc_hd__inv_2)
     1    0.004433    0.141975    0.215464    8.345757 ^ _595_/Y (sky130_fd_sc_hd__inv_2)
                                                         _070_ (net)
                      0.141975    0.000219    8.345977 ^ _679_/RESET_B (sky130_fd_sc_hd__dfrtp_2)
                                              8.345977   data arrival time

                                  0.000000    0.000000   clock wb_clk_i (rise edge)
                                  0.000000    0.000000   clock source latency
     2    0.173147    1.249199    0.990660    0.990660 ^ wb_clk_i (in)
                                                         wb_clk_i (net)
                      1.273456    0.000000    0.990660 ^ clkbuf_0_wb_clk_i/A (sky130_fd_sc_hd__clkbuf_16)
    17    0.080878    0.167560    0.739572    1.730232 ^ clkbuf_0_wb_clk_i/X (sky130_fd_sc_hd__clkbuf_16)
                                                         clknet_0_wb_clk_i (net)
                      0.168169    0.008381    1.738613 ^ clkbuf_3_5_0_wb_clk_i/A (sky130_fd_sc_hd__clkbuf_8)
    11    0.039719    0.128953    0.337615    2.076227 ^ clkbuf_3_5_0_wb_clk_i/X (sky130_fd_sc_hd__clkbuf_8)
                                                         clknet_3_5_0_wb_clk_i (net)
                      0.128977    0.001825    2.078052 ^ _679_/CLK (sky130_fd_sc_hd__dfrtp_2)
                                  0.250000    2.328052   clock uncertainty
                                  0.000000    2.328052   clock reconvergence pessimism
                                  0.697258    3.025310   library removal time
                                              3.025310   data required time
---------------------------------------------------------------------------------------------
                                              3.025310   data required time
                                             -8.345977   data arrival time
---------------------------------------------------------------------------------------------
                                              5.320667   slack (MET)


Startpoint: wb_rst_i (input port clocked by wb_clk_i)
Endpoint: _678_ (removal check against rising-edge clock wb_clk_i)
Path Group: asynchronous
Path Type: min

Fanout         Cap        Slew       Delay        Time   Description
---------------------------------------------------------------------------------------------
                                  0.000000    0.000000   clock wb_clk_i (rise edge)
                                  0.000000    0.000000   clock network delay (propagated)
                                  5.000000    5.000000 v input external delay
     2    0.005119    0.027589    0.015766    5.015766 v wb_rst_i (in)
                                                         wb_rst_i (net)
                      0.027591    0.000000    5.015766 v input1/A (sky130_fd_sc_hd__buf_2)
     5    0.144267    0.617235    0.568217    5.583983 v input1/X (sky130_fd_sc_hd__buf_2)
                                                         net1 (net)
                      0.650584    0.105956    5.689939 v fanout25/A (sky130_fd_sc_hd__clkdlybuf4s25_1)
     8    0.042275    0.568549    1.002256    6.692195 v fanout25/X (sky130_fd_sc_hd__clkdlybuf4s25_1)
                                                         net25 (net)
                      0.568589    0.004730    6.696926 v load_slew26/A (sky130_fd_sc_hd__buf_4)
    15    0.062705    0.163925    0.553533    7.250458 v load_slew26/X (sky130_fd_sc_hd__buf_4)
                                                         net26 (net)
                      0.164125    0.005116    7.255574 v fanout23/A (sky130_fd_sc_hd__clkdlybuf4s25_1)
     7    0.045998    0.615332    0.874520    8.130095 v fanout23/X (sky130_fd_sc_hd__clkdlybuf4s25_1)
                                                         net23 (net)
                      0.615336    0.002418    8.132512 v _594_/A (sky130_fd_sc_hd__inv_2)
     1    0.004417    0.141797    0.215187    8.347699 ^ _594_/Y (sky130_fd_sc_hd__inv_2)
                                                         _069_ (net)
                      0.141797    0.000220    8.347919 ^ _678_/RESET_B (sky130_fd_sc_hd__dfrtp_2)
                                              8.347919   data arrival time

                                  0.000000    0.000000   clock wb_clk_i (rise edge)
                                  0.000000    0.000000   clock source latency
     2    0.173147    1.249199    0.990660    0.990660 ^ wb_clk_i (in)
                                                         wb_clk_i (net)
                      1.273456    0.000000    0.990660 ^ clkbuf_0_wb_clk_i/A (sky130_fd_sc_hd__clkbuf_16)
    17    0.080878    0.167560    0.739572    1.730232 ^ clkbuf_0_wb_clk_i/X (sky130_fd_sc_hd__clkbuf_16)
                                                         clknet_0_wb_clk_i (net)
                      0.168169    0.008381    1.738613 ^ clkbuf_3_5_0_wb_clk_i/A (sky130_fd_sc_hd__clkbuf_8)
    11    0.039719    0.128953    0.337615    2.076227 ^ clkbuf_3_5_0_wb_clk_i/X (sky130_fd_sc_hd__clkbuf_8)
                                                         clknet_3_5_0_wb_clk_i (net)
                      0.128984    0.002023    2.078250 ^ _678_/CLK (sky130_fd_sc_hd__dfrtp_2)
                                  0.250000    2.328250   clock uncertainty
                                  0.000000    2.328250   clock reconvergence pessimism
                                  0.697205    3.025455   library removal time
                                              3.025455   data required time
---------------------------------------------------------------------------------------------
                                              3.025455   data required time
                                             -8.347919   data arrival time
---------------------------------------------------------------------------------------------
                                              5.322464   slack (MET)


Startpoint: wb_rst_i (input port clocked by wb_clk_i)
Endpoint: _682_ (removal check against rising-edge clock wb_clk_i)
Path Group: asynchronous
Path Type: min

Fanout         Cap        Slew       Delay        Time   Description
---------------------------------------------------------------------------------------------
                                  0.000000    0.000000   clock wb_clk_i (rise edge)
                                  0.000000    0.000000   clock network delay (propagated)
                                  5.000000    5.000000 v input external delay
     2    0.005119    0.027589    0.015766    5.015766 v wb_rst_i (in)
                                                         wb_rst_i (net)
                      0.027591    0.000000    5.015766 v input1/A (sky130_fd_sc_hd__buf_2)
     5    0.144267    0.617235    0.568217    5.583983 v input1/X (sky130_fd_sc_hd__buf_2)
                                                         net1 (net)
                      0.650584    0.105956    5.689939 v fanout25/A (sky130_fd_sc_hd__clkdlybuf4s25_1)
     8    0.042275    0.568549    1.002256    6.692195 v fanout25/X (sky130_fd_sc_hd__clkdlybuf4s25_1)
                                                         net25 (net)
                      0.568589    0.004730    6.696926 v load_slew26/A (sky130_fd_sc_hd__buf_4)
    15    0.062705    0.163925    0.553533    7.250458 v load_slew26/X (sky130_fd_sc_hd__buf_4)
                                                         net26 (net)
                      0.164125    0.005116    7.255574 v fanout23/A (sky130_fd_sc_hd__clkdlybuf4s25_1)
     7    0.045998    0.615332    0.874520    8.130095 v fanout23/X (sky130_fd_sc_hd__clkdlybuf4s25_1)
                                                         net23 (net)
                      0.615347    0.003524    8.133618 v _598_/A (sky130_fd_sc_hd__inv_2)
     1    0.004173    0.139196    0.210986    8.344604 ^ _598_/Y (sky130_fd_sc_hd__inv_2)
                                                         _073_ (net)
                      0.139196    0.000217    8.344821 ^ _682_/RESET_B (sky130_fd_sc_hd__dfrtp_2)
                                              8.344821   data arrival time

                                  0.000000    0.000000   clock wb_clk_i (rise edge)
                                  0.000000    0.000000   clock source latency
     2    0.173147    1.249199    0.990660    0.990660 ^ wb_clk_i (in)
                                                         wb_clk_i (net)
                      1.273456    0.000000    0.990660 ^ clkbuf_0_wb_clk_i/A (sky130_fd_sc_hd__clkbuf_16)
    17    0.080878    0.167560    0.739572    1.730232 ^ clkbuf_0_wb_clk_i/X (sky130_fd_sc_hd__clkbuf_16)
                                                         clknet_0_wb_clk_i (net)
                      0.168090    0.007785    1.738017 ^ clkbuf_3_7_0_wb_clk_i/A (sky130_fd_sc_hd__clkbuf_8)
    12    0.037900    0.124575    0.333872    2.071889 ^ clkbuf_3_7_0_wb_clk_i/X (sky130_fd_sc_hd__clkbuf_8)
                                                         clknet_3_7_0_wb_clk_i (net)
                      0.124622    0.002376    2.074265 ^ _682_/CLK (sky130_fd_sc_hd__dfrtp_2)
                                  0.250000    2.324265   clock uncertainty
                                  0.000000    2.324265   clock reconvergence pessimism
                                  0.695094    3.019359   library removal time
                                              3.019359   data required time
---------------------------------------------------------------------------------------------
                                              3.019359   data required time
                                             -8.344821   data arrival time
---------------------------------------------------------------------------------------------
                                              5.325462   slack (MET)


Startpoint: wb_rst_i (input port clocked by wb_clk_i)
Endpoint: _681_ (removal check against rising-edge clock wb_clk_i)
Path Group: asynchronous
Path Type: min

Fanout         Cap        Slew       Delay        Time   Description
---------------------------------------------------------------------------------------------
                                  0.000000    0.000000   clock wb_clk_i (rise edge)
                                  0.000000    0.000000   clock network delay (propagated)
                                  5.000000    5.000000 v input external delay
     2    0.005119    0.027589    0.015766    5.015766 v wb_rst_i (in)
                                                         wb_rst_i (net)
                      0.027591    0.000000    5.015766 v input1/A (sky130_fd_sc_hd__buf_2)
     5    0.144267    0.617235    0.568217    5.583983 v input1/X (sky130_fd_sc_hd__buf_2)
                                                         net1 (net)
                      0.650584    0.105956    5.689939 v fanout25/A (sky130_fd_sc_hd__clkdlybuf4s25_1)
     8    0.042275    0.568549    1.002256    6.692195 v fanout25/X (sky130_fd_sc_hd__clkdlybuf4s25_1)
                                                         net25 (net)
                      0.568589    0.004730    6.696926 v load_slew26/A (sky130_fd_sc_hd__buf_4)
    15    0.062705    0.163925    0.553533    7.250458 v load_slew26/X (sky130_fd_sc_hd__buf_4)
                                                         net26 (net)
                      0.164125    0.005116    7.255574 v fanout23/A (sky130_fd_sc_hd__clkdlybuf4s25_1)
     7    0.045998    0.615332    0.874520    8.130095 v fanout23/X (sky130_fd_sc_hd__clkdlybuf4s25_1)
                                                         net23 (net)
                      0.615351    0.003777    8.133872 v _597_/A (sky130_fd_sc_hd__inv_2)
     1    0.004232    0.139827    0.211996    8.345867 ^ _597_/Y (sky130_fd_sc_hd__inv_2)
                                                         _072_ (net)
                      0.139827    0.000226    8.346094 ^ _681_/RESET_B (sky130_fd_sc_hd__dfrtp_2)
                                              8.346094   data arrival time

                                  0.000000    0.000000   clock wb_clk_i (rise edge)
                                  0.000000    0.000000   clock source latency
     2    0.173147    1.249199    0.990660    0.990660 ^ wb_clk_i (in)
                                                         wb_clk_i (net)
                      1.273456    0.000000    0.990660 ^ clkbuf_0_wb_clk_i/A (sky130_fd_sc_hd__clkbuf_16)
    17    0.080878    0.167560    0.739572    1.730232 ^ clkbuf_0_wb_clk_i/X (sky130_fd_sc_hd__clkbuf_16)
                                                         clknet_0_wb_clk_i (net)
                      0.168090    0.007785    1.738017 ^ clkbuf_3_7_0_wb_clk_i/A (sky130_fd_sc_hd__clkbuf_8)
    12    0.037900    0.124575    0.333872    2.071889 ^ clkbuf_3_7_0_wb_clk_i/X (sky130_fd_sc_hd__clkbuf_8)
                                                         clknet_3_7_0_wb_clk_i (net)
                      0.124621    0.002354    2.074243 ^ _681_/CLK (sky130_fd_sc_hd__dfrtp_2)
                                  0.250000    2.324243   clock uncertainty
                                  0.000000    2.324243   clock reconvergence pessimism
                                  0.695287    3.019530   library removal time
                                              3.019530   data required time
---------------------------------------------------------------------------------------------
                                              3.019530   data required time
                                             -8.346094   data arrival time
---------------------------------------------------------------------------------------------
                                              5.326564   slack (MET)


Startpoint: wb_rst_i (input port clocked by wb_clk_i)
Endpoint: _697_ (removal check against rising-edge clock wb_clk_i)
Path Group: asynchronous
Path Type: min

Fanout         Cap        Slew       Delay        Time   Description
---------------------------------------------------------------------------------------------
                                  0.000000    0.000000   clock wb_clk_i (rise edge)
                                  0.000000    0.000000   clock network delay (propagated)
                                  5.000000    5.000000 v input external delay
     2    0.005119    0.027589    0.015766    5.015766 v wb_rst_i (in)
                                                         wb_rst_i (net)
                      0.027591    0.000000    5.015766 v input1/A (sky130_fd_sc_hd__buf_2)
     5    0.144267    0.617235    0.568217    5.583983 v input1/X (sky130_fd_sc_hd__buf_2)
                                                         net1 (net)
                      0.648212    0.102280    5.686264 v fanout19/A (sky130_fd_sc_hd__clkdlybuf4s25_1)
     2    0.011523    0.179903    0.724801    6.411064 v fanout19/X (sky130_fd_sc_hd__clkdlybuf4s25_1)
                                                         net19 (net)
                      0.179905    0.000896    6.411960 v wire20/A (sky130_fd_sc_hd__buf_4)
    19    0.072039    0.181068    0.392926    6.804886 v wire20/X (sky130_fd_sc_hd__buf_4)
                                                         net20 (net)
                      0.182013    0.009572    6.814457 v fanout17/A (sky130_fd_sc_hd__clkdlybuf4s25_1)
     9    0.052659    0.702508    0.941061    7.755519 v fanout17/X (sky130_fd_sc_hd__clkdlybuf4s25_1)
                                                         net17 (net)
                      0.702508    0.001473    7.756992 v max_cap18/A (sky130_fd_sc_hd__buf_6)
     8    0.051394    0.106244    0.519804    8.276795 v max_cap18/X (sky130_fd_sc_hd__buf_6)
                                                         net18 (net)
                      0.106285    0.003028    8.279823 v _613_/A (sky130_fd_sc_hd__inv_2)
     1    0.003504    0.045728    0.079862    8.359686 ^ _613_/Y (sky130_fd_sc_hd__inv_2)
                                                         _088_ (net)
                      0.045728    0.000176    8.359861 ^ _697_/RESET_B (sky130_fd_sc_hd__dfrtp_2)
                                              8.359861   data arrival time

                                  0.000000    0.000000   clock wb_clk_i (rise edge)
                                  0.000000    0.000000   clock source latency
     2    0.173147    1.249199    0.990660    0.990660 ^ wb_clk_i (in)
                                                         wb_clk_i (net)
                      1.273456    0.000000    0.990660 ^ clkbuf_0_wb_clk_i/A (sky130_fd_sc_hd__clkbuf_16)
    17    0.080878    0.167560    0.739572    1.730232 ^ clkbuf_0_wb_clk_i/X (sky130_fd_sc_hd__clkbuf_16)
                                                         clknet_0_wb_clk_i (net)
                      0.168029    0.007298    1.737529 ^ clkbuf_3_1_0_wb_clk_i/A (sky130_fd_sc_hd__clkbuf_8)
    11    0.037900    0.124584    0.334008    2.071537 ^ clkbuf_3_1_0_wb_clk_i/X (sky130_fd_sc_hd__clkbuf_8)
                                                         clknet_3_1_0_wb_clk_i (net)
                      0.124603    0.001648    2.073185 ^ _697_/CLK (sky130_fd_sc_hd__dfrtp_2)
                                  0.250000    2.323185   clock uncertainty
                                  0.000000    2.323185   clock reconvergence pessimism
                                  0.666458    2.989644   library removal time
                                              2.989644   data required time
---------------------------------------------------------------------------------------------
                                              2.989644   data required time
                                             -8.359861   data arrival time
---------------------------------------------------------------------------------------------
                                              5.370218   slack (MET)


Startpoint: wb_rst_i (input port clocked by wb_clk_i)
Endpoint: _707_ (removal check against rising-edge clock wb_clk_i)
Path Group: asynchronous
Path Type: min

Fanout         Cap        Slew       Delay        Time   Description
---------------------------------------------------------------------------------------------
                                  0.000000    0.000000   clock wb_clk_i (rise edge)
                                  0.000000    0.000000   clock network delay (propagated)
                                  5.000000    5.000000 v input external delay
     2    0.005119    0.027589    0.015766    5.015766 v wb_rst_i (in)
                                                         wb_rst_i (net)
                      0.027591    0.000000    5.015766 v input1/A (sky130_fd_sc_hd__buf_2)
     5    0.144267    0.617235    0.568217    5.583983 v input1/X (sky130_fd_sc_hd__buf_2)
                                                         net1 (net)
                      0.648212    0.102280    5.686264 v fanout19/A (sky130_fd_sc_hd__clkdlybuf4s25_1)
     2    0.011523    0.179903    0.724801    6.411064 v fanout19/X (sky130_fd_sc_hd__clkdlybuf4s25_1)
                                                         net19 (net)
                      0.179905    0.000896    6.411960 v wire20/A (sky130_fd_sc_hd__buf_4)
    19    0.072039    0.181068    0.392926    6.804886 v wire20/X (sky130_fd_sc_hd__buf_4)
                                                         net20 (net)
                      0.182013    0.009572    6.814457 v fanout17/A (sky130_fd_sc_hd__clkdlybuf4s25_1)
     9    0.052659    0.702508    0.941061    7.755519 v fanout17/X (sky130_fd_sc_hd__clkdlybuf4s25_1)
                                                         net17 (net)
                      0.702508    0.001473    7.756992 v max_cap18/A (sky130_fd_sc_hd__buf_6)
     8    0.051394    0.106244    0.519804    8.276795 v max_cap18/X (sky130_fd_sc_hd__buf_6)
                                                         net18 (net)
                      0.107326    0.008380    8.285175 v _623_/A (sky130_fd_sc_hd__inv_2)
     1    0.003598    0.046442    0.080758    8.365933 ^ _623_/Y (sky130_fd_sc_hd__inv_2)
                                                         _098_ (net)
                      0.046442    0.000181    8.366115 ^ _707_/RESET_B (sky130_fd_sc_hd__dfrtp_2)
                                              8.366115   data arrival time

                                  0.000000    0.000000   clock wb_clk_i (rise edge)
                                  0.000000    0.000000   clock source latency
     2    0.173147    1.249199    0.990660    0.990660 ^ wb_clk_i (in)
                                                         wb_clk_i (net)
                      1.273456    0.000000    0.990660 ^ clkbuf_0_wb_clk_i/A (sky130_fd_sc_hd__clkbuf_16)
    17    0.080878    0.167560    0.739572    1.730232 ^ clkbuf_0_wb_clk_i/X (sky130_fd_sc_hd__clkbuf_16)
                                                         clknet_0_wb_clk_i (net)
                      0.168029    0.007298    1.737529 ^ clkbuf_3_1_0_wb_clk_i/A (sky130_fd_sc_hd__clkbuf_8)
    11    0.037900    0.124584    0.334008    2.071537 ^ clkbuf_3_1_0_wb_clk_i/X (sky130_fd_sc_hd__clkbuf_8)
                                                         clknet_3_1_0_wb_clk_i (net)
                      0.124619    0.002088    2.073625 ^ _707_/CLK (sky130_fd_sc_hd__dfrtp_2)
                                  0.250000    2.323625   clock uncertainty
                                  0.000000    2.323625   clock reconvergence pessimism
                                  0.666682    2.990307   library removal time
                                              2.990307   data required time
---------------------------------------------------------------------------------------------
                                              2.990307   data required time
                                             -8.366115   data arrival time
---------------------------------------------------------------------------------------------
                                              5.375807   slack (MET)


Startpoint: wb_rst_i (input port clocked by wb_clk_i)
Endpoint: _704_ (removal check against rising-edge clock wb_clk_i)
Path Group: asynchronous
Path Type: min

Fanout         Cap        Slew       Delay        Time   Description
---------------------------------------------------------------------------------------------
                                  0.000000    0.000000   clock wb_clk_i (rise edge)
                                  0.000000    0.000000   clock network delay (propagated)
                                  5.000000    5.000000 v input external delay
     2    0.005119    0.027589    0.015766    5.015766 v wb_rst_i (in)
                                                         wb_rst_i (net)
                      0.027591    0.000000    5.015766 v input1/A (sky130_fd_sc_hd__buf_2)
     5    0.144267    0.617235    0.568217    5.583983 v input1/X (sky130_fd_sc_hd__buf_2)
                                                         net1 (net)
                      0.648212    0.102280    5.686264 v fanout19/A (sky130_fd_sc_hd__clkdlybuf4s25_1)
     2    0.011523    0.179903    0.724801    6.411064 v fanout19/X (sky130_fd_sc_hd__clkdlybuf4s25_1)
                                                         net19 (net)
                      0.179905    0.000896    6.411960 v wire20/A (sky130_fd_sc_hd__buf_4)
    19    0.072039    0.181068    0.392926    6.804886 v wire20/X (sky130_fd_sc_hd__buf_4)
                                                         net20 (net)
                      0.182013    0.009572    6.814457 v fanout17/A (sky130_fd_sc_hd__clkdlybuf4s25_1)
     9    0.052659    0.702508    0.941061    7.755519 v fanout17/X (sky130_fd_sc_hd__clkdlybuf4s25_1)
                                                         net17 (net)
                      0.702508    0.001473    7.756992 v max_cap18/A (sky130_fd_sc_hd__buf_6)
     8    0.051394    0.106244    0.519804    8.276795 v max_cap18/X (sky130_fd_sc_hd__buf_6)
                                                         net18 (net)
                      0.107305    0.008304    8.285099 v _620_/A (sky130_fd_sc_hd__inv_2)
     1    0.003588    0.046385    0.080695    8.365793 ^ _620_/Y (sky130_fd_sc_hd__inv_2)
                                                         _095_ (net)
                      0.046386    0.000180    8.365973 ^ _704_/RESET_B (sky130_fd_sc_hd__dfrtp_2)
                                              8.365973   data arrival time

                                  0.000000    0.000000   clock wb_clk_i (rise edge)
                                  0.000000    0.000000   clock source latency
     2    0.173147    1.249199    0.990660    0.990660 ^ wb_clk_i (in)
                                                         wb_clk_i (net)
                      1.273456    0.000000    0.990660 ^ clkbuf_0_wb_clk_i/A (sky130_fd_sc_hd__clkbuf_16)
    17    0.080878    0.167560    0.739572    1.730232 ^ clkbuf_0_wb_clk_i/X (sky130_fd_sc_hd__clkbuf_16)
                                                         clknet_0_wb_clk_i (net)
                      0.168053    0.007496    1.737728 ^ clkbuf_3_2_0_wb_clk_i/A (sky130_fd_sc_hd__clkbuf_8)
    11    0.037375    0.123327    0.332982    2.070710 ^ clkbuf_3_2_0_wb_clk_i/X (sky130_fd_sc_hd__clkbuf_8)
                                                         clknet_3_2_0_wb_clk_i (net)
                      0.123382    0.002506    2.073216 ^ _704_/CLK (sky130_fd_sc_hd__dfrtp_2)
                                  0.250000    2.323217   clock uncertainty
                                  0.000000    2.323217   clock reconvergence pessimism
                                  0.666291    2.989507   library removal time
                                              2.989507   data required time
---------------------------------------------------------------------------------------------
                                              2.989507   data required time
                                             -8.365973   data arrival time
---------------------------------------------------------------------------------------------
                                              5.376467   slack (MET)


Startpoint: wb_rst_i (input port clocked by wb_clk_i)
Endpoint: _700_ (removal check against rising-edge clock wb_clk_i)
Path Group: asynchronous
Path Type: min

Fanout         Cap        Slew       Delay        Time   Description
---------------------------------------------------------------------------------------------
                                  0.000000    0.000000   clock wb_clk_i (rise edge)
                                  0.000000    0.000000   clock network delay (propagated)
                                  5.000000    5.000000 v input external delay
     2    0.005119    0.027589    0.015766    5.015766 v wb_rst_i (in)
                                                         wb_rst_i (net)
                      0.027591    0.000000    5.015766 v input1/A (sky130_fd_sc_hd__buf_2)
     5    0.144267    0.617235    0.568217    5.583983 v input1/X (sky130_fd_sc_hd__buf_2)
                                                         net1 (net)
                      0.648212    0.102280    5.686264 v fanout19/A (sky130_fd_sc_hd__clkdlybuf4s25_1)
     2    0.011523    0.179903    0.724801    6.411064 v fanout19/X (sky130_fd_sc_hd__clkdlybuf4s25_1)
                                                         net19 (net)
                      0.179905    0.000896    6.411960 v wire20/A (sky130_fd_sc_hd__buf_4)
    19    0.072039    0.181068    0.392926    6.804886 v wire20/X (sky130_fd_sc_hd__buf_4)
                                                         net20 (net)
                      0.182013    0.009572    6.814457 v fanout17/A (sky130_fd_sc_hd__clkdlybuf4s25_1)
     9    0.052659    0.702508    0.941061    7.755519 v fanout17/X (sky130_fd_sc_hd__clkdlybuf4s25_1)
                                                         net17 (net)
                      0.702508    0.001473    7.756992 v max_cap18/A (sky130_fd_sc_hd__buf_6)
     8    0.051394    0.106244    0.519804    8.276795 v max_cap18/X (sky130_fd_sc_hd__buf_6)
                                                         net18 (net)
                      0.107027    0.007188    8.283983 v _616_/A (sky130_fd_sc_hd__inv_2)
     1    0.003764    0.047286    0.081608    8.365592 ^ _616_/Y (sky130_fd_sc_hd__inv_2)
                                                         _091_ (net)
                      0.047287    0.000188    8.365780 ^ _700_/RESET_B (sky130_fd_sc_hd__dfrtp_2)
                                              8.365780   data arrival time

                                  0.000000    0.000000   clock wb_clk_i (rise edge)
                                  0.000000    0.000000   clock source latency
     2    0.173147    1.249199    0.990660    0.990660 ^ wb_clk_i (in)
                                                         wb_clk_i (net)
                      1.273456    0.000000    0.990660 ^ clkbuf_0_wb_clk_i/A (sky130_fd_sc_hd__clkbuf_16)
    17    0.080878    0.167560    0.739572    1.730232 ^ clkbuf_0_wb_clk_i/X (sky130_fd_sc_hd__clkbuf_16)
                                                         clknet_0_wb_clk_i (net)
                      0.167859    0.005697    1.735929 ^ clkbuf_3_3_0_wb_clk_i/A (sky130_fd_sc_hd__clkbuf_8)
    11    0.038093    0.125050    0.334284    2.070213 ^ clkbuf_3_3_0_wb_clk_i/X (sky130_fd_sc_hd__clkbuf_8)
                                                         clknet_3_3_0_wb_clk_i (net)
                      0.125081    0.001985    2.072198 ^ _700_/CLK (sky130_fd_sc_hd__dfrtp_2)
                                  0.250000    2.322198   clock uncertainty
                                  0.000000    2.322198   clock reconvergence pessimism
                                  0.667080    2.989278   library removal time
                                              2.989278   data required time
---------------------------------------------------------------------------------------------
                                              2.989278   data required time
                                             -8.365780   data arrival time
---------------------------------------------------------------------------------------------
                                              5.376503   slack (MET)


Startpoint: wb_rst_i (input port clocked by wb_clk_i)
Endpoint: _703_ (removal check against rising-edge clock wb_clk_i)
Path Group: asynchronous
Path Type: min

Fanout         Cap        Slew       Delay        Time   Description
---------------------------------------------------------------------------------------------
                                  0.000000    0.000000   clock wb_clk_i (rise edge)
                                  0.000000    0.000000   clock network delay (propagated)
                                  5.000000    5.000000 v input external delay
     2    0.005119    0.027589    0.015766    5.015766 v wb_rst_i (in)
                                                         wb_rst_i (net)
                      0.027591    0.000000    5.015766 v input1/A (sky130_fd_sc_hd__buf_2)
     5    0.144267    0.617235    0.568217    5.583983 v input1/X (sky130_fd_sc_hd__buf_2)
                                                         net1 (net)
                      0.648212    0.102280    5.686264 v fanout19/A (sky130_fd_sc_hd__clkdlybuf4s25_1)
     2    0.011523    0.179903    0.724801    6.411064 v fanout19/X (sky130_fd_sc_hd__clkdlybuf4s25_1)
                                                         net19 (net)
                      0.179905    0.000896    6.411960 v wire20/A (sky130_fd_sc_hd__buf_4)
    19    0.072039    0.181068    0.392926    6.804886 v wire20/X (sky130_fd_sc_hd__buf_4)
                                                         net20 (net)
                      0.182013    0.009572    6.814457 v fanout17/A (sky130_fd_sc_hd__clkdlybuf4s25_1)
     9    0.052659    0.702508    0.941061    7.755519 v fanout17/X (sky130_fd_sc_hd__clkdlybuf4s25_1)
                                                         net17 (net)
                      0.702508    0.001473    7.756992 v max_cap18/A (sky130_fd_sc_hd__buf_6)
     8    0.051394    0.106244    0.519804    8.276795 v max_cap18/X (sky130_fd_sc_hd__buf_6)
                                                         net18 (net)
                      0.107341    0.008436    8.285232 v _619_/A (sky130_fd_sc_hd__inv_2)
     1    0.003563    0.046258    0.080564    8.365795 ^ _619_/Y (sky130_fd_sc_hd__inv_2)
                                                         _094_ (net)
                      0.046259    0.000179    8.365974 ^ _703_/RESET_B (sky130_fd_sc_hd__dfrtp_2)
                                              8.365974   data arrival time

                                  0.000000    0.000000   clock wb_clk_i (rise edge)
                                  0.000000    0.000000   clock source latency
     2    0.173147    1.249199    0.990660    0.990660 ^ wb_clk_i (in)
                                                         wb_clk_i (net)
                      1.273456    0.000000    0.990660 ^ clkbuf_0_wb_clk_i/A (sky130_fd_sc_hd__clkbuf_16)
    17    0.080878    0.167560    0.739572    1.730232 ^ clkbuf_0_wb_clk_i/X (sky130_fd_sc_hd__clkbuf_16)
                                                         clknet_0_wb_clk_i (net)
                      0.168053    0.007496    1.737728 ^ clkbuf_3_2_0_wb_clk_i/A (sky130_fd_sc_hd__clkbuf_8)
    11    0.037375    0.123327    0.332982    2.070710 ^ clkbuf_3_2_0_wb_clk_i/X (sky130_fd_sc_hd__clkbuf_8)
                                                         clknet_3_2_0_wb_clk_i (net)
                      0.123380    0.002468    2.073178 ^ _703_/CLK (sky130_fd_sc_hd__dfrtp_2)
                                  0.250000    2.323178   clock uncertainty
                                  0.000000    2.323178   clock reconvergence pessimism
                                  0.666251    2.989430   library removal time
                                              2.989430   data required time
---------------------------------------------------------------------------------------------
                                              2.989430   data required time
                                             -8.365974   data arrival time
---------------------------------------------------------------------------------------------
                                              5.376545   slack (MET)


Startpoint: wb_rst_i (input port clocked by wb_clk_i)
Endpoint: _701_ (removal check against rising-edge clock wb_clk_i)
Path Group: asynchronous
Path Type: min

Fanout         Cap        Slew       Delay        Time   Description
---------------------------------------------------------------------------------------------
                                  0.000000    0.000000   clock wb_clk_i (rise edge)
                                  0.000000    0.000000   clock network delay (propagated)
                                  5.000000    5.000000 v input external delay
     2    0.005119    0.027589    0.015766    5.015766 v wb_rst_i (in)
                                                         wb_rst_i (net)
                      0.027591    0.000000    5.015766 v input1/A (sky130_fd_sc_hd__buf_2)
     5    0.144267    0.617235    0.568217    5.583983 v input1/X (sky130_fd_sc_hd__buf_2)
                                                         net1 (net)
                      0.648212    0.102280    5.686264 v fanout19/A (sky130_fd_sc_hd__clkdlybuf4s25_1)
     2    0.011523    0.179903    0.724801    6.411064 v fanout19/X (sky130_fd_sc_hd__clkdlybuf4s25_1)
                                                         net19 (net)
                      0.179905    0.000896    6.411960 v wire20/A (sky130_fd_sc_hd__buf_4)
    19    0.072039    0.181068    0.392926    6.804886 v wire20/X (sky130_fd_sc_hd__buf_4)
                                                         net20 (net)
                      0.182013    0.009572    6.814457 v fanout17/A (sky130_fd_sc_hd__clkdlybuf4s25_1)
     9    0.052659    0.702508    0.941061    7.755519 v fanout17/X (sky130_fd_sc_hd__clkdlybuf4s25_1)
                                                         net17 (net)
                      0.702508    0.001473    7.756992 v max_cap18/A (sky130_fd_sc_hd__buf_6)
     8    0.051394    0.106244    0.519804    8.276795 v max_cap18/X (sky130_fd_sc_hd__buf_6)
                                                         net18 (net)
                      0.107010    0.007115    8.283911 v _617_/A (sky130_fd_sc_hd__inv_2)
     1    0.003732    0.047108    0.081417    8.365327 ^ _617_/Y (sky130_fd_sc_hd__inv_2)
                                                         _092_ (net)
                      0.047108    0.000188    8.365516 ^ _701_/RESET_B (sky130_fd_sc_hd__dfrtp_2)
                                              8.365516   data arrival time

                                  0.000000    0.000000   clock wb_clk_i (rise edge)
                                  0.000000    0.000000   clock source latency
     2    0.173147    1.249199    0.990660    0.990660 ^ wb_clk_i (in)
                                                         wb_clk_i (net)
                      1.273456    0.000000    0.990660 ^ clkbuf_0_wb_clk_i/A (sky130_fd_sc_hd__clkbuf_16)
    17    0.080878    0.167560    0.739572    1.730232 ^ clkbuf_0_wb_clk_i/X (sky130_fd_sc_hd__clkbuf_16)
                                                         clknet_0_wb_clk_i (net)
                      0.167859    0.005697    1.735929 ^ clkbuf_3_3_0_wb_clk_i/A (sky130_fd_sc_hd__clkbuf_8)
    11    0.038093    0.125050    0.334284    2.070213 ^ clkbuf_3_3_0_wb_clk_i/X (sky130_fd_sc_hd__clkbuf_8)
                                                         clknet_3_3_0_wb_clk_i (net)
                      0.125071    0.001706    2.071918 ^ _701_/CLK (sky130_fd_sc_hd__dfrtp_2)
                                  0.250000    2.321918   clock uncertainty
                                  0.000000    2.321918   clock reconvergence pessimism
                                  0.667022    2.988941   library removal time
                                              2.988941   data required time
---------------------------------------------------------------------------------------------
                                              2.988941   data required time
                                             -8.365516   data arrival time
---------------------------------------------------------------------------------------------
                                              5.376575   slack (MET)


Startpoint: wb_rst_i (input port clocked by wb_clk_i)
Endpoint: _702_ (removal check against rising-edge clock wb_clk_i)
Path Group: asynchronous
Path Type: min

Fanout         Cap        Slew       Delay        Time   Description
---------------------------------------------------------------------------------------------
                                  0.000000    0.000000   clock wb_clk_i (rise edge)
                                  0.000000    0.000000   clock network delay (propagated)
                                  5.000000    5.000000 v input external delay
     2    0.005119    0.027589    0.015766    5.015766 v wb_rst_i (in)
                                                         wb_rst_i (net)
                      0.027591    0.000000    5.015766 v input1/A (sky130_fd_sc_hd__buf_2)
     5    0.144267    0.617235    0.568217    5.583983 v input1/X (sky130_fd_sc_hd__buf_2)
                                                         net1 (net)
                      0.648212    0.102280    5.686264 v fanout19/A (sky130_fd_sc_hd__clkdlybuf4s25_1)
     2    0.011523    0.179903    0.724801    6.411064 v fanout19/X (sky130_fd_sc_hd__clkdlybuf4s25_1)
                                                         net19 (net)
                      0.179905    0.000896    6.411960 v wire20/A (sky130_fd_sc_hd__buf_4)
    19    0.072039    0.181068    0.392926    6.804886 v wire20/X (sky130_fd_sc_hd__buf_4)
                                                         net20 (net)
                      0.182013    0.009572    6.814457 v fanout17/A (sky130_fd_sc_hd__clkdlybuf4s25_1)
     9    0.052659    0.702508    0.941061    7.755519 v fanout17/X (sky130_fd_sc_hd__clkdlybuf4s25_1)
                                                         net17 (net)
                      0.702508    0.001473    7.756992 v max_cap18/A (sky130_fd_sc_hd__buf_6)
     8    0.051394    0.106244    0.519804    8.276795 v max_cap18/X (sky130_fd_sc_hd__buf_6)
                                                         net18 (net)
                      0.107285    0.008226    8.285022 v _618_/A (sky130_fd_sc_hd__inv_2)
     1    0.003733    0.047169    0.081521    8.366543 ^ _618_/Y (sky130_fd_sc_hd__inv_2)
                                                         _093_ (net)
                      0.047170    0.000186    8.366729 ^ _702_/RESET_B (sky130_fd_sc_hd__dfrtp_2)
                                              8.366729   data arrival time

                                  0.000000    0.000000   clock wb_clk_i (rise edge)
                                  0.000000    0.000000   clock source latency
     2    0.173147    1.249199    0.990660    0.990660 ^ wb_clk_i (in)
                                                         wb_clk_i (net)
                      1.273456    0.000000    0.990660 ^ clkbuf_0_wb_clk_i/A (sky130_fd_sc_hd__clkbuf_16)
    17    0.080878    0.167560    0.739572    1.730232 ^ clkbuf_0_wb_clk_i/X (sky130_fd_sc_hd__clkbuf_16)
                                                         clknet_0_wb_clk_i (net)
                      0.167859    0.005697    1.735929 ^ clkbuf_3_3_0_wb_clk_i/A (sky130_fd_sc_hd__clkbuf_8)
    11    0.038093    0.125050    0.334284    2.070213 ^ clkbuf_3_3_0_wb_clk_i/X (sky130_fd_sc_hd__clkbuf_8)
                                                         clknet_3_3_0_wb_clk_i (net)
                      0.125073    0.001765    2.071978 ^ _702_/CLK (sky130_fd_sc_hd__dfrtp_2)
                                  0.250000    2.321978   clock uncertainty
                                  0.000000    2.321978   clock reconvergence pessimism
                                  0.667041    2.989020   library removal time
                                              2.989020   data required time
---------------------------------------------------------------------------------------------
                                              2.989020   data required time
                                             -8.366729   data arrival time
---------------------------------------------------------------------------------------------
                                              5.377709   slack (MET)


Startpoint: wb_rst_i (input port clocked by wb_clk_i)
Endpoint: _705_ (removal check against rising-edge clock wb_clk_i)
Path Group: asynchronous
Path Type: min

Fanout         Cap        Slew       Delay        Time   Description
---------------------------------------------------------------------------------------------
                                  0.000000    0.000000   clock wb_clk_i (rise edge)
                                  0.000000    0.000000   clock network delay (propagated)
                                  5.000000    5.000000 v input external delay
     2    0.005119    0.027589    0.015766    5.015766 v wb_rst_i (in)
                                                         wb_rst_i (net)
                      0.027591    0.000000    5.015766 v input1/A (sky130_fd_sc_hd__buf_2)
     5    0.144267    0.617235    0.568217    5.583983 v input1/X (sky130_fd_sc_hd__buf_2)
                                                         net1 (net)
                      0.648212    0.102280    5.686264 v fanout19/A (sky130_fd_sc_hd__clkdlybuf4s25_1)
     2    0.011523    0.179903    0.724801    6.411064 v fanout19/X (sky130_fd_sc_hd__clkdlybuf4s25_1)
                                                         net19 (net)
                      0.179905    0.000896    6.411960 v wire20/A (sky130_fd_sc_hd__buf_4)
    19    0.072039    0.181068    0.392926    6.804886 v wire20/X (sky130_fd_sc_hd__buf_4)
                                                         net20 (net)
                      0.182013    0.009572    6.814457 v fanout17/A (sky130_fd_sc_hd__clkdlybuf4s25_1)
     9    0.052659    0.702508    0.941061    7.755519 v fanout17/X (sky130_fd_sc_hd__clkdlybuf4s25_1)
                                                         net17 (net)
                      0.702508    0.001473    7.756992 v max_cap18/A (sky130_fd_sc_hd__buf_6)
     8    0.051394    0.106244    0.519804    8.276795 v max_cap18/X (sky130_fd_sc_hd__buf_6)
                                                         net18 (net)
                      0.106570    0.004791    8.281587 v _621_/A (sky130_fd_sc_hd__inv_2)
     1    0.004695    0.052496    0.086749    8.368336 ^ _621_/Y (sky130_fd_sc_hd__inv_2)
                                                         _096_ (net)
                      0.052497    0.000238    8.368573 ^ _705_/RESET_B (sky130_fd_sc_hd__dfrtp_2)
                                              8.368573   data arrival time

                                  0.000000    0.000000   clock wb_clk_i (rise edge)
                                  0.000000    0.000000   clock source latency
     2    0.173147    1.249199    0.990660    0.990660 ^ wb_clk_i (in)
                                                         wb_clk_i (net)
                      1.273456    0.000000    0.990660 ^ clkbuf_0_wb_clk_i/A (sky130_fd_sc_hd__clkbuf_16)
    17    0.080878    0.167560    0.739572    1.730232 ^ clkbuf_0_wb_clk_i/X (sky130_fd_sc_hd__clkbuf_16)
                                                         clknet_0_wb_clk_i (net)
                      0.167859    0.005697    1.735929 ^ clkbuf_3_3_0_wb_clk_i/A (sky130_fd_sc_hd__clkbuf_8)
    11    0.038093    0.125050    0.334284    2.070213 ^ clkbuf_3_3_0_wb_clk_i/X (sky130_fd_sc_hd__clkbuf_8)
                                                         clknet_3_3_0_wb_clk_i (net)
                      0.125077    0.001880    2.072093 ^ _705_/CLK (sky130_fd_sc_hd__dfrtp_2)
                                  0.250000    2.322093   clock uncertainty
                                  0.000000    2.322093   clock reconvergence pessimism
                                  0.668674    2.990768   library removal time
                                              2.990768   data required time
---------------------------------------------------------------------------------------------
                                              2.990768   data required time
                                             -8.368573   data arrival time
---------------------------------------------------------------------------------------------
                                              5.377806   slack (MET)


Startpoint: wb_rst_i (input port clocked by wb_clk_i)
Endpoint: _745_ (removal check against rising-edge clock wb_clk_i)
Path Group: asynchronous
Path Type: min

Fanout         Cap        Slew       Delay        Time   Description
---------------------------------------------------------------------------------------------
                                  0.000000    0.000000   clock wb_clk_i (rise edge)
                                  0.000000    0.000000   clock network delay (propagated)
                                  5.000000    5.000000 v input external delay
     2    0.005119    0.027589    0.015766    5.015766 v wb_rst_i (in)
                                                         wb_rst_i (net)
                      0.027591    0.000000    5.015766 v input1/A (sky130_fd_sc_hd__buf_2)
     5    0.144267    0.617235    0.568217    5.583983 v input1/X (sky130_fd_sc_hd__buf_2)
                                                         net1 (net)
                      0.650584    0.105956    5.689939 v fanout25/A (sky130_fd_sc_hd__clkdlybuf4s25_1)
     8    0.042275    0.568549    1.002256    6.692195 v fanout25/X (sky130_fd_sc_hd__clkdlybuf4s25_1)
                                                         net25 (net)
                      0.568549    0.001676    6.693871 v fanout21/A (sky130_fd_sc_hd__clkdlybuf4s25_1)
     9    0.058918    0.783781    1.128424    7.822295 v fanout21/X (sky130_fd_sc_hd__clkdlybuf4s25_1)
                                                         net21 (net)
                      0.783785    0.002871    7.825167 v load_slew22/A (sky130_fd_sc_hd__buf_4)
     8    0.047517    0.136434    0.608468    8.433635 v load_slew22/X (sky130_fd_sc_hd__buf_4)
                                                         net22 (net)
                      0.136502    0.002824    8.436458 v _661_/A (sky130_fd_sc_hd__inv_2)
     1    0.003535    0.051980    0.090413    8.526871 ^ _661_/Y (sky130_fd_sc_hd__inv_2)
                                                         _136_ (net)
                      0.051980    0.000178    8.527049 ^ _745_/RESET_B (sky130_fd_sc_hd__dfrtp_2)
                                              8.527049   data arrival time

                                  0.000000    0.000000   clock wb_clk_i (rise edge)
                                  0.000000    0.000000   clock source latency
     2    0.173147    1.249199    0.990660    0.990660 ^ wb_clk_i (in)
                                                         wb_clk_i (net)
                      1.273456    0.000000    0.990660 ^ clkbuf_0_wb_clk_i/A (sky130_fd_sc_hd__clkbuf_16)
    17    0.080878    0.167560    0.739572    1.730232 ^ clkbuf_0_wb_clk_i/X (sky130_fd_sc_hd__clkbuf_16)
                                                         clknet_0_wb_clk_i (net)
                      0.167872    0.005835    1.736067 ^ clkbuf_3_6_0_wb_clk_i/A (sky130_fd_sc_hd__clkbuf_8)
    12    0.039360    0.128046    0.336398    2.072464 ^ clkbuf_3_6_0_wb_clk_i/X (sky130_fd_sc_hd__clkbuf_8)
                                                         clknet_3_6_0_wb_clk_i (net)
                      0.128148    0.003415    2.075879 ^ _745_/CLK (sky130_fd_sc_hd__dfrtp_2)
                                  0.250000    2.325879   clock uncertainty
                                  0.000000    2.325879   clock reconvergence pessimism
                                  0.669443    2.995323   library removal time
                                              2.995323   data required time
---------------------------------------------------------------------------------------------
                                              2.995323   data required time
                                             -8.527049   data arrival time
---------------------------------------------------------------------------------------------
                                              5.531726   slack (MET)


Startpoint: wb_rst_i (input port clocked by wb_clk_i)
Endpoint: _752_ (removal check against rising-edge clock wb_clk_i)
Path Group: asynchronous
Path Type: min

Fanout         Cap        Slew       Delay        Time   Description
---------------------------------------------------------------------------------------------
                                  0.000000    0.000000   clock wb_clk_i (rise edge)
                                  0.000000    0.000000   clock network delay (propagated)
                                  5.000000    5.000000 v input external delay
     2    0.005119    0.027589    0.015766    5.015766 v wb_rst_i (in)
                                                         wb_rst_i (net)
                      0.027591    0.000000    5.015766 v input1/A (sky130_fd_sc_hd__buf_2)
     5    0.144267    0.617235    0.568217    5.583983 v input1/X (sky130_fd_sc_hd__buf_2)
                                                         net1 (net)
                      0.650584    0.105956    5.689939 v fanout25/A (sky130_fd_sc_hd__clkdlybuf4s25_1)
     8    0.042275    0.568549    1.002256    6.692195 v fanout25/X (sky130_fd_sc_hd__clkdlybuf4s25_1)
                                                         net25 (net)
                      0.568549    0.001676    6.693871 v fanout21/A (sky130_fd_sc_hd__clkdlybuf4s25_1)
     9    0.058918    0.783781    1.128424    7.822295 v fanout21/X (sky130_fd_sc_hd__clkdlybuf4s25_1)
                                                         net21 (net)
                      0.783785    0.002871    7.825167 v load_slew22/A (sky130_fd_sc_hd__buf_4)
     8    0.047517    0.136434    0.608468    8.433635 v load_slew22/X (sky130_fd_sc_hd__buf_4)
                                                         net22 (net)
                      0.136751    0.005465    8.439099 v _668_/A (sky130_fd_sc_hd__inv_2)
     1    0.003463    0.051643    0.090024    8.529123 ^ _668_/Y (sky130_fd_sc_hd__inv_2)
                                                         _143_ (net)
                      0.051643    0.000173    8.529297 ^ _752_/RESET_B (sky130_fd_sc_hd__dfrtp_2)
                                              8.529297   data arrival time

                                  0.000000    0.000000   clock wb_clk_i (rise edge)
                                  0.000000    0.000000   clock source latency
     2    0.173147    1.249199    0.990660    0.990660 ^ wb_clk_i (in)
                                                         wb_clk_i (net)
                      1.273456    0.000000    0.990660 ^ clkbuf_0_wb_clk_i/A (sky130_fd_sc_hd__clkbuf_16)
    17    0.080878    0.167560    0.739572    1.730232 ^ clkbuf_0_wb_clk_i/X (sky130_fd_sc_hd__clkbuf_16)
                                                         clknet_0_wb_clk_i (net)
                      0.167872    0.005835    1.736067 ^ clkbuf_3_6_0_wb_clk_i/A (sky130_fd_sc_hd__clkbuf_8)
    12    0.039360    0.128046    0.336398    2.072464 ^ clkbuf_3_6_0_wb_clk_i/X (sky130_fd_sc_hd__clkbuf_8)
                                                         clknet_3_6_0_wb_clk_i (net)
                      0.128184    0.003886    2.076350 ^ _752_/CLK (sky130_fd_sc_hd__dfrtp_2)
                                  0.250000    2.326350   clock uncertainty
                                  0.000000    2.326350   clock reconvergence pessimism
                                  0.669351    2.995701   library removal time
                                              2.995701   data required time
---------------------------------------------------------------------------------------------
                                              2.995701   data required time
                                             -8.529297   data arrival time
---------------------------------------------------------------------------------------------
                                              5.533595   slack (MET)


Startpoint: wb_rst_i (input port clocked by wb_clk_i)
Endpoint: _741_ (removal check against rising-edge clock wb_clk_i)
Path Group: asynchronous
Path Type: min

Fanout         Cap        Slew       Delay        Time   Description
---------------------------------------------------------------------------------------------
                                  0.000000    0.000000   clock wb_clk_i (rise edge)
                                  0.000000    0.000000   clock network delay (propagated)
                                  5.000000    5.000000 v input external delay
     2    0.005119    0.027589    0.015766    5.015766 v wb_rst_i (in)
                                                         wb_rst_i (net)
                      0.027591    0.000000    5.015766 v input1/A (sky130_fd_sc_hd__buf_2)
     5    0.144267    0.617235    0.568217    5.583983 v input1/X (sky130_fd_sc_hd__buf_2)
                                                         net1 (net)
                      0.650584    0.105956    5.689939 v fanout25/A (sky130_fd_sc_hd__clkdlybuf4s25_1)
     8    0.042275    0.568549    1.002256    6.692195 v fanout25/X (sky130_fd_sc_hd__clkdlybuf4s25_1)
                                                         net25 (net)
                      0.568549    0.001676    6.693871 v fanout21/A (sky130_fd_sc_hd__clkdlybuf4s25_1)
     9    0.058918    0.783781    1.128424    7.822295 v fanout21/X (sky130_fd_sc_hd__clkdlybuf4s25_1)
                                                         net21 (net)
                      0.783785    0.002871    7.825167 v load_slew22/A (sky130_fd_sc_hd__buf_4)
     8    0.047517    0.136434    0.608468    8.433635 v load_slew22/X (sky130_fd_sc_hd__buf_4)
                                                         net22 (net)
                      0.136619    0.004313    8.437947 v _657_/A (sky130_fd_sc_hd__inv_2)
     1    0.003505    0.051841    0.090252    8.528200 ^ _657_/Y (sky130_fd_sc_hd__inv_2)
                                                         _132_ (net)
                      0.051841    0.000176    8.528376 ^ _741_/RESET_B (sky130_fd_sc_hd__dfrtp_2)
                                              8.528376   data arrival time

                                  0.000000    0.000000   clock wb_clk_i (rise edge)
                                  0.000000    0.000000   clock source latency
     2    0.173147    1.249199    0.990660    0.990660 ^ wb_clk_i (in)
                                                         wb_clk_i (net)
                      1.273456    0.000000    0.990660 ^ clkbuf_0_wb_clk_i/A (sky130_fd_sc_hd__clkbuf_16)
    17    0.080878    0.167560    0.739572    1.730232 ^ clkbuf_0_wb_clk_i/X (sky130_fd_sc_hd__clkbuf_16)
                                                         clknet_0_wb_clk_i (net)
                      0.167872    0.005835    1.736067 ^ clkbuf_3_6_0_wb_clk_i/A (sky130_fd_sc_hd__clkbuf_8)
    12    0.039360    0.128046    0.336398    2.072464 ^ clkbuf_3_6_0_wb_clk_i/X (sky130_fd_sc_hd__clkbuf_8)
                                                         clknet_3_6_0_wb_clk_i (net)
                      0.128108    0.002776    2.075241 ^ _741_/CLK (sky130_fd_sc_hd__dfrtp_2)
                                  0.250000    2.325241   clock uncertainty
                                  0.000000    2.325241   clock reconvergence pessimism
                                  0.669389    2.994630   library removal time
                                              2.994630   data required time
---------------------------------------------------------------------------------------------
                                              2.994630   data required time
                                             -8.528376   data arrival time
---------------------------------------------------------------------------------------------
                                              5.533746   slack (MET)


Startpoint: wb_rst_i (input port clocked by wb_clk_i)
Endpoint: _738_ (removal check against rising-edge clock wb_clk_i)
Path Group: asynchronous
Path Type: min

Fanout         Cap        Slew       Delay        Time   Description
---------------------------------------------------------------------------------------------
                                  0.000000    0.000000   clock wb_clk_i (rise edge)
                                  0.000000    0.000000   clock network delay (propagated)
                                  5.000000    5.000000 v input external delay
     2    0.005119    0.027589    0.015766    5.015766 v wb_rst_i (in)
                                                         wb_rst_i (net)
                      0.027591    0.000000    5.015766 v input1/A (sky130_fd_sc_hd__buf_2)
     5    0.144267    0.617235    0.568217    5.583983 v input1/X (sky130_fd_sc_hd__buf_2)
                                                         net1 (net)
                      0.650584    0.105956    5.689939 v fanout25/A (sky130_fd_sc_hd__clkdlybuf4s25_1)
     8    0.042275    0.568549    1.002256    6.692195 v fanout25/X (sky130_fd_sc_hd__clkdlybuf4s25_1)
                                                         net25 (net)
                      0.568549    0.001676    6.693871 v fanout21/A (sky130_fd_sc_hd__clkdlybuf4s25_1)
     9    0.058918    0.783781    1.128424    7.822295 v fanout21/X (sky130_fd_sc_hd__clkdlybuf4s25_1)
                                                         net21 (net)
                      0.783785    0.002871    7.825167 v load_slew22/A (sky130_fd_sc_hd__buf_4)
     8    0.047517    0.136434    0.608468    8.433635 v load_slew22/X (sky130_fd_sc_hd__buf_4)
                                                         net22 (net)
                      0.136742    0.005399    8.439034 v _654_/A (sky130_fd_sc_hd__inv_2)
     1    0.003597    0.052359    0.090900    8.529933 ^ _654_/Y (sky130_fd_sc_hd__inv_2)
                                                         _129_ (net)
                      0.052365    0.000179    8.530113 ^ _738_/RESET_B (sky130_fd_sc_hd__dfrtp_2)
                                              8.530113   data arrival time

                                  0.000000    0.000000   clock wb_clk_i (rise edge)
                                  0.000000    0.000000   clock source latency
     2    0.173147    1.249199    0.990660    0.990660 ^ wb_clk_i (in)
                                                         wb_clk_i (net)
                      1.273456    0.000000    0.990660 ^ clkbuf_0_wb_clk_i/A (sky130_fd_sc_hd__clkbuf_16)
    17    0.080878    0.167560    0.739572    1.730232 ^ clkbuf_0_wb_clk_i/X (sky130_fd_sc_hd__clkbuf_16)
                                                         clknet_0_wb_clk_i (net)
                      0.167872    0.005835    1.736067 ^ clkbuf_3_6_0_wb_clk_i/A (sky130_fd_sc_hd__clkbuf_8)
    12    0.039360    0.128046    0.336398    2.072464 ^ clkbuf_3_6_0_wb_clk_i/X (sky130_fd_sc_hd__clkbuf_8)
                                                         clknet_3_6_0_wb_clk_i (net)
                      0.128099    0.002609    2.075073 ^ _738_/CLK (sky130_fd_sc_hd__dfrtp_2)
                                  0.250000    2.325073   clock uncertainty
                                  0.000000    2.325073   clock reconvergence pessimism
                                  0.669546    2.994620   library removal time
                                              2.994620   data required time
---------------------------------------------------------------------------------------------
                                              2.994620   data required time
                                             -8.530113   data arrival time
---------------------------------------------------------------------------------------------
                                              5.535493   slack (MET)


Startpoint: wb_rst_i (input port clocked by wb_clk_i)
Endpoint: _751_ (removal check against rising-edge clock wb_clk_i)
Path Group: asynchronous
Path Type: min

Fanout         Cap        Slew       Delay        Time   Description
---------------------------------------------------------------------------------------------
                                  0.000000    0.000000   clock wb_clk_i (rise edge)
                                  0.000000    0.000000   clock network delay (propagated)
                                  5.000000    5.000000 v input external delay
     2    0.005119    0.027589    0.015766    5.015766 v wb_rst_i (in)
                                                         wb_rst_i (net)
                      0.027591    0.000000    5.015766 v input1/A (sky130_fd_sc_hd__buf_2)
     5    0.144267    0.617235    0.568217    5.583983 v input1/X (sky130_fd_sc_hd__buf_2)
                                                         net1 (net)
                      0.650584    0.105956    5.689939 v fanout25/A (sky130_fd_sc_hd__clkdlybuf4s25_1)
     8    0.042275    0.568549    1.002256    6.692195 v fanout25/X (sky130_fd_sc_hd__clkdlybuf4s25_1)
                                                         net25 (net)
                      0.568549    0.001676    6.693871 v fanout21/A (sky130_fd_sc_hd__clkdlybuf4s25_1)
     9    0.058918    0.783781    1.128424    7.822295 v fanout21/X (sky130_fd_sc_hd__clkdlybuf4s25_1)
                                                         net21 (net)
                      0.783785    0.002871    7.825167 v load_slew22/A (sky130_fd_sc_hd__buf_4)
     8    0.047517    0.136434    0.608468    8.433635 v load_slew22/X (sky130_fd_sc_hd__buf_4)
                                                         net22 (net)
                      0.136749    0.005451    8.439085 v _667_/A (sky130_fd_sc_hd__inv_2)
     1    0.003807    0.053528    0.092318    8.531404 ^ _667_/Y (sky130_fd_sc_hd__inv_2)
                                                         _142_ (net)
                      0.053528    0.000091    8.531494 ^ _751_/RESET_B (sky130_fd_sc_hd__dfrtp_2)
                                              8.531494   data arrival time

                                  0.000000    0.000000   clock wb_clk_i (rise edge)
                                  0.000000    0.000000   clock source latency
     2    0.173147    1.249199    0.990660    0.990660 ^ wb_clk_i (in)
                                                         wb_clk_i (net)
                      1.273456    0.000000    0.990660 ^ clkbuf_0_wb_clk_i/A (sky130_fd_sc_hd__clkbuf_16)
    17    0.080878    0.167560    0.739572    1.730232 ^ clkbuf_0_wb_clk_i/X (sky130_fd_sc_hd__clkbuf_16)
                                                         clknet_0_wb_clk_i (net)
                      0.167872    0.005835    1.736067 ^ clkbuf_3_6_0_wb_clk_i/A (sky130_fd_sc_hd__clkbuf_8)
    12    0.039360    0.128046    0.336398    2.072464 ^ clkbuf_3_6_0_wb_clk_i/X (sky130_fd_sc_hd__clkbuf_8)
                                                         clknet_3_6_0_wb_clk_i (net)
                      0.128125    0.003062    2.075526 ^ _751_/CLK (sky130_fd_sc_hd__dfrtp_2)
                                  0.250000    2.325526   clock uncertainty
                                  0.000000    2.325526   clock reconvergence pessimism
                                  0.669910    2.995437   library removal time
                                              2.995437   data required time
---------------------------------------------------------------------------------------------
                                              2.995437   data required time
                                             -8.531494   data arrival time
---------------------------------------------------------------------------------------------
                                              5.536057   slack (MET)


Startpoint: wb_rst_i (input port clocked by wb_clk_i)
Endpoint: _733_ (removal check against rising-edge clock wb_clk_i)
Path Group: asynchronous
Path Type: min

Fanout         Cap        Slew       Delay        Time   Description
---------------------------------------------------------------------------------------------
                                  0.000000    0.000000   clock wb_clk_i (rise edge)
                                  0.000000    0.000000   clock network delay (propagated)
                                  5.000000    5.000000 v input external delay
     2    0.005119    0.027589    0.015766    5.015766 v wb_rst_i (in)
                                                         wb_rst_i (net)
                      0.027591    0.000000    5.015766 v input1/A (sky130_fd_sc_hd__buf_2)
     5    0.144267    0.617235    0.568217    5.583983 v input1/X (sky130_fd_sc_hd__buf_2)
                                                         net1 (net)
                      0.650584    0.105956    5.689939 v fanout25/A (sky130_fd_sc_hd__clkdlybuf4s25_1)
     8    0.042275    0.568549    1.002256    6.692195 v fanout25/X (sky130_fd_sc_hd__clkdlybuf4s25_1)
                                                         net25 (net)
                      0.568549    0.001676    6.693871 v fanout21/A (sky130_fd_sc_hd__clkdlybuf4s25_1)
     9    0.058918    0.783781    1.128424    7.822295 v fanout21/X (sky130_fd_sc_hd__clkdlybuf4s25_1)
                                                         net21 (net)
                      0.783785    0.002871    7.825167 v load_slew22/A (sky130_fd_sc_hd__buf_4)
     8    0.047517    0.136434    0.608468    8.433635 v load_slew22/X (sky130_fd_sc_hd__buf_4)
                                                         net22 (net)
                      0.136859    0.006230    8.439864 v _649_/A (sky130_fd_sc_hd__inv_2)
     1    0.003591    0.052350    0.090898    8.530762 ^ _649_/Y (sky130_fd_sc_hd__inv_2)
                                                         _124_ (net)
                      0.052355    0.000182    8.530944 ^ _733_/RESET_B (sky130_fd_sc_hd__dfrtp_2)
                                              8.530944   data arrival time

                                  0.000000    0.000000   clock wb_clk_i (rise edge)
                                  0.000000    0.000000   clock source latency
     2    0.173147    1.249199    0.990660    0.990660 ^ wb_clk_i (in)
                                                         wb_clk_i (net)
                      1.273456    0.000000    0.990660 ^ clkbuf_0_wb_clk_i/A (sky130_fd_sc_hd__clkbuf_16)
    17    0.080878    0.167560    0.739572    1.730232 ^ clkbuf_0_wb_clk_i/X (sky130_fd_sc_hd__clkbuf_16)
                                                         clknet_0_wb_clk_i (net)
                      0.167872    0.005835    1.736067 ^ clkbuf_3_6_0_wb_clk_i/A (sky130_fd_sc_hd__clkbuf_8)
    12    0.039360    0.128046    0.336398    2.072464 ^ clkbuf_3_6_0_wb_clk_i/X (sky130_fd_sc_hd__clkbuf_8)
                                                         clknet_3_6_0_wb_clk_i (net)
                      0.128067    0.001837    2.074301 ^ _733_/CLK (sky130_fd_sc_hd__dfrtp_2)
                                  0.250000    2.324301   clock uncertainty
                                  0.000000    2.324301   clock reconvergence pessimism
                                  0.669534    2.993835   library removal time
                                              2.993835   data required time
---------------------------------------------------------------------------------------------
                                              2.993835   data required time
                                             -8.530944   data arrival time
---------------------------------------------------------------------------------------------
                                              5.537109   slack (MET)


Startpoint: wb_rst_i (input port clocked by wb_clk_i)
Endpoint: _732_ (removal check against rising-edge clock wb_clk_i)
Path Group: asynchronous
Path Type: min

Fanout         Cap        Slew       Delay        Time   Description
---------------------------------------------------------------------------------------------
                                  0.000000    0.000000   clock wb_clk_i (rise edge)
                                  0.000000    0.000000   clock network delay (propagated)
                                  5.000000    5.000000 v input external delay
     2    0.005119    0.027589    0.015766    5.015766 v wb_rst_i (in)
                                                         wb_rst_i (net)
                      0.027591    0.000000    5.015766 v input1/A (sky130_fd_sc_hd__buf_2)
     5    0.144267    0.617235    0.568217    5.583983 v input1/X (sky130_fd_sc_hd__buf_2)
                                                         net1 (net)
                      0.650584    0.105956    5.689939 v fanout25/A (sky130_fd_sc_hd__clkdlybuf4s25_1)
     8    0.042275    0.568549    1.002256    6.692195 v fanout25/X (sky130_fd_sc_hd__clkdlybuf4s25_1)
                                                         net25 (net)
                      0.568549    0.001676    6.693871 v fanout21/A (sky130_fd_sc_hd__clkdlybuf4s25_1)
     9    0.058918    0.783781    1.128424    7.822295 v fanout21/X (sky130_fd_sc_hd__clkdlybuf4s25_1)
                                                         net21 (net)
                      0.783785    0.002871    7.825167 v load_slew22/A (sky130_fd_sc_hd__buf_4)
     8    0.047517    0.136434    0.608468    8.433635 v load_slew22/X (sky130_fd_sc_hd__buf_4)
                                                         net22 (net)
                      0.136818    0.005957    8.439591 v _648_/A (sky130_fd_sc_hd__inv_2)
     1    0.003753    0.053245    0.091947    8.531538 ^ _648_/Y (sky130_fd_sc_hd__inv_2)
                                                         _123_ (net)
                      0.053245    0.000188    8.531727 ^ _732_/RESET_B (sky130_fd_sc_hd__dfrtp_2)
                                              8.531727   data arrival time

                                  0.000000    0.000000   clock wb_clk_i (rise edge)
                                  0.000000    0.000000   clock source latency
     2    0.173147    1.249199    0.990660    0.990660 ^ wb_clk_i (in)
                                                         wb_clk_i (net)
                      1.273456    0.000000    0.990660 ^ clkbuf_0_wb_clk_i/A (sky130_fd_sc_hd__clkbuf_16)
    17    0.080878    0.167560    0.739572    1.730232 ^ clkbuf_0_wb_clk_i/X (sky130_fd_sc_hd__clkbuf_16)
                                                         clknet_0_wb_clk_i (net)
                      0.167872    0.005835    1.736067 ^ clkbuf_3_6_0_wb_clk_i/A (sky130_fd_sc_hd__clkbuf_8)
    12    0.039360    0.128046    0.336398    2.072464 ^ clkbuf_3_6_0_wb_clk_i/X (sky130_fd_sc_hd__clkbuf_8)
                                                         clknet_3_6_0_wb_clk_i (net)
                      0.128057    0.001476    2.073941 ^ _732_/CLK (sky130_fd_sc_hd__dfrtp_2)
                                  0.250000    2.323941   clock uncertainty
                                  0.000000    2.323941   clock reconvergence pessimism
                                  0.669803    2.993744   library removal time
                                              2.993744   data required time
---------------------------------------------------------------------------------------------
                                              2.993744   data required time
                                             -8.531727   data arrival time
---------------------------------------------------------------------------------------------
                                              5.537982   slack (MET)


Startpoint: wb_rst_i (input port clocked by wb_clk_i)
Endpoint: _731_ (removal check against rising-edge clock wb_clk_i)
Path Group: asynchronous
Path Type: min

Fanout         Cap        Slew       Delay        Time   Description
---------------------------------------------------------------------------------------------
                                  0.000000    0.000000   clock wb_clk_i (rise edge)
                                  0.000000    0.000000   clock network delay (propagated)
                                  5.000000    5.000000 v input external delay
     2    0.005119    0.027589    0.015766    5.015766 v wb_rst_i (in)
                                                         wb_rst_i (net)
                      0.027591    0.000000    5.015766 v input1/A (sky130_fd_sc_hd__buf_2)
     5    0.144267    0.617235    0.568217    5.583983 v input1/X (sky130_fd_sc_hd__buf_2)
                                                         net1 (net)
                      0.650584    0.105956    5.689939 v fanout25/A (sky130_fd_sc_hd__clkdlybuf4s25_1)
     8    0.042275    0.568549    1.002256    6.692195 v fanout25/X (sky130_fd_sc_hd__clkdlybuf4s25_1)
                                                         net25 (net)
                      0.568549    0.001676    6.693871 v fanout21/A (sky130_fd_sc_hd__clkdlybuf4s25_1)
     9    0.058918    0.783781    1.128424    7.822295 v fanout21/X (sky130_fd_sc_hd__clkdlybuf4s25_1)
                                                         net21 (net)
                      0.783785    0.002871    7.825167 v load_slew22/A (sky130_fd_sc_hd__buf_4)
     8    0.047517    0.136434    0.608468    8.433635 v load_slew22/X (sky130_fd_sc_hd__buf_4)
                                                         net22 (net)
                      0.136809    0.005888    8.439522 v _647_/A (sky130_fd_sc_hd__inv_2)
     1    0.003932    0.054259    0.093123    8.532645 ^ _647_/Y (sky130_fd_sc_hd__inv_2)
                                                         _122_ (net)
                      0.054259    0.000196    8.532842 ^ _731_/RESET_B (sky130_fd_sc_hd__dfrtp_2)
                                              8.532842   data arrival time

                                  0.000000    0.000000   clock wb_clk_i (rise edge)
                                  0.000000    0.000000   clock source latency
     2    0.173147    1.249199    0.990660    0.990660 ^ wb_clk_i (in)
                                                         wb_clk_i (net)
                      1.273456    0.000000    0.990660 ^ clkbuf_0_wb_clk_i/A (sky130_fd_sc_hd__clkbuf_16)
    17    0.080878    0.167560    0.739572    1.730232 ^ clkbuf_0_wb_clk_i/X (sky130_fd_sc_hd__clkbuf_16)
                                                         clknet_0_wb_clk_i (net)
                      0.167872    0.005835    1.736067 ^ clkbuf_3_6_0_wb_clk_i/A (sky130_fd_sc_hd__clkbuf_8)
    12    0.039360    0.128046    0.336398    2.072464 ^ clkbuf_3_6_0_wb_clk_i/X (sky130_fd_sc_hd__clkbuf_8)
                                                         clknet_3_6_0_wb_clk_i (net)
                      0.128049    0.001035    2.073499 ^ _731_/CLK (sky130_fd_sc_hd__dfrtp_2)
                                  0.250000    2.323499   clock uncertainty
                                  0.000000    2.323499   clock reconvergence pessimism
                                  0.670111    2.993611   library removal time
                                              2.993611   data required time
---------------------------------------------------------------------------------------------
                                              2.993611   data required time
                                             -8.532842   data arrival time
---------------------------------------------------------------------------------------------
                                              5.539230   slack (MET)


Startpoint: wb_rst_i (input port clocked by wb_clk_i)
Endpoint: _735_ (removal check against rising-edge clock wb_clk_i)
Path Group: asynchronous
Path Type: min

Fanout         Cap        Slew       Delay        Time   Description
---------------------------------------------------------------------------------------------
                                  0.000000    0.000000   clock wb_clk_i (rise edge)
                                  0.000000    0.000000   clock network delay (propagated)
                                  5.000000    5.000000 v input external delay
     2    0.005119    0.027589    0.015766    5.015766 v wb_rst_i (in)
                                                         wb_rst_i (net)
                      0.027591    0.000000    5.015766 v input1/A (sky130_fd_sc_hd__buf_2)
     5    0.144267    0.617235    0.568217    5.583983 v input1/X (sky130_fd_sc_hd__buf_2)
                                                         net1 (net)
                      0.650584    0.105956    5.689939 v fanout25/A (sky130_fd_sc_hd__clkdlybuf4s25_1)
     8    0.042275    0.568549    1.002256    6.692195 v fanout25/X (sky130_fd_sc_hd__clkdlybuf4s25_1)
                                                         net25 (net)
                      0.568589    0.004730    6.696926 v load_slew26/A (sky130_fd_sc_hd__buf_4)
    15    0.062705    0.163925    0.553533    7.250458 v load_slew26/X (sky130_fd_sc_hd__buf_4)
                                                         net26 (net)
                      0.164125    0.005116    7.255574 v fanout23/A (sky130_fd_sc_hd__clkdlybuf4s25_1)
     7    0.045998    0.615332    0.874520    8.130095 v fanout23/X (sky130_fd_sc_hd__clkdlybuf4s25_1)
                                                         net23 (net)
                      0.615333    0.002046    8.132140 v wire24/A (sky130_fd_sc_hd__buf_4)
    10    0.054672    0.145556    0.566211    8.698352 v wire24/X (sky130_fd_sc_hd__buf_4)
                                                         net24 (net)
                      0.145573    0.001573    8.699924 v _651_/A (sky130_fd_sc_hd__inv_2)
     1    0.003935    0.056054    0.096245    8.796169 ^ _651_/Y (sky130_fd_sc_hd__inv_2)
                                                         _126_ (net)
                      0.056054    0.000198    8.796368 ^ _735_/RESET_B (sky130_fd_sc_hd__dfrtp_2)
                                              8.796368   data arrival time

                                  0.000000    0.000000   clock wb_clk_i (rise edge)
                                  0.000000    0.000000   clock source latency
     2    0.173147    1.249199    0.990660    0.990660 ^ wb_clk_i (in)
                                                         wb_clk_i (net)
                      1.273456    0.000000    0.990660 ^ clkbuf_0_wb_clk_i/A (sky130_fd_sc_hd__clkbuf_16)
    17    0.080878    0.167560    0.739572    1.730232 ^ clkbuf_0_wb_clk_i/X (sky130_fd_sc_hd__clkbuf_16)
                                                         clknet_0_wb_clk_i (net)
                      0.168169    0.008381    1.738613 ^ clkbuf_3_5_0_wb_clk_i/A (sky130_fd_sc_hd__clkbuf_8)
    11    0.039719    0.128953    0.337615    2.076227 ^ clkbuf_3_5_0_wb_clk_i/X (sky130_fd_sc_hd__clkbuf_8)
                                                         clknet_3_5_0_wb_clk_i (net)
                      0.128980    0.001922    2.078149 ^ _735_/CLK (sky130_fd_sc_hd__dfrtp_2)
                                  0.250000    2.328149   clock uncertainty
                                  0.000000    2.328149   clock reconvergence pessimism
                                  0.670942    2.999091   library removal time
                                              2.999091   data required time
---------------------------------------------------------------------------------------------
                                              2.999091   data required time
                                             -8.796368   data arrival time
---------------------------------------------------------------------------------------------
                                              5.797276   slack (MET)


Startpoint: wb_rst_i (input port clocked by wb_clk_i)
Endpoint: _686_ (removal check against rising-edge clock wb_clk_i)
Path Group: asynchronous
Path Type: min

Fanout         Cap        Slew       Delay        Time   Description
---------------------------------------------------------------------------------------------
                                  0.000000    0.000000   clock wb_clk_i (rise edge)
                                  0.000000    0.000000   clock network delay (propagated)
                                  5.000000    5.000000 v input external delay
     2    0.005119    0.027589    0.015766    5.015766 v wb_rst_i (in)
                                                         wb_rst_i (net)
                      0.027591    0.000000    5.015766 v input1/A (sky130_fd_sc_hd__buf_2)
     5    0.144267    0.617235    0.568217    5.583983 v input1/X (sky130_fd_sc_hd__buf_2)
                                                         net1 (net)
                      0.650584    0.105956    5.689939 v fanout25/A (sky130_fd_sc_hd__clkdlybuf4s25_1)
     8    0.042275    0.568549    1.002256    6.692195 v fanout25/X (sky130_fd_sc_hd__clkdlybuf4s25_1)
                                                         net25 (net)
                      0.568589    0.004730    6.696926 v load_slew26/A (sky130_fd_sc_hd__buf_4)
    15    0.062705    0.163925    0.553533    7.250458 v load_slew26/X (sky130_fd_sc_hd__buf_4)
                                                         net26 (net)
                      0.164125    0.005116    7.255574 v fanout23/A (sky130_fd_sc_hd__clkdlybuf4s25_1)
     7    0.045998    0.615332    0.874520    8.130095 v fanout23/X (sky130_fd_sc_hd__clkdlybuf4s25_1)
                                                         net23 (net)
                      0.615333    0.002046    8.132140 v wire24/A (sky130_fd_sc_hd__buf_4)
    10    0.054672    0.145556    0.566211    8.698352 v wire24/X (sky130_fd_sc_hd__buf_4)
                                                         net24 (net)
                      0.145631    0.002902    8.701253 v _602_/A (sky130_fd_sc_hd__inv_2)
     1    0.003714    0.054810    0.094762    8.796016 ^ _602_/Y (sky130_fd_sc_hd__inv_2)
                                                         _077_ (net)
                      0.054810    0.000186    8.796202 ^ _686_/RESET_B (sky130_fd_sc_hd__dfrtp_2)
                                              8.796202   data arrival time

                                  0.000000    0.000000   clock wb_clk_i (rise edge)
                                  0.000000    0.000000   clock source latency
     2    0.173147    1.249199    0.990660    0.990660 ^ wb_clk_i (in)
                                                         wb_clk_i (net)
                      1.273456    0.000000    0.990660 ^ clkbuf_0_wb_clk_i/A (sky130_fd_sc_hd__clkbuf_16)
    17    0.080878    0.167560    0.739572    1.730232 ^ clkbuf_0_wb_clk_i/X (sky130_fd_sc_hd__clkbuf_16)
                                                         clknet_0_wb_clk_i (net)
                      0.168169    0.008381    1.738613 ^ clkbuf_3_5_0_wb_clk_i/A (sky130_fd_sc_hd__clkbuf_8)
    11    0.039719    0.128953    0.337615    2.076227 ^ clkbuf_3_5_0_wb_clk_i/X (sky130_fd_sc_hd__clkbuf_8)
                                                         clknet_3_5_0_wb_clk_i (net)
                      0.128976    0.001807    2.078034 ^ _686_/CLK (sky130_fd_sc_hd__dfrtp_2)
                                  0.250000    2.328034   clock uncertainty
                                  0.000000    2.328034   clock reconvergence pessimism
                                  0.670560    2.998594   library removal time
                                              2.998594   data required time
---------------------------------------------------------------------------------------------
                                              2.998594   data required time
                                             -8.796202   data arrival time
---------------------------------------------------------------------------------------------
                                              5.797607   slack (MET)


Startpoint: wb_rst_i (input port clocked by wb_clk_i)
Endpoint: _730_ (removal check against rising-edge clock wb_clk_i)
Path Group: asynchronous
Path Type: min

Fanout         Cap        Slew       Delay        Time   Description
---------------------------------------------------------------------------------------------
                                  0.000000    0.000000   clock wb_clk_i (rise edge)
                                  0.000000    0.000000   clock network delay (propagated)
                                  5.000000    5.000000 v input external delay
     2    0.005119    0.027589    0.015766    5.015766 v wb_rst_i (in)
                                                         wb_rst_i (net)
                      0.027591    0.000000    5.015766 v input1/A (sky130_fd_sc_hd__buf_2)
     5    0.144267    0.617235    0.568217    5.583983 v input1/X (sky130_fd_sc_hd__buf_2)
                                                         net1 (net)
                      0.650584    0.105956    5.689939 v fanout25/A (sky130_fd_sc_hd__clkdlybuf4s25_1)
     8    0.042275    0.568549    1.002256    6.692195 v fanout25/X (sky130_fd_sc_hd__clkdlybuf4s25_1)
                                                         net25 (net)
                      0.568589    0.004730    6.696926 v load_slew26/A (sky130_fd_sc_hd__buf_4)
    15    0.062705    0.163925    0.553533    7.250458 v load_slew26/X (sky130_fd_sc_hd__buf_4)
                                                         net26 (net)
                      0.164125    0.005116    7.255574 v fanout23/A (sky130_fd_sc_hd__clkdlybuf4s25_1)
     7    0.045998    0.615332    0.874520    8.130095 v fanout23/X (sky130_fd_sc_hd__clkdlybuf4s25_1)
                                                         net23 (net)
                      0.615333    0.002046    8.132140 v wire24/A (sky130_fd_sc_hd__buf_4)
    10    0.054672    0.145556    0.566211    8.698352 v wire24/X (sky130_fd_sc_hd__buf_4)
                                                         net24 (net)
                      0.145600    0.002302    8.700654 v _646_/A (sky130_fd_sc_hd__inv_2)
     1    0.003519    0.053724    0.093425    8.794079 ^ _646_/Y (sky130_fd_sc_hd__inv_2)
                                                         _121_ (net)
                      0.053724    0.000176    8.794254 ^ _730_/RESET_B (sky130_fd_sc_hd__dfrtp_2)
                                              8.794254   data arrival time

                                  0.000000    0.000000   clock wb_clk_i (rise edge)
                                  0.000000    0.000000   clock source latency
     2    0.173147    1.249199    0.990660    0.990660 ^ wb_clk_i (in)
                                                         wb_clk_i (net)
                      1.273456    0.000000    0.990660 ^ clkbuf_0_wb_clk_i/A (sky130_fd_sc_hd__clkbuf_16)
    17    0.080878    0.167560    0.739572    1.730232 ^ clkbuf_0_wb_clk_i/X (sky130_fd_sc_hd__clkbuf_16)
                                                         clknet_0_wb_clk_i (net)
                      0.168090    0.007785    1.738017 ^ clkbuf_3_7_0_wb_clk_i/A (sky130_fd_sc_hd__clkbuf_8)
    12    0.037900    0.124575    0.333872    2.071889 ^ clkbuf_3_7_0_wb_clk_i/X (sky130_fd_sc_hd__clkbuf_8)
                                                         clknet_3_7_0_wb_clk_i (net)
                      0.124627    0.002484    2.074374 ^ _730_/CLK (sky130_fd_sc_hd__dfrtp_2)
                                  0.250000    2.324374   clock uncertainty
                                  0.000000    2.324374   clock reconvergence pessimism
                                  0.668915    2.993288   library removal time
                                              2.993288   data required time
---------------------------------------------------------------------------------------------
                                              2.993288   data required time
                                             -8.794254   data arrival time
---------------------------------------------------------------------------------------------
                                              5.800966   slack (MET)


Startpoint: wb_rst_i (input port clocked by wb_clk_i)
Endpoint: _687_ (removal check against rising-edge clock wb_clk_i)
Path Group: asynchronous
Path Type: min

Fanout         Cap        Slew       Delay        Time   Description
---------------------------------------------------------------------------------------------
                                  0.000000    0.000000   clock wb_clk_i (rise edge)
                                  0.000000    0.000000   clock network delay (propagated)
                                  5.000000    5.000000 v input external delay
     2    0.005119    0.027589    0.015766    5.015766 v wb_rst_i (in)
                                                         wb_rst_i (net)
                      0.027591    0.000000    5.015766 v input1/A (sky130_fd_sc_hd__buf_2)
     5    0.144267    0.617235    0.568217    5.583983 v input1/X (sky130_fd_sc_hd__buf_2)
                                                         net1 (net)
                      0.650584    0.105956    5.689939 v fanout25/A (sky130_fd_sc_hd__clkdlybuf4s25_1)
     8    0.042275    0.568549    1.002256    6.692195 v fanout25/X (sky130_fd_sc_hd__clkdlybuf4s25_1)
                                                         net25 (net)
                      0.568589    0.004730    6.696926 v load_slew26/A (sky130_fd_sc_hd__buf_4)
    15    0.062705    0.163925    0.553533    7.250458 v load_slew26/X (sky130_fd_sc_hd__buf_4)
                                                         net26 (net)
                      0.164125    0.005116    7.255574 v fanout23/A (sky130_fd_sc_hd__clkdlybuf4s25_1)
     7    0.045998    0.615332    0.874520    8.130095 v fanout23/X (sky130_fd_sc_hd__clkdlybuf4s25_1)
                                                         net23 (net)
                      0.615333    0.002046    8.132140 v wire24/A (sky130_fd_sc_hd__buf_4)
    10    0.054672    0.145556    0.566211    8.698352 v wire24/X (sky130_fd_sc_hd__buf_4)
                                                         net24 (net)
                      0.145606    0.002433    8.700785 v _603_/A (sky130_fd_sc_hd__inv_2)
     1    0.004484    0.059334    0.099982    8.800767 ^ _603_/Y (sky130_fd_sc_hd__inv_2)
                                                         _078_ (net)
                      0.059334    0.000232    8.800999 ^ _687_/RESET_B (sky130_fd_sc_hd__dfrtp_2)
                                              8.800999   data arrival time

                                  0.000000    0.000000   clock wb_clk_i (rise edge)
                                  0.000000    0.000000   clock source latency
     2    0.173147    1.249199    0.990660    0.990660 ^ wb_clk_i (in)
                                                         wb_clk_i (net)
                      1.273456    0.000000    0.990660 ^ clkbuf_0_wb_clk_i/A (sky130_fd_sc_hd__clkbuf_16)
    17    0.080878    0.167560    0.739572    1.730232 ^ clkbuf_0_wb_clk_i/X (sky130_fd_sc_hd__clkbuf_16)
                                                         clknet_0_wb_clk_i (net)
                      0.168169    0.008381    1.738613 ^ clkbuf_3_5_0_wb_clk_i/A (sky130_fd_sc_hd__clkbuf_8)
    11    0.039719    0.128953    0.337615    2.076227 ^ clkbuf_3_5_0_wb_clk_i/X (sky130_fd_sc_hd__clkbuf_8)
                                                         clknet_3_5_0_wb_clk_i (net)
                      0.128977    0.001835    2.078062 ^ _687_/CLK (sky130_fd_sc_hd__dfrtp_2)
                                  0.250000    2.328062   clock uncertainty
                                  0.000000    2.328062   clock reconvergence pessimism
                                  0.671946    3.000008   library removal time
                                              3.000008   data required time
---------------------------------------------------------------------------------------------
                                              3.000008   data required time
                                             -8.800999   data arrival time
---------------------------------------------------------------------------------------------
                                              5.800991   slack (MET)


Startpoint: wb_rst_i (input port clocked by wb_clk_i)
Endpoint: _688_ (removal check against rising-edge clock wb_clk_i)
Path Group: asynchronous
Path Type: min

Fanout         Cap        Slew       Delay        Time   Description
---------------------------------------------------------------------------------------------
                                  0.000000    0.000000   clock wb_clk_i (rise edge)
                                  0.000000    0.000000   clock network delay (propagated)
                                  5.000000    5.000000 v input external delay
     2    0.005119    0.027589    0.015766    5.015766 v wb_rst_i (in)
                                                         wb_rst_i (net)
                      0.027591    0.000000    5.015766 v input1/A (sky130_fd_sc_hd__buf_2)
     5    0.144267    0.617235    0.568217    5.583983 v input1/X (sky130_fd_sc_hd__buf_2)
                                                         net1 (net)
                      0.650584    0.105956    5.689939 v fanout25/A (sky130_fd_sc_hd__clkdlybuf4s25_1)
     8    0.042275    0.568549    1.002256    6.692195 v fanout25/X (sky130_fd_sc_hd__clkdlybuf4s25_1)
                                                         net25 (net)
                      0.568589    0.004730    6.696926 v load_slew26/A (sky130_fd_sc_hd__buf_4)
    15    0.062705    0.163925    0.553533    7.250458 v load_slew26/X (sky130_fd_sc_hd__buf_4)
                                                         net26 (net)
                      0.164125    0.005116    7.255574 v fanout23/A (sky130_fd_sc_hd__clkdlybuf4s25_1)
     7    0.045998    0.615332    0.874520    8.130095 v fanout23/X (sky130_fd_sc_hd__clkdlybuf4s25_1)
                                                         net23 (net)
                      0.615333    0.002046    8.132140 v wire24/A (sky130_fd_sc_hd__buf_4)
    10    0.054672    0.145556    0.566211    8.698352 v wire24/X (sky130_fd_sc_hd__buf_4)
                                                         net24 (net)
                      0.145573    0.001581    8.699933 v _604_/A (sky130_fd_sc_hd__inv_2)
     1    0.003883    0.055757    0.095898    8.795830 ^ _604_/Y (sky130_fd_sc_hd__inv_2)
                                                         _079_ (net)
                      0.055757    0.000194    8.796023 ^ _688_/RESET_B (sky130_fd_sc_hd__dfrtp_2)
                                              8.796023   data arrival time

                                  0.000000    0.000000   clock wb_clk_i (rise edge)
                                  0.000000    0.000000   clock source latency
     2    0.173147    1.249199    0.990660    0.990660 ^ wb_clk_i (in)
                                                         wb_clk_i (net)
                      1.273456    0.000000    0.990660 ^ clkbuf_0_wb_clk_i/A (sky130_fd_sc_hd__clkbuf_16)
    17    0.080878    0.167560    0.739572    1.730232 ^ clkbuf_0_wb_clk_i/X (sky130_fd_sc_hd__clkbuf_16)
                                                         clknet_0_wb_clk_i (net)
                      0.168090    0.007785    1.738017 ^ clkbuf_3_7_0_wb_clk_i/A (sky130_fd_sc_hd__clkbuf_8)
    12    0.037900    0.124575    0.333872    2.071889 ^ clkbuf_3_7_0_wb_clk_i/X (sky130_fd_sc_hd__clkbuf_8)
                                                         clknet_3_7_0_wb_clk_i (net)
                      0.124643    0.002760    2.074649 ^ _688_/CLK (sky130_fd_sc_hd__dfrtp_2)
                                  0.250000    2.324649   clock uncertainty
                                  0.000000    2.324649   clock reconvergence pessimism
                                  0.669542    2.994191   library removal time
                                              2.994191   data required time
---------------------------------------------------------------------------------------------
                                              2.994191   data required time
                                             -8.796023   data arrival time
---------------------------------------------------------------------------------------------
                                              5.801833   slack (MET)


Startpoint: wb_rst_i (input port clocked by wb_clk_i)
Endpoint: _727_ (removal check against rising-edge clock wb_clk_i)
Path Group: asynchronous
Path Type: min

Fanout         Cap        Slew       Delay        Time   Description
---------------------------------------------------------------------------------------------
                                  0.000000    0.000000   clock wb_clk_i (rise edge)
                                  0.000000    0.000000   clock network delay (propagated)
                                  5.000000    5.000000 v input external delay
     2    0.005119    0.027589    0.015766    5.015766 v wb_rst_i (in)
                                                         wb_rst_i (net)
                      0.027591    0.000000    5.015766 v input1/A (sky130_fd_sc_hd__buf_2)
     5    0.144267    0.617235    0.568217    5.583983 v input1/X (sky130_fd_sc_hd__buf_2)
                                                         net1 (net)
                      0.650584    0.105956    5.689939 v fanout25/A (sky130_fd_sc_hd__clkdlybuf4s25_1)
     8    0.042275    0.568549    1.002256    6.692195 v fanout25/X (sky130_fd_sc_hd__clkdlybuf4s25_1)
                                                         net25 (net)
                      0.568589    0.004730    6.696926 v load_slew26/A (sky130_fd_sc_hd__buf_4)
    15    0.062705    0.163925    0.553533    7.250458 v load_slew26/X (sky130_fd_sc_hd__buf_4)
                                                         net26 (net)
                      0.164125    0.005116    7.255574 v fanout23/A (sky130_fd_sc_hd__clkdlybuf4s25_1)
     7    0.045998    0.615332    0.874520    8.130095 v fanout23/X (sky130_fd_sc_hd__clkdlybuf4s25_1)
                                                         net23 (net)
                      0.615333    0.002046    8.132140 v wire24/A (sky130_fd_sc_hd__buf_4)
    10    0.054672    0.145556    0.566211    8.698352 v wire24/X (sky130_fd_sc_hd__buf_4)
                                                         net24 (net)
                      0.145606    0.002439    8.700790 v _643_/A (sky130_fd_sc_hd__inv_2)
     1    0.003712    0.054794    0.094740    8.795530 ^ _643_/Y (sky130_fd_sc_hd__inv_2)
                                                         _118_ (net)
                      0.054794    0.000187    8.795718 ^ _727_/RESET_B (sky130_fd_sc_hd__dfrtp_2)
                                              8.795718   data arrival time

                                  0.000000    0.000000   clock wb_clk_i (rise edge)
                                  0.000000    0.000000   clock source latency
     2    0.173147    1.249199    0.990660    0.990660 ^ wb_clk_i (in)
                                                         wb_clk_i (net)
                      1.273456    0.000000    0.990660 ^ clkbuf_0_wb_clk_i/A (sky130_fd_sc_hd__clkbuf_16)
    17    0.080878    0.167560    0.739572    1.730232 ^ clkbuf_0_wb_clk_i/X (sky130_fd_sc_hd__clkbuf_16)
                                                         clknet_0_wb_clk_i (net)
                      0.168090    0.007785    1.738017 ^ clkbuf_3_7_0_wb_clk_i/A (sky130_fd_sc_hd__clkbuf_8)
    12    0.037900    0.124575    0.333872    2.071889 ^ clkbuf_3_7_0_wb_clk_i/X (sky130_fd_sc_hd__clkbuf_8)
                                                         clknet_3_7_0_wb_clk_i (net)
                      0.124641    0.002730    2.074619 ^ _727_/CLK (sky130_fd_sc_hd__dfrtp_2)
                                  0.250000    2.324619   clock uncertainty
                                  0.000000    2.324619   clock reconvergence pessimism
                                  0.669247    2.993866   library removal time
                                              2.993866   data required time
---------------------------------------------------------------------------------------------
                                              2.993866   data required time
                                             -8.795718   data arrival time
---------------------------------------------------------------------------------------------
                                              5.801853   slack (MET)


Startpoint: wb_rst_i (input port clocked by wb_clk_i)
Endpoint: _693_ (removal check against rising-edge clock wb_clk_i)
Path Group: asynchronous
Path Type: min

Fanout         Cap        Slew       Delay        Time   Description
---------------------------------------------------------------------------------------------
                                  0.000000    0.000000   clock wb_clk_i (rise edge)
                                  0.000000    0.000000   clock network delay (propagated)
                                  5.000000    5.000000 v input external delay
     2    0.005119    0.027589    0.015766    5.015766 v wb_rst_i (in)
                                                         wb_rst_i (net)
                      0.027591    0.000000    5.015766 v input1/A (sky130_fd_sc_hd__buf_2)
     5    0.144267    0.617235    0.568217    5.583983 v input1/X (sky130_fd_sc_hd__buf_2)
                                                         net1 (net)
                      0.650584    0.105956    5.689939 v fanout25/A (sky130_fd_sc_hd__clkdlybuf4s25_1)
     8    0.042275    0.568549    1.002256    6.692195 v fanout25/X (sky130_fd_sc_hd__clkdlybuf4s25_1)
                                                         net25 (net)
                      0.568589    0.004730    6.696926 v load_slew26/A (sky130_fd_sc_hd__buf_4)
    15    0.062705    0.163925    0.553533    7.250458 v load_slew26/X (sky130_fd_sc_hd__buf_4)
                                                         net26 (net)
                      0.164125    0.005116    7.255574 v fanout23/A (sky130_fd_sc_hd__clkdlybuf4s25_1)
     7    0.045998    0.615332    0.874520    8.130095 v fanout23/X (sky130_fd_sc_hd__clkdlybuf4s25_1)
                                                         net23 (net)
                      0.615333    0.002046    8.132140 v wire24/A (sky130_fd_sc_hd__buf_4)
    10    0.054672    0.145556    0.566211    8.698352 v wire24/X (sky130_fd_sc_hd__buf_4)
                                                         net24 (net)
                      0.145610    0.002529    8.700880 v _609_/A (sky130_fd_sc_hd__inv_2)
     1    0.003883    0.055763    0.095904    8.796784 ^ _609_/Y (sky130_fd_sc_hd__inv_2)
                                                         _084_ (net)
                      0.055764    0.000196    8.796980 ^ _693_/RESET_B (sky130_fd_sc_hd__dfrtp_2)
                                              8.796980   data arrival time

                                  0.000000    0.000000   clock wb_clk_i (rise edge)
                                  0.000000    0.000000   clock source latency
     2    0.173147    1.249199    0.990660    0.990660 ^ wb_clk_i (in)
                                                         wb_clk_i (net)
                      1.273456    0.000000    0.990660 ^ clkbuf_0_wb_clk_i/A (sky130_fd_sc_hd__clkbuf_16)
    17    0.080878    0.167560    0.739572    1.730232 ^ clkbuf_0_wb_clk_i/X (sky130_fd_sc_hd__clkbuf_16)
                                                         clknet_0_wb_clk_i (net)
                      0.168090    0.007785    1.738017 ^ clkbuf_3_7_0_wb_clk_i/A (sky130_fd_sc_hd__clkbuf_8)
    12    0.037900    0.124575    0.333872    2.071889 ^ clkbuf_3_7_0_wb_clk_i/X (sky130_fd_sc_hd__clkbuf_8)
                                                         clknet_3_7_0_wb_clk_i (net)
                      0.124633    0.002596    2.074485 ^ _693_/CLK (sky130_fd_sc_hd__dfrtp_2)
                                  0.250000    2.324485   clock uncertainty
                                  0.000000    2.324485   clock reconvergence pessimism
                                  0.669541    2.994026   library removal time
                                              2.994026   data required time
---------------------------------------------------------------------------------------------
                                              2.994026   data required time
                                             -8.796980   data arrival time
---------------------------------------------------------------------------------------------
                                              5.802954   slack (MET)


Startpoint: wb_rst_i (input port clocked by wb_clk_i)
Endpoint: _728_ (removal check against rising-edge clock wb_clk_i)
Path Group: asynchronous
Path Type: min

Fanout         Cap        Slew       Delay        Time   Description
---------------------------------------------------------------------------------------------
                                  0.000000    0.000000   clock wb_clk_i (rise edge)
                                  0.000000    0.000000   clock network delay (propagated)
                                  5.000000    5.000000 v input external delay
     2    0.005119    0.027589    0.015766    5.015766 v wb_rst_i (in)
                                                         wb_rst_i (net)
                      0.027591    0.000000    5.015766 v input1/A (sky130_fd_sc_hd__buf_2)
     5    0.144267    0.617235    0.568217    5.583983 v input1/X (sky130_fd_sc_hd__buf_2)
                                                         net1 (net)
                      0.650584    0.105956    5.689939 v fanout25/A (sky130_fd_sc_hd__clkdlybuf4s25_1)
     8    0.042275    0.568549    1.002256    6.692195 v fanout25/X (sky130_fd_sc_hd__clkdlybuf4s25_1)
                                                         net25 (net)
                      0.568589    0.004730    6.696926 v load_slew26/A (sky130_fd_sc_hd__buf_4)
    15    0.062705    0.163925    0.553533    7.250458 v load_slew26/X (sky130_fd_sc_hd__buf_4)
                                                         net26 (net)
                      0.164125    0.005116    7.255574 v fanout23/A (sky130_fd_sc_hd__clkdlybuf4s25_1)
     7    0.045998    0.615332    0.874520    8.130095 v fanout23/X (sky130_fd_sc_hd__clkdlybuf4s25_1)
                                                         net23 (net)
                      0.615333    0.002046    8.132140 v wire24/A (sky130_fd_sc_hd__buf_4)
    10    0.054672    0.145556    0.566211    8.698352 v wire24/X (sky130_fd_sc_hd__buf_4)
                                                         net24 (net)
                      0.145666    0.003435    8.701786 v _644_/A (sky130_fd_sc_hd__inv_2)
     1    0.003629    0.054341    0.094194    8.795980 ^ _644_/Y (sky130_fd_sc_hd__inv_2)
                                                         _119_ (net)
                      0.054341    0.000180    8.796161 ^ _728_/RESET_B (sky130_fd_sc_hd__dfrtp_2)
                                              8.796161   data arrival time

                                  0.000000    0.000000   clock wb_clk_i (rise edge)
                                  0.000000    0.000000   clock source latency
     2    0.173147    1.249199    0.990660    0.990660 ^ wb_clk_i (in)
                                                         wb_clk_i (net)
                      1.273456    0.000000    0.990660 ^ clkbuf_0_wb_clk_i/A (sky130_fd_sc_hd__clkbuf_16)
    17    0.080878    0.167560    0.739572    1.730232 ^ clkbuf_0_wb_clk_i/X (sky130_fd_sc_hd__clkbuf_16)
                                                         clknet_0_wb_clk_i (net)
                      0.168090    0.007785    1.738017 ^ clkbuf_3_7_0_wb_clk_i/A (sky130_fd_sc_hd__clkbuf_8)
    12    0.037900    0.124575    0.333872    2.071889 ^ clkbuf_3_7_0_wb_clk_i/X (sky130_fd_sc_hd__clkbuf_8)
                                                         clknet_3_7_0_wb_clk_i (net)
                      0.124604    0.001954    2.073843 ^ _728_/CLK (sky130_fd_sc_hd__dfrtp_2)
                                  0.250000    2.323843   clock uncertainty
                                  0.000000    2.323843   clock reconvergence pessimism
                                  0.669097    2.992940   library removal time
                                              2.992940   data required time
---------------------------------------------------------------------------------------------
                                              2.992940   data required time
                                             -8.796161   data arrival time
---------------------------------------------------------------------------------------------
                                              5.803220   slack (MET)


Startpoint: wb_rst_i (input port clocked by wb_clk_i)
Endpoint: _729_ (removal check against rising-edge clock wb_clk_i)
Path Group: asynchronous
Path Type: min

Fanout         Cap        Slew       Delay        Time   Description
---------------------------------------------------------------------------------------------
                                  0.000000    0.000000   clock wb_clk_i (rise edge)
                                  0.000000    0.000000   clock network delay (propagated)
                                  5.000000    5.000000 v input external delay
     2    0.005119    0.027589    0.015766    5.015766 v wb_rst_i (in)
                                                         wb_rst_i (net)
                      0.027591    0.000000    5.015766 v input1/A (sky130_fd_sc_hd__buf_2)
     5    0.144267    0.617235    0.568217    5.583983 v input1/X (sky130_fd_sc_hd__buf_2)
                                                         net1 (net)
                      0.650584    0.105956    5.689939 v fanout25/A (sky130_fd_sc_hd__clkdlybuf4s25_1)
     8    0.042275    0.568549    1.002256    6.692195 v fanout25/X (sky130_fd_sc_hd__clkdlybuf4s25_1)
                                                         net25 (net)
                      0.568589    0.004730    6.696926 v load_slew26/A (sky130_fd_sc_hd__buf_4)
    15    0.062705    0.163925    0.553533    7.250458 v load_slew26/X (sky130_fd_sc_hd__buf_4)
                                                         net26 (net)
                      0.164125    0.005116    7.255574 v fanout23/A (sky130_fd_sc_hd__clkdlybuf4s25_1)
     7    0.045998    0.615332    0.874520    8.130095 v fanout23/X (sky130_fd_sc_hd__clkdlybuf4s25_1)
                                                         net23 (net)
                      0.615333    0.002046    8.132140 v wire24/A (sky130_fd_sc_hd__buf_4)
    10    0.054672    0.145556    0.566211    8.698352 v wire24/X (sky130_fd_sc_hd__buf_4)
                                                         net24 (net)
                      0.145666    0.003438    8.701790 v _645_/A (sky130_fd_sc_hd__inv_2)
     1    0.004228    0.057807    0.098273    8.800062 ^ _645_/Y (sky130_fd_sc_hd__inv_2)
                                                         _120_ (net)
                      0.057807    0.000213    8.800276 ^ _729_/RESET_B (sky130_fd_sc_hd__dfrtp_2)
                                              8.800276   data arrival time

                                  0.000000    0.000000   clock wb_clk_i (rise edge)
                                  0.000000    0.000000   clock source latency
     2    0.173147    1.249199    0.990660    0.990660 ^ wb_clk_i (in)
                                                         wb_clk_i (net)
                      1.273456    0.000000    0.990660 ^ clkbuf_0_wb_clk_i/A (sky130_fd_sc_hd__clkbuf_16)
    17    0.080878    0.167560    0.739572    1.730232 ^ clkbuf_0_wb_clk_i/X (sky130_fd_sc_hd__clkbuf_16)
                                                         clknet_0_wb_clk_i (net)
                      0.168090    0.007785    1.738017 ^ clkbuf_3_7_0_wb_clk_i/A (sky130_fd_sc_hd__clkbuf_8)
    12    0.037900    0.124575    0.333872    2.071889 ^ clkbuf_3_7_0_wb_clk_i/X (sky130_fd_sc_hd__clkbuf_8)
                                                         clknet_3_7_0_wb_clk_i (net)
                      0.124622    0.002365    2.074255 ^ _729_/CLK (sky130_fd_sc_hd__dfrtp_2)
                                  0.250000    2.324255   clock uncertainty
                                  0.000000    2.324255   clock reconvergence pessimism
                                  0.670163    2.994418   library removal time
                                              2.994418   data required time
---------------------------------------------------------------------------------------------
                                              2.994418   data required time
                                             -8.800276   data arrival time
---------------------------------------------------------------------------------------------
                                              5.805857   slack (MET)


Startpoint: wb_rst_i (input port clocked by wb_clk_i)
Endpoint: _691_ (removal check against rising-edge clock wb_clk_i)
Path Group: asynchronous
Path Type: min

Fanout         Cap        Slew       Delay        Time   Description
---------------------------------------------------------------------------------------------
                                  0.000000    0.000000   clock wb_clk_i (rise edge)
                                  0.000000    0.000000   clock network delay (propagated)
                                  5.000000    5.000000 v input external delay
     2    0.005119    0.027589    0.015766    5.015766 v wb_rst_i (in)
                                                         wb_rst_i (net)
                      0.027591    0.000000    5.015766 v input1/A (sky130_fd_sc_hd__buf_2)
     5    0.144267    0.617235    0.568217    5.583983 v input1/X (sky130_fd_sc_hd__buf_2)
                                                         net1 (net)
                      0.650584    0.105956    5.689939 v fanout25/A (sky130_fd_sc_hd__clkdlybuf4s25_1)
     8    0.042275    0.568549    1.002256    6.692195 v fanout25/X (sky130_fd_sc_hd__clkdlybuf4s25_1)
                                                         net25 (net)
                      0.568589    0.004730    6.696926 v load_slew26/A (sky130_fd_sc_hd__buf_4)
    15    0.062705    0.163925    0.553533    7.250458 v load_slew26/X (sky130_fd_sc_hd__buf_4)
                                                         net26 (net)
                      0.164125    0.005116    7.255574 v fanout23/A (sky130_fd_sc_hd__clkdlybuf4s25_1)
     7    0.045998    0.615332    0.874520    8.130095 v fanout23/X (sky130_fd_sc_hd__clkdlybuf4s25_1)
                                                         net23 (net)
                      0.615333    0.002046    8.132140 v wire24/A (sky130_fd_sc_hd__buf_4)
    10    0.054672    0.145556    0.566211    8.698352 v wire24/X (sky130_fd_sc_hd__buf_4)
                                                         net24 (net)
                      0.145662    0.003380    8.701731 v _607_/A (sky130_fd_sc_hd__inv_2)
     1    0.004550    0.059749    0.100436    8.802167 ^ _607_/Y (sky130_fd_sc_hd__inv_2)
                                                         _082_ (net)
                      0.059749    0.000248    8.802415 ^ _691_/RESET_B (sky130_fd_sc_hd__dfrtp_2)
                                              8.802415   data arrival time

                                  0.000000    0.000000   clock wb_clk_i (rise edge)
                                  0.000000    0.000000   clock source latency
     2    0.173147    1.249199    0.990660    0.990660 ^ wb_clk_i (in)
                                                         wb_clk_i (net)
                      1.273456    0.000000    0.990660 ^ clkbuf_0_wb_clk_i/A (sky130_fd_sc_hd__clkbuf_16)
    17    0.080878    0.167560    0.739572    1.730232 ^ clkbuf_0_wb_clk_i/X (sky130_fd_sc_hd__clkbuf_16)
                                                         clknet_0_wb_clk_i (net)
                      0.168090    0.007785    1.738017 ^ clkbuf_3_7_0_wb_clk_i/A (sky130_fd_sc_hd__clkbuf_8)
    12    0.037900    0.124575    0.333872    2.071889 ^ clkbuf_3_7_0_wb_clk_i/X (sky130_fd_sc_hd__clkbuf_8)
                                                         clknet_3_7_0_wb_clk_i (net)
                      0.124598    0.001790    2.073679 ^ _691_/CLK (sky130_fd_sc_hd__dfrtp_2)
                                  0.250000    2.323679   clock uncertainty
                                  0.000000    2.323679   clock reconvergence pessimism
                                  0.670751    2.994431   library removal time
                                              2.994431   data required time
---------------------------------------------------------------------------------------------
                                              2.994431   data required time
                                             -8.802415   data arrival time
---------------------------------------------------------------------------------------------
                                              5.807984   slack (MET)


Startpoint: _676_ (rising edge-triggered flip-flop clocked by wb_clk_i)
Endpoint: io_out[3] (output port clocked by wb_clk_i)
Path Group: wb_clk_i
Path Type: min

Fanout         Cap        Slew       Delay        Time   Description
---------------------------------------------------------------------------------------------
                                  0.000000    0.000000   clock wb_clk_i (rise edge)
                                  0.000000    0.000000   clock source latency
     2    0.173147    1.249199    0.896311    0.896311 ^ wb_clk_i (in)
                                                         wb_clk_i (net)
                      1.273456    0.000000    0.896311 ^ clkbuf_0_wb_clk_i/A (sky130_fd_sc_hd__clkbuf_16)
    17    0.080878    0.167560    0.669136    1.565448 ^ clkbuf_0_wb_clk_i/X (sky130_fd_sc_hd__clkbuf_16)
                                                         clknet_0_wb_clk_i (net)
                      0.168001    0.006392    1.571839 ^ clkbuf_3_4_0_wb_clk_i/A (sky130_fd_sc_hd__clkbuf_8)
    11    0.038444    0.125873    0.302969    1.874808 ^ clkbuf_3_4_0_wb_clk_i/X (sky130_fd_sc_hd__clkbuf_8)
                                                         clknet_3_4_0_wb_clk_i (net)
                      0.125914    0.002046    1.876854 ^ _676_/CLK (sky130_fd_sc_hd__dfrtp_2)
     9    0.037486    0.304763    0.868714    2.745569 ^ _676_/Q (sky130_fd_sc_hd__dfrtp_2)
                                                         timer.dig_cnt[1] (net)
                      0.304784    0.002672    2.748240 ^ _565_/A (sky130_fd_sc_hd__nand2_2)
     5    0.042530    0.371243    0.385576    3.133816 v _565_/Y (sky130_fd_sc_hd__nand2_2)
                                                         net6 (net)
                      0.371524    0.008087    3.141903 v output6/A (sky130_fd_sc_hd__clkdlybuf4s25_1)
     1    0.035708    0.482953    0.856361    3.998263 v output6/X (sky130_fd_sc_hd__clkdlybuf4s25_1)
                                                         io_out[3] (net)
                      0.482956    0.001950    4.000214 v io_out[3] (out)
                                              4.000214   data arrival time

                                  0.000000    0.000000   clock wb_clk_i (rise edge)
                                  0.000000    0.000000   clock network delay (propagated)
                                  0.250000    0.250000   clock uncertainty
                                  0.000000    0.250000   clock reconvergence pessimism
                                 -5.000000   -4.750000   output external delay
                                             -4.750000   data required time
---------------------------------------------------------------------------------------------
                                             -4.750000   data required time
                                             -4.000214   data arrival time
---------------------------------------------------------------------------------------------
                                              8.750214   slack (MET)


Startpoint: _690_ (rising edge-triggered flip-flop clocked by wb_clk_i)
Endpoint: io_out[4] (output port clocked by wb_clk_i)
Path Group: wb_clk_i
Path Type: min

Fanout         Cap        Slew       Delay        Time   Description
---------------------------------------------------------------------------------------------
                                  0.000000    0.000000   clock wb_clk_i (rise edge)
                                  0.000000    0.000000   clock source latency
     2    0.173147    1.249199    0.896311    0.896311 ^ wb_clk_i (in)
                                                         wb_clk_i (net)
                      1.273456    0.000000    0.896311 ^ clkbuf_0_wb_clk_i/A (sky130_fd_sc_hd__clkbuf_16)
    17    0.080878    0.167560    0.669136    1.565448 ^ clkbuf_0_wb_clk_i/X (sky130_fd_sc_hd__clkbuf_16)
                                                         clknet_0_wb_clk_i (net)
                      0.168090    0.007044    1.572492 ^ clkbuf_3_7_0_wb_clk_i/A (sky130_fd_sc_hd__clkbuf_8)
    12    0.037900    0.124575    0.302075    1.874567 ^ clkbuf_3_7_0_wb_clk_i/X (sky130_fd_sc_hd__clkbuf_8)
                                                         clknet_3_7_0_wb_clk_i (net)
                      0.124618    0.002076    1.876642 ^ _690_/CLK (sky130_fd_sc_hd__dfrtp_2)
     3    0.011929    0.131919    0.730374    2.607017 ^ _690_/Q (sky130_fd_sc_hd__dfrtp_2)
                                                         timer.sec_ones[1] (net)
                      0.131924    0.000993    2.608009 ^ _578_/A1 (sky130_fd_sc_hd__o221a_2)
     2    0.007536    0.114854    0.449048    3.057057 ^ _578_/X (sky130_fd_sc_hd__o221a_2)
                                                         _325_ (net)
                      0.114855    0.000585    3.057642 ^ _581_/A (sky130_fd_sc_hd__or2_2)
     3    0.008757    0.090826    0.220887    3.278529 ^ _581_/X (sky130_fd_sc_hd__or2_2)
                                                         _328_ (net)
                      0.090826    0.000398    3.278928 ^ _582_/B (sky130_fd_sc_hd__or2_2)
     1    0.002358    0.045939    0.168820    3.447748 ^ _582_/X (sky130_fd_sc_hd__or2_2)
                                                         net7 (net)
                      0.045939    0.000103    3.447851 ^ output7/A (sky130_fd_sc_hd__clkdlybuf4s25_1)
     1    0.035529    0.572867    0.773298    4.221148 ^ output7/X (sky130_fd_sc_hd__clkdlybuf4s25_1)
                                                         io_out[4] (net)
                      0.572868    0.001921    4.223070 ^ io_out[4] (out)
                                              4.223070   data arrival time

                                  0.000000    0.000000   clock wb_clk_i (rise edge)
                                  0.000000    0.000000   clock network delay (propagated)
                                  0.250000    0.250000   clock uncertainty
                                  0.000000    0.250000   clock reconvergence pessimism
                                 -5.000000   -4.750000   output external delay
                                             -4.750000   data required time
---------------------------------------------------------------------------------------------
                                             -4.750000   data required time
                                             -4.223070   data arrival time
---------------------------------------------------------------------------------------------
                                              8.973069   slack (MET)


Startpoint: _692_ (rising edge-triggered flip-flop clocked by wb_clk_i)
Endpoint: io_out[5] (output port clocked by wb_clk_i)
Path Group: wb_clk_i
Path Type: min

Fanout         Cap        Slew       Delay        Time   Description
---------------------------------------------------------------------------------------------
                                  0.000000    0.000000   clock wb_clk_i (rise edge)
                                  0.000000    0.000000   clock source latency
     2    0.173147    1.249199    0.896311    0.896311 ^ wb_clk_i (in)
                                                         wb_clk_i (net)
                      1.273456    0.000000    0.896311 ^ clkbuf_0_wb_clk_i/A (sky130_fd_sc_hd__clkbuf_16)
    17    0.080878    0.167560    0.669136    1.565448 ^ clkbuf_0_wb_clk_i/X (sky130_fd_sc_hd__clkbuf_16)
                                                         clknet_0_wb_clk_i (net)
                      0.168090    0.007044    1.572492 ^ clkbuf_3_7_0_wb_clk_i/A (sky130_fd_sc_hd__clkbuf_8)
    12    0.037900    0.124575    0.302075    1.874567 ^ clkbuf_3_7_0_wb_clk_i/X (sky130_fd_sc_hd__clkbuf_8)
                                                         clknet_3_7_0_wb_clk_i (net)
                      0.124601    0.001692    1.876259 ^ _692_/CLK (sky130_fd_sc_hd__dfrtp_2)
     2    0.011490    0.128682    0.727546    2.603805 ^ _692_/Q (sky130_fd_sc_hd__dfrtp_2)
                                                         timer.sec_ones[3] (net)
                      0.128829    0.000918    2.604723 ^ _580_/B2 (sky130_fd_sc_hd__o221a_2)
     5    0.023139    0.234403    0.522873    3.127596 ^ _580_/X (sky130_fd_sc_hd__o221a_2)
                                                         _327_ (net)
                      0.234419    0.002064    3.129661 ^ _584_/B (sky130_fd_sc_hd__or3b_2)
     3    0.035842    0.319433    0.434064    3.563725 ^ _584_/X (sky130_fd_sc_hd__or3b_2)
                                                         net8 (net)
                      0.319854    0.007617    3.571342 ^ output8/A (sky130_fd_sc_hd__clkdlybuf4s25_1)
     1    0.035553    0.573833    0.881174    4.452516 ^ output8/X (sky130_fd_sc_hd__clkdlybuf4s25_1)
                                                         io_out[5] (net)
                      0.573834    0.001922    4.454438 ^ io_out[5] (out)
                                              4.454438   data arrival time

                                  0.000000    0.000000   clock wb_clk_i (rise edge)
                                  0.000000    0.000000   clock network delay (propagated)
                                  0.250000    0.250000   clock uncertainty
                                  0.000000    0.250000   clock reconvergence pessimism
                                 -5.000000   -4.750000   output external delay
                                             -4.750000   data required time
---------------------------------------------------------------------------------------------
                                             -4.750000   data required time
                                             -4.454438   data arrival time
---------------------------------------------------------------------------------------------
                                              9.204438   slack (MET)


Startpoint: _675_ (rising edge-triggered flip-flop clocked by wb_clk_i)
Endpoint: io_out[2] (output port clocked by wb_clk_i)
Path Group: wb_clk_i
Path Type: min

Fanout         Cap        Slew       Delay        Time   Description
---------------------------------------------------------------------------------------------
                                  0.000000    0.000000   clock wb_clk_i (rise edge)
                                  0.000000    0.000000   clock source latency
     2    0.173147    1.249199    0.896311    0.896311 ^ wb_clk_i (in)
                                                         wb_clk_i (net)
                      1.273456    0.000000    0.896311 ^ clkbuf_0_wb_clk_i/A (sky130_fd_sc_hd__clkbuf_16)
    17    0.080878    0.167560    0.669136    1.565448 ^ clkbuf_0_wb_clk_i/X (sky130_fd_sc_hd__clkbuf_16)
                                                         clknet_0_wb_clk_i (net)
                      0.168001    0.006392    1.571839 ^ clkbuf_3_4_0_wb_clk_i/A (sky130_fd_sc_hd__clkbuf_8)
    11    0.038444    0.125873    0.302969    1.874808 ^ clkbuf_3_4_0_wb_clk_i/X (sky130_fd_sc_hd__clkbuf_8)
                                                         clknet_3_4_0_wb_clk_i (net)
                      0.125925    0.002258    1.877067 ^ _675_/CLK (sky130_fd_sc_hd__dfrtp_2)
     9    0.044215    0.351512    0.903352    2.780418 ^ _675_/Q (sky130_fd_sc_hd__dfrtp_2)
                                                         timer.dig_cnt[0] (net)
                      0.351520    0.002121    2.782540 ^ _385_/A_N (sky130_fd_sc_hd__nand2b_2)
    11    0.087359    0.681682    0.720269    3.502808 ^ _385_/Y (sky130_fd_sc_hd__nand2b_2)
                                                         net5 (net)
                      0.683836    0.029741    3.532549 ^ output5/A (sky130_fd_sc_hd__clkdlybuf4s25_1)
     1    0.035579    0.574103    0.998160    4.530709 ^ output5/X (sky130_fd_sc_hd__clkdlybuf4s25_1)
                                                         io_out[2] (net)
                      0.574104    0.001923    4.532632 ^ io_out[2] (out)
                                              4.532632   data arrival time

                                  0.000000    0.000000   clock wb_clk_i (rise edge)
                                  0.000000    0.000000   clock network delay (propagated)
                                  0.250000    0.250000   clock uncertainty
                                  0.000000    0.250000   clock reconvergence pessimism
                                 -5.000000   -4.750000   output external delay
                                             -4.750000   data required time
---------------------------------------------------------------------------------------------
                                             -4.750000   data required time
                                             -4.532632   data arrival time
---------------------------------------------------------------------------------------------
                                              9.282632   slack (MET)


Startpoint: _675_ (rising edge-triggered flip-flop clocked by wb_clk_i)
Endpoint: io_out[1] (output port clocked by wb_clk_i)
Path Group: wb_clk_i
Path Type: min

Fanout         Cap        Slew       Delay        Time   Description
---------------------------------------------------------------------------------------------
                                  0.000000    0.000000   clock wb_clk_i (rise edge)
                                  0.000000    0.000000   clock source latency
     2    0.173147    1.249199    0.896311    0.896311 ^ wb_clk_i (in)
                                                         wb_clk_i (net)
                      1.273456    0.000000    0.896311 ^ clkbuf_0_wb_clk_i/A (sky130_fd_sc_hd__clkbuf_16)
    17    0.080878    0.167560    0.669136    1.565448 ^ clkbuf_0_wb_clk_i/X (sky130_fd_sc_hd__clkbuf_16)
                                                         clknet_0_wb_clk_i (net)
                      0.168001    0.006392    1.571839 ^ clkbuf_3_4_0_wb_clk_i/A (sky130_fd_sc_hd__clkbuf_8)
    11    0.038444    0.125873    0.302969    1.874808 ^ clkbuf_3_4_0_wb_clk_i/X (sky130_fd_sc_hd__clkbuf_8)
                                                         clknet_3_4_0_wb_clk_i (net)
                      0.125925    0.002258    1.877067 ^ _675_/CLK (sky130_fd_sc_hd__dfrtp_2)
     9    0.044215    0.351512    0.903352    2.780418 ^ _675_/Q (sky130_fd_sc_hd__dfrtp_2)
                                                         timer.dig_cnt[0] (net)
                      0.351518    0.001908    2.782327 ^ _384_/B (sky130_fd_sc_hd__nand2b_2)
    11    0.112819    0.870519    0.744053    3.526379 v _384_/Y (sky130_fd_sc_hd__nand2b_2)
                                                         net4 (net)
                      0.876044    0.053833    3.580212 v output4/A (sky130_fd_sc_hd__clkdlybuf4s25_1)
     1    0.035531    0.481278    0.985274    4.565486 v output4/X (sky130_fd_sc_hd__clkdlybuf4s25_1)
                                                         io_out[1] (net)
                      0.481282    0.001922    4.567408 v io_out[1] (out)
                                              4.567408   data arrival time

                                  0.000000    0.000000   clock wb_clk_i (rise edge)
                                  0.000000    0.000000   clock network delay (propagated)
                                  0.250000    0.250000   clock uncertainty
                                  0.000000    0.250000   clock reconvergence pessimism
                                 -5.000000   -4.750000   output external delay
                                             -4.750000   data required time
---------------------------------------------------------------------------------------------
                                             -4.750000   data required time
                                             -4.567408   data arrival time
---------------------------------------------------------------------------------------------
                                              9.317408   slack (MET)


Startpoint: _689_ (rising edge-triggered flip-flop clocked by wb_clk_i)
Endpoint: io_out[6] (output port clocked by wb_clk_i)
Path Group: wb_clk_i
Path Type: min

Fanout         Cap        Slew       Delay        Time   Description
---------------------------------------------------------------------------------------------
                                  0.000000    0.000000   clock wb_clk_i (rise edge)
                                  0.000000    0.000000   clock source latency
     2    0.173147    1.249199    0.896311    0.896311 ^ wb_clk_i (in)
                                                         wb_clk_i (net)
                      1.273456    0.000000    0.896311 ^ clkbuf_0_wb_clk_i/A (sky130_fd_sc_hd__clkbuf_16)
    17    0.080878    0.167560    0.669136    1.565448 ^ clkbuf_0_wb_clk_i/X (sky130_fd_sc_hd__clkbuf_16)
                                                         clknet_0_wb_clk_i (net)
                      0.168090    0.007044    1.572492 ^ clkbuf_3_7_0_wb_clk_i/A (sky130_fd_sc_hd__clkbuf_8)
    12    0.037900    0.124575    0.302075    1.874567 ^ clkbuf_3_7_0_wb_clk_i/X (sky130_fd_sc_hd__clkbuf_8)
                                                         clknet_3_7_0_wb_clk_i (net)
                      0.124605    0.001804    1.876370 ^ _689_/CLK (sky130_fd_sc_hd__dfrtp_2)
     5    0.018970    0.176636    0.775552    2.651922 ^ _689_/Q (sky130_fd_sc_hd__dfrtp_2)
                                                         timer.sec_ones[0] (net)
                      0.176640    0.001097    2.653019 ^ _575_/B2 (sky130_fd_sc_hd__o32a_2)
     5    0.025544    0.227574    0.410424    3.063443 ^ _575_/X (sky130_fd_sc_hd__o32a_2)
                                                         _322_ (net)
                      0.227596    0.002264    3.065707 ^ _586_/A1_N (sky130_fd_sc_hd__a2bb2o_2)
     3    0.067616    0.330707    0.828136    3.893844 v _586_/X (sky130_fd_sc_hd__a2bb2o_2)
                                                         net9 (net)
                      0.334221    0.025718    3.919561 v output9/A (sky130_fd_sc_hd__clkdlybuf4s25_1)
     1    0.035529    0.480537    0.842585    4.762146 v output9/X (sky130_fd_sc_hd__clkdlybuf4s25_1)
                                                         io_out[6] (net)
                      0.480540    0.001921    4.764068 v io_out[6] (out)
                                              4.764068   data arrival time

                                  0.000000    0.000000   clock wb_clk_i (rise edge)
                                  0.000000    0.000000   clock network delay (propagated)
                                  0.250000    0.250000   clock uncertainty
                                  0.000000    0.250000   clock reconvergence pessimism
                                 -5.000000   -4.750000   output external delay
                                             -4.750000   data required time
---------------------------------------------------------------------------------------------
                                             -4.750000   data required time
                                             -4.764068   data arrival time
---------------------------------------------------------------------------------------------
                                              9.514068   slack (MET)


Startpoint: _676_ (rising edge-triggered flip-flop clocked by wb_clk_i)
Endpoint: io_out[0] (output port clocked by wb_clk_i)
Path Group: wb_clk_i
Path Type: min

Fanout         Cap        Slew       Delay        Time   Description
---------------------------------------------------------------------------------------------
                                  0.000000    0.000000   clock wb_clk_i (rise edge)
                                  0.000000    0.000000   clock source latency
     2    0.173147    1.249199    0.896311    0.896311 ^ wb_clk_i (in)
                                                         wb_clk_i (net)
                      1.273456    0.000000    0.896311 ^ clkbuf_0_wb_clk_i/A (sky130_fd_sc_hd__clkbuf_16)
    17    0.080878    0.167560    0.669136    1.565448 ^ clkbuf_0_wb_clk_i/X (sky130_fd_sc_hd__clkbuf_16)
                                                         clknet_0_wb_clk_i (net)
                      0.168001    0.006392    1.571839 ^ clkbuf_3_4_0_wb_clk_i/A (sky130_fd_sc_hd__clkbuf_8)
    11    0.038444    0.125873    0.302969    1.874808 ^ clkbuf_3_4_0_wb_clk_i/X (sky130_fd_sc_hd__clkbuf_8)
                                                         clknet_3_4_0_wb_clk_i (net)
                      0.125914    0.002046    1.876854 ^ _676_/CLK (sky130_fd_sc_hd__dfrtp_2)
     9    0.037486    0.304763    0.868714    2.745569 ^ _676_/Q (sky130_fd_sc_hd__dfrtp_2)
                                                         timer.dig_cnt[1] (net)
                      0.304778    0.002339    2.747908 ^ _564_/A (sky130_fd_sc_hd__or2_2)
    11    0.148996    1.174543    1.004459    3.752366 ^ _564_/X (sky130_fd_sc_hd__or2_2)
                                                         net2 (net)
                      1.181793    0.071258    3.823624 ^ output2/A (sky130_fd_sc_hd__clkdlybuf4s25_1)
     1    0.035553    0.573298    1.108046    4.931669 ^ output2/X (sky130_fd_sc_hd__clkdlybuf4s25_1)
                                                         io_out[0] (net)
                      0.573298    0.001922    4.933592 ^ io_out[0] (out)
                                              4.933592   data arrival time

                                  0.000000    0.000000   clock wb_clk_i (rise edge)
                                  0.000000    0.000000   clock network delay (propagated)
                                  0.250000    0.250000   clock uncertainty
                                  0.000000    0.250000   clock reconvergence pessimism
                                 -5.000000   -4.750000   output external delay
                                             -4.750000   data required time
---------------------------------------------------------------------------------------------
                                             -4.750000   data required time
                                             -4.933592   data arrival time
---------------------------------------------------------------------------------------------
                                              9.683592   slack (MET)


Startpoint: _690_ (rising edge-triggered flip-flop clocked by wb_clk_i)
Endpoint: io_out[7] (output port clocked by wb_clk_i)
Path Group: wb_clk_i
Path Type: min

Fanout         Cap        Slew       Delay        Time   Description
---------------------------------------------------------------------------------------------
                                  0.000000    0.000000   clock wb_clk_i (rise edge)
                                  0.000000    0.000000   clock source latency
     2    0.173147    1.249199    0.896311    0.896311 ^ wb_clk_i (in)
                                                         wb_clk_i (net)
                      1.273456    0.000000    0.896311 ^ clkbuf_0_wb_clk_i/A (sky130_fd_sc_hd__clkbuf_16)
    17    0.080878    0.167560    0.669136    1.565448 ^ clkbuf_0_wb_clk_i/X (sky130_fd_sc_hd__clkbuf_16)
                                                         clknet_0_wb_clk_i (net)
                      0.168090    0.007044    1.572492 ^ clkbuf_3_7_0_wb_clk_i/A (sky130_fd_sc_hd__clkbuf_8)
    12    0.037900    0.124575    0.302075    1.874567 ^ clkbuf_3_7_0_wb_clk_i/X (sky130_fd_sc_hd__clkbuf_8)
                                                         clknet_3_7_0_wb_clk_i (net)
                      0.124618    0.002076    1.876642 ^ _690_/CLK (sky130_fd_sc_hd__dfrtp_2)
     3    0.011929    0.131919    0.730374    2.607017 ^ _690_/Q (sky130_fd_sc_hd__dfrtp_2)
                                                         timer.sec_ones[1] (net)
                      0.131924    0.000993    2.608009 ^ _578_/A1 (sky130_fd_sc_hd__o221a_2)
     2    0.007536    0.114854    0.449048    3.057057 ^ _578_/X (sky130_fd_sc_hd__o221a_2)
                                                         _325_ (net)
                      0.114855    0.000585    3.057642 ^ _581_/A (sky130_fd_sc_hd__or2_2)
     3    0.008757    0.090826    0.220887    3.278529 ^ _581_/X (sky130_fd_sc_hd__or2_2)
                                                         _328_ (net)
                      0.090827    0.000470    3.278999 ^ _589_/C1 (sky130_fd_sc_hd__a211o_2)
     3    0.113747    0.834956    0.665282    3.944281 ^ _589_/X (sky130_fd_sc_hd__a211o_2)
                                                         net10 (net)
                      0.844347    0.068002    4.012283 ^ output10/A (sky130_fd_sc_hd__clkdlybuf4s25_1)
     1    0.035553    0.573576    1.033399    5.045682 ^ output10/X (sky130_fd_sc_hd__clkdlybuf4s25_1)
                                                         io_out[7] (net)
                      0.573577    0.001922    5.047605 ^ io_out[7] (out)
                                              5.047605   data arrival time

                                  0.000000    0.000000   clock wb_clk_i (rise edge)
                                  0.000000    0.000000   clock network delay (propagated)
                                  0.250000    0.250000   clock uncertainty
                                  0.000000    0.250000   clock reconvergence pessimism
                                 -5.000000   -4.750000   output external delay
                                             -4.750000   data required time
---------------------------------------------------------------------------------------------
                                             -4.750000   data required time
                                             -5.047605   data arrival time
---------------------------------------------------------------------------------------------
                                              9.797605   slack (MET)


Startpoint: _689_ (rising edge-triggered flip-flop clocked by wb_clk_i)
Endpoint: io_out[8] (output port clocked by wb_clk_i)
Path Group: wb_clk_i
Path Type: min

Fanout         Cap        Slew       Delay        Time   Description
---------------------------------------------------------------------------------------------
                                  0.000000    0.000000   clock wb_clk_i (rise edge)
                                  0.000000    0.000000   clock source latency
     2    0.173147    1.249199    0.896311    0.896311 ^ wb_clk_i (in)
                                                         wb_clk_i (net)
                      1.273456    0.000000    0.896311 ^ clkbuf_0_wb_clk_i/A (sky130_fd_sc_hd__clkbuf_16)
    17    0.080878    0.167560    0.669136    1.565448 ^ clkbuf_0_wb_clk_i/X (sky130_fd_sc_hd__clkbuf_16)
                                                         clknet_0_wb_clk_i (net)
                      0.168090    0.007044    1.572492 ^ clkbuf_3_7_0_wb_clk_i/A (sky130_fd_sc_hd__clkbuf_8)
    12    0.037900    0.124575    0.302075    1.874567 ^ clkbuf_3_7_0_wb_clk_i/X (sky130_fd_sc_hd__clkbuf_8)
                                                         clknet_3_7_0_wb_clk_i (net)
                      0.124605    0.001804    1.876370 ^ _689_/CLK (sky130_fd_sc_hd__dfrtp_2)
     5    0.018970    0.176636    0.775552    2.651922 ^ _689_/Q (sky130_fd_sc_hd__dfrtp_2)
                                                         timer.sec_ones[0] (net)
                      0.176640    0.001097    2.653019 ^ _575_/B2 (sky130_fd_sc_hd__o32a_2)
     5    0.025544    0.227574    0.410424    3.063443 ^ _575_/X (sky130_fd_sc_hd__o32a_2)
                                                         _322_ (net)
                      0.227601    0.002457    3.065900 ^ _590_/A (sky130_fd_sc_hd__or3b_2)
     3    0.118702    1.017116    0.874814    3.940715 ^ _590_/X (sky130_fd_sc_hd__or3b_2)
                                                         net11 (net)
                      1.024821    0.068003    4.008718 ^ output11/A (sky130_fd_sc_hd__clkdlybuf4s25_1)
     1    0.035529    0.573057    1.073071    5.081789 ^ output11/X (sky130_fd_sc_hd__clkdlybuf4s25_1)
                                                         io_out[8] (net)
                      0.573057    0.001921    5.083710 ^ io_out[8] (out)
                                              5.083710   data arrival time

                                  0.000000    0.000000   clock wb_clk_i (rise edge)
                                  0.000000    0.000000   clock network delay (propagated)
                                  0.250000    0.250000   clock uncertainty
                                  0.000000    0.250000   clock reconvergence pessimism
                                 -5.000000   -4.750000   output external delay
                                             -4.750000   data required time
---------------------------------------------------------------------------------------------
                                             -4.750000   data required time
                                             -5.083710   data arrival time
---------------------------------------------------------------------------------------------
                                              9.833709   slack (MET)


Startpoint: _690_ (rising edge-triggered flip-flop clocked by wb_clk_i)
Endpoint: io_out[9] (output port clocked by wb_clk_i)
Path Group: wb_clk_i
Path Type: min

Fanout         Cap        Slew       Delay        Time   Description
---------------------------------------------------------------------------------------------
                                  0.000000    0.000000   clock wb_clk_i (rise edge)
                                  0.000000    0.000000   clock source latency
     2    0.173147    1.249199    0.896311    0.896311 ^ wb_clk_i (in)
                                                         wb_clk_i (net)
                      1.273456    0.000000    0.896311 ^ clkbuf_0_wb_clk_i/A (sky130_fd_sc_hd__clkbuf_16)
    17    0.080878    0.167560    0.669136    1.565448 ^ clkbuf_0_wb_clk_i/X (sky130_fd_sc_hd__clkbuf_16)
                                                         clknet_0_wb_clk_i (net)
                      0.168090    0.007044    1.572492 ^ clkbuf_3_7_0_wb_clk_i/A (sky130_fd_sc_hd__clkbuf_8)
    12    0.037900    0.124575    0.302075    1.874567 ^ clkbuf_3_7_0_wb_clk_i/X (sky130_fd_sc_hd__clkbuf_8)
                                                         clknet_3_7_0_wb_clk_i (net)
                      0.124618    0.002076    1.876642 ^ _690_/CLK (sky130_fd_sc_hd__dfrtp_2)
     3    0.011929    0.131919    0.730374    2.607017 ^ _690_/Q (sky130_fd_sc_hd__dfrtp_2)
                                                         timer.sec_ones[1] (net)
                      0.131923    0.000899    2.607916 ^ _571_/A1 (sky130_fd_sc_hd__o22a_2)
     4    0.017109    0.162178    0.387505    2.995421 ^ _571_/X (sky130_fd_sc_hd__o22a_2)
                                                         _318_ (net)
                      0.162186    0.001243    2.996664 ^ _577_/A1 (sky130_fd_sc_hd__a21oi_2)
     4    0.014284    0.081474    0.184816    3.181480 v _577_/Y (sky130_fd_sc_hd__a21oi_2)
                                                         _324_ (net)
                      0.081488    0.000963    3.182444 v _591_/C (sky130_fd_sc_hd__nand3b_2)
     3    0.054821    0.452706    0.407743    3.590187 ^ _591_/Y (sky130_fd_sc_hd__nand3b_2)
                                                         net12 (net)
                      0.453872    0.017862    3.608049 ^ wire13/A (sky130_fd_sc_hd__buf_8)
     3    0.161295    0.398240    0.464196    4.072245 ^ wire13/X (sky130_fd_sc_hd__buf_8)
                                                         net13 (net)
                      0.472495    0.122760    4.195004 ^ output12/A (sky130_fd_sc_hd__clkdlybuf4s25_1)
     1    0.035532    0.573462    0.932533    5.127538 ^ output12/X (sky130_fd_sc_hd__clkdlybuf4s25_1)
                                                         io_out[9] (net)
                      0.573463    0.001922    5.129460 ^ io_out[9] (out)
                                              5.129460   data arrival time

                                  0.000000    0.000000   clock wb_clk_i (rise edge)
                                  0.000000    0.000000   clock network delay (propagated)
                                  0.250000    0.250000   clock uncertainty
                                  0.000000    0.250000   clock reconvergence pessimism
                                 -5.000000   -4.750000   output external delay
                                             -4.750000   data required time
---------------------------------------------------------------------------------------------
                                             -4.750000   data required time
                                             -5.129460   data arrival time
---------------------------------------------------------------------------------------------
                                              9.879459   slack (MET)


Startpoint: _690_ (rising edge-triggered flip-flop clocked by wb_clk_i)
Endpoint: io_out[10] (output port clocked by wb_clk_i)
Path Group: wb_clk_i
Path Type: min

Fanout         Cap        Slew       Delay        Time   Description
---------------------------------------------------------------------------------------------
                                  0.000000    0.000000   clock wb_clk_i (rise edge)
                                  0.000000    0.000000   clock source latency
     2    0.173147    1.249199    0.896311    0.896311 ^ wb_clk_i (in)
                                                         wb_clk_i (net)
                      1.273456    0.000000    0.896311 ^ clkbuf_0_wb_clk_i/A (sky130_fd_sc_hd__clkbuf_16)
    17    0.080878    0.167560    0.669136    1.565448 ^ clkbuf_0_wb_clk_i/X (sky130_fd_sc_hd__clkbuf_16)
                                                         clknet_0_wb_clk_i (net)
                      0.168090    0.007044    1.572492 ^ clkbuf_3_7_0_wb_clk_i/A (sky130_fd_sc_hd__clkbuf_8)
    12    0.037900    0.124575    0.302075    1.874567 ^ clkbuf_3_7_0_wb_clk_i/X (sky130_fd_sc_hd__clkbuf_8)
                                                         clknet_3_7_0_wb_clk_i (net)
                      0.124618    0.002076    1.876642 ^ _690_/CLK (sky130_fd_sc_hd__dfrtp_2)
     3    0.011929    0.131919    0.730374    2.607017 ^ _690_/Q (sky130_fd_sc_hd__dfrtp_2)
                                                         timer.sec_ones[1] (net)
                      0.131924    0.000993    2.608009 ^ _578_/A1 (sky130_fd_sc_hd__o221a_2)
     2    0.007536    0.114854    0.449048    3.057057 ^ _578_/X (sky130_fd_sc_hd__o221a_2)
                                                         _325_ (net)
                      0.114855    0.000585    3.057642 ^ _581_/A (sky130_fd_sc_hd__or2_2)
     3    0.008757    0.090826    0.220887    3.278529 ^ _581_/X (sky130_fd_sc_hd__or2_2)
                                                         _328_ (net)
                      0.090827    0.000438    3.278967 ^ _588_/C1 (sky130_fd_sc_hd__a211o_2)
     3    0.062632    0.464292    0.446782    3.725749 ^ _588_/X (sky130_fd_sc_hd__a211o_2)
                                                         net3 (net)
                      0.465615    0.019350    3.745100 ^ wire14/A (sky130_fd_sc_hd__buf_12)
     3    0.201739    0.330681    0.413447    4.158546 ^ wire14/X (sky130_fd_sc_hd__buf_12)
                                                         net14 (net)
                      0.516028    0.186630    4.345176 ^ output3/A (sky130_fd_sc_hd__clkdlybuf4s25_1)
     1    0.035529    0.573412    0.947220    5.292396 ^ output3/X (sky130_fd_sc_hd__clkdlybuf4s25_1)
                                                         io_out[10] (net)
                      0.573412    0.001921    5.294317 ^ io_out[10] (out)
                                              5.294317   data arrival time

                                  0.000000    0.000000   clock wb_clk_i (rise edge)
                                  0.000000    0.000000   clock network delay (propagated)
                                  0.250000    0.250000   clock uncertainty
                                  0.000000    0.250000   clock reconvergence pessimism
                                 -5.000000   -4.750000   output external delay
                                             -4.750000   data required time
---------------------------------------------------------------------------------------------
                                             -4.750000   data required time
                                             -5.294317   data arrival time
---------------------------------------------------------------------------------------------
                                             10.044317   slack (MET)



