
===========================================================================
report_checks -path_delay max (Setup)
============================================================================
======================= min_ss_100C_1v60 Corner ===================================

Startpoint: _676_ (rising edge-triggered flip-flop clocked by wb_clk_i)
Endpoint: io_out[10] (output port clocked by wb_clk_i)
Path Group: wb_clk_i
Path Type: max

Fanout         Cap        Slew       Delay        Time   Description
---------------------------------------------------------------------------------------------
                                  0.000000    0.000000   clock wb_clk_i (rise edge)
                                  0.000000    0.000000   clock source latency
     2    0.147424    1.063065    0.825174    0.825174 ^ wb_clk_i (in)
                                                         wb_clk_i (net)
                      1.073527    0.000000    0.825174 ^ clkbuf_0_wb_clk_i/A (sky130_fd_sc_hd__clkbuf_16)
    17    0.074001    0.154063    0.676967    1.502141 ^ clkbuf_0_wb_clk_i/X (sky130_fd_sc_hd__clkbuf_16)
                                                         clknet_0_wb_clk_i (net)
                      0.154075    0.001578    1.503719 ^ clkbuf_3_4_0_wb_clk_i/A (sky130_fd_sc_hd__clkbuf_8)
    11    0.035340    0.118617    0.323034    1.826753 ^ clkbuf_3_4_0_wb_clk_i/X (sky130_fd_sc_hd__clkbuf_8)
                                                         clknet_3_4_0_wb_clk_i (net)
                      0.118617    0.000408    1.827161 ^ _676_/CLK (sky130_fd_sc_hd__dfrtp_2)
     9    0.034996    0.286899    0.944303    2.771465 ^ _676_/Q (sky130_fd_sc_hd__dfrtp_2)
                                                         timer.dig_cnt[1] (net)
                      0.286899    0.000190    2.771654 ^ hold150/A (sky130_fd_sc_hd__dlygate4sd3_1)
     2    0.009245    0.178665    1.264925    4.036579 ^ hold150/X (sky130_fd_sc_hd__dlygate4sd3_1)
                                                         net150 (net)
                      0.178665    0.000132    4.036712 ^ _385_/B (sky130_fd_sc_hd__nand2b_2)
    11    0.074503    0.582611    0.560254    4.596965 v _385_/Y (sky130_fd_sc_hd__nand2b_2)
                                                         net5 (net)
                      0.582612    0.000672    4.597637 v _572_/C (sky130_fd_sc_hd__and3_2)
     1    0.003229    0.073482    0.727371    5.325008 v _572_/X (sky130_fd_sc_hd__and3_2)
                                                         _319_ (net)
                      0.073482    0.000036    5.325044 v _575_/A1 (sky130_fd_sc_hd__o32a_2)
     5    0.022283    0.207766    0.892418    6.217462 v _575_/X (sky130_fd_sc_hd__o32a_2)
                                                         _322_ (net)
                      0.207767    0.001048    6.218509 v _583_/B (sky130_fd_sc_hd__or2_2)
     4    0.013406    0.165374    0.797779    7.016288 v _583_/X (sky130_fd_sc_hd__or2_2)
                                                         _329_ (net)
                      0.165374    0.000167    7.016455 v _588_/A2 (sky130_fd_sc_hd__a211o_2)
     3    0.052896    0.298880    0.937444    7.953899 v _588_/X (sky130_fd_sc_hd__a211o_2)
                                                         net3 (net)
                      0.299401    0.011680    7.965579 v wire14/A (sky130_fd_sc_hd__buf_12)
     3    0.166340    0.134582    0.403942    8.369520 v wire14/X (sky130_fd_sc_hd__buf_12)
                                                         net14 (net)
                      0.264371    0.114794    8.484315 v output3/A (sky130_fd_sc_hd__clkdlybuf4s25_1)
     1    0.035200    0.475586    0.904057    9.388372 v output3/X (sky130_fd_sc_hd__clkdlybuf4s25_1)
                                                         io_out[10] (net)
                      0.475586    0.000464    9.388836 v io_out[10] (out)
                                              9.388836   data arrival time

                                 25.000000   25.000000   clock wb_clk_i (rise edge)
                                  0.000000   25.000000   clock network delay (propagated)
                                 -0.250000   24.750000   clock uncertainty
                                  0.000000   24.750000   clock reconvergence pessimism
                                 -5.000000   19.750000   output external delay
                                             19.750000   data required time
---------------------------------------------------------------------------------------------
                                             19.750000   data required time
                                             -9.388836   data arrival time
---------------------------------------------------------------------------------------------
                                             10.361164   slack (MET)


Startpoint: _676_ (rising edge-triggered flip-flop clocked by wb_clk_i)
Endpoint: io_out[7] (output port clocked by wb_clk_i)
Path Group: wb_clk_i
Path Type: max

Fanout         Cap        Slew       Delay        Time   Description
---------------------------------------------------------------------------------------------
                                  0.000000    0.000000   clock wb_clk_i (rise edge)
                                  0.000000    0.000000   clock source latency
     2    0.147424    1.063065    0.825174    0.825174 ^ wb_clk_i (in)
                                                         wb_clk_i (net)
                      1.073527    0.000000    0.825174 ^ clkbuf_0_wb_clk_i/A (sky130_fd_sc_hd__clkbuf_16)
    17    0.074001    0.154063    0.676967    1.502141 ^ clkbuf_0_wb_clk_i/X (sky130_fd_sc_hd__clkbuf_16)
                                                         clknet_0_wb_clk_i (net)
                      0.154075    0.001578    1.503719 ^ clkbuf_3_4_0_wb_clk_i/A (sky130_fd_sc_hd__clkbuf_8)
    11    0.035340    0.118617    0.323034    1.826753 ^ clkbuf_3_4_0_wb_clk_i/X (sky130_fd_sc_hd__clkbuf_8)
                                                         clknet_3_4_0_wb_clk_i (net)
                      0.118617    0.000408    1.827161 ^ _676_/CLK (sky130_fd_sc_hd__dfrtp_2)
     9    0.034996    0.286899    0.944303    2.771465 ^ _676_/Q (sky130_fd_sc_hd__dfrtp_2)
                                                         timer.dig_cnt[1] (net)
                      0.286899    0.000190    2.771654 ^ hold150/A (sky130_fd_sc_hd__dlygate4sd3_1)
     2    0.009245    0.178665    1.264925    4.036579 ^ hold150/X (sky130_fd_sc_hd__dlygate4sd3_1)
                                                         net150 (net)
                      0.178665    0.000132    4.036712 ^ _385_/B (sky130_fd_sc_hd__nand2b_2)
    11    0.074503    0.582611    0.560254    4.596965 v _385_/Y (sky130_fd_sc_hd__nand2b_2)
                                                         net5 (net)
                      0.582612    0.000672    4.597637 v _572_/C (sky130_fd_sc_hd__and3_2)
     1    0.003229    0.073482    0.727371    5.325008 v _572_/X (sky130_fd_sc_hd__and3_2)
                                                         _319_ (net)
                      0.073482    0.000036    5.325044 v _575_/A1 (sky130_fd_sc_hd__o32a_2)
     5    0.022283    0.207766    0.892418    6.217462 v _575_/X (sky130_fd_sc_hd__o32a_2)
                                                         _322_ (net)
                      0.207767    0.001048    6.218509 v _583_/B (sky130_fd_sc_hd__or2_2)
     4    0.013406    0.165374    0.797779    7.016288 v _583_/X (sky130_fd_sc_hd__or2_2)
                                                         _329_ (net)
                      0.165374    0.000196    7.016484 v _589_/A2 (sky130_fd_sc_hd__a211o_2)
     3    0.095086    0.440610    1.068014    8.084498 v _589_/X (sky130_fd_sc_hd__a211o_2)
                                                         net10 (net)
                      0.446692    0.043381    8.127880 v output10/A (sky130_fd_sc_hd__clkdlybuf4s25_1)
     1    0.035215    0.476456    0.970001    9.097881 v output10/X (sky130_fd_sc_hd__clkdlybuf4s25_1)
                                                         io_out[7] (net)
                      0.476456    0.000464    9.098345 v io_out[7] (out)
                                              9.098345   data arrival time

                                 25.000000   25.000000   clock wb_clk_i (rise edge)
                                  0.000000   25.000000   clock network delay (propagated)
                                 -0.250000   24.750000   clock uncertainty
                                  0.000000   24.750000   clock reconvergence pessimism
                                 -5.000000   19.750000   output external delay
                                             19.750000   data required time
---------------------------------------------------------------------------------------------
                                             19.750000   data required time
                                             -9.098345   data arrival time
---------------------------------------------------------------------------------------------
                                             10.651655   slack (MET)


Startpoint: _676_ (rising edge-triggered flip-flop clocked by wb_clk_i)
Endpoint: io_out[8] (output port clocked by wb_clk_i)
Path Group: wb_clk_i
Path Type: max

Fanout         Cap        Slew       Delay        Time   Description
---------------------------------------------------------------------------------------------
                                  0.000000    0.000000   clock wb_clk_i (rise edge)
                                  0.000000    0.000000   clock source latency
     2    0.147424    1.063065    0.825174    0.825174 ^ wb_clk_i (in)
                                                         wb_clk_i (net)
                      1.073527    0.000000    0.825174 ^ clkbuf_0_wb_clk_i/A (sky130_fd_sc_hd__clkbuf_16)
    17    0.074001    0.154063    0.676967    1.502141 ^ clkbuf_0_wb_clk_i/X (sky130_fd_sc_hd__clkbuf_16)
                                                         clknet_0_wb_clk_i (net)
                      0.154075    0.001578    1.503719 ^ clkbuf_3_4_0_wb_clk_i/A (sky130_fd_sc_hd__clkbuf_8)
    11    0.035340    0.118617    0.323034    1.826753 ^ clkbuf_3_4_0_wb_clk_i/X (sky130_fd_sc_hd__clkbuf_8)
                                                         clknet_3_4_0_wb_clk_i (net)
                      0.118617    0.000408    1.827161 ^ _676_/CLK (sky130_fd_sc_hd__dfrtp_2)
     9    0.034996    0.286899    0.944303    2.771465 ^ _676_/Q (sky130_fd_sc_hd__dfrtp_2)
                                                         timer.dig_cnt[1] (net)
                      0.286899    0.000190    2.771654 ^ hold150/A (sky130_fd_sc_hd__dlygate4sd3_1)
     2    0.009245    0.178665    1.264925    4.036579 ^ hold150/X (sky130_fd_sc_hd__dlygate4sd3_1)
                                                         net150 (net)
                      0.178665    0.000132    4.036712 ^ _385_/B (sky130_fd_sc_hd__nand2b_2)
    11    0.074503    0.582611    0.560254    4.596965 v _385_/Y (sky130_fd_sc_hd__nand2b_2)
                                                         net5 (net)
                      0.582612    0.000672    4.597637 v _572_/C (sky130_fd_sc_hd__and3_2)
     1    0.003229    0.073482    0.727371    5.325008 v _572_/X (sky130_fd_sc_hd__and3_2)
                                                         _319_ (net)
                      0.073482    0.000036    5.325044 v _575_/A1 (sky130_fd_sc_hd__o32a_2)
     5    0.022283    0.207766    0.892418    6.217462 v _575_/X (sky130_fd_sc_hd__o32a_2)
                                                         _322_ (net)
                      0.207767    0.001113    6.218574 v _590_/A (sky130_fd_sc_hd__or3b_2)
     3    0.100924    0.584421    1.743518    7.962092 v _590_/X (sky130_fd_sc_hd__or3b_2)
                                                         net11 (net)
                      0.589100    0.043761    8.005853 v output11/A (sky130_fd_sc_hd__clkdlybuf4s25_1)
     1    0.035200    0.476799    1.021243    9.027096 v output11/X (sky130_fd_sc_hd__clkdlybuf4s25_1)
                                                         io_out[8] (net)
                      0.476799    0.000464    9.027559 v io_out[8] (out)
                                              9.027559   data arrival time

                                 25.000000   25.000000   clock wb_clk_i (rise edge)
                                  0.000000   25.000000   clock network delay (propagated)
                                 -0.250000   24.750000   clock uncertainty
                                  0.000000   24.750000   clock reconvergence pessimism
                                 -5.000000   19.750000   output external delay
                                             19.750000   data required time
---------------------------------------------------------------------------------------------
                                             19.750000   data required time
                                             -9.027559   data arrival time
---------------------------------------------------------------------------------------------
                                             10.722440   slack (MET)


Startpoint: _676_ (rising edge-triggered flip-flop clocked by wb_clk_i)
Endpoint: io_out[9] (output port clocked by wb_clk_i)
Path Group: wb_clk_i
Path Type: max

Fanout         Cap        Slew       Delay        Time   Description
---------------------------------------------------------------------------------------------
                                  0.000000    0.000000   clock wb_clk_i (rise edge)
                                  0.000000    0.000000   clock source latency
     2    0.147424    1.063065    0.825174    0.825174 ^ wb_clk_i (in)
                                                         wb_clk_i (net)
                      1.073527    0.000000    0.825174 ^ clkbuf_0_wb_clk_i/A (sky130_fd_sc_hd__clkbuf_16)
    17    0.074001    0.154063    0.676967    1.502141 ^ clkbuf_0_wb_clk_i/X (sky130_fd_sc_hd__clkbuf_16)
                                                         clknet_0_wb_clk_i (net)
                      0.154075    0.001578    1.503719 ^ clkbuf_3_4_0_wb_clk_i/A (sky130_fd_sc_hd__clkbuf_8)
    11    0.035340    0.118617    0.323034    1.826753 ^ clkbuf_3_4_0_wb_clk_i/X (sky130_fd_sc_hd__clkbuf_8)
                                                         clknet_3_4_0_wb_clk_i (net)
                      0.118617    0.000408    1.827161 ^ _676_/CLK (sky130_fd_sc_hd__dfrtp_2)
     9    0.034996    0.286899    0.944303    2.771465 ^ _676_/Q (sky130_fd_sc_hd__dfrtp_2)
                                                         timer.dig_cnt[1] (net)
                      0.286899    0.000190    2.771654 ^ hold150/A (sky130_fd_sc_hd__dlygate4sd3_1)
     2    0.009245    0.178665    1.264925    4.036579 ^ hold150/X (sky130_fd_sc_hd__dlygate4sd3_1)
                                                         net150 (net)
                      0.178665    0.000132    4.036712 ^ _385_/B (sky130_fd_sc_hd__nand2b_2)
    11    0.074503    0.582611    0.560254    4.596965 v _385_/Y (sky130_fd_sc_hd__nand2b_2)
                                                         net5 (net)
                      0.582612    0.000672    4.597637 v _572_/C (sky130_fd_sc_hd__and3_2)
     1    0.003229    0.073482    0.727371    5.325008 v _572_/X (sky130_fd_sc_hd__and3_2)
                                                         _319_ (net)
                      0.073482    0.000036    5.325044 v _575_/A1 (sky130_fd_sc_hd__o32a_2)
     5    0.022283    0.207766    0.892418    6.217462 v _575_/X (sky130_fd_sc_hd__o32a_2)
                                                         _322_ (net)
                      0.207767    0.001048    6.218509 v _583_/B (sky130_fd_sc_hd__or2_2)
     4    0.013406    0.165374    0.797779    7.016288 v _583_/X (sky130_fd_sc_hd__or2_2)
                                                         _329_ (net)
                      0.165374    0.000232    7.016520 v _591_/B (sky130_fd_sc_hd__nand3b_2)
     3    0.046804    0.445911    0.431393    7.447913 ^ _591_/Y (sky130_fd_sc_hd__nand3b_2)
                                                         net12 (net)
                      0.446181    0.009397    7.457310 ^ wire13/A (sky130_fd_sc_hd__buf_8)
     3    0.133860    0.341506    0.498281    7.955590 ^ wire13/X (sky130_fd_sc_hd__buf_8)
                                                         net13 (net)
                      0.371224    0.080638    8.036228 ^ output12/A (sky130_fd_sc_hd__clkdlybuf4s25_1)
     1    0.035203    0.568013    0.990264    9.026492 ^ output12/X (sky130_fd_sc_hd__clkdlybuf4s25_1)
                                                         io_out[9] (net)
                      0.568013    0.000464    9.026956 ^ io_out[9] (out)
                                              9.026956   data arrival time

                                 25.000000   25.000000   clock wb_clk_i (rise edge)
                                  0.000000   25.000000   clock network delay (propagated)
                                 -0.250000   24.750000   clock uncertainty
                                  0.000000   24.750000   clock reconvergence pessimism
                                 -5.000000   19.750000   output external delay
                                             19.750000   data required time
---------------------------------------------------------------------------------------------
                                             19.750000   data required time
                                             -9.026956   data arrival time
---------------------------------------------------------------------------------------------
                                             10.723044   slack (MET)


Startpoint: _676_ (rising edge-triggered flip-flop clocked by wb_clk_i)
Endpoint: io_out[5] (output port clocked by wb_clk_i)
Path Group: wb_clk_i
Path Type: max

Fanout         Cap        Slew       Delay        Time   Description
---------------------------------------------------------------------------------------------
                                  0.000000    0.000000   clock wb_clk_i (rise edge)
                                  0.000000    0.000000   clock source latency
     2    0.147424    1.063065    0.825174    0.825174 ^ wb_clk_i (in)
                                                         wb_clk_i (net)
                      1.073527    0.000000    0.825174 ^ clkbuf_0_wb_clk_i/A (sky130_fd_sc_hd__clkbuf_16)
    17    0.074001    0.154063    0.676967    1.502141 ^ clkbuf_0_wb_clk_i/X (sky130_fd_sc_hd__clkbuf_16)
                                                         clknet_0_wb_clk_i (net)
                      0.154075    0.001578    1.503719 ^ clkbuf_3_4_0_wb_clk_i/A (sky130_fd_sc_hd__clkbuf_8)
    11    0.035340    0.118617    0.323034    1.826753 ^ clkbuf_3_4_0_wb_clk_i/X (sky130_fd_sc_hd__clkbuf_8)
                                                         clknet_3_4_0_wb_clk_i (net)
                      0.118617    0.000408    1.827161 ^ _676_/CLK (sky130_fd_sc_hd__dfrtp_2)
     9    0.034996    0.286899    0.944303    2.771465 ^ _676_/Q (sky130_fd_sc_hd__dfrtp_2)
                                                         timer.dig_cnt[1] (net)
                      0.286899    0.000190    2.771654 ^ hold150/A (sky130_fd_sc_hd__dlygate4sd3_1)
     2    0.009245    0.178665    1.264925    4.036579 ^ hold150/X (sky130_fd_sc_hd__dlygate4sd3_1)
                                                         net150 (net)
                      0.178665    0.000132    4.036712 ^ _385_/B (sky130_fd_sc_hd__nand2b_2)
    11    0.074503    0.582611    0.560254    4.596965 v _385_/Y (sky130_fd_sc_hd__nand2b_2)
                                                         net5 (net)
                      0.582612    0.000672    4.597637 v _572_/C (sky130_fd_sc_hd__and3_2)
     1    0.003229    0.073482    0.727371    5.325008 v _572_/X (sky130_fd_sc_hd__and3_2)
                                                         _319_ (net)
                      0.073482    0.000036    5.325044 v _575_/A1 (sky130_fd_sc_hd__o32a_2)
     5    0.022283    0.207766    0.892418    6.217462 v _575_/X (sky130_fd_sc_hd__o32a_2)
                                                         _322_ (net)
                      0.207767    0.001048    6.218509 v _583_/B (sky130_fd_sc_hd__or2_2)
     4    0.013406    0.165374    0.797779    7.016288 v _583_/X (sky130_fd_sc_hd__or2_2)
                                                         _329_ (net)
                      0.165374    0.000209    7.016497 v _584_/C_N (sky130_fd_sc_hd__or3b_2)
     3    0.030925    0.280039    0.602912    7.619409 ^ _584_/X (sky130_fd_sc_hd__or3b_2)
                                                         net8 (net)
                      0.280259    0.004461    7.623871 ^ output8/A (sky130_fd_sc_hd__clkdlybuf4s25_1)
     1    0.035215    0.568224    0.956428    8.580298 ^ output8/X (sky130_fd_sc_hd__clkdlybuf4s25_1)
                                                         io_out[5] (net)
                      0.568224    0.000464    8.580762 ^ io_out[5] (out)
                                              8.580762   data arrival time

                                 25.000000   25.000000   clock wb_clk_i (rise edge)
                                  0.000000   25.000000   clock network delay (propagated)
                                 -0.250000   24.750000   clock uncertainty
                                  0.000000   24.750000   clock reconvergence pessimism
                                 -5.000000   19.750000   output external delay
                                             19.750000   data required time
---------------------------------------------------------------------------------------------
                                             19.750000   data required time
                                             -8.580762   data arrival time
---------------------------------------------------------------------------------------------
                                             11.169237   slack (MET)


Startpoint: _676_ (rising edge-triggered flip-flop clocked by wb_clk_i)
Endpoint: io_out[6] (output port clocked by wb_clk_i)
Path Group: wb_clk_i
Path Type: max

Fanout         Cap        Slew       Delay        Time   Description
---------------------------------------------------------------------------------------------
                                  0.000000    0.000000   clock wb_clk_i (rise edge)
                                  0.000000    0.000000   clock source latency
     2    0.147424    1.063065    0.825174    0.825174 ^ wb_clk_i (in)
                                                         wb_clk_i (net)
                      1.073527    0.000000    0.825174 ^ clkbuf_0_wb_clk_i/A (sky130_fd_sc_hd__clkbuf_16)
    17    0.074001    0.154063    0.676967    1.502141 ^ clkbuf_0_wb_clk_i/X (sky130_fd_sc_hd__clkbuf_16)
                                                         clknet_0_wb_clk_i (net)
                      0.154075    0.001578    1.503719 ^ clkbuf_3_4_0_wb_clk_i/A (sky130_fd_sc_hd__clkbuf_8)
    11    0.035340    0.118617    0.323034    1.826753 ^ clkbuf_3_4_0_wb_clk_i/X (sky130_fd_sc_hd__clkbuf_8)
                                                         clknet_3_4_0_wb_clk_i (net)
                      0.118617    0.000408    1.827161 ^ _676_/CLK (sky130_fd_sc_hd__dfrtp_2)
     9    0.034996    0.286899    0.944303    2.771465 ^ _676_/Q (sky130_fd_sc_hd__dfrtp_2)
                                                         timer.dig_cnt[1] (net)
                      0.286899    0.000190    2.771654 ^ hold150/A (sky130_fd_sc_hd__dlygate4sd3_1)
     2    0.009245    0.178665    1.264925    4.036579 ^ hold150/X (sky130_fd_sc_hd__dlygate4sd3_1)
                                                         net150 (net)
                      0.178665    0.000132    4.036712 ^ _385_/B (sky130_fd_sc_hd__nand2b_2)
    11    0.074503    0.582611    0.560254    4.596965 v _385_/Y (sky130_fd_sc_hd__nand2b_2)
                                                         net5 (net)
                      0.582612    0.000626    4.597591 v _568_/C (sky130_fd_sc_hd__and3_2)
     2    0.010619    0.106305    0.778512    5.376103 v _568_/X (sky130_fd_sc_hd__and3_2)
                                                         _315_ (net)
                      0.106305    0.000331    5.376434 v _571_/B1 (sky130_fd_sc_hd__o22a_2)
     4    0.015321    0.142092    0.509270    5.885705 v _571_/X (sky130_fd_sc_hd__o22a_2)
                                                         _318_ (net)
                      0.142092    0.000354    5.886058 v _585_/B (sky130_fd_sc_hd__or2_2)
     1    0.002360    0.107760    0.667658    6.553717 v _585_/X (sky130_fd_sc_hd__or2_2)
                                                         _330_ (net)
                      0.107760    0.000024    6.553740 v _586_/B2 (sky130_fd_sc_hd__a2bb2o_2)
     3    0.057701    0.313205    0.767310    7.321050 v _586_/X (sky130_fd_sc_hd__a2bb2o_2)
                                                         net9 (net)
                      0.314068    0.015404    7.336454 v output9/A (sky130_fd_sc_hd__clkdlybuf4s25_1)
     1    0.035200    0.475771    0.921992    8.258446 v output9/X (sky130_fd_sc_hd__clkdlybuf4s25_1)
                                                         io_out[6] (net)
                      0.475771    0.000464    8.258909 v io_out[6] (out)
                                              8.258909   data arrival time

                                 25.000000   25.000000   clock wb_clk_i (rise edge)
                                  0.000000   25.000000   clock network delay (propagated)
                                 -0.250000   24.750000   clock uncertainty
                                  0.000000   24.750000   clock reconvergence pessimism
                                 -5.000000   19.750000   output external delay
                                             19.750000   data required time
---------------------------------------------------------------------------------------------
                                             19.750000   data required time
                                             -8.258909   data arrival time
---------------------------------------------------------------------------------------------
                                             11.491090   slack (MET)


Startpoint: _676_ (rising edge-triggered flip-flop clocked by wb_clk_i)
Endpoint: io_out[4] (output port clocked by wb_clk_i)
Path Group: wb_clk_i
Path Type: max

Fanout         Cap        Slew       Delay        Time   Description
---------------------------------------------------------------------------------------------
                                  0.000000    0.000000   clock wb_clk_i (rise edge)
                                  0.000000    0.000000   clock source latency
     2    0.147424    1.063065    0.825174    0.825174 ^ wb_clk_i (in)
                                                         wb_clk_i (net)
                      1.073527    0.000000    0.825174 ^ clkbuf_0_wb_clk_i/A (sky130_fd_sc_hd__clkbuf_16)
    17    0.074001    0.154063    0.676967    1.502141 ^ clkbuf_0_wb_clk_i/X (sky130_fd_sc_hd__clkbuf_16)
                                                         clknet_0_wb_clk_i (net)
                      0.154075    0.001578    1.503719 ^ clkbuf_3_4_0_wb_clk_i/A (sky130_fd_sc_hd__clkbuf_8)
    11    0.035340    0.118617    0.323034    1.826753 ^ clkbuf_3_4_0_wb_clk_i/X (sky130_fd_sc_hd__clkbuf_8)
                                                         clknet_3_4_0_wb_clk_i (net)
                      0.118617    0.000408    1.827161 ^ _676_/CLK (sky130_fd_sc_hd__dfrtp_2)
     9    0.034996    0.286899    0.944303    2.771465 ^ _676_/Q (sky130_fd_sc_hd__dfrtp_2)
                                                         timer.dig_cnt[1] (net)
                      0.286899    0.000190    2.771654 ^ hold150/A (sky130_fd_sc_hd__dlygate4sd3_1)
     2    0.009245    0.178665    1.264925    4.036579 ^ hold150/X (sky130_fd_sc_hd__dlygate4sd3_1)
                                                         net150 (net)
                      0.178665    0.000132    4.036712 ^ _385_/B (sky130_fd_sc_hd__nand2b_2)
    11    0.074503    0.582611    0.560254    4.596965 v _385_/Y (sky130_fd_sc_hd__nand2b_2)
                                                         net5 (net)
                      0.582612    0.000626    4.597591 v _568_/C (sky130_fd_sc_hd__and3_2)
     2    0.010619    0.106305    0.778512    5.376103 v _568_/X (sky130_fd_sc_hd__and3_2)
                                                         _315_ (net)
                      0.106305    0.000337    5.376440 v _578_/B1 (sky130_fd_sc_hd__o221a_2)
     2    0.006547    0.102391    0.534164    5.910604 v _578_/X (sky130_fd_sc_hd__o221a_2)
                                                         _325_ (net)
                      0.102391    0.000168    5.910772 v _581_/A (sky130_fd_sc_hd__or2_2)
     3    0.007530    0.136285    0.750671    6.661444 v _581_/X (sky130_fd_sc_hd__or2_2)
                                                         _328_ (net)
                      0.136285    0.000044    6.661488 v _582_/B (sky130_fd_sc_hd__or2_2)
     1    0.002174    0.107568    0.662841    7.324329 v _582_/X (sky130_fd_sc_hd__or2_2)
                                                         net7 (net)
                      0.107568    0.000008    7.324337 v output7/A (sky130_fd_sc_hd__clkdlybuf4s25_1)
     1    0.035200    0.475630    0.833449    8.157786 v output7/X (sky130_fd_sc_hd__clkdlybuf4s25_1)
                                                         io_out[4] (net)
                      0.475630    0.000464    8.158250 v io_out[4] (out)
                                              8.158250   data arrival time

                                 25.000000   25.000000   clock wb_clk_i (rise edge)
                                  0.000000   25.000000   clock network delay (propagated)
                                 -0.250000   24.750000   clock uncertainty
                                  0.000000   24.750000   clock reconvergence pessimism
                                 -5.000000   19.750000   output external delay
                                             19.750000   data required time
---------------------------------------------------------------------------------------------
                                             19.750000   data required time
                                             -8.158250   data arrival time
---------------------------------------------------------------------------------------------
                                             11.591749   slack (MET)


Startpoint: _722_ (rising edge-triggered flip-flop clocked by wb_clk_i)
Endpoint: _694_ (rising edge-triggered flip-flop clocked by wb_clk_i)
Path Group: wb_clk_i
Path Type: max

Fanout         Cap        Slew       Delay        Time   Description
---------------------------------------------------------------------------------------------
                                  0.000000    0.000000   clock wb_clk_i (rise edge)
                                  0.000000    0.000000   clock source latency
     2    0.147424    1.063065    0.825174    0.825174 ^ wb_clk_i (in)
                                                         wb_clk_i (net)
                      1.073527    0.000000    0.825174 ^ clkbuf_0_wb_clk_i/A (sky130_fd_sc_hd__clkbuf_16)
    17    0.074001    0.154063    0.676967    1.502141 ^ clkbuf_0_wb_clk_i/X (sky130_fd_sc_hd__clkbuf_16)
                                                         clknet_0_wb_clk_i (net)
                      0.154112    0.002652    1.504793 ^ clkbuf_3_0_0_wb_clk_i/A (sky130_fd_sc_hd__clkbuf_8)
    11    0.033860    0.115090    0.320204    1.824997 ^ clkbuf_3_0_0_wb_clk_i/X (sky130_fd_sc_hd__clkbuf_8)
                                                         clknet_3_0_0_wb_clk_i (net)
                      0.115091    0.000601    1.825598 ^ _722_/CLK (sky130_fd_sc_hd__dfrtp_2)
     2    0.004947    0.084194    0.874622    2.700221 v _722_/Q (sky130_fd_sc_hd__dfrtp_2)
                                                         timer.scan_div[28] (net)
                      0.084194    0.000033    2.700253 v hold117/A (sky130_fd_sc_hd__dlygate4sd3_1)
     4    0.021231    0.264960    1.386100    4.086353 v hold117/X (sky130_fd_sc_hd__dlygate4sd3_1)
                                                         net117 (net)
                      0.264960    0.000239    4.086592 v _390_/A (sky130_fd_sc_hd__or4_2)
     1    0.004840    0.233542    1.735618    5.822209 v _390_/X (sky130_fd_sc_hd__or4_2)
                                                         _205_ (net)
                      0.233542    0.000112    5.822321 v _392_/C (sky130_fd_sc_hd__or4_2)
     1    0.003465    0.219109    1.576921    7.399243 v _392_/X (sky130_fd_sc_hd__or4_2)
                                                         _207_ (net)
                      0.219109    0.000058    7.399301 v _393_/D (sky130_fd_sc_hd__or4_2)
     1    0.007269    0.253352    1.481685    8.880986 v _393_/X (sky130_fd_sc_hd__or4_2)
                                                         _208_ (net)
                      0.253352    0.000247    8.881233 v _399_/A (sky130_fd_sc_hd__or4_2)
     4    0.015798    0.312183    1.881368   10.762601 v _399_/X (sky130_fd_sc_hd__or4_2)
                                                         _214_ (net)
                      0.312183    0.000348   10.762949 v _488_/B (sky130_fd_sc_hd__and2b_2)
     1    0.002056    0.065164    0.537335   11.300283 v _488_/X (sky130_fd_sc_hd__and2b_2)
                                                         _001_ (net)
                      0.065164    0.000021   11.300305 v hold173/A (sky130_fd_sc_hd__dlygate4sd3_1)
     1    0.002077    0.101759    1.164567   12.464872 v hold173/X (sky130_fd_sc_hd__dlygate4sd3_1)
                                                         net173 (net)
                      0.101759    0.000019   12.464890 v _694_/D (sky130_fd_sc_hd__dfrtp_2)
                                             12.464890   data arrival time

                                 25.000000   25.000000   clock wb_clk_i (rise edge)
                                  0.000000   25.000000   clock source latency
     2    0.147424    1.063065    0.746587   25.746586 ^ wb_clk_i (in)
                                                         wb_clk_i (net)
                      1.073527    0.000000   25.746586 ^ clkbuf_0_wb_clk_i/A (sky130_fd_sc_hd__clkbuf_16)
    17    0.074001    0.154063    0.612493   26.359079 ^ clkbuf_0_wb_clk_i/X (sky130_fd_sc_hd__clkbuf_16)
                                                         clknet_0_wb_clk_i (net)
                      0.154089    0.001883   26.360962 ^ clkbuf_3_1_0_wb_clk_i/A (sky130_fd_sc_hd__clkbuf_8)
    11    0.035047    0.117914    0.291775   26.652739 ^ clkbuf_3_1_0_wb_clk_i/X (sky130_fd_sc_hd__clkbuf_8)
                                                         clknet_3_1_0_wb_clk_i (net)
                      0.117914    0.000345   26.653082 ^ _694_/CLK (sky130_fd_sc_hd__dfrtp_2)
                                 -0.250000   26.403084   clock uncertainty
                                  0.143061   26.546144   clock reconvergence pessimism
                                 -0.277097   26.269047   library setup time
                                             26.269047   data required time
---------------------------------------------------------------------------------------------
                                             26.269047   data required time
                                            -12.464890   data arrival time
---------------------------------------------------------------------------------------------
                                             13.804155   slack (MET)


Startpoint: _722_ (rising edge-triggered flip-flop clocked by wb_clk_i)
Endpoint: _698_ (rising edge-triggered flip-flop clocked by wb_clk_i)
Path Group: wb_clk_i
Path Type: max

Fanout         Cap        Slew       Delay        Time   Description
---------------------------------------------------------------------------------------------
                                  0.000000    0.000000   clock wb_clk_i (rise edge)
                                  0.000000    0.000000   clock source latency
     2    0.147424    1.063065    0.825174    0.825174 ^ wb_clk_i (in)
                                                         wb_clk_i (net)
                      1.073527    0.000000    0.825174 ^ clkbuf_0_wb_clk_i/A (sky130_fd_sc_hd__clkbuf_16)
    17    0.074001    0.154063    0.676967    1.502141 ^ clkbuf_0_wb_clk_i/X (sky130_fd_sc_hd__clkbuf_16)
                                                         clknet_0_wb_clk_i (net)
                      0.154112    0.002652    1.504793 ^ clkbuf_3_0_0_wb_clk_i/A (sky130_fd_sc_hd__clkbuf_8)
    11    0.033860    0.115090    0.320204    1.824997 ^ clkbuf_3_0_0_wb_clk_i/X (sky130_fd_sc_hd__clkbuf_8)
                                                         clknet_3_0_0_wb_clk_i (net)
                      0.115091    0.000601    1.825598 ^ _722_/CLK (sky130_fd_sc_hd__dfrtp_2)
     2    0.004947    0.084194    0.874622    2.700221 v _722_/Q (sky130_fd_sc_hd__dfrtp_2)
                                                         timer.scan_div[28] (net)
                      0.084194    0.000033    2.700253 v hold117/A (sky130_fd_sc_hd__dlygate4sd3_1)
     4    0.021231    0.264960    1.386100    4.086353 v hold117/X (sky130_fd_sc_hd__dlygate4sd3_1)
                                                         net117 (net)
                      0.264960    0.000239    4.086592 v _390_/A (sky130_fd_sc_hd__or4_2)
     1    0.004840    0.233542    1.735618    5.822209 v _390_/X (sky130_fd_sc_hd__or4_2)
                                                         _205_ (net)
                      0.233542    0.000112    5.822321 v _392_/C (sky130_fd_sc_hd__or4_2)
     1    0.003465    0.219109    1.576921    7.399243 v _392_/X (sky130_fd_sc_hd__or4_2)
                                                         _207_ (net)
                      0.219109    0.000058    7.399301 v _393_/D (sky130_fd_sc_hd__or4_2)
     1    0.007269    0.253352    1.481685    8.880986 v _393_/X (sky130_fd_sc_hd__or4_2)
                                                         _208_ (net)
                      0.253352    0.000247    8.881233 v _399_/A (sky130_fd_sc_hd__or4_2)
     4    0.015798    0.312183    1.881368   10.762601 v _399_/X (sky130_fd_sc_hd__or4_2)
                                                         _214_ (net)
                      0.312183    0.000249   10.762850 v _498_/A (sky130_fd_sc_hd__and3_2)
     1    0.002776    0.071056    0.497508   11.260358 v _498_/X (sky130_fd_sc_hd__and3_2)
                                                         _027_ (net)
                      0.071056    0.000038   11.260396 v hold188/A (sky130_fd_sc_hd__dlygate4sd3_1)
     1    0.002748    0.105116    1.179107   12.439502 v hold188/X (sky130_fd_sc_hd__dlygate4sd3_1)
                                                         net188 (net)
                      0.105116    0.000031   12.439533 v _698_/D (sky130_fd_sc_hd__dfrtp_2)
                                             12.439533   data arrival time

                                 25.000000   25.000000   clock wb_clk_i (rise edge)
                                  0.000000   25.000000   clock source latency
     2    0.147424    1.063065    0.746587   25.746586 ^ wb_clk_i (in)
                                                         wb_clk_i (net)
                      1.073527    0.000000   25.746586 ^ clkbuf_0_wb_clk_i/A (sky130_fd_sc_hd__clkbuf_16)
    17    0.074001    0.154063    0.612493   26.359079 ^ clkbuf_0_wb_clk_i/X (sky130_fd_sc_hd__clkbuf_16)
                                                         clknet_0_wb_clk_i (net)
                      0.154089    0.001883   26.360962 ^ clkbuf_3_1_0_wb_clk_i/A (sky130_fd_sc_hd__clkbuf_8)
    11    0.035047    0.117914    0.291775   26.652739 ^ clkbuf_3_1_0_wb_clk_i/X (sky130_fd_sc_hd__clkbuf_8)
                                                         clknet_3_1_0_wb_clk_i (net)
                      0.117914    0.000407   26.653145 ^ _698_/CLK (sky130_fd_sc_hd__dfrtp_2)
                                 -0.250000   26.403145   clock uncertainty
                                  0.143061   26.546206   clock reconvergence pessimism
                                 -0.278498   26.267708   library setup time
                                             26.267708   data required time
---------------------------------------------------------------------------------------------
                                             26.267708   data required time
                                            -12.439533   data arrival time
---------------------------------------------------------------------------------------------
                                             13.828176   slack (MET)


Startpoint: _676_ (rising edge-triggered flip-flop clocked by wb_clk_i)
Endpoint: io_out[2] (output port clocked by wb_clk_i)
Path Group: wb_clk_i
Path Type: max

Fanout         Cap        Slew       Delay        Time   Description
---------------------------------------------------------------------------------------------
                                  0.000000    0.000000   clock wb_clk_i (rise edge)
                                  0.000000    0.000000   clock source latency
     2    0.147424    1.063065    0.825174    0.825174 ^ wb_clk_i (in)
                                                         wb_clk_i (net)
                      1.073527    0.000000    0.825174 ^ clkbuf_0_wb_clk_i/A (sky130_fd_sc_hd__clkbuf_16)
    17    0.074001    0.154063    0.676967    1.502141 ^ clkbuf_0_wb_clk_i/X (sky130_fd_sc_hd__clkbuf_16)
                                                         clknet_0_wb_clk_i (net)
                      0.154075    0.001578    1.503719 ^ clkbuf_3_4_0_wb_clk_i/A (sky130_fd_sc_hd__clkbuf_8)
    11    0.035340    0.118617    0.323034    1.826753 ^ clkbuf_3_4_0_wb_clk_i/X (sky130_fd_sc_hd__clkbuf_8)
                                                         clknet_3_4_0_wb_clk_i (net)
                      0.118617    0.000408    1.827161 ^ _676_/CLK (sky130_fd_sc_hd__dfrtp_2)
     9    0.033408    0.204547    1.027035    2.854196 v _676_/Q (sky130_fd_sc_hd__dfrtp_2)
                                                         timer.dig_cnt[1] (net)
                      0.204547    0.000181    2.854377 v hold150/A (sky130_fd_sc_hd__dlygate4sd3_1)
     2    0.008798    0.163840    1.328771    4.183147 v hold150/X (sky130_fd_sc_hd__dlygate4sd3_1)
                                                         net150 (net)
                      0.163840    0.000125    4.183272 v _385_/B (sky130_fd_sc_hd__nand2b_2)
    11    0.075881    0.606706    0.546609    4.729881 ^ _385_/Y (sky130_fd_sc_hd__nand2b_2)
                                                         net5 (net)
                      0.607178    0.014693    4.744574 ^ output5/A (sky130_fd_sc_hd__clkdlybuf4s25_1)
     1    0.035226    0.568310    1.078668    5.823243 ^ output5/X (sky130_fd_sc_hd__clkdlybuf4s25_1)
                                                         io_out[2] (net)
                      0.568310    0.000464    5.823706 ^ io_out[2] (out)
                                              5.823706   data arrival time

                                 25.000000   25.000000   clock wb_clk_i (rise edge)
                                  0.000000   25.000000   clock network delay (propagated)
                                 -0.250000   24.750000   clock uncertainty
                                  0.000000   24.750000   clock reconvergence pessimism
                                 -5.000000   19.750000   output external delay
                                             19.750000   data required time
---------------------------------------------------------------------------------------------
                                             19.750000   data required time
                                             -5.823706   data arrival time
---------------------------------------------------------------------------------------------
                                             13.926293   slack (MET)


Startpoint: _676_ (rising edge-triggered flip-flop clocked by wb_clk_i)
Endpoint: io_out[0] (output port clocked by wb_clk_i)
Path Group: wb_clk_i
Path Type: max

Fanout         Cap        Slew       Delay        Time   Description
---------------------------------------------------------------------------------------------
                                  0.000000    0.000000   clock wb_clk_i (rise edge)
                                  0.000000    0.000000   clock source latency
     2    0.147424    1.063065    0.825174    0.825174 ^ wb_clk_i (in)
                                                         wb_clk_i (net)
                      1.073527    0.000000    0.825174 ^ clkbuf_0_wb_clk_i/A (sky130_fd_sc_hd__clkbuf_16)
    17    0.074001    0.154063    0.676967    1.502141 ^ clkbuf_0_wb_clk_i/X (sky130_fd_sc_hd__clkbuf_16)
                                                         clknet_0_wb_clk_i (net)
                      0.154075    0.001578    1.503719 ^ clkbuf_3_4_0_wb_clk_i/A (sky130_fd_sc_hd__clkbuf_8)
    11    0.035340    0.118617    0.323034    1.826753 ^ clkbuf_3_4_0_wb_clk_i/X (sky130_fd_sc_hd__clkbuf_8)
                                                         clknet_3_4_0_wb_clk_i (net)
                      0.118617    0.000408    1.827161 ^ _676_/CLK (sky130_fd_sc_hd__dfrtp_2)
     9    0.033408    0.204547    1.027035    2.854196 v _676_/Q (sky130_fd_sc_hd__dfrtp_2)
                                                         timer.dig_cnt[1] (net)
                      0.204547    0.000522    2.854717 v _564_/A (sky130_fd_sc_hd__or2_2)
    11    0.128579    0.621329    1.295783    4.150500 v _564_/X (sky130_fd_sc_hd__or2_2)
                                                         net2 (net)
                      0.625947    0.045382    4.195883 v output2/A (sky130_fd_sc_hd__clkdlybuf4s25_1)
     1    0.035215    0.477125    1.034689    5.230572 v output2/X (sky130_fd_sc_hd__clkdlybuf4s25_1)
                                                         io_out[0] (net)
                      0.477125    0.000463    5.231035 v io_out[0] (out)
                                              5.231035   data arrival time

                                 25.000000   25.000000   clock wb_clk_i (rise edge)
                                  0.000000   25.000000   clock network delay (propagated)
                                 -0.250000   24.750000   clock uncertainty
                                  0.000000   24.750000   clock reconvergence pessimism
                                 -5.000000   19.750000   output external delay
                                             19.750000   data required time
---------------------------------------------------------------------------------------------
                                             19.750000   data required time
                                             -5.231035   data arrival time
---------------------------------------------------------------------------------------------
                                             14.518964   slack (MET)


Startpoint: _676_ (rising edge-triggered flip-flop clocked by wb_clk_i)
Endpoint: io_out[1] (output port clocked by wb_clk_i)
Path Group: wb_clk_i
Path Type: max

Fanout         Cap        Slew       Delay        Time   Description
---------------------------------------------------------------------------------------------
                                  0.000000    0.000000   clock wb_clk_i (rise edge)
                                  0.000000    0.000000   clock source latency
     2    0.147424    1.063065    0.825174    0.825174 ^ wb_clk_i (in)
                                                         wb_clk_i (net)
                      1.073527    0.000000    0.825174 ^ clkbuf_0_wb_clk_i/A (sky130_fd_sc_hd__clkbuf_16)
    17    0.074001    0.154063    0.676967    1.502141 ^ clkbuf_0_wb_clk_i/X (sky130_fd_sc_hd__clkbuf_16)
                                                         clknet_0_wb_clk_i (net)
                      0.154075    0.001578    1.503719 ^ clkbuf_3_4_0_wb_clk_i/A (sky130_fd_sc_hd__clkbuf_8)
    11    0.035340    0.118617    0.323034    1.826753 ^ clkbuf_3_4_0_wb_clk_i/X (sky130_fd_sc_hd__clkbuf_8)
                                                         clknet_3_4_0_wb_clk_i (net)
                      0.118617    0.000408    1.827161 ^ _676_/CLK (sky130_fd_sc_hd__dfrtp_2)
     9    0.033408    0.204547    1.027035    2.854196 v _676_/Q (sky130_fd_sc_hd__dfrtp_2)
                                                         timer.dig_cnt[1] (net)
                      0.204547    0.000586    2.854781 v _384_/A_N (sky130_fd_sc_hd__nand2b_2)
    11    0.097217    0.751610    0.987793    3.842574 v _384_/Y (sky130_fd_sc_hd__nand2b_2)
                                                         net4 (net)
                      0.753098    0.029072    3.871647 v output4/A (sky130_fd_sc_hd__clkdlybuf4s25_1)
     1    0.035201    0.476775    1.061506    4.933152 v output4/X (sky130_fd_sc_hd__clkdlybuf4s25_1)
                                                         io_out[1] (net)
                      0.476775    0.000463    4.933615 v io_out[1] (out)
                                              4.933615   data arrival time

                                 25.000000   25.000000   clock wb_clk_i (rise edge)
                                  0.000000   25.000000   clock network delay (propagated)
                                 -0.250000   24.750000   clock uncertainty
                                  0.000000   24.750000   clock reconvergence pessimism
                                 -5.000000   19.750000   output external delay
                                             19.750000   data required time
---------------------------------------------------------------------------------------------
                                             19.750000   data required time
                                             -4.933615   data arrival time
---------------------------------------------------------------------------------------------
                                             14.816384   slack (MET)


Startpoint: _722_ (rising edge-triggered flip-flop clocked by wb_clk_i)
Endpoint: _696_ (rising edge-triggered flip-flop clocked by wb_clk_i)
Path Group: wb_clk_i
Path Type: max

Fanout         Cap        Slew       Delay        Time   Description
---------------------------------------------------------------------------------------------
                                  0.000000    0.000000   clock wb_clk_i (rise edge)
                                  0.000000    0.000000   clock source latency
     2    0.147424    1.063065    0.825174    0.825174 ^ wb_clk_i (in)
                                                         wb_clk_i (net)
                      1.073527    0.000000    0.825174 ^ clkbuf_0_wb_clk_i/A (sky130_fd_sc_hd__clkbuf_16)
    17    0.074001    0.154063    0.676967    1.502141 ^ clkbuf_0_wb_clk_i/X (sky130_fd_sc_hd__clkbuf_16)
                                                         clknet_0_wb_clk_i (net)
                      0.154112    0.002652    1.504793 ^ clkbuf_3_0_0_wb_clk_i/A (sky130_fd_sc_hd__clkbuf_8)
    11    0.033860    0.115090    0.320204    1.824997 ^ clkbuf_3_0_0_wb_clk_i/X (sky130_fd_sc_hd__clkbuf_8)
                                                         clknet_3_0_0_wb_clk_i (net)
                      0.115091    0.000601    1.825598 ^ _722_/CLK (sky130_fd_sc_hd__dfrtp_2)
     2    0.004947    0.084194    0.874622    2.700221 v _722_/Q (sky130_fd_sc_hd__dfrtp_2)
                                                         timer.scan_div[28] (net)
                      0.084194    0.000033    2.700253 v hold117/A (sky130_fd_sc_hd__dlygate4sd3_1)
     4    0.021231    0.264960    1.386100    4.086353 v hold117/X (sky130_fd_sc_hd__dlygate4sd3_1)
                                                         net117 (net)
                      0.264960    0.000239    4.086592 v _390_/A (sky130_fd_sc_hd__or4_2)
     1    0.004840    0.233542    1.735618    5.822209 v _390_/X (sky130_fd_sc_hd__or4_2)
                                                         _205_ (net)
                      0.233542    0.000112    5.822321 v _392_/C (sky130_fd_sc_hd__or4_2)
     1    0.003465    0.219109    1.576921    7.399243 v _392_/X (sky130_fd_sc_hd__or4_2)
                                                         _207_ (net)
                      0.219109    0.000058    7.399301 v _393_/D (sky130_fd_sc_hd__or4_2)
     1    0.007269    0.253352    1.481685    8.880986 v _393_/X (sky130_fd_sc_hd__or4_2)
                                                         _208_ (net)
                      0.253352    0.000247    8.881233 v _399_/A (sky130_fd_sc_hd__or4_2)
     4    0.015798    0.312183    1.881368   10.762601 v _399_/X (sky130_fd_sc_hd__or4_2)
                                                         _214_ (net)
                      0.312183    0.000088   10.762689 v _493_/A (sky130_fd_sc_hd__and3_2)
     1    0.002334    0.068973    0.493561   11.256249 v _493_/X (sky130_fd_sc_hd__and3_2)
                                                         _023_ (net)
                      0.068973    0.000024   11.256273 v _696_/D (sky130_fd_sc_hd__dfrtp_2)
                                             11.256273   data arrival time

                                 25.000000   25.000000   clock wb_clk_i (rise edge)
                                  0.000000   25.000000   clock source latency
     2    0.147424    1.063065    0.746587   25.746586 ^ wb_clk_i (in)
                                                         wb_clk_i (net)
                      1.073527    0.000000   25.746586 ^ clkbuf_0_wb_clk_i/A (sky130_fd_sc_hd__clkbuf_16)
    17    0.074001    0.154063    0.612493   26.359079 ^ clkbuf_0_wb_clk_i/X (sky130_fd_sc_hd__clkbuf_16)
                                                         clknet_0_wb_clk_i (net)
                      0.154089    0.001883   26.360962 ^ clkbuf_3_1_0_wb_clk_i/A (sky130_fd_sc_hd__clkbuf_8)
    11    0.035047    0.117914    0.291775   26.652739 ^ clkbuf_3_1_0_wb_clk_i/X (sky130_fd_sc_hd__clkbuf_8)
                                                         clknet_3_1_0_wb_clk_i (net)
                      0.117914    0.000297   26.653034 ^ _696_/CLK (sky130_fd_sc_hd__dfrtp_2)
                                 -0.250000   26.403036   clock uncertainty
                                  0.143061   26.546097   clock reconvergence pessimism
                                 -0.263411   26.282684   library setup time
                                             26.282684   data required time
---------------------------------------------------------------------------------------------
                                             26.282684   data required time
                                            -11.256273   data arrival time
---------------------------------------------------------------------------------------------
                                             15.026413   slack (MET)


Startpoint: _748_ (rising edge-triggered flip-flop clocked by wb_clk_i)
Endpoint: _737_ (rising edge-triggered flip-flop clocked by wb_clk_i)
Path Group: wb_clk_i
Path Type: max

Fanout         Cap        Slew       Delay        Time   Description
---------------------------------------------------------------------------------------------
                                  0.000000    0.000000   clock wb_clk_i (rise edge)
                                  0.000000    0.000000   clock source latency
     2    0.147424    1.063065    0.825174    0.825174 ^ wb_clk_i (in)
                                                         wb_clk_i (net)
                      1.073527    0.000000    0.825174 ^ clkbuf_0_wb_clk_i/A (sky130_fd_sc_hd__clkbuf_16)
    17    0.074001    0.154063    0.676967    1.502141 ^ clkbuf_0_wb_clk_i/X (sky130_fd_sc_hd__clkbuf_16)
                                                         clknet_0_wb_clk_i (net)
                      0.154089    0.002080    1.504221 ^ clkbuf_3_1_0_wb_clk_i/A (sky130_fd_sc_hd__clkbuf_8)
    11    0.035047    0.117914    0.322490    1.826712 ^ clkbuf_3_1_0_wb_clk_i/X (sky130_fd_sc_hd__clkbuf_8)
                                                         clknet_3_1_0_wb_clk_i (net)
                      0.117915    0.000638    1.827349 ^ _748_/CLK (sky130_fd_sc_hd__dfrtp_2)
     3    0.006793    0.093846    0.890289    2.717639 v _748_/Q (sky130_fd_sc_hd__dfrtp_2)
                                                         timer.sec_div[21] (net)
                      0.093846    0.000076    2.717715 v hold65/A (sky130_fd_sc_hd__dlygate4sd3_1)
     3    0.015334    0.216852    1.342115    4.059830 v hold65/X (sky130_fd_sc_hd__dlygate4sd3_1)
                                                         net65 (net)
                      0.216852    0.000100    4.059930 v _401_/A (sky130_fd_sc_hd__or4_2)
     1    0.003343    0.217919    1.684038    5.743968 v _401_/X (sky130_fd_sc_hd__or4_2)
                                                         _215_ (net)
                      0.217919    0.000057    5.744025 v _405_/A (sky130_fd_sc_hd__or4_2)
     1    0.006412    0.248433    1.743735    7.487760 v _405_/X (sky130_fd_sc_hd__or4_2)
                                                         _219_ (net)
                      0.248433    0.000216    7.487976 v _411_/A (sky130_fd_sc_hd__or4_2)
     6    0.022379    0.344737    1.941168    9.429144 v _411_/X (sky130_fd_sc_hd__or4_2)
                                                         _225_ (net)
                      0.344737    0.000028    9.429172 v _437_/A (sky130_fd_sc_hd__and3_2)
     1    0.001758    0.065895    0.505615    9.934787 v _437_/X (sky130_fd_sc_hd__and3_2)
                                                         _035_ (net)
                      0.065895    0.000015    9.934802 v hold191/A (sky130_fd_sc_hd__dlygate4sd3_1)
     1    0.002434    0.105756    1.171224   11.106026 v hold191/X (sky130_fd_sc_hd__dlygate4sd3_1)
                                                         net191 (net)
                      0.105756    0.000024   11.106050 v _737_/D (sky130_fd_sc_hd__dfrtp_2)
                                             11.106050   data arrival time

                                 25.000000   25.000000   clock wb_clk_i (rise edge)
                                  0.000000   25.000000   clock source latency
     2    0.147424    1.063065    0.746587   25.746586 ^ wb_clk_i (in)
                                                         wb_clk_i (net)
                      1.073527    0.000000   25.746586 ^ clkbuf_0_wb_clk_i/A (sky130_fd_sc_hd__clkbuf_16)
    17    0.074001    0.154063    0.612493   26.359079 ^ clkbuf_0_wb_clk_i/X (sky130_fd_sc_hd__clkbuf_16)
                                                         clknet_0_wb_clk_i (net)
                      0.154070    0.001169   26.360249 ^ clkbuf_3_6_0_wb_clk_i/A (sky130_fd_sc_hd__clkbuf_8)
    12    0.036041    0.120291    0.293444   26.653692 ^ clkbuf_3_6_0_wb_clk_i/X (sky130_fd_sc_hd__clkbuf_8)
                                                         clknet_3_6_0_wb_clk_i (net)
                      0.120291    0.000320   26.654011 ^ _737_/CLK (sky130_fd_sc_hd__dfrtp_2)
                                 -0.250000   26.404013   clock uncertainty
                                  0.143061   26.547073   clock reconvergence pessimism
                                 -0.278131   26.268942   library setup time
                                             26.268942   data required time
---------------------------------------------------------------------------------------------
                                             26.268942   data required time
                                            -11.106050   data arrival time
---------------------------------------------------------------------------------------------
                                             15.162891   slack (MET)


Startpoint: _748_ (rising edge-triggered flip-flop clocked by wb_clk_i)
Endpoint: _733_ (rising edge-triggered flip-flop clocked by wb_clk_i)
Path Group: wb_clk_i
Path Type: max

Fanout         Cap        Slew       Delay        Time   Description
---------------------------------------------------------------------------------------------
                                  0.000000    0.000000   clock wb_clk_i (rise edge)
                                  0.000000    0.000000   clock source latency
     2    0.147424    1.063065    0.825174    0.825174 ^ wb_clk_i (in)
                                                         wb_clk_i (net)
                      1.073527    0.000000    0.825174 ^ clkbuf_0_wb_clk_i/A (sky130_fd_sc_hd__clkbuf_16)
    17    0.074001    0.154063    0.676967    1.502141 ^ clkbuf_0_wb_clk_i/X (sky130_fd_sc_hd__clkbuf_16)
                                                         clknet_0_wb_clk_i (net)
                      0.154089    0.002080    1.504221 ^ clkbuf_3_1_0_wb_clk_i/A (sky130_fd_sc_hd__clkbuf_8)
    11    0.035047    0.117914    0.322490    1.826712 ^ clkbuf_3_1_0_wb_clk_i/X (sky130_fd_sc_hd__clkbuf_8)
                                                         clknet_3_1_0_wb_clk_i (net)
                      0.117915    0.000638    1.827349 ^ _748_/CLK (sky130_fd_sc_hd__dfrtp_2)
     3    0.006793    0.093846    0.890289    2.717639 v _748_/Q (sky130_fd_sc_hd__dfrtp_2)
                                                         timer.sec_div[21] (net)
                      0.093846    0.000076    2.717715 v hold65/A (sky130_fd_sc_hd__dlygate4sd3_1)
     3    0.015334    0.216852    1.342115    4.059830 v hold65/X (sky130_fd_sc_hd__dlygate4sd3_1)
                                                         net65 (net)
                      0.216852    0.000100    4.059930 v _401_/A (sky130_fd_sc_hd__or4_2)
     1    0.003343    0.217919    1.684038    5.743968 v _401_/X (sky130_fd_sc_hd__or4_2)
                                                         _215_ (net)
                      0.217919    0.000057    5.744025 v _405_/A (sky130_fd_sc_hd__or4_2)
     1    0.006412    0.248433    1.743735    7.487760 v _405_/X (sky130_fd_sc_hd__or4_2)
                                                         _219_ (net)
                      0.248433    0.000216    7.487976 v _411_/A (sky130_fd_sc_hd__or4_2)
     6    0.022379    0.344737    1.941168    9.429144 v _411_/X (sky130_fd_sc_hd__or4_2)
                                                         _225_ (net)
                      0.344737    0.000296    9.429440 v _426_/A (sky130_fd_sc_hd__and3_2)
     1    0.001658    0.066882    0.504726    9.934166 v _426_/X (sky130_fd_sc_hd__and3_2)
                                                         _062_ (net)
                      0.066882    0.000007    9.934173 v hold179/A (sky130_fd_sc_hd__dlygate4sd3_1)
     1    0.002357    0.104889    1.170310   11.104483 v hold179/X (sky130_fd_sc_hd__dlygate4sd3_1)
                                                         net179 (net)
                      0.104889    0.000023   11.104506 v _733_/D (sky130_fd_sc_hd__dfrtp_2)
                                             11.104506   data arrival time

                                 25.000000   25.000000   clock wb_clk_i (rise edge)
                                  0.000000   25.000000   clock source latency
     2    0.147424    1.063065    0.746587   25.746586 ^ wb_clk_i (in)
                                                         wb_clk_i (net)
                      1.073527    0.000000   25.746586 ^ clkbuf_0_wb_clk_i/A (sky130_fd_sc_hd__clkbuf_16)
    17    0.074001    0.154063    0.612493   26.359079 ^ clkbuf_0_wb_clk_i/X (sky130_fd_sc_hd__clkbuf_16)
                                                         clknet_0_wb_clk_i (net)
                      0.154070    0.001169   26.360249 ^ clkbuf_3_6_0_wb_clk_i/A (sky130_fd_sc_hd__clkbuf_8)
    12    0.036041    0.120291    0.293444   26.653692 ^ clkbuf_3_6_0_wb_clk_i/X (sky130_fd_sc_hd__clkbuf_8)
                                                         clknet_3_6_0_wb_clk_i (net)
                      0.120291    0.000275   26.653967 ^ _733_/CLK (sky130_fd_sc_hd__dfrtp_2)
                                 -0.250000   26.403967   clock uncertainty
                                  0.143061   26.547028   clock reconvergence pessimism
                                 -0.277769   26.269260   library setup time
                                             26.269260   data required time
---------------------------------------------------------------------------------------------
                                             26.269260   data required time
                                            -11.104506   data arrival time
---------------------------------------------------------------------------------------------
                                             15.164754   slack (MET)


Startpoint: _748_ (rising edge-triggered flip-flop clocked by wb_clk_i)
Endpoint: _734_ (rising edge-triggered flip-flop clocked by wb_clk_i)
Path Group: wb_clk_i
Path Type: max

Fanout         Cap        Slew       Delay        Time   Description
---------------------------------------------------------------------------------------------
                                  0.000000    0.000000   clock wb_clk_i (rise edge)
                                  0.000000    0.000000   clock source latency
     2    0.147424    1.063065    0.825174    0.825174 ^ wb_clk_i (in)
                                                         wb_clk_i (net)
                      1.073527    0.000000    0.825174 ^ clkbuf_0_wb_clk_i/A (sky130_fd_sc_hd__clkbuf_16)
    17    0.074001    0.154063    0.676967    1.502141 ^ clkbuf_0_wb_clk_i/X (sky130_fd_sc_hd__clkbuf_16)
                                                         clknet_0_wb_clk_i (net)
                      0.154089    0.002080    1.504221 ^ clkbuf_3_1_0_wb_clk_i/A (sky130_fd_sc_hd__clkbuf_8)
    11    0.035047    0.117914    0.322490    1.826712 ^ clkbuf_3_1_0_wb_clk_i/X (sky130_fd_sc_hd__clkbuf_8)
                                                         clknet_3_1_0_wb_clk_i (net)
                      0.117915    0.000638    1.827349 ^ _748_/CLK (sky130_fd_sc_hd__dfrtp_2)
     3    0.006793    0.093846    0.890289    2.717639 v _748_/Q (sky130_fd_sc_hd__dfrtp_2)
                                                         timer.sec_div[21] (net)
                      0.093846    0.000076    2.717715 v hold65/A (sky130_fd_sc_hd__dlygate4sd3_1)
     3    0.015334    0.216852    1.342115    4.059830 v hold65/X (sky130_fd_sc_hd__dlygate4sd3_1)
                                                         net65 (net)
                      0.216852    0.000100    4.059930 v _401_/A (sky130_fd_sc_hd__or4_2)
     1    0.003343    0.217919    1.684038    5.743968 v _401_/X (sky130_fd_sc_hd__or4_2)
                                                         _215_ (net)
                      0.217919    0.000057    5.744025 v _405_/A (sky130_fd_sc_hd__or4_2)
     1    0.006412    0.248433    1.743735    7.487760 v _405_/X (sky130_fd_sc_hd__or4_2)
                                                         _219_ (net)
                      0.248433    0.000216    7.487976 v _411_/A (sky130_fd_sc_hd__or4_2)
     6    0.022379    0.344737    1.941168    9.429144 v _411_/X (sky130_fd_sc_hd__or4_2)
                                                         _225_ (net)
                      0.344737    0.000417    9.429562 v _412_/A (sky130_fd_sc_hd__inv_2)
     3    0.014219    0.151686    0.250692    9.680253 ^ _412_/Y (sky130_fd_sc_hd__inv_2)
                                                         _033_ (net)
                      0.151686    0.000020    9.680274 ^ _429_/C1 (sky130_fd_sc_hd__a211oi_2)
     1    0.002335    0.087535    0.090412    9.770686 v _429_/Y (sky130_fd_sc_hd__a211oi_2)
                                                         _063_ (net)
                      0.087535    0.000026    9.770712 v hold149/A (sky130_fd_sc_hd__dlygate4sd3_1)
     1    0.002142    0.102356    1.176256   10.946968 v hold149/X (sky130_fd_sc_hd__dlygate4sd3_1)
                                                         net149 (net)
                      0.102356    0.000011   10.946979 v _734_/D (sky130_fd_sc_hd__dfrtp_2)
                                             10.946979   data arrival time

                                 25.000000   25.000000   clock wb_clk_i (rise edge)
                                  0.000000   25.000000   clock source latency
     2    0.147424    1.063065    0.746587   25.746586 ^ wb_clk_i (in)
                                                         wb_clk_i (net)
                      1.073527    0.000000   25.746586 ^ clkbuf_0_wb_clk_i/A (sky130_fd_sc_hd__clkbuf_16)
    17    0.074001    0.154063    0.612493   26.359079 ^ clkbuf_0_wb_clk_i/X (sky130_fd_sc_hd__clkbuf_16)
                                                         clknet_0_wb_clk_i (net)
                      0.154070    0.001169   26.360249 ^ clkbuf_3_6_0_wb_clk_i/A (sky130_fd_sc_hd__clkbuf_8)
    12    0.036041    0.120291    0.293444   26.653692 ^ clkbuf_3_6_0_wb_clk_i/X (sky130_fd_sc_hd__clkbuf_8)
                                                         clknet_3_6_0_wb_clk_i (net)
                      0.120291    0.000322   26.654013 ^ _734_/CLK (sky130_fd_sc_hd__dfrtp_2)
                                 -0.250000   26.404015   clock uncertainty
                                  0.143061   26.547075   clock reconvergence pessimism
                                 -0.276712   26.270363   library setup time
                                             26.270363   data required time
---------------------------------------------------------------------------------------------
                                             26.270363   data required time
                                            -10.946979   data arrival time
---------------------------------------------------------------------------------------------
                                             15.323384   slack (MET)


Startpoint: _748_ (rising edge-triggered flip-flop clocked by wb_clk_i)
Endpoint: _735_ (rising edge-triggered flip-flop clocked by wb_clk_i)
Path Group: wb_clk_i
Path Type: max

Fanout         Cap        Slew       Delay        Time   Description
---------------------------------------------------------------------------------------------
                                  0.000000    0.000000   clock wb_clk_i (rise edge)
                                  0.000000    0.000000   clock source latency
     2    0.147424    1.063065    0.825174    0.825174 ^ wb_clk_i (in)
                                                         wb_clk_i (net)
                      1.073527    0.000000    0.825174 ^ clkbuf_0_wb_clk_i/A (sky130_fd_sc_hd__clkbuf_16)
    17    0.074001    0.154063    0.676967    1.502141 ^ clkbuf_0_wb_clk_i/X (sky130_fd_sc_hd__clkbuf_16)
                                                         clknet_0_wb_clk_i (net)
                      0.154089    0.002080    1.504221 ^ clkbuf_3_1_0_wb_clk_i/A (sky130_fd_sc_hd__clkbuf_8)
    11    0.035047    0.117914    0.322490    1.826712 ^ clkbuf_3_1_0_wb_clk_i/X (sky130_fd_sc_hd__clkbuf_8)
                                                         clknet_3_1_0_wb_clk_i (net)
                      0.117915    0.000638    1.827349 ^ _748_/CLK (sky130_fd_sc_hd__dfrtp_2)
     3    0.006793    0.093846    0.890289    2.717639 v _748_/Q (sky130_fd_sc_hd__dfrtp_2)
                                                         timer.sec_div[21] (net)
                      0.093846    0.000076    2.717715 v hold65/A (sky130_fd_sc_hd__dlygate4sd3_1)
     3    0.015334    0.216852    1.342115    4.059830 v hold65/X (sky130_fd_sc_hd__dlygate4sd3_1)
                                                         net65 (net)
                      0.216852    0.000100    4.059930 v _401_/A (sky130_fd_sc_hd__or4_2)
     1    0.003343    0.217919    1.684038    5.743968 v _401_/X (sky130_fd_sc_hd__or4_2)
                                                         _215_ (net)
                      0.217919    0.000057    5.744025 v _405_/A (sky130_fd_sc_hd__or4_2)
     1    0.006412    0.248433    1.743735    7.487760 v _405_/X (sky130_fd_sc_hd__or4_2)
                                                         _219_ (net)
                      0.248433    0.000216    7.487976 v _411_/A (sky130_fd_sc_hd__or4_2)
     6    0.022379    0.344737    1.941168    9.429144 v _411_/X (sky130_fd_sc_hd__or4_2)
                                                         _225_ (net)
                      0.344737    0.000426    9.429570 v _431_/C1 (sky130_fd_sc_hd__o211a_2)
     1    0.001978    0.065539    0.342478    9.772048 v _431_/X (sky130_fd_sc_hd__o211a_2)
                                                         _064_ (net)
                      0.065539    0.000020    9.772068 v hold162/A (sky130_fd_sc_hd__dlygate4sd3_1)
     1    0.002270    0.103913    1.168146   10.940214 v hold162/X (sky130_fd_sc_hd__dlygate4sd3_1)
                                                         net162 (net)
                      0.103913    0.000021   10.940236 v _735_/D (sky130_fd_sc_hd__dfrtp_2)
                                             10.940236   data arrival time

                                 25.000000   25.000000   clock wb_clk_i (rise edge)
                                  0.000000   25.000000   clock source latency
     2    0.147424    1.063065    0.746587   25.746586 ^ wb_clk_i (in)
                                                         wb_clk_i (net)
                      1.073527    0.000000   25.746586 ^ clkbuf_0_wb_clk_i/A (sky130_fd_sc_hd__clkbuf_16)
    17    0.074001    0.154063    0.612493   26.359079 ^ clkbuf_0_wb_clk_i/X (sky130_fd_sc_hd__clkbuf_16)
                                                         clknet_0_wb_clk_i (net)
                      0.154096    0.002039   26.361118 ^ clkbuf_3_5_0_wb_clk_i/A (sky130_fd_sc_hd__clkbuf_8)
    11    0.036399    0.121134    0.294202   26.655321 ^ clkbuf_3_5_0_wb_clk_i/X (sky130_fd_sc_hd__clkbuf_8)
                                                         clknet_3_5_0_wb_clk_i (net)
                      0.121134    0.000275   26.655596 ^ _735_/CLK (sky130_fd_sc_hd__dfrtp_2)
                                 -0.250000   26.405596   clock uncertainty
                                  0.143061   26.548656   clock reconvergence pessimism
                                 -0.277137   26.271521   library setup time
                                             26.271521   data required time
---------------------------------------------------------------------------------------------
                                             26.271521   data required time
                                            -10.940236   data arrival time
---------------------------------------------------------------------------------------------
                                             15.331285   slack (MET)


Startpoint: _748_ (rising edge-triggered flip-flop clocked by wb_clk_i)
Endpoint: _727_ (rising edge-triggered flip-flop clocked by wb_clk_i)
Path Group: wb_clk_i
Path Type: max

Fanout         Cap        Slew       Delay        Time   Description
---------------------------------------------------------------------------------------------
                                  0.000000    0.000000   clock wb_clk_i (rise edge)
                                  0.000000    0.000000   clock source latency
     2    0.147424    1.063065    0.825174    0.825174 ^ wb_clk_i (in)
                                                         wb_clk_i (net)
                      1.073527    0.000000    0.825174 ^ clkbuf_0_wb_clk_i/A (sky130_fd_sc_hd__clkbuf_16)
    17    0.074001    0.154063    0.676967    1.502141 ^ clkbuf_0_wb_clk_i/X (sky130_fd_sc_hd__clkbuf_16)
                                                         clknet_0_wb_clk_i (net)
                      0.154089    0.002080    1.504221 ^ clkbuf_3_1_0_wb_clk_i/A (sky130_fd_sc_hd__clkbuf_8)
    11    0.035047    0.117914    0.322490    1.826712 ^ clkbuf_3_1_0_wb_clk_i/X (sky130_fd_sc_hd__clkbuf_8)
                                                         clknet_3_1_0_wb_clk_i (net)
                      0.117915    0.000638    1.827349 ^ _748_/CLK (sky130_fd_sc_hd__dfrtp_2)
     3    0.006793    0.093846    0.890289    2.717639 v _748_/Q (sky130_fd_sc_hd__dfrtp_2)
                                                         timer.sec_div[21] (net)
                      0.093846    0.000076    2.717715 v hold65/A (sky130_fd_sc_hd__dlygate4sd3_1)
     3    0.015334    0.216852    1.342115    4.059830 v hold65/X (sky130_fd_sc_hd__dlygate4sd3_1)
                                                         net65 (net)
                      0.216852    0.000100    4.059930 v _401_/A (sky130_fd_sc_hd__or4_2)
     1    0.003343    0.217919    1.684038    5.743968 v _401_/X (sky130_fd_sc_hd__or4_2)
                                                         _215_ (net)
                      0.217919    0.000057    5.744025 v _405_/A (sky130_fd_sc_hd__or4_2)
     1    0.006412    0.248433    1.743735    7.487760 v _405_/X (sky130_fd_sc_hd__or4_2)
                                                         _219_ (net)
                      0.248433    0.000216    7.487976 v _411_/A (sky130_fd_sc_hd__or4_2)
     6    0.022379    0.344737    1.941168    9.429144 v _411_/X (sky130_fd_sc_hd__or4_2)
                                                         _225_ (net)
                      0.344737    0.000417    9.429562 v _412_/A (sky130_fd_sc_hd__inv_2)
     3    0.014219    0.151686    0.250692    9.680253 ^ _412_/Y (sky130_fd_sc_hd__inv_2)
                                                         _033_ (net)
                      0.151686    0.000147    9.680400 ^ _413_/B (sky130_fd_sc_hd__nor2_2)
     1    0.001985    0.064414    0.083285    9.763685 v _413_/Y (sky130_fd_sc_hd__nor2_2)
                                                         _034_ (net)
                      0.064414    0.000020    9.763705 v hold28/A (sky130_fd_sc_hd__dlygate4sd3_1)
     1    0.002202    0.103161    1.166437   10.930141 v hold28/X (sky130_fd_sc_hd__dlygate4sd3_1)
                                                         net28 (net)
                      0.103161    0.000020   10.930162 v _727_/D (sky130_fd_sc_hd__dfrtp_2)
                                             10.930162   data arrival time

                                 25.000000   25.000000   clock wb_clk_i (rise edge)
                                  0.000000   25.000000   clock source latency
     2    0.147424    1.063065    0.746587   25.746586 ^ wb_clk_i (in)
                                                         wb_clk_i (net)
                      1.073527    0.000000   25.746586 ^ clkbuf_0_wb_clk_i/A (sky130_fd_sc_hd__clkbuf_16)
    17    0.074001    0.154063    0.612493   26.359079 ^ clkbuf_0_wb_clk_i/X (sky130_fd_sc_hd__clkbuf_16)
                                                         clknet_0_wb_clk_i (net)
                      0.154090    0.001908   26.360987 ^ clkbuf_3_7_0_wb_clk_i/A (sky130_fd_sc_hd__clkbuf_8)
    12    0.034773    0.117264    0.291280   26.652267 ^ clkbuf_3_7_0_wb_clk_i/X (sky130_fd_sc_hd__clkbuf_8)
                                                         clknet_3_7_0_wb_clk_i (net)
                      0.117264    0.000460   26.652727 ^ _727_/CLK (sky130_fd_sc_hd__dfrtp_2)
                                 -0.250000   26.402727   clock uncertainty
                                  0.143061   26.545788   clock reconvergence pessimism
                                 -0.277855   26.267933   library setup time
                                             26.267933   data required time
---------------------------------------------------------------------------------------------
                                             26.267933   data required time
                                            -10.930162   data arrival time
---------------------------------------------------------------------------------------------
                                             15.337770   slack (MET)


Startpoint: _748_ (rising edge-triggered flip-flop clocked by wb_clk_i)
Endpoint: _736_ (rising edge-triggered flip-flop clocked by wb_clk_i)
Path Group: wb_clk_i
Path Type: max

Fanout         Cap        Slew       Delay        Time   Description
---------------------------------------------------------------------------------------------
                                  0.000000    0.000000   clock wb_clk_i (rise edge)
                                  0.000000    0.000000   clock source latency
     2    0.147424    1.063065    0.825174    0.825174 ^ wb_clk_i (in)
                                                         wb_clk_i (net)
                      1.073527    0.000000    0.825174 ^ clkbuf_0_wb_clk_i/A (sky130_fd_sc_hd__clkbuf_16)
    17    0.074001    0.154063    0.676967    1.502141 ^ clkbuf_0_wb_clk_i/X (sky130_fd_sc_hd__clkbuf_16)
                                                         clknet_0_wb_clk_i (net)
                      0.154089    0.002080    1.504221 ^ clkbuf_3_1_0_wb_clk_i/A (sky130_fd_sc_hd__clkbuf_8)
    11    0.035047    0.117914    0.322490    1.826712 ^ clkbuf_3_1_0_wb_clk_i/X (sky130_fd_sc_hd__clkbuf_8)
                                                         clknet_3_1_0_wb_clk_i (net)
                      0.117915    0.000638    1.827349 ^ _748_/CLK (sky130_fd_sc_hd__dfrtp_2)
     3    0.006793    0.093846    0.890289    2.717639 v _748_/Q (sky130_fd_sc_hd__dfrtp_2)
                                                         timer.sec_div[21] (net)
                      0.093846    0.000076    2.717715 v hold65/A (sky130_fd_sc_hd__dlygate4sd3_1)
     3    0.015334    0.216852    1.342115    4.059830 v hold65/X (sky130_fd_sc_hd__dlygate4sd3_1)
                                                         net65 (net)
                      0.216852    0.000100    4.059930 v _401_/A (sky130_fd_sc_hd__or4_2)
     1    0.003343    0.217919    1.684038    5.743968 v _401_/X (sky130_fd_sc_hd__or4_2)
                                                         _215_ (net)
                      0.217919    0.000057    5.744025 v _405_/A (sky130_fd_sc_hd__or4_2)
     1    0.006412    0.248433    1.743735    7.487760 v _405_/X (sky130_fd_sc_hd__or4_2)
                                                         _219_ (net)
                      0.248433    0.000216    7.487976 v _411_/A (sky130_fd_sc_hd__or4_2)
     6    0.022379    0.344737    1.941168    9.429144 v _411_/X (sky130_fd_sc_hd__or4_2)
                                                         _225_ (net)
                      0.344737    0.000389    9.429533 v _433_/B1 (sky130_fd_sc_hd__o21ai_2)
     1    0.004916    0.173900    0.208524    9.638057 ^ _433_/Y (sky130_fd_sc_hd__o21ai_2)
                                                         _237_ (net)
                      0.173900    0.000024    9.638081 ^ _434_/B1 (sky130_fd_sc_hd__a21oi_2)
     1    0.003108    0.066714    0.094815    9.732896 v _434_/Y (sky130_fd_sc_hd__a21oi_2)
                                                         _065_ (net)
                      0.066714    0.000044    9.732939 v hold155/A (sky130_fd_sc_hd__dlygate4sd3_1)
     1    0.002689    0.104692    1.176106   10.909045 v hold155/X (sky130_fd_sc_hd__dlygate4sd3_1)
                                                         net155 (net)
                      0.104692    0.000030   10.909076 v _736_/D (sky130_fd_sc_hd__dfrtp_2)
                                             10.909076   data arrival time

                                 25.000000   25.000000   clock wb_clk_i (rise edge)
                                  0.000000   25.000000   clock source latency
     2    0.147424    1.063065    0.746587   25.746586 ^ wb_clk_i (in)
                                                         wb_clk_i (net)
                      1.073527    0.000000   25.746586 ^ clkbuf_0_wb_clk_i/A (sky130_fd_sc_hd__clkbuf_16)
    17    0.074001    0.154063    0.612493   26.359079 ^ clkbuf_0_wb_clk_i/X (sky130_fd_sc_hd__clkbuf_16)
                                                         clknet_0_wb_clk_i (net)
                      0.154075    0.001428   26.360508 ^ clkbuf_3_4_0_wb_clk_i/A (sky130_fd_sc_hd__clkbuf_8)
    11    0.035340    0.118617    0.292269   26.652777 ^ clkbuf_3_4_0_wb_clk_i/X (sky130_fd_sc_hd__clkbuf_8)
                                                         clknet_3_4_0_wb_clk_i (net)
                      0.118617    0.000433   26.653210 ^ _736_/CLK (sky130_fd_sc_hd__dfrtp_2)
                                 -0.250000   26.403212   clock uncertainty
                                  0.143061   26.546272   clock reconvergence pessimism
                                 -0.278133   26.268139   library setup time
                                             26.268139   data required time
---------------------------------------------------------------------------------------------
                                             26.268139   data required time
                                            -10.909076   data arrival time
---------------------------------------------------------------------------------------------
                                             15.359064   slack (MET)


Startpoint: _722_ (rising edge-triggered flip-flop clocked by wb_clk_i)
Endpoint: _726_ (rising edge-triggered flip-flop clocked by wb_clk_i)
Path Group: wb_clk_i
Path Type: max

Fanout         Cap        Slew       Delay        Time   Description
---------------------------------------------------------------------------------------------
                                  0.000000    0.000000   clock wb_clk_i (rise edge)
                                  0.000000    0.000000   clock source latency
     2    0.147424    1.063065    0.825174    0.825174 ^ wb_clk_i (in)
                                                         wb_clk_i (net)
                      1.073527    0.000000    0.825174 ^ clkbuf_0_wb_clk_i/A (sky130_fd_sc_hd__clkbuf_16)
    17    0.074001    0.154063    0.676967    1.502141 ^ clkbuf_0_wb_clk_i/X (sky130_fd_sc_hd__clkbuf_16)
                                                         clknet_0_wb_clk_i (net)
                      0.154112    0.002652    1.504793 ^ clkbuf_3_0_0_wb_clk_i/A (sky130_fd_sc_hd__clkbuf_8)
    11    0.033860    0.115090    0.320204    1.824997 ^ clkbuf_3_0_0_wb_clk_i/X (sky130_fd_sc_hd__clkbuf_8)
                                                         clknet_3_0_0_wb_clk_i (net)
                      0.115091    0.000601    1.825598 ^ _722_/CLK (sky130_fd_sc_hd__dfrtp_2)
     2    0.004947    0.084194    0.874622    2.700221 v _722_/Q (sky130_fd_sc_hd__dfrtp_2)
                                                         timer.scan_div[28] (net)
                      0.084194    0.000033    2.700253 v hold117/A (sky130_fd_sc_hd__dlygate4sd3_1)
     4    0.021231    0.264960    1.386100    4.086353 v hold117/X (sky130_fd_sc_hd__dlygate4sd3_1)
                                                         net117 (net)
                      0.264960    0.000239    4.086592 v _390_/A (sky130_fd_sc_hd__or4_2)
     1    0.004840    0.233542    1.735618    5.822209 v _390_/X (sky130_fd_sc_hd__or4_2)
                                                         _205_ (net)
                      0.233542    0.000112    5.822321 v _392_/C (sky130_fd_sc_hd__or4_2)
     1    0.003465    0.219109    1.576921    7.399243 v _392_/X (sky130_fd_sc_hd__or4_2)
                                                         _207_ (net)
                      0.219109    0.000058    7.399301 v _393_/D (sky130_fd_sc_hd__or4_2)
     1    0.007269    0.253352    1.481685    8.880986 v _393_/X (sky130_fd_sc_hd__or4_2)
                                                         _208_ (net)
                      0.253352    0.000247    8.881233 v _399_/A (sky130_fd_sc_hd__or4_2)
     4    0.015798    0.312183    1.881368   10.762601 v _399_/X (sky130_fd_sc_hd__or4_2)
                                                         _214_ (net)
                      0.312183    0.000400   10.763000 v _400_/A (sky130_fd_sc_hd__inv_2)
     1    0.009910    0.120356    0.207906   10.970906 ^ _400_/Y (sky130_fd_sc_hd__inv_2)
                                                         _000_ (net)
                      0.120356    0.000451   10.971357 ^ _726_/D (sky130_fd_sc_hd__dfrtp_2)
                                             10.971357   data arrival time

                                 25.000000   25.000000   clock wb_clk_i (rise edge)
                                  0.000000   25.000000   clock source latency
     2    0.147424    1.063065    0.746587   25.746586 ^ wb_clk_i (in)
                                                         wb_clk_i (net)
                      1.073527    0.000000   25.746586 ^ clkbuf_0_wb_clk_i/A (sky130_fd_sc_hd__clkbuf_16)
    17    0.074001    0.154063    0.612493   26.359079 ^ clkbuf_0_wb_clk_i/X (sky130_fd_sc_hd__clkbuf_16)
                                                         clknet_0_wb_clk_i (net)
                      0.154075    0.001428   26.360508 ^ clkbuf_3_4_0_wb_clk_i/A (sky130_fd_sc_hd__clkbuf_8)
    11    0.035340    0.118617    0.292269   26.652777 ^ clkbuf_3_4_0_wb_clk_i/X (sky130_fd_sc_hd__clkbuf_8)
                                                         clknet_3_4_0_wb_clk_i (net)
                      0.118617    0.000394   26.653172 ^ _726_/CLK (sky130_fd_sc_hd__dfrtp_2)
                                 -0.250000   26.403172   clock uncertainty
                                  0.143061   26.546232   clock reconvergence pessimism
                                 -0.142536   26.403696   library setup time
                                             26.403696   data required time
---------------------------------------------------------------------------------------------
                                             26.403696   data required time
                                            -10.971357   data arrival time
---------------------------------------------------------------------------------------------
                                             15.432339   slack (MET)


Startpoint: _675_ (rising edge-triggered flip-flop clocked by wb_clk_i)
Endpoint: io_out[3] (output port clocked by wb_clk_i)
Path Group: wb_clk_i
Path Type: max

Fanout         Cap        Slew       Delay        Time   Description
---------------------------------------------------------------------------------------------
                                  0.000000    0.000000   clock wb_clk_i (rise edge)
                                  0.000000    0.000000   clock source latency
     2    0.147424    1.063065    0.825174    0.825174 ^ wb_clk_i (in)
                                                         wb_clk_i (net)
                      1.073527    0.000000    0.825174 ^ clkbuf_0_wb_clk_i/A (sky130_fd_sc_hd__clkbuf_16)
    17    0.074001    0.154063    0.676967    1.502141 ^ clkbuf_0_wb_clk_i/X (sky130_fd_sc_hd__clkbuf_16)
                                                         clknet_0_wb_clk_i (net)
                      0.154075    0.001578    1.503719 ^ clkbuf_3_4_0_wb_clk_i/A (sky130_fd_sc_hd__clkbuf_8)
    11    0.035340    0.118617    0.323034    1.826753 ^ clkbuf_3_4_0_wb_clk_i/X (sky130_fd_sc_hd__clkbuf_8)
                                                         clknet_3_4_0_wb_clk_i (net)
                      0.118617    0.000497    1.827250 ^ _675_/CLK (sky130_fd_sc_hd__dfrtp_2)
     9    0.039814    0.230995    1.053806    2.881057 v _675_/Q (sky130_fd_sc_hd__dfrtp_2)
                                                         timer.dig_cnt[0] (net)
                      0.230995    0.000240    2.881297 v _565_/B (sky130_fd_sc_hd__nand2_2)
     5    0.036453    0.312399    0.372185    3.253483 ^ _565_/Y (sky130_fd_sc_hd__nand2_2)
                                                         net6 (net)
                      0.312466    0.003941    3.257424 ^ output6/A (sky130_fd_sc_hd__clkdlybuf4s25_1)
     1    0.035320    0.569849    0.969665    4.227088 ^ output6/X (sky130_fd_sc_hd__clkdlybuf4s25_1)
                                                         io_out[3] (net)
                      0.569849    0.000483    4.227571 ^ io_out[3] (out)
                                              4.227571   data arrival time

                                 25.000000   25.000000   clock wb_clk_i (rise edge)
                                  0.000000   25.000000   clock network delay (propagated)
                                 -0.250000   24.750000   clock uncertainty
                                  0.000000   24.750000   clock reconvergence pessimism
                                 -5.000000   19.750000   output external delay
                                             19.750000   data required time
---------------------------------------------------------------------------------------------
                                             19.750000   data required time
                                             -4.227571   data arrival time
---------------------------------------------------------------------------------------------
                                             15.522429   slack (MET)


Startpoint: _748_ (rising edge-triggered flip-flop clocked by wb_clk_i)
Endpoint: _731_ (rising edge-triggered flip-flop clocked by wb_clk_i)
Path Group: wb_clk_i
Path Type: max

Fanout         Cap        Slew       Delay        Time   Description
---------------------------------------------------------------------------------------------
                                  0.000000    0.000000   clock wb_clk_i (rise edge)
                                  0.000000    0.000000   clock source latency
     2    0.147424    1.063065    0.825174    0.825174 ^ wb_clk_i (in)
                                                         wb_clk_i (net)
                      1.073527    0.000000    0.825174 ^ clkbuf_0_wb_clk_i/A (sky130_fd_sc_hd__clkbuf_16)
    17    0.074001    0.154063    0.676967    1.502141 ^ clkbuf_0_wb_clk_i/X (sky130_fd_sc_hd__clkbuf_16)
                                                         clknet_0_wb_clk_i (net)
                      0.154089    0.002080    1.504221 ^ clkbuf_3_1_0_wb_clk_i/A (sky130_fd_sc_hd__clkbuf_8)
    11    0.035047    0.117914    0.322490    1.826712 ^ clkbuf_3_1_0_wb_clk_i/X (sky130_fd_sc_hd__clkbuf_8)
                                                         clknet_3_1_0_wb_clk_i (net)
                      0.117915    0.000638    1.827349 ^ _748_/CLK (sky130_fd_sc_hd__dfrtp_2)
     3    0.006793    0.093846    0.890289    2.717639 v _748_/Q (sky130_fd_sc_hd__dfrtp_2)
                                                         timer.sec_div[21] (net)
                      0.093846    0.000076    2.717715 v hold65/A (sky130_fd_sc_hd__dlygate4sd3_1)
     3    0.015334    0.216852    1.342115    4.059830 v hold65/X (sky130_fd_sc_hd__dlygate4sd3_1)
                                                         net65 (net)
                      0.216852    0.000100    4.059930 v _401_/A (sky130_fd_sc_hd__or4_2)
     1    0.003343    0.217919    1.684038    5.743968 v _401_/X (sky130_fd_sc_hd__or4_2)
                                                         _215_ (net)
                      0.217919    0.000057    5.744025 v _405_/A (sky130_fd_sc_hd__or4_2)
     1    0.006412    0.248433    1.743735    7.487760 v _405_/X (sky130_fd_sc_hd__or4_2)
                                                         _219_ (net)
                      0.248433    0.000216    7.487976 v _411_/A (sky130_fd_sc_hd__or4_2)
     6    0.022379    0.344737    1.941168    9.429144 v _411_/X (sky130_fd_sc_hd__or4_2)
                                                         _225_ (net)
                      0.344737    0.000132    9.429276 v _422_/A (sky130_fd_sc_hd__and3_2)
     1    0.002510    0.069785    0.512337    9.941613 v _422_/X (sky130_fd_sc_hd__and3_2)
                                                         _060_ (net)
                      0.069785    0.000027    9.941640 v _731_/D (sky130_fd_sc_hd__dfrtp_2)
                                              9.941640   data arrival time

                                 25.000000   25.000000   clock wb_clk_i (rise edge)
                                  0.000000   25.000000   clock source latency
     2    0.147424    1.063065    0.746587   25.746586 ^ wb_clk_i (in)
                                                         wb_clk_i (net)
                      1.073527    0.000000   25.746586 ^ clkbuf_0_wb_clk_i/A (sky130_fd_sc_hd__clkbuf_16)
    17    0.074001    0.154063    0.612493   26.359079 ^ clkbuf_0_wb_clk_i/X (sky130_fd_sc_hd__clkbuf_16)
                                                         clknet_0_wb_clk_i (net)
                      0.154070    0.001169   26.360249 ^ clkbuf_3_6_0_wb_clk_i/A (sky130_fd_sc_hd__clkbuf_8)
    12    0.036041    0.120291    0.293444   26.653692 ^ clkbuf_3_6_0_wb_clk_i/X (sky130_fd_sc_hd__clkbuf_8)
                                                         clknet_3_6_0_wb_clk_i (net)
                      0.120291    0.000083   26.653774 ^ _731_/CLK (sky130_fd_sc_hd__dfrtp_2)
                                 -0.250000   26.403776   clock uncertainty
                                  0.143061   26.546837   clock reconvergence pessimism
                                 -0.263116   26.283720   library setup time
                                             26.283720   data required time
---------------------------------------------------------------------------------------------
                                             26.283720   data required time
                                             -9.941640   data arrival time
---------------------------------------------------------------------------------------------
                                             16.342081   slack (MET)


Startpoint: _748_ (rising edge-triggered flip-flop clocked by wb_clk_i)
Endpoint: _693_ (rising edge-triggered flip-flop clocked by wb_clk_i)
Path Group: wb_clk_i
Path Type: max

Fanout         Cap        Slew       Delay        Time   Description
---------------------------------------------------------------------------------------------
                                  0.000000    0.000000   clock wb_clk_i (rise edge)
                                  0.000000    0.000000   clock source latency
     2    0.147424    1.063065    0.825174    0.825174 ^ wb_clk_i (in)
                                                         wb_clk_i (net)
                      1.073527    0.000000    0.825174 ^ clkbuf_0_wb_clk_i/A (sky130_fd_sc_hd__clkbuf_16)
    17    0.074001    0.154063    0.676967    1.502141 ^ clkbuf_0_wb_clk_i/X (sky130_fd_sc_hd__clkbuf_16)
                                                         clknet_0_wb_clk_i (net)
                      0.154089    0.002080    1.504221 ^ clkbuf_3_1_0_wb_clk_i/A (sky130_fd_sc_hd__clkbuf_8)
    11    0.035047    0.117914    0.322490    1.826712 ^ clkbuf_3_1_0_wb_clk_i/X (sky130_fd_sc_hd__clkbuf_8)
                                                         clknet_3_1_0_wb_clk_i (net)
                      0.117915    0.000638    1.827349 ^ _748_/CLK (sky130_fd_sc_hd__dfrtp_2)
     3    0.006793    0.093846    0.890289    2.717639 v _748_/Q (sky130_fd_sc_hd__dfrtp_2)
                                                         timer.sec_div[21] (net)
                      0.093846    0.000076    2.717715 v hold65/A (sky130_fd_sc_hd__dlygate4sd3_1)
     3    0.015334    0.216852    1.342115    4.059830 v hold65/X (sky130_fd_sc_hd__dlygate4sd3_1)
                                                         net65 (net)
                      0.216852    0.000100    4.059930 v _401_/A (sky130_fd_sc_hd__or4_2)
     1    0.003343    0.217919    1.684038    5.743968 v _401_/X (sky130_fd_sc_hd__or4_2)
                                                         _215_ (net)
                      0.217919    0.000057    5.744025 v _405_/A (sky130_fd_sc_hd__or4_2)
     1    0.006412    0.248433    1.743735    7.487760 v _405_/X (sky130_fd_sc_hd__or4_2)
                                                         _219_ (net)
                      0.248433    0.000216    7.487976 v _411_/A (sky130_fd_sc_hd__or4_2)
     6    0.022379    0.344737    1.941168    9.429144 v _411_/X (sky130_fd_sc_hd__or4_2)
                                                         _225_ (net)
                      0.344737    0.000417    9.429562 v _412_/A (sky130_fd_sc_hd__inv_2)
     3    0.014219    0.151686    0.250692    9.680253 ^ _412_/Y (sky130_fd_sc_hd__inv_2)
                                                         _033_ (net)
                      0.151686    0.000147    9.680401 ^ _693_/D (sky130_fd_sc_hd__dfrtp_2)
                                              9.680401   data arrival time

                                 25.000000   25.000000   clock wb_clk_i (rise edge)
                                  0.000000   25.000000   clock source latency
     2    0.147424    1.063065    0.746587   25.746586 ^ wb_clk_i (in)
                                                         wb_clk_i (net)
                      1.073527    0.000000   25.746586 ^ clkbuf_0_wb_clk_i/A (sky130_fd_sc_hd__clkbuf_16)
    17    0.074001    0.154063    0.612493   26.359079 ^ clkbuf_0_wb_clk_i/X (sky130_fd_sc_hd__clkbuf_16)
                                                         clknet_0_wb_clk_i (net)
                      0.154090    0.001908   26.360987 ^ clkbuf_3_7_0_wb_clk_i/A (sky130_fd_sc_hd__clkbuf_8)
    12    0.034773    0.117264    0.291280   26.652267 ^ clkbuf_3_7_0_wb_clk_i/X (sky130_fd_sc_hd__clkbuf_8)
                                                         clknet_3_7_0_wb_clk_i (net)
                      0.117264    0.000428   26.652695 ^ _693_/CLK (sky130_fd_sc_hd__dfrtp_2)
                                 -0.250000   26.402697   clock uncertainty
                                  0.143061   26.545757   clock reconvergence pessimism
                                 -0.150684   26.395073   library setup time
                                             26.395073   data required time
---------------------------------------------------------------------------------------------
                                             26.395073   data required time
                                             -9.680401   data arrival time
---------------------------------------------------------------------------------------------
                                             16.714672   slack (MET)


Startpoint: _691_ (rising edge-triggered flip-flop clocked by wb_clk_i)
Endpoint: _684_ (rising edge-triggered flip-flop clocked by wb_clk_i)
Path Group: wb_clk_i
Path Type: max

Fanout         Cap        Slew       Delay        Time   Description
---------------------------------------------------------------------------------------------
                                  0.000000    0.000000   clock wb_clk_i (rise edge)
                                  0.000000    0.000000   clock source latency
     2    0.147424    1.063065    0.825174    0.825174 ^ wb_clk_i (in)
                                                         wb_clk_i (net)
                      1.073527    0.000000    0.825174 ^ clkbuf_0_wb_clk_i/A (sky130_fd_sc_hd__clkbuf_16)
    17    0.074001    0.154063    0.676967    1.502141 ^ clkbuf_0_wb_clk_i/X (sky130_fd_sc_hd__clkbuf_16)
                                                         clknet_0_wb_clk_i (net)
                      0.154090    0.002109    1.504251 ^ clkbuf_3_7_0_wb_clk_i/A (sky130_fd_sc_hd__clkbuf_8)
    12    0.034773    0.117264    0.321941    1.826191 ^ clkbuf_3_7_0_wb_clk_i/X (sky130_fd_sc_hd__clkbuf_8)
                                                         clknet_3_7_0_wb_clk_i (net)
                      0.117264    0.000273    1.826464 ^ _691_/CLK (sky130_fd_sc_hd__dfrtp_2)
     4    0.012830    0.122273    0.928727    2.755191 v _691_/Q (sky130_fd_sc_hd__dfrtp_2)
                                                         timer.sec_ones[2] (net)
                      0.122273    0.000026    2.755217 v hold142/A (sky130_fd_sc_hd__dlygate4sd3_1)
     2    0.012176    0.196500    1.327179    4.082396 v hold142/X (sky130_fd_sc_hd__dlygate4sd3_1)
                                                         net142 (net)
                      0.196500    0.000093    4.082489 v _343_/A_N (sky130_fd_sc_hd__and4b_2)
     3    0.009818    0.152941    0.720843    4.803332 ^ _343_/X (sky130_fd_sc_hd__and4b_2)
                                                         _178_ (net)
                      0.152941    0.000091    4.803423 ^ _356_/C (sky130_fd_sc_hd__and4b_2)
     6    0.027392    0.279303    0.714225    5.517648 ^ _356_/X (sky130_fd_sc_hd__and4b_2)
                                                         _186_ (net)
                      0.279303    0.000576    5.518225 ^ _363_/D (sky130_fd_sc_hd__and4_2)
     2    0.012011    0.169679    0.648060    6.166285 ^ _363_/X (sky130_fd_sc_hd__and4_2)
                                                         _190_ (net)
                      0.169679    0.000158    6.166442 ^ _365_/B (sky130_fd_sc_hd__xnor2_2)
     1    0.002563    0.149592    0.229516    6.395958 ^ _365_/Y (sky130_fd_sc_hd__xnor2_2)
                                                         _192_ (net)
                      0.149592    0.000031    6.395988 ^ hold159/A (sky130_fd_sc_hd__dlygate4sd3_1)
     1    0.004652    0.121527    1.155188    7.551177 ^ hold159/X (sky130_fd_sc_hd__dlygate4sd3_1)
                                                         net159 (net)
                      0.121527    0.000018    7.551195 ^ _368_/A (sky130_fd_sc_hd__nor2_2)
     1    0.001915    0.037275    0.087032    7.638226 v _368_/Y (sky130_fd_sc_hd__nor2_2)
                                                         _159_ (net)
                      0.037275    0.000018    7.638244 v hold160/A (sky130_fd_sc_hd__dlygate4sd3_1)
     1    0.002701    0.105014    1.163067    8.801311 v hold160/X (sky130_fd_sc_hd__dlygate4sd3_1)
                                                         net160 (net)
                      0.105014    0.000031    8.801342 v _684_/D (sky130_fd_sc_hd__dfrtp_2)
                                              8.801342   data arrival time

                                 25.000000   25.000000   clock wb_clk_i (rise edge)
                                  0.000000   25.000000   clock source latency
     2    0.147424    1.063065    0.746587   25.746586 ^ wb_clk_i (in)
                                                         wb_clk_i (net)
                      1.073527    0.000000   25.746586 ^ clkbuf_0_wb_clk_i/A (sky130_fd_sc_hd__clkbuf_16)
    17    0.074001    0.154063    0.612493   26.359079 ^ clkbuf_0_wb_clk_i/X (sky130_fd_sc_hd__clkbuf_16)
                                                         clknet_0_wb_clk_i (net)
                      0.154096    0.002039   26.361118 ^ clkbuf_3_5_0_wb_clk_i/A (sky130_fd_sc_hd__clkbuf_8)
    11    0.036399    0.121134    0.294202   26.655321 ^ clkbuf_3_5_0_wb_clk_i/X (sky130_fd_sc_hd__clkbuf_8)
                                                         clknet_3_5_0_wb_clk_i (net)
                      0.121134    0.000428   26.655748 ^ _684_/CLK (sky130_fd_sc_hd__dfrtp_2)
                                 -0.250000   26.405750   clock uncertainty
                                  0.143061   26.548811   clock reconvergence pessimism
                                 -0.277596   26.271214   library setup time
                                             26.271214   data required time
---------------------------------------------------------------------------------------------
                                             26.271214   data required time
                                             -8.801342   data arrival time
---------------------------------------------------------------------------------------------
                                             17.469872   slack (MET)


Startpoint: _691_ (rising edge-triggered flip-flop clocked by wb_clk_i)
Endpoint: _687_ (rising edge-triggered flip-flop clocked by wb_clk_i)
Path Group: wb_clk_i
Path Type: max

Fanout         Cap        Slew       Delay        Time   Description
---------------------------------------------------------------------------------------------
                                  0.000000    0.000000   clock wb_clk_i (rise edge)
                                  0.000000    0.000000   clock source latency
     2    0.147424    1.063065    0.825174    0.825174 ^ wb_clk_i (in)
                                                         wb_clk_i (net)
                      1.073527    0.000000    0.825174 ^ clkbuf_0_wb_clk_i/A (sky130_fd_sc_hd__clkbuf_16)
    17    0.074001    0.154063    0.676967    1.502141 ^ clkbuf_0_wb_clk_i/X (sky130_fd_sc_hd__clkbuf_16)
                                                         clknet_0_wb_clk_i (net)
                      0.154090    0.002109    1.504251 ^ clkbuf_3_7_0_wb_clk_i/A (sky130_fd_sc_hd__clkbuf_8)
    12    0.034773    0.117264    0.321941    1.826191 ^ clkbuf_3_7_0_wb_clk_i/X (sky130_fd_sc_hd__clkbuf_8)
                                                         clknet_3_7_0_wb_clk_i (net)
                      0.117264    0.000273    1.826464 ^ _691_/CLK (sky130_fd_sc_hd__dfrtp_2)
     4    0.012830    0.122273    0.928727    2.755191 v _691_/Q (sky130_fd_sc_hd__dfrtp_2)
                                                         timer.sec_ones[2] (net)
                      0.122273    0.000026    2.755217 v hold142/A (sky130_fd_sc_hd__dlygate4sd3_1)
     2    0.012176    0.196500    1.327179    4.082396 v hold142/X (sky130_fd_sc_hd__dlygate4sd3_1)
                                                         net142 (net)
                      0.196500    0.000093    4.082489 v _343_/A_N (sky130_fd_sc_hd__and4b_2)
     3    0.009818    0.152941    0.720843    4.803332 ^ _343_/X (sky130_fd_sc_hd__and4b_2)
                                                         _178_ (net)
                      0.152941    0.000076    4.803408 ^ _344_/B (sky130_fd_sc_hd__and2b_2)
     5    0.026780    0.230721    0.468394    5.271802 ^ _344_/X (sky130_fd_sc_hd__and2b_2)
                                                         _179_ (net)
                      0.230721    0.000538    5.272340 ^ _351_/C (sky130_fd_sc_hd__and3_2)
     3    0.011424    0.141759    0.505180    5.777520 ^ _351_/X (sky130_fd_sc_hd__and3_2)
                                                         _182_ (net)
                      0.141759    0.000207    5.777727 ^ _352_/B (sky130_fd_sc_hd__nand2_2)
     2    0.010922    0.120247    0.174530    5.952258 v _352_/Y (sky130_fd_sc_hd__nand2_2)
                                                         _183_ (net)
                      0.120247    0.000103    5.952361 v hold182/A (sky130_fd_sc_hd__dlygate4sd3_1)
     1    0.001871    0.099309    1.188160    7.140521 v hold182/X (sky130_fd_sc_hd__dlygate4sd3_1)
                                                         net182 (net)
                      0.099309    0.000011    7.140532 v _358_/A (sky130_fd_sc_hd__and3_2)
     1    0.002685    0.071069    0.386107    7.526639 v _358_/X (sky130_fd_sc_hd__and3_2)
                                                         _162_ (net)
                      0.071069    0.000036    7.526675 v hold183/A (sky130_fd_sc_hd__dlygate4sd3_1)
     1    0.002536    0.106868    1.175366    8.702041 v hold183/X (sky130_fd_sc_hd__dlygate4sd3_1)
                                                         net183 (net)
                      0.106868    0.000027    8.702066 v _687_/D (sky130_fd_sc_hd__dfrtp_2)
                                              8.702066   data arrival time

                                 25.000000   25.000000   clock wb_clk_i (rise edge)
                                  0.000000   25.000000   clock source latency
     2    0.147424    1.063065    0.746587   25.746586 ^ wb_clk_i (in)
                                                         wb_clk_i (net)
                      1.073527    0.000000   25.746586 ^ clkbuf_0_wb_clk_i/A (sky130_fd_sc_hd__clkbuf_16)
    17    0.074001    0.154063    0.612493   26.359079 ^ clkbuf_0_wb_clk_i/X (sky130_fd_sc_hd__clkbuf_16)
                                                         clknet_0_wb_clk_i (net)
                      0.154096    0.002039   26.361118 ^ clkbuf_3_5_0_wb_clk_i/A (sky130_fd_sc_hd__clkbuf_8)
    11    0.036399    0.121134    0.294202   26.655321 ^ clkbuf_3_5_0_wb_clk_i/X (sky130_fd_sc_hd__clkbuf_8)
                                                         clknet_3_5_0_wb_clk_i (net)
                      0.121134    0.000233   26.655554 ^ _687_/CLK (sky130_fd_sc_hd__dfrtp_2)
                                 -0.250000   26.405554   clock uncertainty
                                  0.143061   26.548615   clock reconvergence pessimism
                                 -0.278370   26.270245   library setup time
                                             26.270245   data required time
---------------------------------------------------------------------------------------------
                                             26.270245   data required time
                                             -8.702066   data arrival time
---------------------------------------------------------------------------------------------
                                             17.568178   slack (MET)


Startpoint: _729_ (rising edge-triggered flip-flop clocked by wb_clk_i)
Endpoint: _756_ (rising edge-triggered flip-flop clocked by wb_clk_i)
Path Group: wb_clk_i
Path Type: max

Fanout         Cap        Slew       Delay        Time   Description
---------------------------------------------------------------------------------------------
                                  0.000000    0.000000   clock wb_clk_i (rise edge)
                                  0.000000    0.000000   clock source latency
     2    0.147424    1.063065    0.825174    0.825174 ^ wb_clk_i (in)
                                                         wb_clk_i (net)
                      1.073527    0.000000    0.825174 ^ clkbuf_0_wb_clk_i/A (sky130_fd_sc_hd__clkbuf_16)
    17    0.074001    0.154063    0.676967    1.502141 ^ clkbuf_0_wb_clk_i/X (sky130_fd_sc_hd__clkbuf_16)
                                                         clknet_0_wb_clk_i (net)
                      0.154090    0.002109    1.504251 ^ clkbuf_3_7_0_wb_clk_i/A (sky130_fd_sc_hd__clkbuf_8)
    12    0.034773    0.117264    0.321941    1.826191 ^ clkbuf_3_7_0_wb_clk_i/X (sky130_fd_sc_hd__clkbuf_8)
                                                         clknet_3_7_0_wb_clk_i (net)
                      0.117264    0.000370    1.826561 ^ _729_/CLK (sky130_fd_sc_hd__dfrtp_2)
     1    0.002110    0.065209    0.722242    2.548803 ^ _729_/Q (sky130_fd_sc_hd__dfrtp_2)
                                                         timer.sec_div[2] (net)
                      0.065209    0.000021    2.548823 ^ hold59/A (sky130_fd_sc_hd__dlygate4sd3_1)
     4    0.017757    0.301991    1.277704    3.826528 ^ hold59/X (sky130_fd_sc_hd__dlygate4sd3_1)
                                                         net59 (net)
                      0.301991    0.000140    3.826668 ^ _417_/D (sky130_fd_sc_hd__and4_2)
     8    0.027043    0.277460    0.768023    4.594690 ^ _417_/X (sky130_fd_sc_hd__and4_2)
                                                         _227_ (net)
                      0.277460    0.000748    4.595439 ^ _445_/A (sky130_fd_sc_hd__and4_2)
     9    0.032773    0.320028    0.755807    5.351246 ^ _445_/X (sky130_fd_sc_hd__and4_2)
                                                         _245_ (net)
                      0.320028    0.000986    5.352232 ^ _478_/A (sky130_fd_sc_hd__and4_2)
     5    0.022745    0.246236    0.707100    6.059332 ^ _478_/X (sky130_fd_sc_hd__and4_2)
                                                         _264_ (net)
                      0.246236    0.000570    6.059902 ^ _483_/A2 (sky130_fd_sc_hd__a21oi_2)
     1    0.002201    0.068576    0.168392    6.228294 v _483_/Y (sky130_fd_sc_hd__a21oi_2)
                                                         _267_ (net)
                      0.068576    0.000014    6.228308 v hold73/A (sky130_fd_sc_hd__dlygate4sd3_1)
     1    0.005114    0.129040    1.215847    7.444155 v hold73/X (sky130_fd_sc_hd__dlygate4sd3_1)
                                                         net73 (net)
                      0.129040    0.000065    7.444220 v _484_/B (sky130_fd_sc_hd__nor2_2)
     1    0.002354    0.098764    0.143271    7.587491 ^ _484_/Y (sky130_fd_sc_hd__nor2_2)
                                                         _055_ (net)
                      0.098764    0.000026    7.587517 ^ hold74/A (sky130_fd_sc_hd__dlygate4sd3_1)
     1    0.002402    0.090235    1.098798    8.686315 ^ hold74/X (sky130_fd_sc_hd__dlygate4sd3_1)
                                                         net74 (net)
                      0.090235    0.000025    8.686340 ^ _756_/D (sky130_fd_sc_hd__dfrtp_2)
                                              8.686340   data arrival time

                                 25.000000   25.000000   clock wb_clk_i (rise edge)
                                  0.000000   25.000000   clock source latency
     2    0.147424    1.063065    0.746587   25.746586 ^ wb_clk_i (in)
                                                         wb_clk_i (net)
                      1.073527    0.000000   25.746586 ^ clkbuf_0_wb_clk_i/A (sky130_fd_sc_hd__clkbuf_16)
    17    0.074001    0.154063    0.612493   26.359079 ^ clkbuf_0_wb_clk_i/X (sky130_fd_sc_hd__clkbuf_16)
                                                         clknet_0_wb_clk_i (net)
                      0.154075    0.001405   26.360485 ^ clkbuf_3_3_0_wb_clk_i/A (sky130_fd_sc_hd__clkbuf_8)
    11    0.035092    0.118021    0.291859   26.652344 ^ clkbuf_3_3_0_wb_clk_i/X (sky130_fd_sc_hd__clkbuf_8)
                                                         clknet_3_3_0_wb_clk_i (net)
                      0.118021    0.000423   26.652765 ^ _756_/CLK (sky130_fd_sc_hd__dfrtp_2)
                                 -0.250000   26.402767   clock uncertainty
                                  0.143061   26.545828   clock reconvergence pessimism
                                 -0.135040   26.410788   library setup time
                                             26.410788   data required time
---------------------------------------------------------------------------------------------
                                             26.410788   data required time
                                             -8.686340   data arrival time
---------------------------------------------------------------------------------------------
                                             17.724447   slack (MET)


Startpoint: _691_ (rising edge-triggered flip-flop clocked by wb_clk_i)
Endpoint: _677_ (rising edge-triggered flip-flop clocked by wb_clk_i)
Path Group: wb_clk_i
Path Type: max

Fanout         Cap        Slew       Delay        Time   Description
---------------------------------------------------------------------------------------------
                                  0.000000    0.000000   clock wb_clk_i (rise edge)
                                  0.000000    0.000000   clock source latency
     2    0.147424    1.063065    0.825174    0.825174 ^ wb_clk_i (in)
                                                         wb_clk_i (net)
                      1.073527    0.000000    0.825174 ^ clkbuf_0_wb_clk_i/A (sky130_fd_sc_hd__clkbuf_16)
    17    0.074001    0.154063    0.676967    1.502141 ^ clkbuf_0_wb_clk_i/X (sky130_fd_sc_hd__clkbuf_16)
                                                         clknet_0_wb_clk_i (net)
                      0.154090    0.002109    1.504251 ^ clkbuf_3_7_0_wb_clk_i/A (sky130_fd_sc_hd__clkbuf_8)
    12    0.034773    0.117264    0.321941    1.826191 ^ clkbuf_3_7_0_wb_clk_i/X (sky130_fd_sc_hd__clkbuf_8)
                                                         clknet_3_7_0_wb_clk_i (net)
                      0.117264    0.000273    1.826464 ^ _691_/CLK (sky130_fd_sc_hd__dfrtp_2)
     4    0.012830    0.122273    0.928727    2.755191 v _691_/Q (sky130_fd_sc_hd__dfrtp_2)
                                                         timer.sec_ones[2] (net)
                      0.122273    0.000026    2.755217 v hold142/A (sky130_fd_sc_hd__dlygate4sd3_1)
     2    0.012176    0.196500    1.327179    4.082396 v hold142/X (sky130_fd_sc_hd__dlygate4sd3_1)
                                                         net142 (net)
                      0.196500    0.000093    4.082489 v _343_/A_N (sky130_fd_sc_hd__and4b_2)
     3    0.009818    0.152941    0.720843    4.803332 ^ _343_/X (sky130_fd_sc_hd__and4b_2)
                                                         _178_ (net)
                      0.152941    0.000091    4.803423 ^ _356_/C (sky130_fd_sc_hd__and4b_2)
     6    0.027392    0.279303    0.714225    5.517648 ^ _356_/X (sky130_fd_sc_hd__and4b_2)
                                                         _186_ (net)
                      0.279303    0.000589    5.518238 ^ _367_/A (sky130_fd_sc_hd__and3_2)
     2    0.012274    0.148305    0.512991    6.031229 ^ _367_/X (sky130_fd_sc_hd__and3_2)
                                                         _194_ (net)
                      0.148305    0.000171    6.031400 ^ _382_/B (sky130_fd_sc_hd__nor2_2)
     1    0.002547    0.043944    0.085498    6.116898 v _382_/Y (sky130_fd_sc_hd__nor2_2)
                                                         _202_ (net)
                      0.043944    0.000030    6.116928 v hold68/A (sky130_fd_sc_hd__dlygate4sd3_1)
     1    0.004415    0.127804    1.196318    7.313245 v hold68/X (sky130_fd_sc_hd__dlygate4sd3_1)
                                                         net68 (net)
                      0.127804    0.000021    7.313267 v _383_/B (sky130_fd_sc_hd__nor2_2)
     1    0.003442    0.114007    0.157490    7.470757 ^ _383_/Y (sky130_fd_sc_hd__nor2_2)
                                                         _152_ (net)
                      0.114007    0.000052    7.470808 ^ hold69/A (sky130_fd_sc_hd__dlygate4sd3_1)
     1    0.002380    0.089922    1.104750    8.575559 ^ hold69/X (sky130_fd_sc_hd__dlygate4sd3_1)
                                                         net69 (net)
                      0.089922    0.000023    8.575582 ^ _677_/D (sky130_fd_sc_hd__dfrtp_2)
                                              8.575582   data arrival time

                                 25.000000   25.000000   clock wb_clk_i (rise edge)
                                  0.000000   25.000000   clock source latency
     2    0.147424    1.063065    0.746587   25.746586 ^ wb_clk_i (in)
                                                         wb_clk_i (net)
                      1.073527    0.000000   25.746586 ^ clkbuf_0_wb_clk_i/A (sky130_fd_sc_hd__clkbuf_16)
    17    0.074001    0.154063    0.612493   26.359079 ^ clkbuf_0_wb_clk_i/X (sky130_fd_sc_hd__clkbuf_16)
                                                         clknet_0_wb_clk_i (net)
                      0.154096    0.002039   26.361118 ^ clkbuf_3_5_0_wb_clk_i/A (sky130_fd_sc_hd__clkbuf_8)
    11    0.036399    0.121134    0.294202   26.655321 ^ clkbuf_3_5_0_wb_clk_i/X (sky130_fd_sc_hd__clkbuf_8)
                                                         clknet_3_5_0_wb_clk_i (net)
                      0.121134    0.000407   26.655727 ^ _677_/CLK (sky130_fd_sc_hd__dfrtp_2)
                                 -0.250000   26.405727   clock uncertainty
                                  0.143061   26.548788   clock reconvergence pessimism
                                 -0.134409   26.414379   library setup time
                                             26.414379   data required time
---------------------------------------------------------------------------------------------
                                             26.414379   data required time
                                             -8.575582   data arrival time
---------------------------------------------------------------------------------------------
                                             17.838799   slack (MET)


Startpoint: wb_rst_i (input port clocked by wb_clk_i)
Endpoint: _691_ (recovery check against rising-edge clock wb_clk_i)
Path Group: asynchronous
Path Type: max

Fanout         Cap        Slew       Delay        Time   Description
---------------------------------------------------------------------------------------------
                                  0.000000    0.000000   clock wb_clk_i (rise edge)
                                  0.000000    0.000000   clock network delay (propagated)
                                  5.000000    5.000000 v input external delay
     2    0.004739    0.026074    0.016087    5.016087 v wb_rst_i (in)
                                                         wb_rst_i (net)
                      0.026074    0.000000    5.016087 v input1/A (sky130_fd_sc_hd__buf_2)
     5    0.123250    0.530592    0.588063    5.604150 v input1/X (sky130_fd_sc_hd__buf_2)
                                                         net1 (net)
                      0.544132    0.070658    5.674808 v fanout25/A (sky130_fd_sc_hd__clkdlybuf4s25_1)
     8    0.040183    0.540400    1.054233    6.729041 v fanout25/X (sky130_fd_sc_hd__clkdlybuf4s25_1)
                                                         net25 (net)
                      0.540400    0.001436    6.730476 v load_slew26/A (sky130_fd_sc_hd__buf_4)
    15    0.057906    0.151517    0.594232    7.324708 v load_slew26/X (sky130_fd_sc_hd__buf_4)
                                                         net26 (net)
                      0.151534    0.001789    7.326497 v fanout23/A (sky130_fd_sc_hd__clkdlybuf4s25_1)
     7    0.042969    0.575437    0.931853    8.258349 v fanout23/X (sky130_fd_sc_hd__clkdlybuf4s25_1)
                                                         net23 (net)
                      0.575437    0.000492    8.258842 v wire24/A (sky130_fd_sc_hd__buf_4)
    10    0.052802    0.141428    0.604068    8.862909 v wire24/X (sky130_fd_sc_hd__buf_4)
                                                         net24 (net)
                      0.141431    0.000919    8.863829 v _607_/A (sky130_fd_sc_hd__inv_2)
     1    0.004345    0.057592    0.107863    8.971692 ^ _607_/Y (sky130_fd_sc_hd__inv_2)
                                                         _082_ (net)
                      0.057592    0.000046    8.971738 ^ _691_/RESET_B (sky130_fd_sc_hd__dfrtp_2)
                                              8.971738   data arrival time

                                 25.000000   25.000000   clock wb_clk_i (rise edge)
                                  0.000000   25.000000   clock source latency
     2    0.147424    1.063065    0.746587   25.746586 ^ wb_clk_i (in)
                                                         wb_clk_i (net)
                      1.073527    0.000000   25.746586 ^ clkbuf_0_wb_clk_i/A (sky130_fd_sc_hd__clkbuf_16)
    17    0.074001    0.154063    0.612493   26.359079 ^ clkbuf_0_wb_clk_i/X (sky130_fd_sc_hd__clkbuf_16)
                                                         clknet_0_wb_clk_i (net)
                      0.154090    0.001908   26.360987 ^ clkbuf_3_7_0_wb_clk_i/A (sky130_fd_sc_hd__clkbuf_8)
    12    0.034773    0.117264    0.291280   26.652267 ^ clkbuf_3_7_0_wb_clk_i/X (sky130_fd_sc_hd__clkbuf_8)
                                                         clknet_3_7_0_wb_clk_i (net)
                      0.117264    0.000247   26.652514 ^ _691_/CLK (sky130_fd_sc_hd__dfrtp_2)
                                 -0.250000   26.402515   clock uncertainty
                                  0.000000   26.402515   clock reconvergence pessimism
                                  0.465632   26.868145   library recovery time
                                             26.868145   data required time
---------------------------------------------------------------------------------------------
                                             26.868145   data required time
                                             -8.971738   data arrival time
---------------------------------------------------------------------------------------------
                                             17.896408   slack (MET)


Startpoint: wb_rst_i (input port clocked by wb_clk_i)
Endpoint: _729_ (recovery check against rising-edge clock wb_clk_i)
Path Group: asynchronous
Path Type: max

Fanout         Cap        Slew       Delay        Time   Description
---------------------------------------------------------------------------------------------
                                  0.000000    0.000000   clock wb_clk_i (rise edge)
                                  0.000000    0.000000   clock network delay (propagated)
                                  5.000000    5.000000 v input external delay
     2    0.004739    0.026074    0.016087    5.016087 v wb_rst_i (in)
                                                         wb_rst_i (net)
                      0.026074    0.000000    5.016087 v input1/A (sky130_fd_sc_hd__buf_2)
     5    0.123250    0.530592    0.588063    5.604150 v input1/X (sky130_fd_sc_hd__buf_2)
                                                         net1 (net)
                      0.544132    0.070658    5.674808 v fanout25/A (sky130_fd_sc_hd__clkdlybuf4s25_1)
     8    0.040183    0.540400    1.054233    6.729041 v fanout25/X (sky130_fd_sc_hd__clkdlybuf4s25_1)
                                                         net25 (net)
                      0.540400    0.001436    6.730476 v load_slew26/A (sky130_fd_sc_hd__buf_4)
    15    0.057906    0.151517    0.594232    7.324708 v load_slew26/X (sky130_fd_sc_hd__buf_4)
                                                         net26 (net)
                      0.151534    0.001789    7.326497 v fanout23/A (sky130_fd_sc_hd__clkdlybuf4s25_1)
     7    0.042969    0.575437    0.931853    8.258349 v fanout23/X (sky130_fd_sc_hd__clkdlybuf4s25_1)
                                                         net23 (net)
                      0.575437    0.000492    8.258842 v wire24/A (sky130_fd_sc_hd__buf_4)
    10    0.052802    0.141428    0.604068    8.862909 v wire24/X (sky130_fd_sc_hd__buf_4)
                                                         net24 (net)
                      0.141431    0.000949    8.863859 v _645_/A (sky130_fd_sc_hd__inv_2)
     1    0.004054    0.055886    0.105705    8.969564 ^ _645_/Y (sky130_fd_sc_hd__inv_2)
                                                         _120_ (net)
                      0.055886    0.000044    8.969608 ^ _729_/RESET_B (sky130_fd_sc_hd__dfrtp_2)
                                              8.969608   data arrival time

                                 25.000000   25.000000   clock wb_clk_i (rise edge)
                                  0.000000   25.000000   clock source latency
     2    0.147424    1.063065    0.746587   25.746586 ^ wb_clk_i (in)
                                                         wb_clk_i (net)
                      1.073527    0.000000   25.746586 ^ clkbuf_0_wb_clk_i/A (sky130_fd_sc_hd__clkbuf_16)
    17    0.074001    0.154063    0.612493   26.359079 ^ clkbuf_0_wb_clk_i/X (sky130_fd_sc_hd__clkbuf_16)
                                                         clknet_0_wb_clk_i (net)
                      0.154090    0.001908   26.360987 ^ clkbuf_3_7_0_wb_clk_i/A (sky130_fd_sc_hd__clkbuf_8)
    12    0.034773    0.117264    0.291280   26.652267 ^ clkbuf_3_7_0_wb_clk_i/X (sky130_fd_sc_hd__clkbuf_8)
                                                         clknet_3_7_0_wb_clk_i (net)
                      0.117264    0.000336   26.652603 ^ _729_/CLK (sky130_fd_sc_hd__dfrtp_2)
                                 -0.250000   26.402603   clock uncertainty
                                  0.000000   26.402603   clock reconvergence pessimism
                                  0.466359   26.868961   library recovery time
                                             26.868961   data required time
---------------------------------------------------------------------------------------------
                                             26.868961   data required time
                                             -8.969608   data arrival time
---------------------------------------------------------------------------------------------
                                             17.899353   slack (MET)


Startpoint: wb_rst_i (input port clocked by wb_clk_i)
Endpoint: _687_ (recovery check against rising-edge clock wb_clk_i)
Path Group: asynchronous
Path Type: max

Fanout         Cap        Slew       Delay        Time   Description
---------------------------------------------------------------------------------------------
                                  0.000000    0.000000   clock wb_clk_i (rise edge)
                                  0.000000    0.000000   clock network delay (propagated)
                                  5.000000    5.000000 v input external delay
     2    0.004739    0.026074    0.016087    5.016087 v wb_rst_i (in)
                                                         wb_rst_i (net)
                      0.026074    0.000000    5.016087 v input1/A (sky130_fd_sc_hd__buf_2)
     5    0.123250    0.530592    0.588063    5.604150 v input1/X (sky130_fd_sc_hd__buf_2)
                                                         net1 (net)
                      0.544132    0.070658    5.674808 v fanout25/A (sky130_fd_sc_hd__clkdlybuf4s25_1)
     8    0.040183    0.540400    1.054233    6.729041 v fanout25/X (sky130_fd_sc_hd__clkdlybuf4s25_1)
                                                         net25 (net)
                      0.540400    0.001436    6.730476 v load_slew26/A (sky130_fd_sc_hd__buf_4)
    15    0.057906    0.151517    0.594232    7.324708 v load_slew26/X (sky130_fd_sc_hd__buf_4)
                                                         net26 (net)
                      0.151534    0.001789    7.326497 v fanout23/A (sky130_fd_sc_hd__clkdlybuf4s25_1)
     7    0.042969    0.575437    0.931853    8.258349 v fanout23/X (sky130_fd_sc_hd__clkdlybuf4s25_1)
                                                         net23 (net)
                      0.575437    0.000492    8.258842 v wire24/A (sky130_fd_sc_hd__buf_4)
    10    0.052802    0.141428    0.604068    8.862909 v wire24/X (sky130_fd_sc_hd__buf_4)
                                                         net24 (net)
                      0.141428    0.000512    8.863421 v _603_/A (sky130_fd_sc_hd__inv_2)
     1    0.004229    0.056908    0.107006    8.970428 ^ _603_/Y (sky130_fd_sc_hd__inv_2)
                                                         _078_ (net)
                      0.056908    0.000044    8.970470 ^ _687_/RESET_B (sky130_fd_sc_hd__dfrtp_2)
                                              8.970470   data arrival time

                                 25.000000   25.000000   clock wb_clk_i (rise edge)
                                  0.000000   25.000000   clock source latency
     2    0.147424    1.063065    0.746587   25.746586 ^ wb_clk_i (in)
                                                         wb_clk_i (net)
                      1.073527    0.000000   25.746586 ^ clkbuf_0_wb_clk_i/A (sky130_fd_sc_hd__clkbuf_16)
    17    0.074001    0.154063    0.612493   26.359079 ^ clkbuf_0_wb_clk_i/X (sky130_fd_sc_hd__clkbuf_16)
                                                         clknet_0_wb_clk_i (net)
                      0.154096    0.002039   26.361118 ^ clkbuf_3_5_0_wb_clk_i/A (sky130_fd_sc_hd__clkbuf_8)
    11    0.036399    0.121134    0.294202   26.655321 ^ clkbuf_3_5_0_wb_clk_i/X (sky130_fd_sc_hd__clkbuf_8)
                                                         clknet_3_5_0_wb_clk_i (net)
                      0.121134    0.000233   26.655554 ^ _687_/CLK (sky130_fd_sc_hd__dfrtp_2)
                                 -0.250000   26.405554   clock uncertainty
                                  0.000000   26.405554   clock reconvergence pessimism
                                  0.467214   26.872768   library recovery time
                                             26.872768   data required time
---------------------------------------------------------------------------------------------
                                             26.872768   data required time
                                             -8.970470   data arrival time
---------------------------------------------------------------------------------------------
                                             17.902298   slack (MET)


Startpoint: wb_rst_i (input port clocked by wb_clk_i)
Endpoint: _693_ (recovery check against rising-edge clock wb_clk_i)
Path Group: asynchronous
Path Type: max

Fanout         Cap        Slew       Delay        Time   Description
---------------------------------------------------------------------------------------------
                                  0.000000    0.000000   clock wb_clk_i (rise edge)
                                  0.000000    0.000000   clock network delay (propagated)
                                  5.000000    5.000000 v input external delay
     2    0.004739    0.026074    0.016087    5.016087 v wb_rst_i (in)
                                                         wb_rst_i (net)
                      0.026074    0.000000    5.016087 v input1/A (sky130_fd_sc_hd__buf_2)
     5    0.123250    0.530592    0.588063    5.604150 v input1/X (sky130_fd_sc_hd__buf_2)
                                                         net1 (net)
                      0.544132    0.070658    5.674808 v fanout25/A (sky130_fd_sc_hd__clkdlybuf4s25_1)
     8    0.040183    0.540400    1.054233    6.729041 v fanout25/X (sky130_fd_sc_hd__clkdlybuf4s25_1)
                                                         net25 (net)
                      0.540400    0.001436    6.730476 v load_slew26/A (sky130_fd_sc_hd__buf_4)
    15    0.057906    0.151517    0.594232    7.324708 v load_slew26/X (sky130_fd_sc_hd__buf_4)
                                                         net26 (net)
                      0.151534    0.001789    7.326497 v fanout23/A (sky130_fd_sc_hd__clkdlybuf4s25_1)
     7    0.042969    0.575437    0.931853    8.258349 v fanout23/X (sky130_fd_sc_hd__clkdlybuf4s25_1)
                                                         net23 (net)
                      0.575437    0.000492    8.258842 v wire24/A (sky130_fd_sc_hd__buf_4)
    10    0.052802    0.141428    0.604068    8.862909 v wire24/X (sky130_fd_sc_hd__buf_4)
                                                         net24 (net)
                      0.141428    0.000622    8.863531 v _609_/A (sky130_fd_sc_hd__inv_2)
     1    0.003771    0.054267    0.103612    8.967144 ^ _609_/Y (sky130_fd_sc_hd__inv_2)
                                                         _084_ (net)
                      0.054267    0.000034    8.967177 ^ _693_/RESET_B (sky130_fd_sc_hd__dfrtp_2)
                                              8.967177   data arrival time

                                 25.000000   25.000000   clock wb_clk_i (rise edge)
                                  0.000000   25.000000   clock source latency
     2    0.147424    1.063065    0.746587   25.746586 ^ wb_clk_i (in)
                                                         wb_clk_i (net)
                      1.073527    0.000000   25.746586 ^ clkbuf_0_wb_clk_i/A (sky130_fd_sc_hd__clkbuf_16)
    17    0.074001    0.154063    0.612493   26.359079 ^ clkbuf_0_wb_clk_i/X (sky130_fd_sc_hd__clkbuf_16)
                                                         clknet_0_wb_clk_i (net)
                      0.154090    0.001908   26.360987 ^ clkbuf_3_7_0_wb_clk_i/A (sky130_fd_sc_hd__clkbuf_8)
    12    0.034773    0.117264    0.291280   26.652267 ^ clkbuf_3_7_0_wb_clk_i/X (sky130_fd_sc_hd__clkbuf_8)
                                                         clknet_3_7_0_wb_clk_i (net)
                      0.117264    0.000428   26.652695 ^ _693_/CLK (sky130_fd_sc_hd__dfrtp_2)
                                 -0.250000   26.402697   clock uncertainty
                                  0.000000   26.402697   clock reconvergence pessimism
                                  0.467048   26.869745   library recovery time
                                             26.869745   data required time
---------------------------------------------------------------------------------------------
                                             26.869745   data required time
                                             -8.967177   data arrival time
---------------------------------------------------------------------------------------------
                                             17.902567   slack (MET)


Startpoint: wb_rst_i (input port clocked by wb_clk_i)
Endpoint: _688_ (recovery check against rising-edge clock wb_clk_i)
Path Group: asynchronous
Path Type: max

Fanout         Cap        Slew       Delay        Time   Description
---------------------------------------------------------------------------------------------
                                  0.000000    0.000000   clock wb_clk_i (rise edge)
                                  0.000000    0.000000   clock network delay (propagated)
                                  5.000000    5.000000 v input external delay
     2    0.004739    0.026074    0.016087    5.016087 v wb_rst_i (in)
                                                         wb_rst_i (net)
                      0.026074    0.000000    5.016087 v input1/A (sky130_fd_sc_hd__buf_2)
     5    0.123250    0.530592    0.588063    5.604150 v input1/X (sky130_fd_sc_hd__buf_2)
                                                         net1 (net)
                      0.544132    0.070658    5.674808 v fanout25/A (sky130_fd_sc_hd__clkdlybuf4s25_1)
     8    0.040183    0.540400    1.054233    6.729041 v fanout25/X (sky130_fd_sc_hd__clkdlybuf4s25_1)
                                                         net25 (net)
                      0.540400    0.001436    6.730476 v load_slew26/A (sky130_fd_sc_hd__buf_4)
    15    0.057906    0.151517    0.594232    7.324708 v load_slew26/X (sky130_fd_sc_hd__buf_4)
                                                         net26 (net)
                      0.151534    0.001789    7.326497 v fanout23/A (sky130_fd_sc_hd__clkdlybuf4s25_1)
     7    0.042969    0.575437    0.931853    8.258349 v fanout23/X (sky130_fd_sc_hd__clkdlybuf4s25_1)
                                                         net23 (net)
                      0.575437    0.000492    8.258842 v wire24/A (sky130_fd_sc_hd__buf_4)
    10    0.052802    0.141428    0.604068    8.862909 v wire24/X (sky130_fd_sc_hd__buf_4)
                                                         net24 (net)
                      0.141428    0.000187    8.863096 v _604_/A (sky130_fd_sc_hd__inv_2)
     1    0.003768    0.054249    0.103588    8.966684 ^ _604_/Y (sky130_fd_sc_hd__inv_2)
                                                         _079_ (net)
                      0.054249    0.000036    8.966720 ^ _688_/RESET_B (sky130_fd_sc_hd__dfrtp_2)
                                              8.966720   data arrival time

                                 25.000000   25.000000   clock wb_clk_i (rise edge)
                                  0.000000   25.000000   clock source latency
     2    0.147424    1.063065    0.746587   25.746586 ^ wb_clk_i (in)
                                                         wb_clk_i (net)
                      1.073527    0.000000   25.746586 ^ clkbuf_0_wb_clk_i/A (sky130_fd_sc_hd__clkbuf_16)
    17    0.074001    0.154063    0.612493   26.359079 ^ clkbuf_0_wb_clk_i/X (sky130_fd_sc_hd__clkbuf_16)
                                                         clknet_0_wb_clk_i (net)
                      0.154090    0.001908   26.360987 ^ clkbuf_3_7_0_wb_clk_i/A (sky130_fd_sc_hd__clkbuf_8)
    12    0.034773    0.117264    0.291280   26.652267 ^ clkbuf_3_7_0_wb_clk_i/X (sky130_fd_sc_hd__clkbuf_8)
                                                         clknet_3_7_0_wb_clk_i (net)
                      0.117264    0.000469   26.652737 ^ _688_/CLK (sky130_fd_sc_hd__dfrtp_2)
                                 -0.250000   26.402737   clock uncertainty
                                  0.000000   26.402737   clock reconvergence pessimism
                                  0.467056   26.869793   library recovery time
                                             26.869793   data required time
---------------------------------------------------------------------------------------------
                                             26.869793   data required time
                                             -8.966720   data arrival time
---------------------------------------------------------------------------------------------
                                             17.903072   slack (MET)


Startpoint: wb_rst_i (input port clocked by wb_clk_i)
Endpoint: _727_ (recovery check against rising-edge clock wb_clk_i)
Path Group: asynchronous
Path Type: max

Fanout         Cap        Slew       Delay        Time   Description
---------------------------------------------------------------------------------------------
                                  0.000000    0.000000   clock wb_clk_i (rise edge)
                                  0.000000    0.000000   clock network delay (propagated)
                                  5.000000    5.000000 v input external delay
     2    0.004739    0.026074    0.016087    5.016087 v wb_rst_i (in)
                                                         wb_rst_i (net)
                      0.026074    0.000000    5.016087 v input1/A (sky130_fd_sc_hd__buf_2)
     5    0.123250    0.530592    0.588063    5.604150 v input1/X (sky130_fd_sc_hd__buf_2)
                                                         net1 (net)
                      0.544132    0.070658    5.674808 v fanout25/A (sky130_fd_sc_hd__clkdlybuf4s25_1)
     8    0.040183    0.540400    1.054233    6.729041 v fanout25/X (sky130_fd_sc_hd__clkdlybuf4s25_1)
                                                         net25 (net)
                      0.540400    0.001436    6.730476 v load_slew26/A (sky130_fd_sc_hd__buf_4)
    15    0.057906    0.151517    0.594232    7.324708 v load_slew26/X (sky130_fd_sc_hd__buf_4)
                                                         net26 (net)
                      0.151534    0.001789    7.326497 v fanout23/A (sky130_fd_sc_hd__clkdlybuf4s25_1)
     7    0.042969    0.575437    0.931853    8.258349 v fanout23/X (sky130_fd_sc_hd__clkdlybuf4s25_1)
                                                         net23 (net)
                      0.575437    0.000492    8.258842 v wire24/A (sky130_fd_sc_hd__buf_4)
    10    0.052802    0.141428    0.604068    8.862909 v wire24/X (sky130_fd_sc_hd__buf_4)
                                                         net24 (net)
                      0.141428    0.000515    8.863425 v _643_/A (sky130_fd_sc_hd__inv_2)
     1    0.003635    0.053512    0.102607    8.966032 ^ _643_/Y (sky130_fd_sc_hd__inv_2)
                                                         _118_ (net)
                      0.053512    0.000029    8.966061 ^ _727_/RESET_B (sky130_fd_sc_hd__dfrtp_2)
                                              8.966061   data arrival time

                                 25.000000   25.000000   clock wb_clk_i (rise edge)
                                  0.000000   25.000000   clock source latency
     2    0.147424    1.063065    0.746587   25.746586 ^ wb_clk_i (in)
                                                         wb_clk_i (net)
                      1.073527    0.000000   25.746586 ^ clkbuf_0_wb_clk_i/A (sky130_fd_sc_hd__clkbuf_16)
    17    0.074001    0.154063    0.612493   26.359079 ^ clkbuf_0_wb_clk_i/X (sky130_fd_sc_hd__clkbuf_16)
                                                         clknet_0_wb_clk_i (net)
                      0.154090    0.001908   26.360987 ^ clkbuf_3_7_0_wb_clk_i/A (sky130_fd_sc_hd__clkbuf_8)
    12    0.034773    0.117264    0.291280   26.652267 ^ clkbuf_3_7_0_wb_clk_i/X (sky130_fd_sc_hd__clkbuf_8)
                                                         clknet_3_7_0_wb_clk_i (net)
                      0.117264    0.000460   26.652727 ^ _727_/CLK (sky130_fd_sc_hd__dfrtp_2)
                                 -0.250000   26.402727   clock uncertainty
                                  0.000000   26.402727   clock reconvergence pessimism
                                  0.467370   26.870098   library recovery time
                                             26.870098   data required time
---------------------------------------------------------------------------------------------
                                             26.870098   data required time
                                             -8.966061   data arrival time
---------------------------------------------------------------------------------------------
                                             17.904036   slack (MET)


Startpoint: wb_rst_i (input port clocked by wb_clk_i)
Endpoint: _728_ (recovery check against rising-edge clock wb_clk_i)
Path Group: asynchronous
Path Type: max

Fanout         Cap        Slew       Delay        Time   Description
---------------------------------------------------------------------------------------------
                                  0.000000    0.000000   clock wb_clk_i (rise edge)
                                  0.000000    0.000000   clock network delay (propagated)
                                  5.000000    5.000000 v input external delay
     2    0.004739    0.026074    0.016087    5.016087 v wb_rst_i (in)
                                                         wb_rst_i (net)
                      0.026074    0.000000    5.016087 v input1/A (sky130_fd_sc_hd__buf_2)
     5    0.123250    0.530592    0.588063    5.604150 v input1/X (sky130_fd_sc_hd__buf_2)
                                                         net1 (net)
                      0.544132    0.070658    5.674808 v fanout25/A (sky130_fd_sc_hd__clkdlybuf4s25_1)
     8    0.040183    0.540400    1.054233    6.729041 v fanout25/X (sky130_fd_sc_hd__clkdlybuf4s25_1)
                                                         net25 (net)
                      0.540400    0.001436    6.730476 v load_slew26/A (sky130_fd_sc_hd__buf_4)
    15    0.057906    0.151517    0.594232    7.324708 v load_slew26/X (sky130_fd_sc_hd__buf_4)
                                                         net26 (net)
                      0.151534    0.001789    7.326497 v fanout23/A (sky130_fd_sc_hd__clkdlybuf4s25_1)
     7    0.042969    0.575437    0.931853    8.258349 v fanout23/X (sky130_fd_sc_hd__clkdlybuf4s25_1)
                                                         net23 (net)
                      0.575437    0.000492    8.258842 v wire24/A (sky130_fd_sc_hd__buf_4)
    10    0.052802    0.141428    0.604068    8.862909 v wire24/X (sky130_fd_sc_hd__buf_4)
                                                         net24 (net)
                      0.141431    0.000947    8.863856 v _644_/A (sky130_fd_sc_hd__inv_2)
     1    0.003556    0.053079    0.102021    8.965878 ^ _644_/Y (sky130_fd_sc_hd__inv_2)
                                                         _119_ (net)
                      0.053079    0.000026    8.965903 ^ _728_/RESET_B (sky130_fd_sc_hd__dfrtp_2)
                                              8.965903   data arrival time

                                 25.000000   25.000000   clock wb_clk_i (rise edge)
                                  0.000000   25.000000   clock source latency
     2    0.147424    1.063065    0.746587   25.746586 ^ wb_clk_i (in)
                                                         wb_clk_i (net)
                      1.073527    0.000000   25.746586 ^ clkbuf_0_wb_clk_i/A (sky130_fd_sc_hd__clkbuf_16)
    17    0.074001    0.154063    0.612493   26.359079 ^ clkbuf_0_wb_clk_i/X (sky130_fd_sc_hd__clkbuf_16)
                                                         clknet_0_wb_clk_i (net)
                      0.154090    0.001908   26.360987 ^ clkbuf_3_7_0_wb_clk_i/A (sky130_fd_sc_hd__clkbuf_8)
    12    0.034773    0.117264    0.291280   26.652267 ^ clkbuf_3_7_0_wb_clk_i/X (sky130_fd_sc_hd__clkbuf_8)
                                                         clknet_3_7_0_wb_clk_i (net)
                      0.117264    0.000224   26.652491 ^ _728_/CLK (sky130_fd_sc_hd__dfrtp_2)
                                 -0.250000   26.402493   clock uncertainty
                                  0.000000   26.402493   clock reconvergence pessimism
                                  0.467554   26.870047   library recovery time
                                             26.870047   data required time
---------------------------------------------------------------------------------------------
                                             26.870047   data required time
                                             -8.965903   data arrival time
---------------------------------------------------------------------------------------------
                                             17.904142   slack (MET)


Startpoint: wb_rst_i (input port clocked by wb_clk_i)
Endpoint: _730_ (recovery check against rising-edge clock wb_clk_i)
Path Group: asynchronous
Path Type: max

Fanout         Cap        Slew       Delay        Time   Description
---------------------------------------------------------------------------------------------
                                  0.000000    0.000000   clock wb_clk_i (rise edge)
                                  0.000000    0.000000   clock network delay (propagated)
                                  5.000000    5.000000 v input external delay
     2    0.004739    0.026074    0.016087    5.016087 v wb_rst_i (in)
                                                         wb_rst_i (net)
                      0.026074    0.000000    5.016087 v input1/A (sky130_fd_sc_hd__buf_2)
     5    0.123250    0.530592    0.588063    5.604150 v input1/X (sky130_fd_sc_hd__buf_2)
                                                         net1 (net)
                      0.544132    0.070658    5.674808 v fanout25/A (sky130_fd_sc_hd__clkdlybuf4s25_1)
     8    0.040183    0.540400    1.054233    6.729041 v fanout25/X (sky130_fd_sc_hd__clkdlybuf4s25_1)
                                                         net25 (net)
                      0.540400    0.001436    6.730476 v load_slew26/A (sky130_fd_sc_hd__buf_4)
    15    0.057906    0.151517    0.594232    7.324708 v load_slew26/X (sky130_fd_sc_hd__buf_4)
                                                         net26 (net)
                      0.151534    0.001789    7.326497 v fanout23/A (sky130_fd_sc_hd__clkdlybuf4s25_1)
     7    0.042969    0.575437    0.931853    8.258349 v fanout23/X (sky130_fd_sc_hd__clkdlybuf4s25_1)
                                                         net23 (net)
                      0.575437    0.000492    8.258842 v wire24/A (sky130_fd_sc_hd__buf_4)
    10    0.052802    0.141428    0.604068    8.862909 v wire24/X (sky130_fd_sc_hd__buf_4)
                                                         net24 (net)
                      0.141428    0.000434    8.863344 v _646_/A (sky130_fd_sc_hd__inv_2)
     1    0.003472    0.052628    0.101398    8.964742 ^ _646_/Y (sky130_fd_sc_hd__inv_2)
                                                         _121_ (net)
                      0.052628    0.000026    8.964767 ^ _730_/RESET_B (sky130_fd_sc_hd__dfrtp_2)
                                              8.964767   data arrival time

                                 25.000000   25.000000   clock wb_clk_i (rise edge)
                                  0.000000   25.000000   clock source latency
     2    0.147424    1.063065    0.746587   25.746586 ^ wb_clk_i (in)
                                                         wb_clk_i (net)
                      1.073527    0.000000   25.746586 ^ clkbuf_0_wb_clk_i/A (sky130_fd_sc_hd__clkbuf_16)
    17    0.074001    0.154063    0.612493   26.359079 ^ clkbuf_0_wb_clk_i/X (sky130_fd_sc_hd__clkbuf_16)
                                                         clknet_0_wb_clk_i (net)
                      0.154090    0.001908   26.360987 ^ clkbuf_3_7_0_wb_clk_i/A (sky130_fd_sc_hd__clkbuf_8)
    12    0.034773    0.117264    0.291280   26.652267 ^ clkbuf_3_7_0_wb_clk_i/X (sky130_fd_sc_hd__clkbuf_8)
                                                         clknet_3_7_0_wb_clk_i (net)
                      0.117264    0.000394   26.652660 ^ _730_/CLK (sky130_fd_sc_hd__dfrtp_2)
                                 -0.250000   26.402662   clock uncertainty
                                  0.000000   26.402662   clock reconvergence pessimism
                                  0.467746   26.870409   library recovery time
                                             26.870409   data required time
---------------------------------------------------------------------------------------------
                                             26.870409   data required time
                                             -8.964767   data arrival time
---------------------------------------------------------------------------------------------
                                             17.905642   slack (MET)


Startpoint: wb_rst_i (input port clocked by wb_clk_i)
Endpoint: _735_ (recovery check against rising-edge clock wb_clk_i)
Path Group: asynchronous
Path Type: max

Fanout         Cap        Slew       Delay        Time   Description
---------------------------------------------------------------------------------------------
                                  0.000000    0.000000   clock wb_clk_i (rise edge)
                                  0.000000    0.000000   clock network delay (propagated)
                                  5.000000    5.000000 v input external delay
     2    0.004739    0.026074    0.016087    5.016087 v wb_rst_i (in)
                                                         wb_rst_i (net)
                      0.026074    0.000000    5.016087 v input1/A (sky130_fd_sc_hd__buf_2)
     5    0.123250    0.530592    0.588063    5.604150 v input1/X (sky130_fd_sc_hd__buf_2)
                                                         net1 (net)
                      0.544132    0.070658    5.674808 v fanout25/A (sky130_fd_sc_hd__clkdlybuf4s25_1)
     8    0.040183    0.540400    1.054233    6.729041 v fanout25/X (sky130_fd_sc_hd__clkdlybuf4s25_1)
                                                         net25 (net)
                      0.540400    0.001436    6.730476 v load_slew26/A (sky130_fd_sc_hd__buf_4)
    15    0.057906    0.151517    0.594232    7.324708 v load_slew26/X (sky130_fd_sc_hd__buf_4)
                                                         net26 (net)
                      0.151534    0.001789    7.326497 v fanout23/A (sky130_fd_sc_hd__clkdlybuf4s25_1)
     7    0.042969    0.575437    0.931853    8.258349 v fanout23/X (sky130_fd_sc_hd__clkdlybuf4s25_1)
                                                         net23 (net)
                      0.575437    0.000492    8.258842 v wire24/A (sky130_fd_sc_hd__buf_4)
    10    0.052802    0.141428    0.604068    8.862909 v wire24/X (sky130_fd_sc_hd__buf_4)
                                                         net24 (net)
                      0.141428    0.000179    8.863090 v _651_/A (sky130_fd_sc_hd__inv_2)
     1    0.003806    0.054466    0.103874    8.966964 ^ _651_/Y (sky130_fd_sc_hd__inv_2)
                                                         _126_ (net)
                      0.054466    0.000034    8.966997 ^ _735_/RESET_B (sky130_fd_sc_hd__dfrtp_2)
                                              8.966997   data arrival time

                                 25.000000   25.000000   clock wb_clk_i (rise edge)
                                  0.000000   25.000000   clock source latency
     2    0.147424    1.063065    0.746587   25.746586 ^ wb_clk_i (in)
                                                         wb_clk_i (net)
                      1.073527    0.000000   25.746586 ^ clkbuf_0_wb_clk_i/A (sky130_fd_sc_hd__clkbuf_16)
    17    0.074001    0.154063    0.612493   26.359079 ^ clkbuf_0_wb_clk_i/X (sky130_fd_sc_hd__clkbuf_16)
                                                         clknet_0_wb_clk_i (net)
                      0.154096    0.002039   26.361118 ^ clkbuf_3_5_0_wb_clk_i/A (sky130_fd_sc_hd__clkbuf_8)
    11    0.036399    0.121134    0.294202   26.655321 ^ clkbuf_3_5_0_wb_clk_i/X (sky130_fd_sc_hd__clkbuf_8)
                                                         clknet_3_5_0_wb_clk_i (net)
                      0.121134    0.000275   26.655596 ^ _735_/CLK (sky130_fd_sc_hd__dfrtp_2)
                                 -0.250000   26.405596   clock uncertainty
                                  0.000000   26.405596   clock reconvergence pessimism
                                  0.468255   26.873852   library recovery time
                                             26.873852   data required time
---------------------------------------------------------------------------------------------
                                             26.873852   data required time
                                             -8.966997   data arrival time
---------------------------------------------------------------------------------------------
                                             17.906853   slack (MET)


Startpoint: wb_rst_i (input port clocked by wb_clk_i)
Endpoint: _686_ (recovery check against rising-edge clock wb_clk_i)
Path Group: asynchronous
Path Type: max

Fanout         Cap        Slew       Delay        Time   Description
---------------------------------------------------------------------------------------------
                                  0.000000    0.000000   clock wb_clk_i (rise edge)
                                  0.000000    0.000000   clock network delay (propagated)
                                  5.000000    5.000000 v input external delay
     2    0.004739    0.026074    0.016087    5.016087 v wb_rst_i (in)
                                                         wb_rst_i (net)
                      0.026074    0.000000    5.016087 v input1/A (sky130_fd_sc_hd__buf_2)
     5    0.123250    0.530592    0.588063    5.604150 v input1/X (sky130_fd_sc_hd__buf_2)
                                                         net1 (net)
                      0.544132    0.070658    5.674808 v fanout25/A (sky130_fd_sc_hd__clkdlybuf4s25_1)
     8    0.040183    0.540400    1.054233    6.729041 v fanout25/X (sky130_fd_sc_hd__clkdlybuf4s25_1)
                                                         net25 (net)
                      0.540400    0.001436    6.730476 v load_slew26/A (sky130_fd_sc_hd__buf_4)
    15    0.057906    0.151517    0.594232    7.324708 v load_slew26/X (sky130_fd_sc_hd__buf_4)
                                                         net26 (net)
                      0.151534    0.001789    7.326497 v fanout23/A (sky130_fd_sc_hd__clkdlybuf4s25_1)
     7    0.042969    0.575437    0.931853    8.258349 v fanout23/X (sky130_fd_sc_hd__clkdlybuf4s25_1)
                                                         net23 (net)
                      0.575437    0.000492    8.258842 v wire24/A (sky130_fd_sc_hd__buf_4)
    10    0.052802    0.141428    0.604068    8.862909 v wire24/X (sky130_fd_sc_hd__buf_4)
                                                         net24 (net)
                      0.141429    0.000755    8.863665 v _602_/A (sky130_fd_sc_hd__inv_2)
     1    0.003632    0.053492    0.102581    8.966246 ^ _602_/Y (sky130_fd_sc_hd__inv_2)
                                                         _077_ (net)
                      0.053492    0.000029    8.966275 ^ _686_/RESET_B (sky130_fd_sc_hd__dfrtp_2)
                                              8.966275   data arrival time

                                 25.000000   25.000000   clock wb_clk_i (rise edge)
                                  0.000000   25.000000   clock source latency
     2    0.147424    1.063065    0.746587   25.746586 ^ wb_clk_i (in)
                                                         wb_clk_i (net)
                      1.073527    0.000000   25.746586 ^ clkbuf_0_wb_clk_i/A (sky130_fd_sc_hd__clkbuf_16)
    17    0.074001    0.154063    0.612493   26.359079 ^ clkbuf_0_wb_clk_i/X (sky130_fd_sc_hd__clkbuf_16)
                                                         clknet_0_wb_clk_i (net)
                      0.154096    0.002039   26.361118 ^ clkbuf_3_5_0_wb_clk_i/A (sky130_fd_sc_hd__clkbuf_8)
    11    0.036399    0.121134    0.294202   26.655321 ^ clkbuf_3_5_0_wb_clk_i/X (sky130_fd_sc_hd__clkbuf_8)
                                                         clknet_3_5_0_wb_clk_i (net)
                      0.121134    0.000208   26.655529 ^ _686_/CLK (sky130_fd_sc_hd__dfrtp_2)
                                 -0.250000   26.405529   clock uncertainty
                                  0.000000   26.405529   clock reconvergence pessimism
                                  0.468669   26.874197   library recovery time
                                             26.874197   data required time
---------------------------------------------------------------------------------------------
                                             26.874197   data required time
                                             -8.966275   data arrival time
---------------------------------------------------------------------------------------------
                                             17.907923   slack (MET)


Startpoint: wb_rst_i (input port clocked by wb_clk_i)
Endpoint: _731_ (recovery check against rising-edge clock wb_clk_i)
Path Group: asynchronous
Path Type: max

Fanout         Cap        Slew       Delay        Time   Description
---------------------------------------------------------------------------------------------
                                  0.000000    0.000000   clock wb_clk_i (rise edge)
                                  0.000000    0.000000   clock network delay (propagated)
                                  5.000000    5.000000 v input external delay
     2    0.004739    0.026074    0.016087    5.016087 v wb_rst_i (in)
                                                         wb_rst_i (net)
                      0.026074    0.000000    5.016087 v input1/A (sky130_fd_sc_hd__buf_2)
     5    0.123250    0.530592    0.588063    5.604150 v input1/X (sky130_fd_sc_hd__buf_2)
                                                         net1 (net)
                      0.544132    0.070658    5.674808 v fanout25/A (sky130_fd_sc_hd__clkdlybuf4s25_1)
     8    0.040183    0.540400    1.054233    6.729041 v fanout25/X (sky130_fd_sc_hd__clkdlybuf4s25_1)
                                                         net25 (net)
                      0.540400    0.000218    6.729258 v fanout21/A (sky130_fd_sc_hd__clkdlybuf4s25_1)
     9    0.054935    0.731237    1.200150    7.929409 v fanout21/X (sky130_fd_sc_hd__clkdlybuf4s25_1)
                                                         net21 (net)
                      0.731237    0.000540    7.929948 v load_slew22/A (sky130_fd_sc_hd__buf_4)
     8    0.045297    0.129832    0.652568    8.582517 v load_slew22/X (sky130_fd_sc_hd__buf_4)
                                                         net22 (net)
                      0.129851    0.001682    8.584199 v _647_/A (sky130_fd_sc_hd__inv_2)
     1    0.003829    0.052251    0.099543    8.683741 ^ _647_/Y (sky130_fd_sc_hd__inv_2)
                                                         _122_ (net)
                      0.052251    0.000034    8.683775 ^ _731_/RESET_B (sky130_fd_sc_hd__dfrtp_2)
                                              8.683775   data arrival time

                                 25.000000   25.000000   clock wb_clk_i (rise edge)
                                  0.000000   25.000000   clock source latency
     2    0.147424    1.063065    0.746587   25.746586 ^ wb_clk_i (in)
                                                         wb_clk_i (net)
                      1.073527    0.000000   25.746586 ^ clkbuf_0_wb_clk_i/A (sky130_fd_sc_hd__clkbuf_16)
    17    0.074001    0.154063    0.612493   26.359079 ^ clkbuf_0_wb_clk_i/X (sky130_fd_sc_hd__clkbuf_16)
                                                         clknet_0_wb_clk_i (net)
                      0.154070    0.001169   26.360249 ^ clkbuf_3_6_0_wb_clk_i/A (sky130_fd_sc_hd__clkbuf_8)
    12    0.036041    0.120291    0.293444   26.653692 ^ clkbuf_3_6_0_wb_clk_i/X (sky130_fd_sc_hd__clkbuf_8)
                                                         clknet_3_6_0_wb_clk_i (net)
                      0.120291    0.000083   26.653774 ^ _731_/CLK (sky130_fd_sc_hd__dfrtp_2)
                                 -0.250000   26.403776   clock uncertainty
                                  0.000000   26.403776   clock reconvergence pessimism
                                  0.468916   26.872692   library recovery time
                                             26.872692   data required time
---------------------------------------------------------------------------------------------
                                             26.872692   data required time
                                             -8.683775   data arrival time
---------------------------------------------------------------------------------------------
                                             18.188917   slack (MET)


Startpoint: wb_rst_i (input port clocked by wb_clk_i)
Endpoint: _751_ (recovery check against rising-edge clock wb_clk_i)
Path Group: asynchronous
Path Type: max

Fanout         Cap        Slew       Delay        Time   Description
---------------------------------------------------------------------------------------------
                                  0.000000    0.000000   clock wb_clk_i (rise edge)
                                  0.000000    0.000000   clock network delay (propagated)
                                  5.000000    5.000000 v input external delay
     2    0.004739    0.026074    0.016087    5.016087 v wb_rst_i (in)
                                                         wb_rst_i (net)
                      0.026074    0.000000    5.016087 v input1/A (sky130_fd_sc_hd__buf_2)
     5    0.123250    0.530592    0.588063    5.604150 v input1/X (sky130_fd_sc_hd__buf_2)
                                                         net1 (net)
                      0.544132    0.070658    5.674808 v fanout25/A (sky130_fd_sc_hd__clkdlybuf4s25_1)
     8    0.040183    0.540400    1.054233    6.729041 v fanout25/X (sky130_fd_sc_hd__clkdlybuf4s25_1)
                                                         net25 (net)
                      0.540400    0.000218    6.729258 v fanout21/A (sky130_fd_sc_hd__clkdlybuf4s25_1)
     9    0.054935    0.731237    1.200150    7.929409 v fanout21/X (sky130_fd_sc_hd__clkdlybuf4s25_1)
                                                         net21 (net)
                      0.731237    0.000540    7.929948 v load_slew22/A (sky130_fd_sc_hd__buf_4)
     8    0.045297    0.129832    0.652568    8.582517 v load_slew22/X (sky130_fd_sc_hd__buf_4)
                                                         net22 (net)
                      0.129844    0.001426    8.583942 v _667_/A (sky130_fd_sc_hd__inv_2)
     1    0.003723    0.053492    0.098805    8.682748 ^ _667_/Y (sky130_fd_sc_hd__inv_2)
                                                         _142_ (net)
                      0.053492    0.000014    8.682762 ^ _751_/RESET_B (sky130_fd_sc_hd__dfrtp_2)
                                              8.682762   data arrival time

                                 25.000000   25.000000   clock wb_clk_i (rise edge)
                                  0.000000   25.000000   clock source latency
     2    0.147424    1.063065    0.746587   25.746586 ^ wb_clk_i (in)
                                                         wb_clk_i (net)
                      1.073527    0.000000   25.746586 ^ clkbuf_0_wb_clk_i/A (sky130_fd_sc_hd__clkbuf_16)
    17    0.074001    0.154063    0.612493   26.359079 ^ clkbuf_0_wb_clk_i/X (sky130_fd_sc_hd__clkbuf_16)
                                                         clknet_0_wb_clk_i (net)
                      0.154070    0.001169   26.360249 ^ clkbuf_3_6_0_wb_clk_i/A (sky130_fd_sc_hd__clkbuf_8)
    12    0.036041    0.120291    0.293444   26.653692 ^ clkbuf_3_6_0_wb_clk_i/X (sky130_fd_sc_hd__clkbuf_8)
                                                         clknet_3_6_0_wb_clk_i (net)
                      0.120292    0.000620   26.654312 ^ _751_/CLK (sky130_fd_sc_hd__dfrtp_2)
                                 -0.250000   26.404312   clock uncertainty
                                  0.000000   26.404312   clock reconvergence pessimism
                                  0.468389   26.872700   library recovery time
                                             26.872700   data required time
---------------------------------------------------------------------------------------------
                                             26.872700   data required time
                                             -8.682762   data arrival time
---------------------------------------------------------------------------------------------
                                             18.189938   slack (MET)


Startpoint: wb_rst_i (input port clocked by wb_clk_i)
Endpoint: _732_ (recovery check against rising-edge clock wb_clk_i)
Path Group: asynchronous
Path Type: max

Fanout         Cap        Slew       Delay        Time   Description
---------------------------------------------------------------------------------------------
                                  0.000000    0.000000   clock wb_clk_i (rise edge)
                                  0.000000    0.000000   clock network delay (propagated)
                                  5.000000    5.000000 v input external delay
     2    0.004739    0.026074    0.016087    5.016087 v wb_rst_i (in)
                                                         wb_rst_i (net)
                      0.026074    0.000000    5.016087 v input1/A (sky130_fd_sc_hd__buf_2)
     5    0.123250    0.530592    0.588063    5.604150 v input1/X (sky130_fd_sc_hd__buf_2)
                                                         net1 (net)
                      0.544132    0.070658    5.674808 v fanout25/A (sky130_fd_sc_hd__clkdlybuf4s25_1)
     8    0.040183    0.540400    1.054233    6.729041 v fanout25/X (sky130_fd_sc_hd__clkdlybuf4s25_1)
                                                         net25 (net)
                      0.540400    0.000218    6.729258 v fanout21/A (sky130_fd_sc_hd__clkdlybuf4s25_1)
     9    0.054935    0.731237    1.200150    7.929409 v fanout21/X (sky130_fd_sc_hd__clkdlybuf4s25_1)
                                                         net21 (net)
                      0.731237    0.000540    7.929948 v load_slew22/A (sky130_fd_sc_hd__buf_4)
     8    0.045297    0.129832    0.652568    8.582517 v load_slew22/X (sky130_fd_sc_hd__buf_4)
                                                         net22 (net)
                      0.129852    0.001735    8.584250 v _648_/A (sky130_fd_sc_hd__inv_2)
     1    0.003665    0.051343    0.098390    8.682641 ^ _648_/Y (sky130_fd_sc_hd__inv_2)
                                                         _123_ (net)
                      0.051343    0.000029    8.682670 ^ _732_/RESET_B (sky130_fd_sc_hd__dfrtp_2)
                                              8.682670   data arrival time

                                 25.000000   25.000000   clock wb_clk_i (rise edge)
                                  0.000000   25.000000   clock source latency
     2    0.147424    1.063065    0.746587   25.746586 ^ wb_clk_i (in)
                                                         wb_clk_i (net)
                      1.073527    0.000000   25.746586 ^ clkbuf_0_wb_clk_i/A (sky130_fd_sc_hd__clkbuf_16)
    17    0.074001    0.154063    0.612493   26.359079 ^ clkbuf_0_wb_clk_i/X (sky130_fd_sc_hd__clkbuf_16)
                                                         clknet_0_wb_clk_i (net)
                      0.154070    0.001169   26.360249 ^ clkbuf_3_6_0_wb_clk_i/A (sky130_fd_sc_hd__clkbuf_8)
    12    0.036041    0.120291    0.293444   26.653692 ^ clkbuf_3_6_0_wb_clk_i/X (sky130_fd_sc_hd__clkbuf_8)
                                                         clknet_3_6_0_wb_clk_i (net)
                      0.120291    0.000178   26.653870 ^ _732_/CLK (sky130_fd_sc_hd__dfrtp_2)
                                 -0.250000   26.403870   clock uncertainty
                                  0.000000   26.403870   clock reconvergence pessimism
                                  0.469303   26.873173   library recovery time
                                             26.873173   data required time
---------------------------------------------------------------------------------------------
                                             26.873173   data required time
                                             -8.682670   data arrival time
---------------------------------------------------------------------------------------------
                                             18.190502   slack (MET)


Startpoint: wb_rst_i (input port clocked by wb_clk_i)
Endpoint: _733_ (recovery check against rising-edge clock wb_clk_i)
Path Group: asynchronous
Path Type: max

Fanout         Cap        Slew       Delay        Time   Description
---------------------------------------------------------------------------------------------
                                  0.000000    0.000000   clock wb_clk_i (rise edge)
                                  0.000000    0.000000   clock network delay (propagated)
                                  5.000000    5.000000 v input external delay
     2    0.004739    0.026074    0.016087    5.016087 v wb_rst_i (in)
                                                         wb_rst_i (net)
                      0.026074    0.000000    5.016087 v input1/A (sky130_fd_sc_hd__buf_2)
     5    0.123250    0.530592    0.588063    5.604150 v input1/X (sky130_fd_sc_hd__buf_2)
                                                         net1 (net)
                      0.544132    0.070658    5.674808 v fanout25/A (sky130_fd_sc_hd__clkdlybuf4s25_1)
     8    0.040183    0.540400    1.054233    6.729041 v fanout25/X (sky130_fd_sc_hd__clkdlybuf4s25_1)
                                                         net25 (net)
                      0.540400    0.000218    6.729258 v fanout21/A (sky130_fd_sc_hd__clkdlybuf4s25_1)
     9    0.054935    0.731237    1.200150    7.929409 v fanout21/X (sky130_fd_sc_hd__clkdlybuf4s25_1)
                                                         net21 (net)
                      0.731237    0.000540    7.929948 v load_slew22/A (sky130_fd_sc_hd__buf_4)
     8    0.045297    0.129832    0.652568    8.582517 v load_slew22/X (sky130_fd_sc_hd__buf_4)
                                                         net22 (net)
                      0.129856    0.001835    8.584352 v _649_/A (sky130_fd_sc_hd__inv_2)
     1    0.003526    0.050592    0.097412    8.681763 ^ _649_/Y (sky130_fd_sc_hd__inv_2)
                                                         _124_ (net)
                      0.050592    0.000027    8.681789 ^ _733_/RESET_B (sky130_fd_sc_hd__dfrtp_2)
                                              8.681789   data arrival time

                                 25.000000   25.000000   clock wb_clk_i (rise edge)
                                  0.000000   25.000000   clock source latency
     2    0.147424    1.063065    0.746587   25.746586 ^ wb_clk_i (in)
                                                         wb_clk_i (net)
                      1.073527    0.000000   25.746586 ^ clkbuf_0_wb_clk_i/A (sky130_fd_sc_hd__clkbuf_16)
    17    0.074001    0.154063    0.612493   26.359079 ^ clkbuf_0_wb_clk_i/X (sky130_fd_sc_hd__clkbuf_16)
                                                         clknet_0_wb_clk_i (net)
                      0.154070    0.001169   26.360249 ^ clkbuf_3_6_0_wb_clk_i/A (sky130_fd_sc_hd__clkbuf_8)
    12    0.036041    0.120291    0.293444   26.653692 ^ clkbuf_3_6_0_wb_clk_i/X (sky130_fd_sc_hd__clkbuf_8)
                                                         clknet_3_6_0_wb_clk_i (net)
                      0.120291    0.000275   26.653967 ^ _733_/CLK (sky130_fd_sc_hd__dfrtp_2)
                                 -0.250000   26.403967   clock uncertainty
                                  0.000000   26.403967   clock reconvergence pessimism
                                  0.469623   26.873590   library recovery time
                                             26.873590   data required time
---------------------------------------------------------------------------------------------
                                             26.873590   data required time
                                             -8.681789   data arrival time
---------------------------------------------------------------------------------------------
                                             18.191801   slack (MET)


Startpoint: wb_rst_i (input port clocked by wb_clk_i)
Endpoint: _738_ (recovery check against rising-edge clock wb_clk_i)
Path Group: asynchronous
Path Type: max

Fanout         Cap        Slew       Delay        Time   Description
---------------------------------------------------------------------------------------------
                                  0.000000    0.000000   clock wb_clk_i (rise edge)
                                  0.000000    0.000000   clock network delay (propagated)
                                  5.000000    5.000000 v input external delay
     2    0.004739    0.026074    0.016087    5.016087 v wb_rst_i (in)
                                                         wb_rst_i (net)
                      0.026074    0.000000    5.016087 v input1/A (sky130_fd_sc_hd__buf_2)
     5    0.123250    0.530592    0.588063    5.604150 v input1/X (sky130_fd_sc_hd__buf_2)
                                                         net1 (net)
                      0.544132    0.070658    5.674808 v fanout25/A (sky130_fd_sc_hd__clkdlybuf4s25_1)
     8    0.040183    0.540400    1.054233    6.729041 v fanout25/X (sky130_fd_sc_hd__clkdlybuf4s25_1)
                                                         net25 (net)
                      0.540400    0.000218    6.729258 v fanout21/A (sky130_fd_sc_hd__clkdlybuf4s25_1)
     9    0.054935    0.731237    1.200150    7.929409 v fanout21/X (sky130_fd_sc_hd__clkdlybuf4s25_1)
                                                         net21 (net)
                      0.731237    0.000540    7.929948 v load_slew22/A (sky130_fd_sc_hd__buf_4)
     8    0.045297    0.129832    0.652568    8.582517 v load_slew22/X (sky130_fd_sc_hd__buf_4)
                                                         net22 (net)
                      0.129844    0.001426    8.583941 v _654_/A (sky130_fd_sc_hd__inv_2)
     1    0.003536    0.050645    0.097480    8.681422 ^ _654_/Y (sky130_fd_sc_hd__inv_2)
                                                         _129_ (net)
                      0.050645    0.000026    8.681448 ^ _738_/RESET_B (sky130_fd_sc_hd__dfrtp_2)
                                              8.681448   data arrival time

                                 25.000000   25.000000   clock wb_clk_i (rise edge)
                                  0.000000   25.000000   clock source latency
     2    0.147424    1.063065    0.746587   25.746586 ^ wb_clk_i (in)
                                                         wb_clk_i (net)
                      1.073527    0.000000   25.746586 ^ clkbuf_0_wb_clk_i/A (sky130_fd_sc_hd__clkbuf_16)
    17    0.074001    0.154063    0.612493   26.359079 ^ clkbuf_0_wb_clk_i/X (sky130_fd_sc_hd__clkbuf_16)
                                                         clknet_0_wb_clk_i (net)
                      0.154070    0.001169   26.360249 ^ clkbuf_3_6_0_wb_clk_i/A (sky130_fd_sc_hd__clkbuf_8)
    12    0.036041    0.120291    0.293444   26.653692 ^ clkbuf_3_6_0_wb_clk_i/X (sky130_fd_sc_hd__clkbuf_8)
                                                         clknet_3_6_0_wb_clk_i (net)
                      0.120291    0.000458   26.654150 ^ _738_/CLK (sky130_fd_sc_hd__dfrtp_2)
                                 -0.250000   26.404150   clock uncertainty
                                  0.000000   26.404150   clock reconvergence pessimism
                                  0.469601   26.873753   library recovery time
                                             26.873753   data required time
---------------------------------------------------------------------------------------------
                                             26.873753   data required time
                                             -8.681448   data arrival time
---------------------------------------------------------------------------------------------
                                             18.192303   slack (MET)


Startpoint: wb_rst_i (input port clocked by wb_clk_i)
Endpoint: _741_ (recovery check against rising-edge clock wb_clk_i)
Path Group: asynchronous
Path Type: max

Fanout         Cap        Slew       Delay        Time   Description
---------------------------------------------------------------------------------------------
                                  0.000000    0.000000   clock wb_clk_i (rise edge)
                                  0.000000    0.000000   clock network delay (propagated)
                                  5.000000    5.000000 v input external delay
     2    0.004739    0.026074    0.016087    5.016087 v wb_rst_i (in)
                                                         wb_rst_i (net)
                      0.026074    0.000000    5.016087 v input1/A (sky130_fd_sc_hd__buf_2)
     5    0.123250    0.530592    0.588063    5.604150 v input1/X (sky130_fd_sc_hd__buf_2)
                                                         net1 (net)
                      0.544132    0.070658    5.674808 v fanout25/A (sky130_fd_sc_hd__clkdlybuf4s25_1)
     8    0.040183    0.540400    1.054233    6.729041 v fanout25/X (sky130_fd_sc_hd__clkdlybuf4s25_1)
                                                         net25 (net)
                      0.540400    0.000218    6.729258 v fanout21/A (sky130_fd_sc_hd__clkdlybuf4s25_1)
     9    0.054935    0.731237    1.200150    7.929409 v fanout21/X (sky130_fd_sc_hd__clkdlybuf4s25_1)
                                                         net21 (net)
                      0.731237    0.000540    7.929948 v load_slew22/A (sky130_fd_sc_hd__buf_4)
     8    0.045297    0.129832    0.652568    8.582517 v load_slew22/X (sky130_fd_sc_hd__buf_4)
                                                         net22 (net)
                      0.129835    0.000957    8.583474 v _657_/A (sky130_fd_sc_hd__inv_2)
     1    0.003457    0.050219    0.096920    8.680393 ^ _657_/Y (sky130_fd_sc_hd__inv_2)
                                                         _132_ (net)
                      0.050219    0.000024    8.680417 ^ _741_/RESET_B (sky130_fd_sc_hd__dfrtp_2)
                                              8.680417   data arrival time

                                 25.000000   25.000000   clock wb_clk_i (rise edge)
                                  0.000000   25.000000   clock source latency
     2    0.147424    1.063065    0.746587   25.746586 ^ wb_clk_i (in)
                                                         wb_clk_i (net)
                      1.073527    0.000000   25.746586 ^ clkbuf_0_wb_clk_i/A (sky130_fd_sc_hd__clkbuf_16)
    17    0.074001    0.154063    0.612493   26.359079 ^ clkbuf_0_wb_clk_i/X (sky130_fd_sc_hd__clkbuf_16)
                                                         clknet_0_wb_clk_i (net)
                      0.154070    0.001169   26.360249 ^ clkbuf_3_6_0_wb_clk_i/A (sky130_fd_sc_hd__clkbuf_8)
    12    0.036041    0.120291    0.293444   26.653692 ^ clkbuf_3_6_0_wb_clk_i/X (sky130_fd_sc_hd__clkbuf_8)
                                                         clknet_3_6_0_wb_clk_i (net)
                      0.120292    0.000561   26.654253 ^ _741_/CLK (sky130_fd_sc_hd__dfrtp_2)
                                 -0.250000   26.404253   clock uncertainty
                                  0.000000   26.404253   clock reconvergence pessimism
                                  0.469782   26.874037   library recovery time
                                             26.874037   data required time
---------------------------------------------------------------------------------------------
                                             26.874037   data required time
                                             -8.680417   data arrival time
---------------------------------------------------------------------------------------------
                                             18.193617   slack (MET)


Startpoint: wb_rst_i (input port clocked by wb_clk_i)
Endpoint: _745_ (recovery check against rising-edge clock wb_clk_i)
Path Group: asynchronous
Path Type: max

Fanout         Cap        Slew       Delay        Time   Description
---------------------------------------------------------------------------------------------
                                  0.000000    0.000000   clock wb_clk_i (rise edge)
                                  0.000000    0.000000   clock network delay (propagated)
                                  5.000000    5.000000 v input external delay
     2    0.004739    0.026074    0.016087    5.016087 v wb_rst_i (in)
                                                         wb_rst_i (net)
                      0.026074    0.000000    5.016087 v input1/A (sky130_fd_sc_hd__buf_2)
     5    0.123250    0.530592    0.588063    5.604150 v input1/X (sky130_fd_sc_hd__buf_2)
                                                         net1 (net)
                      0.544132    0.070658    5.674808 v fanout25/A (sky130_fd_sc_hd__clkdlybuf4s25_1)
     8    0.040183    0.540400    1.054233    6.729041 v fanout25/X (sky130_fd_sc_hd__clkdlybuf4s25_1)
                                                         net25 (net)
                      0.540400    0.000218    6.729258 v fanout21/A (sky130_fd_sc_hd__clkdlybuf4s25_1)
     9    0.054935    0.731237    1.200150    7.929409 v fanout21/X (sky130_fd_sc_hd__clkdlybuf4s25_1)
                                                         net21 (net)
                      0.731237    0.000540    7.929948 v load_slew22/A (sky130_fd_sc_hd__buf_4)
     8    0.045297    0.129832    0.652568    8.582517 v load_slew22/X (sky130_fd_sc_hd__buf_4)
                                                         net22 (net)
                      0.129832    0.000549    8.583065 v _661_/A (sky130_fd_sc_hd__inv_2)
     1    0.003497    0.050431    0.097198    8.680263 ^ _661_/Y (sky130_fd_sc_hd__inv_2)
                                                         _136_ (net)
                      0.050431    0.000027    8.680289 ^ _745_/RESET_B (sky130_fd_sc_hd__dfrtp_2)
                                              8.680289   data arrival time

                                 25.000000   25.000000   clock wb_clk_i (rise edge)
                                  0.000000   25.000000   clock source latency
     2    0.147424    1.063065    0.746587   25.746586 ^ wb_clk_i (in)
                                                         wb_clk_i (net)
                      1.073527    0.000000   25.746586 ^ clkbuf_0_wb_clk_i/A (sky130_fd_sc_hd__clkbuf_16)
    17    0.074001    0.154063    0.612493   26.359079 ^ clkbuf_0_wb_clk_i/X (sky130_fd_sc_hd__clkbuf_16)
                                                         clknet_0_wb_clk_i (net)
                      0.154070    0.001169   26.360249 ^ clkbuf_3_6_0_wb_clk_i/A (sky130_fd_sc_hd__clkbuf_8)
    12    0.036041    0.120291    0.293444   26.653692 ^ clkbuf_3_6_0_wb_clk_i/X (sky130_fd_sc_hd__clkbuf_8)
                                                         clknet_3_6_0_wb_clk_i (net)
                      0.120293    0.000711   26.654402 ^ _745_/CLK (sky130_fd_sc_hd__dfrtp_2)
                                 -0.250000   26.404404   clock uncertainty
                                  0.000000   26.404404   clock reconvergence pessimism
                                  0.469692   26.874094   library recovery time
                                             26.874094   data required time
---------------------------------------------------------------------------------------------
                                             26.874094   data required time
                                             -8.680289   data arrival time
---------------------------------------------------------------------------------------------
                                             18.193806   slack (MET)


Startpoint: wb_rst_i (input port clocked by wb_clk_i)
Endpoint: _752_ (recovery check against rising-edge clock wb_clk_i)
Path Group: asynchronous
Path Type: max

Fanout         Cap        Slew       Delay        Time   Description
---------------------------------------------------------------------------------------------
                                  0.000000    0.000000   clock wb_clk_i (rise edge)
                                  0.000000    0.000000   clock network delay (propagated)
                                  5.000000    5.000000 v input external delay
     2    0.004739    0.026074    0.016087    5.016087 v wb_rst_i (in)
                                                         wb_rst_i (net)
                      0.026074    0.000000    5.016087 v input1/A (sky130_fd_sc_hd__buf_2)
     5    0.123250    0.530592    0.588063    5.604150 v input1/X (sky130_fd_sc_hd__buf_2)
                                                         net1 (net)
                      0.544132    0.070658    5.674808 v fanout25/A (sky130_fd_sc_hd__clkdlybuf4s25_1)
     8    0.040183    0.540400    1.054233    6.729041 v fanout25/X (sky130_fd_sc_hd__clkdlybuf4s25_1)
                                                         net25 (net)
                      0.540400    0.000218    6.729258 v fanout21/A (sky130_fd_sc_hd__clkdlybuf4s25_1)
     9    0.054935    0.731237    1.200150    7.929409 v fanout21/X (sky130_fd_sc_hd__clkdlybuf4s25_1)
                                                         net21 (net)
                      0.731237    0.000540    7.929948 v load_slew22/A (sky130_fd_sc_hd__buf_4)
     8    0.045297    0.129832    0.652568    8.582517 v load_slew22/X (sky130_fd_sc_hd__buf_4)
                                                         net22 (net)
                      0.129844    0.001434    8.583951 v _668_/A (sky130_fd_sc_hd__inv_2)
     1    0.003418    0.050008    0.096644    8.680594 ^ _668_/Y (sky130_fd_sc_hd__inv_2)
                                                         _143_ (net)
                      0.050008    0.000024    8.680618 ^ _752_/RESET_B (sky130_fd_sc_hd__dfrtp_2)
                                              8.680618   data arrival time

                                 25.000000   25.000000   clock wb_clk_i (rise edge)
                                  0.000000   25.000000   clock source latency
     2    0.147424    1.063065    0.746587   25.746586 ^ wb_clk_i (in)
                                                         wb_clk_i (net)
                      1.073527    0.000000   25.746586 ^ clkbuf_0_wb_clk_i/A (sky130_fd_sc_hd__clkbuf_16)
    17    0.074001    0.154063    0.612493   26.359079 ^ clkbuf_0_wb_clk_i/X (sky130_fd_sc_hd__clkbuf_16)
                                                         clknet_0_wb_clk_i (net)
                      0.154070    0.001169   26.360249 ^ clkbuf_3_6_0_wb_clk_i/A (sky130_fd_sc_hd__clkbuf_8)
    12    0.036041    0.120291    0.293444   26.653692 ^ clkbuf_3_6_0_wb_clk_i/X (sky130_fd_sc_hd__clkbuf_8)
                                                         clknet_3_6_0_wb_clk_i (net)
                      0.120297    0.000899   26.654591 ^ _752_/CLK (sky130_fd_sc_hd__dfrtp_2)
                                 -0.250000   26.404591   clock uncertainty
                                  0.000000   26.404591   clock reconvergence pessimism
                                  0.469873   26.874464   library recovery time
                                             26.874464   data required time
---------------------------------------------------------------------------------------------
                                             26.874464   data required time
                                             -8.680618   data arrival time
---------------------------------------------------------------------------------------------
                                             18.193846   slack (MET)


Startpoint: _691_ (rising edge-triggered flip-flop clocked by wb_clk_i)
Endpoint: _678_ (rising edge-triggered flip-flop clocked by wb_clk_i)
Path Group: wb_clk_i
Path Type: max

Fanout         Cap        Slew       Delay        Time   Description
---------------------------------------------------------------------------------------------
                                  0.000000    0.000000   clock wb_clk_i (rise edge)
                                  0.000000    0.000000   clock source latency
     2    0.147424    1.063065    0.825174    0.825174 ^ wb_clk_i (in)
                                                         wb_clk_i (net)
                      1.073527    0.000000    0.825174 ^ clkbuf_0_wb_clk_i/A (sky130_fd_sc_hd__clkbuf_16)
    17    0.074001    0.154063    0.676967    1.502141 ^ clkbuf_0_wb_clk_i/X (sky130_fd_sc_hd__clkbuf_16)
                                                         clknet_0_wb_clk_i (net)
                      0.154090    0.002109    1.504251 ^ clkbuf_3_7_0_wb_clk_i/A (sky130_fd_sc_hd__clkbuf_8)
    12    0.034773    0.117264    0.321941    1.826191 ^ clkbuf_3_7_0_wb_clk_i/X (sky130_fd_sc_hd__clkbuf_8)
                                                         clknet_3_7_0_wb_clk_i (net)
                      0.117264    0.000273    1.826464 ^ _691_/CLK (sky130_fd_sc_hd__dfrtp_2)
     4    0.012830    0.122273    0.928727    2.755191 v _691_/Q (sky130_fd_sc_hd__dfrtp_2)
                                                         timer.sec_ones[2] (net)
                      0.122273    0.000026    2.755217 v hold142/A (sky130_fd_sc_hd__dlygate4sd3_1)
     2    0.012176    0.196500    1.327179    4.082396 v hold142/X (sky130_fd_sc_hd__dlygate4sd3_1)
                                                         net142 (net)
                      0.196500    0.000093    4.082489 v _343_/A_N (sky130_fd_sc_hd__and4b_2)
     3    0.009818    0.152941    0.720843    4.803332 ^ _343_/X (sky130_fd_sc_hd__and4b_2)
                                                         _178_ (net)
                      0.152941    0.000091    4.803423 ^ _356_/C (sky130_fd_sc_hd__and4b_2)
     6    0.027392    0.279303    0.714225    5.517648 ^ _356_/X (sky130_fd_sc_hd__and4b_2)
                                                         _186_ (net)
                      0.279303    0.000636    5.518285 ^ _374_/B (sky130_fd_sc_hd__and4_2)
     5    0.021536    0.237471    0.705084    6.223369 ^ _374_/X (sky130_fd_sc_hd__and4_2)
                                                         _197_ (net)
                      0.237471    0.000468    6.223836 ^ _379_/B1 (sky130_fd_sc_hd__o21a_2)
     2    0.007693    0.093200    0.358386    6.582222 ^ _379_/X (sky130_fd_sc_hd__o21a_2)
                                                         _201_ (net)
                      0.093200    0.000065    6.582287 ^ _381_/B1_N (sky130_fd_sc_hd__o21ba_2)
     1    0.002984    0.059600    0.307835    6.890122 v _381_/X (sky130_fd_sc_hd__o21ba_2)
                                                         _153_ (net)
                      0.059600    0.000039    6.890161 v hold153/A (sky130_fd_sc_hd__dlygate4sd3_1)
     1    0.002095    0.102014    1.162383    8.052544 v hold153/X (sky130_fd_sc_hd__dlygate4sd3_1)
                                                         net153 (net)
                      0.102014    0.000019    8.052563 v _678_/D (sky130_fd_sc_hd__dfrtp_2)
                                              8.052563   data arrival time

                                 25.000000   25.000000   clock wb_clk_i (rise edge)
                                  0.000000   25.000000   clock source latency
     2    0.147424    1.063065    0.746587   25.746586 ^ wb_clk_i (in)
                                                         wb_clk_i (net)
                      1.073527    0.000000   25.746586 ^ clkbuf_0_wb_clk_i/A (sky130_fd_sc_hd__clkbuf_16)
    17    0.074001    0.154063    0.612493   26.359079 ^ clkbuf_0_wb_clk_i/X (sky130_fd_sc_hd__clkbuf_16)
                                                         clknet_0_wb_clk_i (net)
                      0.154096    0.002039   26.361118 ^ clkbuf_3_5_0_wb_clk_i/A (sky130_fd_sc_hd__clkbuf_8)
    11    0.036399    0.121134    0.294202   26.655321 ^ clkbuf_3_5_0_wb_clk_i/X (sky130_fd_sc_hd__clkbuf_8)
                                                         clknet_3_5_0_wb_clk_i (net)
                      0.121134    0.000266   26.655586 ^ _678_/CLK (sky130_fd_sc_hd__dfrtp_2)
                                 -0.250000   26.405588   clock uncertainty
                                  0.143061   26.548649   clock reconvergence pessimism
                                 -0.276344   26.272305   library setup time
                                             26.272305   data required time
---------------------------------------------------------------------------------------------
                                             26.272305   data required time
                                             -8.052563   data arrival time
---------------------------------------------------------------------------------------------
                                             18.219742   slack (MET)


Startpoint: _691_ (rising edge-triggered flip-flop clocked by wb_clk_i)
Endpoint: _680_ (rising edge-triggered flip-flop clocked by wb_clk_i)
Path Group: wb_clk_i
Path Type: max

Fanout         Cap        Slew       Delay        Time   Description
---------------------------------------------------------------------------------------------
                                  0.000000    0.000000   clock wb_clk_i (rise edge)
                                  0.000000    0.000000   clock source latency
     2    0.147424    1.063065    0.825174    0.825174 ^ wb_clk_i (in)
                                                         wb_clk_i (net)
                      1.073527    0.000000    0.825174 ^ clkbuf_0_wb_clk_i/A (sky130_fd_sc_hd__clkbuf_16)
    17    0.074001    0.154063    0.676967    1.502141 ^ clkbuf_0_wb_clk_i/X (sky130_fd_sc_hd__clkbuf_16)
                                                         clknet_0_wb_clk_i (net)
                      0.154090    0.002109    1.504251 ^ clkbuf_3_7_0_wb_clk_i/A (sky130_fd_sc_hd__clkbuf_8)
    12    0.034773    0.117264    0.321941    1.826191 ^ clkbuf_3_7_0_wb_clk_i/X (sky130_fd_sc_hd__clkbuf_8)
                                                         clknet_3_7_0_wb_clk_i (net)
                      0.117264    0.000273    1.826464 ^ _691_/CLK (sky130_fd_sc_hd__dfrtp_2)
     4    0.012830    0.122273    0.928727    2.755191 v _691_/Q (sky130_fd_sc_hd__dfrtp_2)
                                                         timer.sec_ones[2] (net)
                      0.122273    0.000026    2.755217 v hold142/A (sky130_fd_sc_hd__dlygate4sd3_1)
     2    0.012176    0.196500    1.327179    4.082396 v hold142/X (sky130_fd_sc_hd__dlygate4sd3_1)
                                                         net142 (net)
                      0.196500    0.000093    4.082489 v _343_/A_N (sky130_fd_sc_hd__and4b_2)
     3    0.009818    0.152941    0.720843    4.803332 ^ _343_/X (sky130_fd_sc_hd__and4b_2)
                                                         _178_ (net)
                      0.152941    0.000091    4.803423 ^ _356_/C (sky130_fd_sc_hd__and4b_2)
     6    0.027392    0.279303    0.714225    5.517648 ^ _356_/X (sky130_fd_sc_hd__and4b_2)
                                                         _186_ (net)
                      0.279303    0.000636    5.518285 ^ _374_/B (sky130_fd_sc_hd__and4_2)
     5    0.021536    0.237471    0.705084    6.223369 ^ _374_/X (sky130_fd_sc_hd__and4_2)
                                                         _197_ (net)
                      0.237471    0.000516    6.223885 ^ _375_/C (sky130_fd_sc_hd__and3_2)
     1    0.009785    0.130165    0.494563    6.718448 ^ _375_/X (sky130_fd_sc_hd__and3_2)
                                                         _198_ (net)
                      0.130165    0.000128    6.718575 ^ _376_/B (sky130_fd_sc_hd__xor2_2)
     1    0.001898    0.073013    0.127575    6.846150 v _376_/X (sky130_fd_sc_hd__xor2_2)
                                                         _155_ (net)
                      0.073013    0.000011    6.846161 v hold46/A (sky130_fd_sc_hd__dlygate4sd3_1)
     1    0.002173    0.102756    1.169790    8.015951 v hold46/X (sky130_fd_sc_hd__dlygate4sd3_1)
                                                         net46 (net)
                      0.102756    0.000020    8.015970 v _680_/D (sky130_fd_sc_hd__dfrtp_2)
                                              8.015970   data arrival time

                                 25.000000   25.000000   clock wb_clk_i (rise edge)
                                  0.000000   25.000000   clock source latency
     2    0.147424    1.063065    0.746587   25.746586 ^ wb_clk_i (in)
                                                         wb_clk_i (net)
                      1.073527    0.000000   25.746586 ^ clkbuf_0_wb_clk_i/A (sky130_fd_sc_hd__clkbuf_16)
    17    0.074001    0.154063    0.612493   26.359079 ^ clkbuf_0_wb_clk_i/X (sky130_fd_sc_hd__clkbuf_16)
                                                         clknet_0_wb_clk_i (net)
                      0.154096    0.002039   26.361118 ^ clkbuf_3_5_0_wb_clk_i/A (sky130_fd_sc_hd__clkbuf_8)
    11    0.036399    0.121134    0.294202   26.655321 ^ clkbuf_3_5_0_wb_clk_i/X (sky130_fd_sc_hd__clkbuf_8)
                                                         clknet_3_5_0_wb_clk_i (net)
                      0.121134    0.000254   26.655575 ^ _680_/CLK (sky130_fd_sc_hd__dfrtp_2)
                                 -0.250000   26.405575   clock uncertainty
                                  0.143061   26.548635   clock reconvergence pessimism
                                 -0.276654   26.271982   library setup time
                                             26.271982   data required time
---------------------------------------------------------------------------------------------
                                             26.271982   data required time
                                             -8.015970   data arrival time
---------------------------------------------------------------------------------------------
                                             18.256012   slack (MET)


Startpoint: _729_ (rising edge-triggered flip-flop clocked by wb_clk_i)
Endpoint: _758_ (rising edge-triggered flip-flop clocked by wb_clk_i)
Path Group: wb_clk_i
Path Type: max

Fanout         Cap        Slew       Delay        Time   Description
---------------------------------------------------------------------------------------------
                                  0.000000    0.000000   clock wb_clk_i (rise edge)
                                  0.000000    0.000000   clock source latency
     2    0.147424    1.063065    0.825174    0.825174 ^ wb_clk_i (in)
                                                         wb_clk_i (net)
                      1.073527    0.000000    0.825174 ^ clkbuf_0_wb_clk_i/A (sky130_fd_sc_hd__clkbuf_16)
    17    0.074001    0.154063    0.676967    1.502141 ^ clkbuf_0_wb_clk_i/X (sky130_fd_sc_hd__clkbuf_16)
                                                         clknet_0_wb_clk_i (net)
                      0.154090    0.002109    1.504251 ^ clkbuf_3_7_0_wb_clk_i/A (sky130_fd_sc_hd__clkbuf_8)
    12    0.034773    0.117264    0.321941    1.826191 ^ clkbuf_3_7_0_wb_clk_i/X (sky130_fd_sc_hd__clkbuf_8)
                                                         clknet_3_7_0_wb_clk_i (net)
                      0.117264    0.000370    1.826561 ^ _729_/CLK (sky130_fd_sc_hd__dfrtp_2)
     1    0.002110    0.065209    0.722242    2.548803 ^ _729_/Q (sky130_fd_sc_hd__dfrtp_2)
                                                         timer.sec_div[2] (net)
                      0.065209    0.000021    2.548823 ^ hold59/A (sky130_fd_sc_hd__dlygate4sd3_1)
     4    0.017757    0.301991    1.277704    3.826528 ^ hold59/X (sky130_fd_sc_hd__dlygate4sd3_1)
                                                         net59 (net)
                      0.301991    0.000140    3.826668 ^ _417_/D (sky130_fd_sc_hd__and4_2)
     8    0.027043    0.277460    0.768023    4.594690 ^ _417_/X (sky130_fd_sc_hd__and4_2)
                                                         _227_ (net)
                      0.277460    0.000748    4.595439 ^ _445_/A (sky130_fd_sc_hd__and4_2)
     9    0.032773    0.320028    0.755807    5.351246 ^ _445_/X (sky130_fd_sc_hd__and4_2)
                                                         _245_ (net)
                      0.320028    0.000986    5.352232 ^ _478_/A (sky130_fd_sc_hd__and4_2)
     5    0.022745    0.246236    0.707100    6.059332 ^ _478_/X (sky130_fd_sc_hd__and4_2)
                                                         _264_ (net)
                      0.246236    0.000405    6.059737 ^ _485_/D (sky130_fd_sc_hd__and4_2)
     1    0.009286    0.148294    0.613608    6.673345 ^ _485_/X (sky130_fd_sc_hd__and4_2)
                                                         _268_ (net)
                      0.148294    0.000101    6.673447 ^ _487_/B (sky130_fd_sc_hd__xor2_2)
     1    0.002318    0.075957    0.138663    6.812110 v _487_/X (sky130_fd_sc_hd__xor2_2)
                                                         _058_ (net)
                      0.075957    0.000026    6.812136 v hold32/A (sky130_fd_sc_hd__dlygate4sd3_1)
     1    0.002046    0.101294    1.168858    7.980994 v hold32/X (sky130_fd_sc_hd__dlygate4sd3_1)
                                                         net32 (net)
                      0.101294    0.000018    7.981012 v _758_/D (sky130_fd_sc_hd__dfrtp_2)
                                              7.981012   data arrival time

                                 25.000000   25.000000   clock wb_clk_i (rise edge)
                                  0.000000   25.000000   clock source latency
     2    0.147424    1.063065    0.746587   25.746586 ^ wb_clk_i (in)
                                                         wb_clk_i (net)
                      1.073527    0.000000   25.746586 ^ clkbuf_0_wb_clk_i/A (sky130_fd_sc_hd__clkbuf_16)
    17    0.074001    0.154063    0.612493   26.359079 ^ clkbuf_0_wb_clk_i/X (sky130_fd_sc_hd__clkbuf_16)
                                                         clknet_0_wb_clk_i (net)
                      0.154075    0.001405   26.360485 ^ clkbuf_3_3_0_wb_clk_i/A (sky130_fd_sc_hd__clkbuf_8)
    11    0.035092    0.118021    0.291859   26.652344 ^ clkbuf_3_3_0_wb_clk_i/X (sky130_fd_sc_hd__clkbuf_8)
                                                         clknet_3_3_0_wb_clk_i (net)
                      0.118021    0.000451   26.652794 ^ _758_/CLK (sky130_fd_sc_hd__dfrtp_2)
                                 -0.250000   26.402796   clock uncertainty
                                  0.143061   26.545856   clock reconvergence pessimism
                                 -0.276874   26.268982   library setup time
                                             26.268982   data required time
---------------------------------------------------------------------------------------------
                                             26.268982   data required time
                                             -7.981012   data arrival time
---------------------------------------------------------------------------------------------
                                             18.287971   slack (MET)


Startpoint: wb_rst_i (input port clocked by wb_clk_i)
Endpoint: _705_ (recovery check against rising-edge clock wb_clk_i)
Path Group: asynchronous
Path Type: max

Fanout         Cap        Slew       Delay        Time   Description
---------------------------------------------------------------------------------------------
                                  0.000000    0.000000   clock wb_clk_i (rise edge)
                                  0.000000    0.000000   clock network delay (propagated)
                                  5.000000    5.000000 v input external delay
     2    0.004739    0.026074    0.016087    5.016087 v wb_rst_i (in)
                                                         wb_rst_i (net)
                      0.026074    0.000000    5.016087 v input1/A (sky130_fd_sc_hd__buf_2)
     5    0.123250    0.530592    0.588063    5.604150 v input1/X (sky130_fd_sc_hd__buf_2)
                                                         net1 (net)
                      0.543458    0.068966    5.673116 v fanout19/A (sky130_fd_sc_hd__clkdlybuf4s25_1)
     2    0.010168    0.162809    0.751682    6.424798 v fanout19/X (sky130_fd_sc_hd__clkdlybuf4s25_1)
                                                         net19 (net)
                      0.162809    0.000272    6.425070 v wire20/A (sky130_fd_sc_hd__buf_4)
    19    0.067569    0.168816    0.424290    6.849361 v wire20/X (sky130_fd_sc_hd__buf_4)
                                                         net20 (net)
                      0.168875    0.003184    6.852545 v fanout17/A (sky130_fd_sc_hd__clkdlybuf4s25_1)
     9    0.050119    0.668514    1.010939    7.863483 v fanout17/X (sky130_fd_sc_hd__clkdlybuf4s25_1)
                                                         net17 (net)
                      0.668514    0.000262    7.863745 v max_cap18/A (sky130_fd_sc_hd__buf_6)
     8    0.048338    0.100332    0.562950    8.426695 v max_cap18/X (sky130_fd_sc_hd__buf_6)
                                                         net18 (net)
                      0.100420    0.001121    8.427816 v _621_/A (sky130_fd_sc_hd__inv_2)
     1    0.004417    0.049608    0.091714    8.519530 ^ _621_/Y (sky130_fd_sc_hd__inv_2)
                                                         _096_ (net)
                      0.049608    0.000049    8.519579 ^ _705_/RESET_B (sky130_fd_sc_hd__dfrtp_2)
                                              8.519579   data arrival time

                                 25.000000   25.000000   clock wb_clk_i (rise edge)
                                  0.000000   25.000000   clock source latency
     2    0.147424    1.063065    0.746587   25.746586 ^ wb_clk_i (in)
                                                         wb_clk_i (net)
                      1.073527    0.000000   25.746586 ^ clkbuf_0_wb_clk_i/A (sky130_fd_sc_hd__clkbuf_16)
    17    0.074001    0.154063    0.612493   26.359079 ^ clkbuf_0_wb_clk_i/X (sky130_fd_sc_hd__clkbuf_16)
                                                         clknet_0_wb_clk_i (net)
                      0.154075    0.001405   26.360485 ^ clkbuf_3_3_0_wb_clk_i/A (sky130_fd_sc_hd__clkbuf_8)
    11    0.035092    0.118021    0.291859   26.652344 ^ clkbuf_3_3_0_wb_clk_i/X (sky130_fd_sc_hd__clkbuf_8)
                                                         clknet_3_3_0_wb_clk_i (net)
                      0.118021    0.000286   26.652630 ^ _705_/CLK (sky130_fd_sc_hd__dfrtp_2)
                                 -0.250000   26.402630   clock uncertainty
                                  0.000000   26.402630   clock reconvergence pessimism
                                  0.469285   26.871916   library recovery time
                                             26.871916   data required time
---------------------------------------------------------------------------------------------
                                             26.871916   data required time
                                             -8.519579   data arrival time
---------------------------------------------------------------------------------------------
                                             18.352335   slack (MET)


Startpoint: wb_rst_i (input port clocked by wb_clk_i)
Endpoint: _681_ (recovery check against rising-edge clock wb_clk_i)
Path Group: asynchronous
Path Type: max

Fanout         Cap        Slew       Delay        Time   Description
---------------------------------------------------------------------------------------------
                                  0.000000    0.000000   clock wb_clk_i (rise edge)
                                  0.000000    0.000000   clock network delay (propagated)
                                  5.000000    5.000000 v input external delay
     2    0.004739    0.026074    0.016087    5.016087 v wb_rst_i (in)
                                                         wb_rst_i (net)
                      0.026074    0.000000    5.016087 v input1/A (sky130_fd_sc_hd__buf_2)
     5    0.123250    0.530592    0.588063    5.604150 v input1/X (sky130_fd_sc_hd__buf_2)
                                                         net1 (net)
                      0.544132    0.070658    5.674808 v fanout25/A (sky130_fd_sc_hd__clkdlybuf4s25_1)
     8    0.040183    0.540400    1.054233    6.729041 v fanout25/X (sky130_fd_sc_hd__clkdlybuf4s25_1)
                                                         net25 (net)
                      0.540400    0.001436    6.730476 v load_slew26/A (sky130_fd_sc_hd__buf_4)
    15    0.057906    0.151517    0.594232    7.324708 v load_slew26/X (sky130_fd_sc_hd__buf_4)
                                                         net26 (net)
                      0.151534    0.001789    7.326497 v fanout23/A (sky130_fd_sc_hd__clkdlybuf4s25_1)
     7    0.042969    0.575437    0.931853    8.258349 v fanout23/X (sky130_fd_sc_hd__clkdlybuf4s25_1)
                                                         net23 (net)
                      0.575437    0.001386    8.259736 v _597_/A (sky130_fd_sc_hd__inv_2)
     1    0.004067    0.136191    0.221828    8.481565 ^ _597_/Y (sky130_fd_sc_hd__inv_2)
                                                         _072_ (net)
                      0.136191    0.000040    8.481605 ^ _681_/RESET_B (sky130_fd_sc_hd__dfrtp_2)
                                              8.481605   data arrival time

                                 25.000000   25.000000   clock wb_clk_i (rise edge)
                                  0.000000   25.000000   clock source latency
     2    0.147424    1.063065    0.746587   25.746586 ^ wb_clk_i (in)
                                                         wb_clk_i (net)
                      1.073527    0.000000   25.746586 ^ clkbuf_0_wb_clk_i/A (sky130_fd_sc_hd__clkbuf_16)
    17    0.074001    0.154063    0.612493   26.359079 ^ clkbuf_0_wb_clk_i/X (sky130_fd_sc_hd__clkbuf_16)
                                                         clknet_0_wb_clk_i (net)
                      0.154090    0.001908   26.360987 ^ clkbuf_3_7_0_wb_clk_i/A (sky130_fd_sc_hd__clkbuf_8)
    12    0.034773    0.117264    0.291280   26.652267 ^ clkbuf_3_7_0_wb_clk_i/X (sky130_fd_sc_hd__clkbuf_8)
                                                         clknet_3_7_0_wb_clk_i (net)
                      0.117264    0.000508   26.652775 ^ _681_/CLK (sky130_fd_sc_hd__dfrtp_2)
                                 -0.250000   26.402777   clock uncertainty
                                  0.000000   26.402777   clock reconvergence pessimism
                                  0.432149   26.834925   library recovery time
                                             26.834925   data required time
---------------------------------------------------------------------------------------------
                                             26.834925   data required time
                                             -8.481605   data arrival time
---------------------------------------------------------------------------------------------
                                             18.353319   slack (MET)


Startpoint: wb_rst_i (input port clocked by wb_clk_i)
Endpoint: _682_ (recovery check against rising-edge clock wb_clk_i)
Path Group: asynchronous
Path Type: max

Fanout         Cap        Slew       Delay        Time   Description
---------------------------------------------------------------------------------------------
                                  0.000000    0.000000   clock wb_clk_i (rise edge)
                                  0.000000    0.000000   clock network delay (propagated)
                                  5.000000    5.000000 v input external delay
     2    0.004739    0.026074    0.016087    5.016087 v wb_rst_i (in)
                                                         wb_rst_i (net)
                      0.026074    0.000000    5.016087 v input1/A (sky130_fd_sc_hd__buf_2)
     5    0.123250    0.530592    0.588063    5.604150 v input1/X (sky130_fd_sc_hd__buf_2)
                                                         net1 (net)
                      0.544132    0.070658    5.674808 v fanout25/A (sky130_fd_sc_hd__clkdlybuf4s25_1)
     8    0.040183    0.540400    1.054233    6.729041 v fanout25/X (sky130_fd_sc_hd__clkdlybuf4s25_1)
                                                         net25 (net)
                      0.540400    0.001436    6.730476 v load_slew26/A (sky130_fd_sc_hd__buf_4)
    15    0.057906    0.151517    0.594232    7.324708 v load_slew26/X (sky130_fd_sc_hd__buf_4)
                                                         net26 (net)
                      0.151534    0.001789    7.326497 v fanout23/A (sky130_fd_sc_hd__clkdlybuf4s25_1)
     7    0.042969    0.575437    0.931853    8.258349 v fanout23/X (sky130_fd_sc_hd__clkdlybuf4s25_1)
                                                         net23 (net)
                      0.575437    0.001291    8.259641 v _598_/A (sky130_fd_sc_hd__inv_2)
     1    0.004019    0.135723    0.220966    8.480607 ^ _598_/Y (sky130_fd_sc_hd__inv_2)
                                                         _073_ (net)
                      0.135723    0.000044    8.480650 ^ _682_/RESET_B (sky130_fd_sc_hd__dfrtp_2)
                                              8.480650   data arrival time

                                 25.000000   25.000000   clock wb_clk_i (rise edge)
                                  0.000000   25.000000   clock source latency
     2    0.147424    1.063065    0.746587   25.746586 ^ wb_clk_i (in)
                                                         wb_clk_i (net)
                      1.073527    0.000000   25.746586 ^ clkbuf_0_wb_clk_i/A (sky130_fd_sc_hd__clkbuf_16)
    17    0.074001    0.154063    0.612493   26.359079 ^ clkbuf_0_wb_clk_i/X (sky130_fd_sc_hd__clkbuf_16)
                                                         clknet_0_wb_clk_i (net)
                      0.154090    0.001908   26.360987 ^ clkbuf_3_7_0_wb_clk_i/A (sky130_fd_sc_hd__clkbuf_8)
    12    0.034773    0.117264    0.291280   26.652267 ^ clkbuf_3_7_0_wb_clk_i/X (sky130_fd_sc_hd__clkbuf_8)
                                                         clknet_3_7_0_wb_clk_i (net)
                      0.117264    0.000519   26.652786 ^ _682_/CLK (sky130_fd_sc_hd__dfrtp_2)
                                 -0.250000   26.402786   clock uncertainty
                                  0.000000   26.402786   clock reconvergence pessimism
                                  0.432349   26.835136   library recovery time
                                             26.835136   data required time
---------------------------------------------------------------------------------------------
                                             26.835136   data required time
                                             -8.480650   data arrival time
---------------------------------------------------------------------------------------------
                                             18.354485   slack (MET)


Startpoint: wb_rst_i (input port clocked by wb_clk_i)
Endpoint: _678_ (recovery check against rising-edge clock wb_clk_i)
Path Group: asynchronous
Path Type: max

Fanout         Cap        Slew       Delay        Time   Description
---------------------------------------------------------------------------------------------
                                  0.000000    0.000000   clock wb_clk_i (rise edge)
                                  0.000000    0.000000   clock network delay (propagated)
                                  5.000000    5.000000 v input external delay
     2    0.004739    0.026074    0.016087    5.016087 v wb_rst_i (in)
                                                         wb_rst_i (net)
                      0.026074    0.000000    5.016087 v input1/A (sky130_fd_sc_hd__buf_2)
     5    0.123250    0.530592    0.588063    5.604150 v input1/X (sky130_fd_sc_hd__buf_2)
                                                         net1 (net)
                      0.544132    0.070658    5.674808 v fanout25/A (sky130_fd_sc_hd__clkdlybuf4s25_1)
     8    0.040183    0.540400    1.054233    6.729041 v fanout25/X (sky130_fd_sc_hd__clkdlybuf4s25_1)
                                                         net25 (net)
                      0.540400    0.001436    6.730476 v load_slew26/A (sky130_fd_sc_hd__buf_4)
    15    0.057906    0.151517    0.594232    7.324708 v load_slew26/X (sky130_fd_sc_hd__buf_4)
                                                         net26 (net)
                      0.151534    0.001789    7.326497 v fanout23/A (sky130_fd_sc_hd__clkdlybuf4s25_1)
     7    0.042969    0.575437    0.931853    8.258349 v fanout23/X (sky130_fd_sc_hd__clkdlybuf4s25_1)
                                                         net23 (net)
                      0.575437    0.000740    8.259089 v _594_/A (sky130_fd_sc_hd__inv_2)
     1    0.004199    0.137495    0.224227    8.483316 ^ _594_/Y (sky130_fd_sc_hd__inv_2)
                                                         _069_ (net)
                      0.137495    0.000045    8.483362 ^ _678_/RESET_B (sky130_fd_sc_hd__dfrtp_2)
                                              8.483362   data arrival time

                                 25.000000   25.000000   clock wb_clk_i (rise edge)
                                  0.000000   25.000000   clock source latency
     2    0.147424    1.063065    0.746587   25.746586 ^ wb_clk_i (in)
                                                         wb_clk_i (net)
                      1.073527    0.000000   25.746586 ^ clkbuf_0_wb_clk_i/A (sky130_fd_sc_hd__clkbuf_16)
    17    0.074001    0.154063    0.612493   26.359079 ^ clkbuf_0_wb_clk_i/X (sky130_fd_sc_hd__clkbuf_16)
                                                         clknet_0_wb_clk_i (net)
                      0.154096    0.002039   26.361118 ^ clkbuf_3_5_0_wb_clk_i/A (sky130_fd_sc_hd__clkbuf_8)
    11    0.036399    0.121134    0.294202   26.655321 ^ clkbuf_3_5_0_wb_clk_i/X (sky130_fd_sc_hd__clkbuf_8)
                                                         clknet_3_5_0_wb_clk_i (net)
                      0.121134    0.000266   26.655586 ^ _678_/CLK (sky130_fd_sc_hd__dfrtp_2)
                                 -0.250000   26.405588   clock uncertainty
                                  0.000000   26.405588   clock reconvergence pessimism
                                  0.432895   26.838482   library recovery time
                                             26.838482   data required time
---------------------------------------------------------------------------------------------
                                             26.838482   data required time
                                             -8.483362   data arrival time
---------------------------------------------------------------------------------------------
                                             18.355120   slack (MET)


Startpoint: wb_rst_i (input port clocked by wb_clk_i)
Endpoint: _679_ (recovery check against rising-edge clock wb_clk_i)
Path Group: asynchronous
Path Type: max

Fanout         Cap        Slew       Delay        Time   Description
---------------------------------------------------------------------------------------------
                                  0.000000    0.000000   clock wb_clk_i (rise edge)
                                  0.000000    0.000000   clock network delay (propagated)
                                  5.000000    5.000000 v input external delay
     2    0.004739    0.026074    0.016087    5.016087 v wb_rst_i (in)
                                                         wb_rst_i (net)
                      0.026074    0.000000    5.016087 v input1/A (sky130_fd_sc_hd__buf_2)
     5    0.123250    0.530592    0.588063    5.604150 v input1/X (sky130_fd_sc_hd__buf_2)
                                                         net1 (net)
                      0.544132    0.070658    5.674808 v fanout25/A (sky130_fd_sc_hd__clkdlybuf4s25_1)
     8    0.040183    0.540400    1.054233    6.729041 v fanout25/X (sky130_fd_sc_hd__clkdlybuf4s25_1)
                                                         net25 (net)
                      0.540400    0.001436    6.730476 v load_slew26/A (sky130_fd_sc_hd__buf_4)
    15    0.057906    0.151517    0.594232    7.324708 v load_slew26/X (sky130_fd_sc_hd__buf_4)
                                                         net26 (net)
                      0.151534    0.001789    7.326497 v fanout23/A (sky130_fd_sc_hd__clkdlybuf4s25_1)
     7    0.042969    0.575437    0.931853    8.258349 v fanout23/X (sky130_fd_sc_hd__clkdlybuf4s25_1)
                                                         net23 (net)
                      0.575437    0.000019    8.258368 v _595_/A (sky130_fd_sc_hd__inv_2)
     1    0.004221    0.137710    0.224624    8.482992 ^ _595_/Y (sky130_fd_sc_hd__inv_2)
                                                         _070_ (net)
                      0.137710    0.000042    8.483034 ^ _679_/RESET_B (sky130_fd_sc_hd__dfrtp_2)
                                              8.483034   data arrival time

                                 25.000000   25.000000   clock wb_clk_i (rise edge)
                                  0.000000   25.000000   clock source latency
     2    0.147424    1.063065    0.746587   25.746586 ^ wb_clk_i (in)
                                                         wb_clk_i (net)
                      1.073527    0.000000   25.746586 ^ clkbuf_0_wb_clk_i/A (sky130_fd_sc_hd__clkbuf_16)
    17    0.074001    0.154063    0.612493   26.359079 ^ clkbuf_0_wb_clk_i/X (sky130_fd_sc_hd__clkbuf_16)
                                                         clknet_0_wb_clk_i (net)
                      0.154096    0.002039   26.361118 ^ clkbuf_3_5_0_wb_clk_i/A (sky130_fd_sc_hd__clkbuf_8)
    11    0.036399    0.121134    0.294202   26.655321 ^ clkbuf_3_5_0_wb_clk_i/X (sky130_fd_sc_hd__clkbuf_8)
                                                         clknet_3_5_0_wb_clk_i (net)
                      0.121134    0.000226   26.655546 ^ _679_/CLK (sky130_fd_sc_hd__dfrtp_2)
                                 -0.250000   26.405546   clock uncertainty
                                  0.000000   26.405546   clock reconvergence pessimism
                                  0.432803   26.838348   library recovery time
                                             26.838348   data required time
---------------------------------------------------------------------------------------------
                                             26.838348   data required time
                                             -8.483034   data arrival time
---------------------------------------------------------------------------------------------
                                             18.355316   slack (MET)


Startpoint: wb_rst_i (input port clocked by wb_clk_i)
Endpoint: _702_ (recovery check against rising-edge clock wb_clk_i)
Path Group: asynchronous
Path Type: max

Fanout         Cap        Slew       Delay        Time   Description
---------------------------------------------------------------------------------------------
                                  0.000000    0.000000   clock wb_clk_i (rise edge)
                                  0.000000    0.000000   clock network delay (propagated)
                                  5.000000    5.000000 v input external delay
     2    0.004739    0.026074    0.016087    5.016087 v wb_rst_i (in)
                                                         wb_rst_i (net)
                      0.026074    0.000000    5.016087 v input1/A (sky130_fd_sc_hd__buf_2)
     5    0.123250    0.530592    0.588063    5.604150 v input1/X (sky130_fd_sc_hd__buf_2)
                                                         net1 (net)
                      0.543458    0.068966    5.673116 v fanout19/A (sky130_fd_sc_hd__clkdlybuf4s25_1)
     2    0.010168    0.162809    0.751682    6.424798 v fanout19/X (sky130_fd_sc_hd__clkdlybuf4s25_1)
                                                         net19 (net)
                      0.162809    0.000272    6.425070 v wire20/A (sky130_fd_sc_hd__buf_4)
    19    0.067569    0.168816    0.424290    6.849361 v wire20/X (sky130_fd_sc_hd__buf_4)
                                                         net20 (net)
                      0.168875    0.003184    6.852545 v fanout17/A (sky130_fd_sc_hd__clkdlybuf4s25_1)
     9    0.050119    0.668514    1.010939    7.863483 v fanout17/X (sky130_fd_sc_hd__clkdlybuf4s25_1)
                                                         net17 (net)
                      0.668514    0.000262    7.863745 v max_cap18/A (sky130_fd_sc_hd__buf_6)
     8    0.048338    0.100332    0.562950    8.426695 v max_cap18/X (sky130_fd_sc_hd__buf_6)
                                                         net18 (net)
                      0.100462    0.002179    8.428874 v _618_/A (sky130_fd_sc_hd__inv_2)
     1    0.003651    0.045347    0.087033    8.515906 ^ _618_/Y (sky130_fd_sc_hd__inv_2)
                                                         _093_ (net)
                      0.045347    0.000028    8.515935 ^ _702_/RESET_B (sky130_fd_sc_hd__dfrtp_2)
                                              8.515935   data arrival time

                                 25.000000   25.000000   clock wb_clk_i (rise edge)
                                  0.000000   25.000000   clock source latency
     2    0.147424    1.063065    0.746587   25.746586 ^ wb_clk_i (in)
                                                         wb_clk_i (net)
                      1.073527    0.000000   25.746586 ^ clkbuf_0_wb_clk_i/A (sky130_fd_sc_hd__clkbuf_16)
    17    0.074001    0.154063    0.612493   26.359079 ^ clkbuf_0_wb_clk_i/X (sky130_fd_sc_hd__clkbuf_16)
                                                         clknet_0_wb_clk_i (net)
                      0.154075    0.001405   26.360485 ^ clkbuf_3_3_0_wb_clk_i/A (sky130_fd_sc_hd__clkbuf_8)
    11    0.035092    0.118021    0.291859   26.652344 ^ clkbuf_3_3_0_wb_clk_i/X (sky130_fd_sc_hd__clkbuf_8)
                                                         clknet_3_3_0_wb_clk_i (net)
                      0.118021    0.000231   26.652575 ^ _702_/CLK (sky130_fd_sc_hd__dfrtp_2)
                                 -0.250000   26.402575   clock uncertainty
                                  0.000000   26.402575   clock reconvergence pessimism
                                  0.471100   26.873676   library recovery time
                                             26.873676   data required time
---------------------------------------------------------------------------------------------
                                             26.873676   data required time
                                             -8.515935   data arrival time
---------------------------------------------------------------------------------------------
                                             18.357740   slack (MET)


Startpoint: wb_rst_i (input port clocked by wb_clk_i)
Endpoint: _700_ (recovery check against rising-edge clock wb_clk_i)
Path Group: asynchronous
Path Type: max

Fanout         Cap        Slew       Delay        Time   Description
---------------------------------------------------------------------------------------------
                                  0.000000    0.000000   clock wb_clk_i (rise edge)
                                  0.000000    0.000000   clock network delay (propagated)
                                  5.000000    5.000000 v input external delay
     2    0.004739    0.026074    0.016087    5.016087 v wb_rst_i (in)
                                                         wb_rst_i (net)
                      0.026074    0.000000    5.016087 v input1/A (sky130_fd_sc_hd__buf_2)
     5    0.123250    0.530592    0.588063    5.604150 v input1/X (sky130_fd_sc_hd__buf_2)
                                                         net1 (net)
                      0.543458    0.068966    5.673116 v fanout19/A (sky130_fd_sc_hd__clkdlybuf4s25_1)
     2    0.010168    0.162809    0.751682    6.424798 v fanout19/X (sky130_fd_sc_hd__clkdlybuf4s25_1)
                                                         net19 (net)
                      0.162809    0.000272    6.425070 v wire20/A (sky130_fd_sc_hd__buf_4)
    19    0.067569    0.168816    0.424290    6.849361 v wire20/X (sky130_fd_sc_hd__buf_4)
                                                         net20 (net)
                      0.168875    0.003184    6.852545 v fanout17/A (sky130_fd_sc_hd__clkdlybuf4s25_1)
     9    0.050119    0.668514    1.010939    7.863483 v fanout17/X (sky130_fd_sc_hd__clkdlybuf4s25_1)
                                                         net17 (net)
                      0.668514    0.000262    7.863745 v max_cap18/A (sky130_fd_sc_hd__buf_6)
     8    0.048338    0.100332    0.562950    8.426695 v max_cap18/X (sky130_fd_sc_hd__buf_6)
                                                         net18 (net)
                      0.100447    0.001882    8.428577 v _616_/A (sky130_fd_sc_hd__inv_2)
     1    0.003665    0.045422    0.087116    8.515694 ^ _616_/Y (sky130_fd_sc_hd__inv_2)
                                                         _091_ (net)
                      0.045422    0.000032    8.515725 ^ _700_/RESET_B (sky130_fd_sc_hd__dfrtp_2)
                                              8.515725   data arrival time

                                 25.000000   25.000000   clock wb_clk_i (rise edge)
                                  0.000000   25.000000   clock source latency
     2    0.147424    1.063065    0.746587   25.746586 ^ wb_clk_i (in)
                                                         wb_clk_i (net)
                      1.073527    0.000000   25.746586 ^ clkbuf_0_wb_clk_i/A (sky130_fd_sc_hd__clkbuf_16)
    17    0.074001    0.154063    0.612493   26.359079 ^ clkbuf_0_wb_clk_i/X (sky130_fd_sc_hd__clkbuf_16)
                                                         clknet_0_wb_clk_i (net)
                      0.154075    0.001405   26.360485 ^ clkbuf_3_3_0_wb_clk_i/A (sky130_fd_sc_hd__clkbuf_8)
    11    0.035092    0.118021    0.291859   26.652344 ^ clkbuf_3_3_0_wb_clk_i/X (sky130_fd_sc_hd__clkbuf_8)
                                                         clknet_3_3_0_wb_clk_i (net)
                      0.118021    0.000297   26.652639 ^ _700_/CLK (sky130_fd_sc_hd__dfrtp_2)
                                 -0.250000   26.402641   clock uncertainty
                                  0.000000   26.402641   clock reconvergence pessimism
                                  0.471068   26.873709   library recovery time
                                             26.873709   data required time
---------------------------------------------------------------------------------------------
                                             26.873709   data required time
                                             -8.515725   data arrival time
---------------------------------------------------------------------------------------------
                                             18.357985   slack (MET)


Startpoint: wb_rst_i (input port clocked by wb_clk_i)
Endpoint: _701_ (recovery check against rising-edge clock wb_clk_i)
Path Group: asynchronous
Path Type: max

Fanout         Cap        Slew       Delay        Time   Description
---------------------------------------------------------------------------------------------
                                  0.000000    0.000000   clock wb_clk_i (rise edge)
                                  0.000000    0.000000   clock network delay (propagated)
                                  5.000000    5.000000 v input external delay
     2    0.004739    0.026074    0.016087    5.016087 v wb_rst_i (in)
                                                         wb_rst_i (net)
                      0.026074    0.000000    5.016087 v input1/A (sky130_fd_sc_hd__buf_2)
     5    0.123250    0.530592    0.588063    5.604150 v input1/X (sky130_fd_sc_hd__buf_2)
                                                         net1 (net)
                      0.543458    0.068966    5.673116 v fanout19/A (sky130_fd_sc_hd__clkdlybuf4s25_1)
     2    0.010168    0.162809    0.751682    6.424798 v fanout19/X (sky130_fd_sc_hd__clkdlybuf4s25_1)
                                                         net19 (net)
                      0.162809    0.000272    6.425070 v wire20/A (sky130_fd_sc_hd__buf_4)
    19    0.067569    0.168816    0.424290    6.849361 v wire20/X (sky130_fd_sc_hd__buf_4)
                                                         net20 (net)
                      0.168875    0.003184    6.852545 v fanout17/A (sky130_fd_sc_hd__clkdlybuf4s25_1)
     9    0.050119    0.668514    1.010939    7.863483 v fanout17/X (sky130_fd_sc_hd__clkdlybuf4s25_1)
                                                         net17 (net)
                      0.668514    0.000262    7.863745 v max_cap18/A (sky130_fd_sc_hd__buf_6)
     8    0.048338    0.100332    0.562950    8.426695 v max_cap18/X (sky130_fd_sc_hd__buf_6)
                                                         net18 (net)
                      0.100445    0.001848    8.428543 v _617_/A (sky130_fd_sc_hd__inv_2)
     1    0.003653    0.045358    0.087042    8.515586 ^ _617_/Y (sky130_fd_sc_hd__inv_2)
                                                         _092_ (net)
                      0.045358    0.000029    8.515615 ^ _701_/RESET_B (sky130_fd_sc_hd__dfrtp_2)
                                              8.515615   data arrival time

                                 25.000000   25.000000   clock wb_clk_i (rise edge)
                                  0.000000   25.000000   clock source latency
     2    0.147424    1.063065    0.746587   25.746586 ^ wb_clk_i (in)
                                                         wb_clk_i (net)
                      1.073527    0.000000   25.746586 ^ clkbuf_0_wb_clk_i/A (sky130_fd_sc_hd__clkbuf_16)
    17    0.074001    0.154063    0.612493   26.359079 ^ clkbuf_0_wb_clk_i/X (sky130_fd_sc_hd__clkbuf_16)
                                                         clknet_0_wb_clk_i (net)
                      0.154075    0.001405   26.360485 ^ clkbuf_3_3_0_wb_clk_i/A (sky130_fd_sc_hd__clkbuf_8)
    11    0.035092    0.118021    0.291859   26.652344 ^ clkbuf_3_3_0_wb_clk_i/X (sky130_fd_sc_hd__clkbuf_8)
                                                         clknet_3_3_0_wb_clk_i (net)
                      0.118021    0.000192   26.652534 ^ _701_/CLK (sky130_fd_sc_hd__dfrtp_2)
                                 -0.250000   26.402536   clock uncertainty
                                  0.000000   26.402536   clock reconvergence pessimism
                                  0.471096   26.873631   library recovery time
                                             26.873631   data required time
---------------------------------------------------------------------------------------------
                                             26.873631   data required time
                                             -8.515615   data arrival time
---------------------------------------------------------------------------------------------
                                             18.358017   slack (MET)


Startpoint: wb_rst_i (input port clocked by wb_clk_i)
Endpoint: _704_ (recovery check against rising-edge clock wb_clk_i)
Path Group: asynchronous
Path Type: max

Fanout         Cap        Slew       Delay        Time   Description
---------------------------------------------------------------------------------------------
                                  0.000000    0.000000   clock wb_clk_i (rise edge)
                                  0.000000    0.000000   clock network delay (propagated)
                                  5.000000    5.000000 v input external delay
     2    0.004739    0.026074    0.016087    5.016087 v wb_rst_i (in)
                                                         wb_rst_i (net)
                      0.026074    0.000000    5.016087 v input1/A (sky130_fd_sc_hd__buf_2)
     5    0.123250    0.530592    0.588063    5.604150 v input1/X (sky130_fd_sc_hd__buf_2)
                                                         net1 (net)
                      0.543458    0.068966    5.673116 v fanout19/A (sky130_fd_sc_hd__clkdlybuf4s25_1)
     2    0.010168    0.162809    0.751682    6.424798 v fanout19/X (sky130_fd_sc_hd__clkdlybuf4s25_1)
                                                         net19 (net)
                      0.162809    0.000272    6.425070 v wire20/A (sky130_fd_sc_hd__buf_4)
    19    0.067569    0.168816    0.424290    6.849361 v wire20/X (sky130_fd_sc_hd__buf_4)
                                                         net20 (net)
                      0.168875    0.003184    6.852545 v fanout17/A (sky130_fd_sc_hd__clkdlybuf4s25_1)
     9    0.050119    0.668514    1.010939    7.863483 v fanout17/X (sky130_fd_sc_hd__clkdlybuf4s25_1)
                                                         net17 (net)
                      0.668514    0.000262    7.863745 v max_cap18/A (sky130_fd_sc_hd__buf_6)
     8    0.048338    0.100332    0.562950    8.426695 v max_cap18/X (sky130_fd_sc_hd__buf_6)
                                                         net18 (net)
                      0.100468    0.002286    8.428982 v _620_/A (sky130_fd_sc_hd__inv_2)
     1    0.003520    0.044650    0.086235    8.515216 ^ _620_/Y (sky130_fd_sc_hd__inv_2)
                                                         _095_ (net)
                      0.044650    0.000026    8.515242 ^ _704_/RESET_B (sky130_fd_sc_hd__dfrtp_2)
                                              8.515242   data arrival time

                                 25.000000   25.000000   clock wb_clk_i (rise edge)
                                  0.000000   25.000000   clock source latency
     2    0.147424    1.063065    0.746587   25.746586 ^ wb_clk_i (in)
                                                         wb_clk_i (net)
                      1.073527    0.000000   25.746586 ^ clkbuf_0_wb_clk_i/A (sky130_fd_sc_hd__clkbuf_16)
    17    0.074001    0.154063    0.612493   26.359079 ^ clkbuf_0_wb_clk_i/X (sky130_fd_sc_hd__clkbuf_16)
                                                         clknet_0_wb_clk_i (net)
                      0.154103    0.002224   26.361303 ^ clkbuf_3_2_0_wb_clk_i/A (sky130_fd_sc_hd__clkbuf_8)
    11    0.034623    0.116907    0.291033   26.652336 ^ clkbuf_3_2_0_wb_clk_i/X (sky130_fd_sc_hd__clkbuf_8)
                                                         clknet_3_2_0_wb_clk_i (net)
                      0.116907    0.000471   26.652807 ^ _704_/CLK (sky130_fd_sc_hd__dfrtp_2)
                                 -0.250000   26.402807   clock uncertainty
                                  0.000000   26.402807   clock reconvergence pessimism
                                  0.471026   26.873835   library recovery time
                                             26.873835   data required time
---------------------------------------------------------------------------------------------
                                             26.873835   data required time
                                             -8.515242   data arrival time
---------------------------------------------------------------------------------------------
                                             18.358591   slack (MET)


Startpoint: _729_ (rising edge-triggered flip-flop clocked by wb_clk_i)
Endpoint: _757_ (rising edge-triggered flip-flop clocked by wb_clk_i)
Path Group: wb_clk_i
Path Type: max

Fanout         Cap        Slew       Delay        Time   Description
---------------------------------------------------------------------------------------------
                                  0.000000    0.000000   clock wb_clk_i (rise edge)
                                  0.000000    0.000000   clock source latency
     2    0.147424    1.063065    0.825174    0.825174 ^ wb_clk_i (in)
                                                         wb_clk_i (net)
                      1.073527    0.000000    0.825174 ^ clkbuf_0_wb_clk_i/A (sky130_fd_sc_hd__clkbuf_16)
    17    0.074001    0.154063    0.676967    1.502141 ^ clkbuf_0_wb_clk_i/X (sky130_fd_sc_hd__clkbuf_16)
                                                         clknet_0_wb_clk_i (net)
                      0.154090    0.002109    1.504251 ^ clkbuf_3_7_0_wb_clk_i/A (sky130_fd_sc_hd__clkbuf_8)
    12    0.034773    0.117264    0.321941    1.826191 ^ clkbuf_3_7_0_wb_clk_i/X (sky130_fd_sc_hd__clkbuf_8)
                                                         clknet_3_7_0_wb_clk_i (net)
                      0.117264    0.000370    1.826561 ^ _729_/CLK (sky130_fd_sc_hd__dfrtp_2)
     1    0.002110    0.065209    0.722242    2.548803 ^ _729_/Q (sky130_fd_sc_hd__dfrtp_2)
                                                         timer.sec_div[2] (net)
                      0.065209    0.000021    2.548823 ^ hold59/A (sky130_fd_sc_hd__dlygate4sd3_1)
     4    0.017757    0.301991    1.277704    3.826528 ^ hold59/X (sky130_fd_sc_hd__dlygate4sd3_1)
                                                         net59 (net)
                      0.301991    0.000140    3.826668 ^ _417_/D (sky130_fd_sc_hd__and4_2)
     8    0.027043    0.277460    0.768023    4.594690 ^ _417_/X (sky130_fd_sc_hd__and4_2)
                                                         _227_ (net)
                      0.277460    0.000748    4.595439 ^ _445_/A (sky130_fd_sc_hd__and4_2)
     9    0.032773    0.320028    0.755807    5.351246 ^ _445_/X (sky130_fd_sc_hd__and4_2)
                                                         _245_ (net)
                      0.320028    0.000986    5.352232 ^ _478_/A (sky130_fd_sc_hd__and4_2)
     5    0.022745    0.246236    0.707100    6.059332 ^ _478_/X (sky130_fd_sc_hd__and4_2)
                                                         _264_ (net)
                      0.246236    0.000498    6.059831 ^ _482_/C (sky130_fd_sc_hd__and3_2)
     2    0.014491    0.164749    0.534016    6.593847 ^ _482_/X (sky130_fd_sc_hd__and3_2)
                                                         _266_ (net)
                      0.164749    0.000186    6.594033 ^ _486_/B (sky130_fd_sc_hd__xor2_2)
     1    0.002180    0.076629    0.144749    6.738782 v _486_/X (sky130_fd_sc_hd__xor2_2)
                                                         _057_ (net)
                      0.076629    0.000024    6.738807 v hold42/A (sky130_fd_sc_hd__dlygate4sd3_1)
     1    0.002141    0.102363    1.170851    7.909657 v hold42/X (sky130_fd_sc_hd__dlygate4sd3_1)
                                                         net42 (net)
                      0.102363    0.000019    7.909676 v _757_/D (sky130_fd_sc_hd__dfrtp_2)
                                              7.909676   data arrival time

                                 25.000000   25.000000   clock wb_clk_i (rise edge)
                                  0.000000   25.000000   clock source latency
     2    0.147424    1.063065    0.746587   25.746586 ^ wb_clk_i (in)
                                                         wb_clk_i (net)
                      1.073527    0.000000   25.746586 ^ clkbuf_0_wb_clk_i/A (sky130_fd_sc_hd__clkbuf_16)
    17    0.074001    0.154063    0.612493   26.359079 ^ clkbuf_0_wb_clk_i/X (sky130_fd_sc_hd__clkbuf_16)
                                                         clknet_0_wb_clk_i (net)
                      0.154075    0.001405   26.360485 ^ clkbuf_3_3_0_wb_clk_i/A (sky130_fd_sc_hd__clkbuf_8)
    11    0.035092    0.118021    0.291859   26.652344 ^ clkbuf_3_3_0_wb_clk_i/X (sky130_fd_sc_hd__clkbuf_8)
                                                         clknet_3_3_0_wb_clk_i (net)
                      0.118021    0.000385   26.652729 ^ _757_/CLK (sky130_fd_sc_hd__dfrtp_2)
                                 -0.250000   26.402729   clock uncertainty
                                  0.143061   26.545790   clock reconvergence pessimism
                                 -0.277320   26.268471   library setup time
                                             26.268471   data required time
---------------------------------------------------------------------------------------------
                                             26.268471   data required time
                                             -7.909676   data arrival time
---------------------------------------------------------------------------------------------
                                             18.358793   slack (MET)


Startpoint: wb_rst_i (input port clocked by wb_clk_i)
Endpoint: _703_ (recovery check against rising-edge clock wb_clk_i)
Path Group: asynchronous
Path Type: max

Fanout         Cap        Slew       Delay        Time   Description
---------------------------------------------------------------------------------------------
                                  0.000000    0.000000   clock wb_clk_i (rise edge)
                                  0.000000    0.000000   clock network delay (propagated)
                                  5.000000    5.000000 v input external delay
     2    0.004739    0.026074    0.016087    5.016087 v wb_rst_i (in)
                                                         wb_rst_i (net)
                      0.026074    0.000000    5.016087 v input1/A (sky130_fd_sc_hd__buf_2)
     5    0.123250    0.530592    0.588063    5.604150 v input1/X (sky130_fd_sc_hd__buf_2)
                                                         net1 (net)
                      0.543458    0.068966    5.673116 v fanout19/A (sky130_fd_sc_hd__clkdlybuf4s25_1)
     2    0.010168    0.162809    0.751682    6.424798 v fanout19/X (sky130_fd_sc_hd__clkdlybuf4s25_1)
                                                         net19 (net)
                      0.162809    0.000272    6.425070 v wire20/A (sky130_fd_sc_hd__buf_4)
    19    0.067569    0.168816    0.424290    6.849361 v wire20/X (sky130_fd_sc_hd__buf_4)
                                                         net20 (net)
                      0.168875    0.003184    6.852545 v fanout17/A (sky130_fd_sc_hd__clkdlybuf4s25_1)
     9    0.050119    0.668514    1.010939    7.863483 v fanout17/X (sky130_fd_sc_hd__clkdlybuf4s25_1)
                                                         net17 (net)
                      0.668514    0.000262    7.863745 v max_cap18/A (sky130_fd_sc_hd__buf_6)
     8    0.048338    0.100332    0.562950    8.426695 v max_cap18/X (sky130_fd_sc_hd__buf_6)
                                                         net18 (net)
                      0.100466    0.002247    8.428943 v _619_/A (sky130_fd_sc_hd__inv_2)
     1    0.003496    0.044520    0.086085    8.515027 ^ _619_/Y (sky130_fd_sc_hd__inv_2)
                                                         _094_ (net)
                      0.044520    0.000026    8.515053 ^ _703_/RESET_B (sky130_fd_sc_hd__dfrtp_2)
                                              8.515053   data arrival time

                                 25.000000   25.000000   clock wb_clk_i (rise edge)
                                  0.000000   25.000000   clock source latency
     2    0.147424    1.063065    0.746587   25.746586 ^ wb_clk_i (in)
                                                         wb_clk_i (net)
                      1.073527    0.000000   25.746586 ^ clkbuf_0_wb_clk_i/A (sky130_fd_sc_hd__clkbuf_16)
    17    0.074001    0.154063    0.612493   26.359079 ^ clkbuf_0_wb_clk_i/X (sky130_fd_sc_hd__clkbuf_16)
                                                         clknet_0_wb_clk_i (net)
                      0.154103    0.002224   26.361303 ^ clkbuf_3_2_0_wb_clk_i/A (sky130_fd_sc_hd__clkbuf_8)
    11    0.034623    0.116907    0.291033   26.652336 ^ clkbuf_3_2_0_wb_clk_i/X (sky130_fd_sc_hd__clkbuf_8)
                                                         clknet_3_2_0_wb_clk_i (net)
                      0.116907    0.000458   26.652794 ^ _703_/CLK (sky130_fd_sc_hd__dfrtp_2)
                                 -0.250000   26.402796   clock uncertainty
                                  0.000000   26.402796   clock reconvergence pessimism
                                  0.471081   26.873877   library recovery time
                                             26.873877   data required time
---------------------------------------------------------------------------------------------
                                             26.873877   data required time
                                             -8.515053   data arrival time
---------------------------------------------------------------------------------------------
                                             18.358822   slack (MET)


Startpoint: wb_rst_i (input port clocked by wb_clk_i)
Endpoint: _677_ (recovery check against rising-edge clock wb_clk_i)
Path Group: asynchronous
Path Type: max

Fanout         Cap        Slew       Delay        Time   Description
---------------------------------------------------------------------------------------------
                                  0.000000    0.000000   clock wb_clk_i (rise edge)
                                  0.000000    0.000000   clock network delay (propagated)
                                  5.000000    5.000000 v input external delay
     2    0.004739    0.026074    0.016087    5.016087 v wb_rst_i (in)
                                                         wb_rst_i (net)
                      0.026074    0.000000    5.016087 v input1/A (sky130_fd_sc_hd__buf_2)
     5    0.123250    0.530592    0.588063    5.604150 v input1/X (sky130_fd_sc_hd__buf_2)
                                                         net1 (net)
                      0.544132    0.070658    5.674808 v fanout25/A (sky130_fd_sc_hd__clkdlybuf4s25_1)
     8    0.040183    0.540400    1.054233    6.729041 v fanout25/X (sky130_fd_sc_hd__clkdlybuf4s25_1)
                                                         net25 (net)
                      0.540400    0.001436    6.730476 v load_slew26/A (sky130_fd_sc_hd__buf_4)
    15    0.057906    0.151517    0.594232    7.324708 v load_slew26/X (sky130_fd_sc_hd__buf_4)
                                                         net26 (net)
                      0.151534    0.001789    7.326497 v fanout23/A (sky130_fd_sc_hd__clkdlybuf4s25_1)
     7    0.042969    0.575437    0.931853    8.258349 v fanout23/X (sky130_fd_sc_hd__clkdlybuf4s25_1)
                                                         net23 (net)
                      0.575437    0.000960    8.259310 v _593_/A (sky130_fd_sc_hd__inv_2)
     1    0.004021    0.135740    0.220997    8.480307 ^ _593_/Y (sky130_fd_sc_hd__inv_2)
                                                         _068_ (net)
                      0.135740    0.000040    8.480347 ^ _677_/RESET_B (sky130_fd_sc_hd__dfrtp_2)
                                              8.480347   data arrival time

                                 25.000000   25.000000   clock wb_clk_i (rise edge)
                                  0.000000   25.000000   clock source latency
     2    0.147424    1.063065    0.746587   25.746586 ^ wb_clk_i (in)
                                                         wb_clk_i (net)
                      1.073527    0.000000   25.746586 ^ clkbuf_0_wb_clk_i/A (sky130_fd_sc_hd__clkbuf_16)
    17    0.074001    0.154063    0.612493   26.359079 ^ clkbuf_0_wb_clk_i/X (sky130_fd_sc_hd__clkbuf_16)
                                                         clknet_0_wb_clk_i (net)
                      0.154096    0.002039   26.361118 ^ clkbuf_3_5_0_wb_clk_i/A (sky130_fd_sc_hd__clkbuf_8)
    11    0.036399    0.121134    0.294202   26.655321 ^ clkbuf_3_5_0_wb_clk_i/X (sky130_fd_sc_hd__clkbuf_8)
                                                         clknet_3_5_0_wb_clk_i (net)
                      0.121134    0.000407   26.655727 ^ _677_/CLK (sky130_fd_sc_hd__dfrtp_2)
                                 -0.250000   26.405727   clock uncertainty
                                  0.000000   26.405727   clock reconvergence pessimism
                                  0.433642   26.839371   library recovery time
                                             26.839371   data required time
---------------------------------------------------------------------------------------------
                                             26.839371   data required time
                                             -8.480347   data arrival time
---------------------------------------------------------------------------------------------
                                             18.359026   slack (MET)


Startpoint: wb_rst_i (input port clocked by wb_clk_i)
Endpoint: _707_ (recovery check against rising-edge clock wb_clk_i)
Path Group: asynchronous
Path Type: max

Fanout         Cap        Slew       Delay        Time   Description
---------------------------------------------------------------------------------------------
                                  0.000000    0.000000   clock wb_clk_i (rise edge)
                                  0.000000    0.000000   clock network delay (propagated)
                                  5.000000    5.000000 v input external delay
     2    0.004739    0.026074    0.016087    5.016087 v wb_rst_i (in)
                                                         wb_rst_i (net)
                      0.026074    0.000000    5.016087 v input1/A (sky130_fd_sc_hd__buf_2)
     5    0.123250    0.530592    0.588063    5.604150 v input1/X (sky130_fd_sc_hd__buf_2)
                                                         net1 (net)
                      0.543458    0.068966    5.673116 v fanout19/A (sky130_fd_sc_hd__clkdlybuf4s25_1)
     2    0.010168    0.162809    0.751682    6.424798 v fanout19/X (sky130_fd_sc_hd__clkdlybuf4s25_1)
                                                         net19 (net)
                      0.162809    0.000272    6.425070 v wire20/A (sky130_fd_sc_hd__buf_4)
    19    0.067569    0.168816    0.424290    6.849361 v wire20/X (sky130_fd_sc_hd__buf_4)
                                                         net20 (net)
                      0.168875    0.003184    6.852545 v fanout17/A (sky130_fd_sc_hd__clkdlybuf4s25_1)
     9    0.050119    0.668514    1.010939    7.863483 v fanout17/X (sky130_fd_sc_hd__clkdlybuf4s25_1)
                                                         net17 (net)
                      0.668514    0.000262    7.863745 v max_cap18/A (sky130_fd_sc_hd__buf_6)
     8    0.048338    0.100332    0.562950    8.426695 v max_cap18/X (sky130_fd_sc_hd__buf_6)
                                                         net18 (net)
                      0.100471    0.002342    8.429037 v _623_/A (sky130_fd_sc_hd__inv_2)
     1    0.003527    0.044685    0.086276    8.515313 ^ _623_/Y (sky130_fd_sc_hd__inv_2)
                                                         _098_ (net)
                      0.044685    0.000026    8.515339 ^ _707_/RESET_B (sky130_fd_sc_hd__dfrtp_2)
                                              8.515339   data arrival time

                                 25.000000   25.000000   clock wb_clk_i (rise edge)
                                  0.000000   25.000000   clock source latency
     2    0.147424    1.063065    0.746587   25.746586 ^ wb_clk_i (in)
                                                         wb_clk_i (net)
                      1.073527    0.000000   25.746586 ^ clkbuf_0_wb_clk_i/A (sky130_fd_sc_hd__clkbuf_16)
    17    0.074001    0.154063    0.612493   26.359079 ^ clkbuf_0_wb_clk_i/X (sky130_fd_sc_hd__clkbuf_16)
                                                         clknet_0_wb_clk_i (net)
                      0.154089    0.001883   26.360962 ^ clkbuf_3_1_0_wb_clk_i/A (sky130_fd_sc_hd__clkbuf_8)
    11    0.035047    0.117914    0.291775   26.652739 ^ clkbuf_3_1_0_wb_clk_i/X (sky130_fd_sc_hd__clkbuf_8)
                                                         clknet_3_1_0_wb_clk_i (net)
                      0.117914    0.000361   26.653099 ^ _707_/CLK (sky130_fd_sc_hd__dfrtp_2)
                                 -0.250000   26.403099   clock uncertainty
                                  0.000000   26.403099   clock reconvergence pessimism
                                  0.471346   26.874445   library recovery time
                                             26.874445   data required time
---------------------------------------------------------------------------------------------
                                             26.874445   data required time
                                             -8.515339   data arrival time
---------------------------------------------------------------------------------------------
                                             18.359106   slack (MET)


Startpoint: wb_rst_i (input port clocked by wb_clk_i)
Endpoint: _697_ (recovery check against rising-edge clock wb_clk_i)
Path Group: asynchronous
Path Type: max

Fanout         Cap        Slew       Delay        Time   Description
---------------------------------------------------------------------------------------------
                                  0.000000    0.000000   clock wb_clk_i (rise edge)
                                  0.000000    0.000000   clock network delay (propagated)
                                  5.000000    5.000000 v input external delay
     2    0.004739    0.026074    0.016087    5.016087 v wb_rst_i (in)
                                                         wb_rst_i (net)
                      0.026074    0.000000    5.016087 v input1/A (sky130_fd_sc_hd__buf_2)
     5    0.123250    0.530592    0.588063    5.604150 v input1/X (sky130_fd_sc_hd__buf_2)
                                                         net1 (net)
                      0.543458    0.068966    5.673116 v fanout19/A (sky130_fd_sc_hd__clkdlybuf4s25_1)
     2    0.010168    0.162809    0.751682    6.424798 v fanout19/X (sky130_fd_sc_hd__clkdlybuf4s25_1)
                                                         net19 (net)
                      0.162809    0.000272    6.425070 v wire20/A (sky130_fd_sc_hd__buf_4)
    19    0.067569    0.168816    0.424290    6.849361 v wire20/X (sky130_fd_sc_hd__buf_4)
                                                         net20 (net)
                      0.168875    0.003184    6.852545 v fanout17/A (sky130_fd_sc_hd__clkdlybuf4s25_1)
     9    0.050119    0.668514    1.010939    7.863483 v fanout17/X (sky130_fd_sc_hd__clkdlybuf4s25_1)
                                                         net17 (net)
                      0.668514    0.000262    7.863745 v max_cap18/A (sky130_fd_sc_hd__buf_6)
     8    0.048338    0.100332    0.562950    8.426695 v max_cap18/X (sky130_fd_sc_hd__buf_6)
                                                         net18 (net)
                      0.100412    0.000579    8.427275 v _613_/A (sky130_fd_sc_hd__inv_2)
     1    0.003455    0.044291    0.085815    8.513089 ^ _613_/Y (sky130_fd_sc_hd__inv_2)
                                                         _088_ (net)
                      0.044291    0.000024    8.513113 ^ _697_/RESET_B (sky130_fd_sc_hd__dfrtp_2)
                                              8.513113   data arrival time

                                 25.000000   25.000000   clock wb_clk_i (rise edge)
                                  0.000000   25.000000   clock source latency
     2    0.147424    1.063065    0.746587   25.746586 ^ wb_clk_i (in)
                                                         wb_clk_i (net)
                      1.073527    0.000000   25.746586 ^ clkbuf_0_wb_clk_i/A (sky130_fd_sc_hd__clkbuf_16)
    17    0.074001    0.154063    0.612493   26.359079 ^ clkbuf_0_wb_clk_i/X (sky130_fd_sc_hd__clkbuf_16)
                                                         clknet_0_wb_clk_i (net)
                      0.154089    0.001883   26.360962 ^ clkbuf_3_1_0_wb_clk_i/A (sky130_fd_sc_hd__clkbuf_8)
    11    0.035047    0.117914    0.291775   26.652739 ^ clkbuf_3_1_0_wb_clk_i/X (sky130_fd_sc_hd__clkbuf_8)
                                                         clknet_3_1_0_wb_clk_i (net)
                      0.117914    0.000240   26.652977 ^ _697_/CLK (sky130_fd_sc_hd__dfrtp_2)
                                 -0.250000   26.402979   clock uncertainty
                                  0.000000   26.402979   clock reconvergence pessimism
                                  0.471514   26.874493   library recovery time
                                             26.874493   data required time
---------------------------------------------------------------------------------------------
                                             26.874493   data required time
                                             -8.513113   data arrival time
---------------------------------------------------------------------------------------------
                                             18.361380   slack (MET)


Startpoint: wb_rst_i (input port clocked by wb_clk_i)
Endpoint: _680_ (recovery check against rising-edge clock wb_clk_i)
Path Group: asynchronous
Path Type: max

Fanout         Cap        Slew       Delay        Time   Description
---------------------------------------------------------------------------------------------
                                  0.000000    0.000000   clock wb_clk_i (rise edge)
                                  0.000000    0.000000   clock network delay (propagated)
                                  5.000000    5.000000 v input external delay
     2    0.004739    0.026074    0.016087    5.016087 v wb_rst_i (in)
                                                         wb_rst_i (net)
                      0.026074    0.000000    5.016087 v input1/A (sky130_fd_sc_hd__buf_2)
     5    0.123250    0.530592    0.588063    5.604150 v input1/X (sky130_fd_sc_hd__buf_2)
                                                         net1 (net)
                      0.544132    0.070658    5.674808 v fanout25/A (sky130_fd_sc_hd__clkdlybuf4s25_1)
     8    0.040183    0.540400    1.054233    6.729041 v fanout25/X (sky130_fd_sc_hd__clkdlybuf4s25_1)
                                                         net25 (net)
                      0.540400    0.001436    6.730476 v load_slew26/A (sky130_fd_sc_hd__buf_4)
    15    0.057906    0.151517    0.594232    7.324708 v load_slew26/X (sky130_fd_sc_hd__buf_4)
                                                         net26 (net)
                      0.151534    0.001789    7.326497 v fanout23/A (sky130_fd_sc_hd__clkdlybuf4s25_1)
     7    0.042969    0.575437    0.931853    8.258349 v fanout23/X (sky130_fd_sc_hd__clkdlybuf4s25_1)
                                                         net23 (net)
                      0.575437    0.000421    8.258771 v _596_/A (sky130_fd_sc_hd__inv_2)
     1    0.003576    0.131355    0.212923    8.471694 ^ _596_/Y (sky130_fd_sc_hd__inv_2)
                                                         _071_ (net)
                      0.131355    0.000028    8.471722 ^ _680_/RESET_B (sky130_fd_sc_hd__dfrtp_2)
                                              8.471722   data arrival time

                                 25.000000   25.000000   clock wb_clk_i (rise edge)
                                  0.000000   25.000000   clock source latency
     2    0.147424    1.063065    0.746587   25.746586 ^ wb_clk_i (in)
                                                         wb_clk_i (net)
                      1.073527    0.000000   25.746586 ^ clkbuf_0_wb_clk_i/A (sky130_fd_sc_hd__clkbuf_16)
    17    0.074001    0.154063    0.612493   26.359079 ^ clkbuf_0_wb_clk_i/X (sky130_fd_sc_hd__clkbuf_16)
                                                         clknet_0_wb_clk_i (net)
                      0.154096    0.002039   26.361118 ^ clkbuf_3_5_0_wb_clk_i/A (sky130_fd_sc_hd__clkbuf_8)
    11    0.036399    0.121134    0.294202   26.655321 ^ clkbuf_3_5_0_wb_clk_i/X (sky130_fd_sc_hd__clkbuf_8)
                                                         clknet_3_5_0_wb_clk_i (net)
                      0.121134    0.000254   26.655575 ^ _680_/CLK (sky130_fd_sc_hd__dfrtp_2)
                                 -0.250000   26.405575   clock uncertainty
                                  0.000000   26.405575   clock reconvergence pessimism
                                  0.435510   26.841085   library recovery time
                                             26.841085   data required time
---------------------------------------------------------------------------------------------
                                             26.841085   data required time
                                             -8.471722   data arrival time
---------------------------------------------------------------------------------------------
                                             18.369364   slack (MET)


Startpoint: _729_ (rising edge-triggered flip-flop clocked by wb_clk_i)
Endpoint: _746_ (rising edge-triggered flip-flop clocked by wb_clk_i)
Path Group: wb_clk_i
Path Type: max

Fanout         Cap        Slew       Delay        Time   Description
---------------------------------------------------------------------------------------------
                                  0.000000    0.000000   clock wb_clk_i (rise edge)
                                  0.000000    0.000000   clock source latency
     2    0.147424    1.063065    0.825174    0.825174 ^ wb_clk_i (in)
                                                         wb_clk_i (net)
                      1.073527    0.000000    0.825174 ^ clkbuf_0_wb_clk_i/A (sky130_fd_sc_hd__clkbuf_16)
    17    0.074001    0.154063    0.676967    1.502141 ^ clkbuf_0_wb_clk_i/X (sky130_fd_sc_hd__clkbuf_16)
                                                         clknet_0_wb_clk_i (net)
                      0.154090    0.002109    1.504251 ^ clkbuf_3_7_0_wb_clk_i/A (sky130_fd_sc_hd__clkbuf_8)
    12    0.034773    0.117264    0.321941    1.826191 ^ clkbuf_3_7_0_wb_clk_i/X (sky130_fd_sc_hd__clkbuf_8)
                                                         clknet_3_7_0_wb_clk_i (net)
                      0.117264    0.000370    1.826561 ^ _729_/CLK (sky130_fd_sc_hd__dfrtp_2)
     1    0.001992    0.070089    0.844856    2.671417 v _729_/Q (sky130_fd_sc_hd__dfrtp_2)
                                                         timer.sec_div[2] (net)
                      0.070089    0.000020    2.671437 v hold59/A (sky130_fd_sc_hd__dlygate4sd3_1)
     4    0.016717    0.228200    1.341887    4.013324 v hold59/X (sky130_fd_sc_hd__dlygate4sd3_1)
                                                         net59 (net)
                      0.228200    0.000133    4.013457 v _417_/D (sky130_fd_sc_hd__and4_2)
     8    0.025738    0.166893    0.714386    4.727843 v _417_/X (sky130_fd_sc_hd__and4_2)
                                                         _227_ (net)
                      0.166893    0.000719    4.728562 v _445_/A (sky130_fd_sc_hd__and4_2)
     9    0.031580    0.188812    0.579424    5.307986 v _445_/X (sky130_fd_sc_hd__and4_2)
                                                         _245_ (net)
                      0.188812    0.000878    5.308864 v _455_/C (sky130_fd_sc_hd__and4_2)
     2    0.010552    0.109064    0.594935    5.903800 v _455_/X (sky130_fd_sc_hd__and4_2)
                                                         _251_ (net)
                      0.109064    0.000056    5.903855 v _457_/B (sky130_fd_sc_hd__and2_2)
     1    0.004115    0.075725    0.440314    6.344169 v _457_/X (sky130_fd_sc_hd__and2_2)
                                                         _252_ (net)
                      0.075725    0.000071    6.344240 v _461_/A2 (sky130_fd_sc_hd__o21ba_2)
     1    0.002333    0.057149    0.373538    6.717778 v _461_/X (sky130_fd_sc_hd__o21ba_2)
                                                         _044_ (net)
                      0.057149    0.000026    6.717804 v hold82/A (sky130_fd_sc_hd__dlygate4sd3_1)
     1    0.002135    0.102488    1.161995    7.879799 v hold82/X (sky130_fd_sc_hd__dlygate4sd3_1)
                                                         net82 (net)
                      0.102488    0.000019    7.879818 v _746_/D (sky130_fd_sc_hd__dfrtp_2)
                                              7.879818   data arrival time

                                 25.000000   25.000000   clock wb_clk_i (rise edge)
                                  0.000000   25.000000   clock source latency
     2    0.147424    1.063065    0.746587   25.746586 ^ wb_clk_i (in)
                                                         wb_clk_i (net)
                      1.073527    0.000000   25.746586 ^ clkbuf_0_wb_clk_i/A (sky130_fd_sc_hd__clkbuf_16)
    17    0.074001    0.154063    0.612493   26.359079 ^ clkbuf_0_wb_clk_i/X (sky130_fd_sc_hd__clkbuf_16)
                                                         clknet_0_wb_clk_i (net)
                      0.154075    0.001428   26.360508 ^ clkbuf_3_4_0_wb_clk_i/A (sky130_fd_sc_hd__clkbuf_8)
    11    0.035340    0.118617    0.292269   26.652777 ^ clkbuf_3_4_0_wb_clk_i/X (sky130_fd_sc_hd__clkbuf_8)
                                                         clknet_3_4_0_wb_clk_i (net)
                      0.118618    0.000608   26.653385 ^ _746_/CLK (sky130_fd_sc_hd__dfrtp_2)
                                 -0.250000   26.403385   clock uncertainty
                                  0.143061   26.546446   clock reconvergence pessimism
                                 -0.277213   26.269234   library setup time
                                             26.269234   data required time
---------------------------------------------------------------------------------------------
                                             26.269234   data required time
                                             -7.879818   data arrival time
---------------------------------------------------------------------------------------------
                                             18.389416   slack (MET)


Startpoint: _697_ (rising edge-triggered flip-flop clocked by wb_clk_i)
Endpoint: _725_ (rising edge-triggered flip-flop clocked by wb_clk_i)
Path Group: wb_clk_i
Path Type: max

Fanout         Cap        Slew       Delay        Time   Description
---------------------------------------------------------------------------------------------
                                  0.000000    0.000000   clock wb_clk_i (rise edge)
                                  0.000000    0.000000   clock source latency
     2    0.147424    1.063065    0.825174    0.825174 ^ wb_clk_i (in)
                                                         wb_clk_i (net)
                      1.073527    0.000000    0.825174 ^ clkbuf_0_wb_clk_i/A (sky130_fd_sc_hd__clkbuf_16)
    17    0.074001    0.154063    0.676967    1.502141 ^ clkbuf_0_wb_clk_i/X (sky130_fd_sc_hd__clkbuf_16)
                                                         clknet_0_wb_clk_i (net)
                      0.154089    0.002080    1.504221 ^ clkbuf_3_1_0_wb_clk_i/A (sky130_fd_sc_hd__clkbuf_8)
    11    0.035047    0.117914    0.322490    1.826712 ^ clkbuf_3_1_0_wb_clk_i/X (sky130_fd_sc_hd__clkbuf_8)
                                                         clknet_3_1_0_wb_clk_i (net)
                      0.117914    0.000264    1.826975 ^ _697_/CLK (sky130_fd_sc_hd__dfrtp_2)
     1    0.002375    0.066940    0.725329    2.552305 ^ _697_/Q (sky130_fd_sc_hd__dfrtp_2)
                                                         timer.scan_div[3] (net)
                      0.066940    0.000026    2.552331 ^ hold37/A (sky130_fd_sc_hd__dlygate4sd3_1)
     3    0.014446    0.248042    1.241677    3.794008 ^ hold37/X (sky130_fd_sc_hd__dlygate4sd3_1)
                                                         net37 (net)
                      0.248042    0.000079    3.794086 ^ _494_/C (sky130_fd_sc_hd__and4_2)
     6    0.017818    0.210825    0.681067    4.475154 ^ _494_/X (sky130_fd_sc_hd__and4_2)
                                                         _272_ (net)
                      0.210825    0.000244    4.475398 ^ _516_/A (sky130_fd_sc_hd__and4_2)
     8    0.033658    0.326760    0.734748    5.210146 ^ _516_/X (sky130_fd_sc_hd__and4_2)
                                                         _286_ (net)
                      0.326760    0.001047    5.211194 ^ _554_/A (sky130_fd_sc_hd__and4_2)
     5    0.027705    0.282387    0.742480    5.953673 ^ _554_/X (sky130_fd_sc_hd__and4_2)
                                                         _308_ (net)
                      0.282387    0.000582    5.954255 ^ _561_/D (sky130_fd_sc_hd__and4_2)
     1    0.008861    0.150659    0.620335    6.574590 ^ _561_/X (sky130_fd_sc_hd__and4_2)
                                                         _312_ (net)
                      0.150659    0.000028    6.574618 ^ _563_/B (sky130_fd_sc_hd__xor2_2)
     1    0.001777    0.072681    0.135526    6.710145 v _563_/X (sky130_fd_sc_hd__xor2_2)
                                                         _025_ (net)
                      0.072681    0.000009    6.710154 v hold30/A (sky130_fd_sc_hd__dlygate4sd3_1)
     1    0.002068    0.101574    1.167773    7.877927 v hold30/X (sky130_fd_sc_hd__dlygate4sd3_1)
                                                         net30 (net)
                      0.101574    0.000018    7.877945 v _725_/D (sky130_fd_sc_hd__dfrtp_2)
                                              7.877945   data arrival time

                                 25.000000   25.000000   clock wb_clk_i (rise edge)
                                  0.000000   25.000000   clock source latency
     2    0.147424    1.063065    0.746587   25.746586 ^ wb_clk_i (in)
                                                         wb_clk_i (net)
                      1.073527    0.000000   25.746586 ^ clkbuf_0_wb_clk_i/A (sky130_fd_sc_hd__clkbuf_16)
    17    0.074001    0.154063    0.612493   26.359079 ^ clkbuf_0_wb_clk_i/X (sky130_fd_sc_hd__clkbuf_16)
                                                         clknet_0_wb_clk_i (net)
                      0.154103    0.002224   26.361303 ^ clkbuf_3_2_0_wb_clk_i/A (sky130_fd_sc_hd__clkbuf_8)
    11    0.034623    0.116907    0.291033   26.652336 ^ clkbuf_3_2_0_wb_clk_i/X (sky130_fd_sc_hd__clkbuf_8)
                                                         clknet_3_2_0_wb_clk_i (net)
                      0.116907    0.000510   26.652845 ^ _725_/CLK (sky130_fd_sc_hd__dfrtp_2)
                                 -0.250000   26.402847   clock uncertainty
                                  0.143061   26.545908   clock reconvergence pessimism
                                 -0.277288   26.268620   library setup time
                                             26.268620   data required time
---------------------------------------------------------------------------------------------
                                             26.268620   data required time
                                             -7.877945   data arrival time
---------------------------------------------------------------------------------------------
                                             18.390676   slack (MET)


Startpoint: _729_ (rising edge-triggered flip-flop clocked by wb_clk_i)
Endpoint: _750_ (rising edge-triggered flip-flop clocked by wb_clk_i)
Path Group: wb_clk_i
Path Type: max

Fanout         Cap        Slew       Delay        Time   Description
---------------------------------------------------------------------------------------------
                                  0.000000    0.000000   clock wb_clk_i (rise edge)
                                  0.000000    0.000000   clock source latency
     2    0.147424    1.063065    0.825174    0.825174 ^ wb_clk_i (in)
                                                         wb_clk_i (net)
                      1.073527    0.000000    0.825174 ^ clkbuf_0_wb_clk_i/A (sky130_fd_sc_hd__clkbuf_16)
    17    0.074001    0.154063    0.676967    1.502141 ^ clkbuf_0_wb_clk_i/X (sky130_fd_sc_hd__clkbuf_16)
                                                         clknet_0_wb_clk_i (net)
                      0.154090    0.002109    1.504251 ^ clkbuf_3_7_0_wb_clk_i/A (sky130_fd_sc_hd__clkbuf_8)
    12    0.034773    0.117264    0.321941    1.826191 ^ clkbuf_3_7_0_wb_clk_i/X (sky130_fd_sc_hd__clkbuf_8)
                                                         clknet_3_7_0_wb_clk_i (net)
                      0.117264    0.000370    1.826561 ^ _729_/CLK (sky130_fd_sc_hd__dfrtp_2)
     1    0.001992    0.070089    0.844856    2.671417 v _729_/Q (sky130_fd_sc_hd__dfrtp_2)
                                                         timer.sec_div[2] (net)
                      0.070089    0.000020    2.671437 v hold59/A (sky130_fd_sc_hd__dlygate4sd3_1)
     4    0.016717    0.228200    1.341887    4.013324 v hold59/X (sky130_fd_sc_hd__dlygate4sd3_1)
                                                         net59 (net)
                      0.228200    0.000133    4.013457 v _417_/D (sky130_fd_sc_hd__and4_2)
     8    0.025738    0.166893    0.714386    4.727843 v _417_/X (sky130_fd_sc_hd__and4_2)
                                                         _227_ (net)
                      0.166893    0.000719    4.728562 v _445_/A (sky130_fd_sc_hd__and4_2)
     9    0.031580    0.188812    0.579424    5.307986 v _445_/X (sky130_fd_sc_hd__and4_2)
                                                         _245_ (net)
                      0.188812    0.000922    5.308908 v _460_/A (sky130_fd_sc_hd__and3_2)
     5    0.021545    0.149900    0.542112    5.851021 v _460_/X (sky130_fd_sc_hd__and3_2)
                                                         _254_ (net)
                      0.149900    0.000378    5.851398 v _466_/D (sky130_fd_sc_hd__and4_2)
     1    0.008310    0.103452    0.583703    6.435102 v _466_/X (sky130_fd_sc_hd__and4_2)
                                                         _257_ (net)
                      0.103452    0.000026    6.435128 v _468_/B (sky130_fd_sc_hd__xor2_2)
     1    0.001830    0.076124    0.268823    6.703951 v _468_/X (sky130_fd_sc_hd__xor2_2)
                                                         _049_ (net)
                      0.076124    0.000009    6.703961 v hold40/A (sky130_fd_sc_hd__dlygate4sd3_1)
     1    0.002174    0.102740    1.171209    7.875169 v hold40/X (sky130_fd_sc_hd__dlygate4sd3_1)
                                                         net40 (net)
                      0.102740    0.000020    7.875189 v _750_/D (sky130_fd_sc_hd__dfrtp_2)
                                              7.875189   data arrival time

                                 25.000000   25.000000   clock wb_clk_i (rise edge)
                                  0.000000   25.000000   clock source latency
     2    0.147424    1.063065    0.746587   25.746586 ^ wb_clk_i (in)
                                                         wb_clk_i (net)
                      1.073527    0.000000   25.746586 ^ clkbuf_0_wb_clk_i/A (sky130_fd_sc_hd__clkbuf_16)
    17    0.074001    0.154063    0.612493   26.359079 ^ clkbuf_0_wb_clk_i/X (sky130_fd_sc_hd__clkbuf_16)
                                                         clknet_0_wb_clk_i (net)
                      0.154075    0.001405   26.360485 ^ clkbuf_3_3_0_wb_clk_i/A (sky130_fd_sc_hd__clkbuf_8)
    11    0.035092    0.118021    0.291859   26.652344 ^ clkbuf_3_3_0_wb_clk_i/X (sky130_fd_sc_hd__clkbuf_8)
                                                         clknet_3_3_0_wb_clk_i (net)
                      0.118021    0.000467   26.652811 ^ _750_/CLK (sky130_fd_sc_hd__dfrtp_2)
                                 -0.250000   26.402811   clock uncertainty
                                  0.143061   26.545872   clock reconvergence pessimism
                                 -0.277478   26.268394   library setup time
                                             26.268394   data required time
---------------------------------------------------------------------------------------------
                                             26.268394   data required time
                                             -7.875189   data arrival time
---------------------------------------------------------------------------------------------
                                             18.393206   slack (MET)


Startpoint: _691_ (rising edge-triggered flip-flop clocked by wb_clk_i)
Endpoint: _679_ (rising edge-triggered flip-flop clocked by wb_clk_i)
Path Group: wb_clk_i
Path Type: max

Fanout         Cap        Slew       Delay        Time   Description
---------------------------------------------------------------------------------------------
                                  0.000000    0.000000   clock wb_clk_i (rise edge)
                                  0.000000    0.000000   clock source latency
     2    0.147424    1.063065    0.825174    0.825174 ^ wb_clk_i (in)
                                                         wb_clk_i (net)
                      1.073527    0.000000    0.825174 ^ clkbuf_0_wb_clk_i/A (sky130_fd_sc_hd__clkbuf_16)
    17    0.074001    0.154063    0.676967    1.502141 ^ clkbuf_0_wb_clk_i/X (sky130_fd_sc_hd__clkbuf_16)
                                                         clknet_0_wb_clk_i (net)
                      0.154090    0.002109    1.504251 ^ clkbuf_3_7_0_wb_clk_i/A (sky130_fd_sc_hd__clkbuf_8)
    12    0.034773    0.117264    0.321941    1.826191 ^ clkbuf_3_7_0_wb_clk_i/X (sky130_fd_sc_hd__clkbuf_8)
                                                         clknet_3_7_0_wb_clk_i (net)
                      0.117264    0.000273    1.826464 ^ _691_/CLK (sky130_fd_sc_hd__dfrtp_2)
     4    0.012830    0.122273    0.928727    2.755191 v _691_/Q (sky130_fd_sc_hd__dfrtp_2)
                                                         timer.sec_ones[2] (net)
                      0.122273    0.000026    2.755217 v hold142/A (sky130_fd_sc_hd__dlygate4sd3_1)
     2    0.012176    0.196500    1.327179    4.082396 v hold142/X (sky130_fd_sc_hd__dlygate4sd3_1)
                                                         net142 (net)
                      0.196500    0.000093    4.082489 v _343_/A_N (sky130_fd_sc_hd__and4b_2)
     3    0.009818    0.152941    0.720843    4.803332 ^ _343_/X (sky130_fd_sc_hd__and4b_2)
                                                         _178_ (net)
                      0.152941    0.000091    4.803423 ^ _356_/C (sky130_fd_sc_hd__and4b_2)
     6    0.027392    0.279303    0.714225    5.517648 ^ _356_/X (sky130_fd_sc_hd__and4b_2)
                                                         _186_ (net)
                      0.279303    0.000636    5.518285 ^ _374_/B (sky130_fd_sc_hd__and4_2)
     5    0.021536    0.237471    0.705084    6.223369 ^ _374_/X (sky130_fd_sc_hd__and4_2)
                                                         _197_ (net)
                      0.237471    0.000468    6.223836 ^ _379_/B1 (sky130_fd_sc_hd__o21a_2)
     2    0.007693    0.093200    0.358386    6.582222 ^ _379_/X (sky130_fd_sc_hd__o21a_2)
                                                         _201_ (net)
                      0.093200    0.000074    6.582296 ^ _380_/A2 (sky130_fd_sc_hd__a21oi_2)
     1    0.001662    0.074982    0.108145    6.690441 v _380_/Y (sky130_fd_sc_hd__a21oi_2)
                                                         _154_ (net)
                      0.074982    0.000007    6.690447 v hold34/A (sky130_fd_sc_hd__dlygate4sd3_1)
     1    0.002660    0.108246    1.179336    7.869783 v hold34/X (sky130_fd_sc_hd__dlygate4sd3_1)
                                                         net34 (net)
                      0.108246    0.000030    7.869813 v _679_/D (sky130_fd_sc_hd__dfrtp_2)
                                              7.869813   data arrival time

                                 25.000000   25.000000   clock wb_clk_i (rise edge)
                                  0.000000   25.000000   clock source latency
     2    0.147424    1.063065    0.746587   25.746586 ^ wb_clk_i (in)
                                                         wb_clk_i (net)
                      1.073527    0.000000   25.746586 ^ clkbuf_0_wb_clk_i/A (sky130_fd_sc_hd__clkbuf_16)
    17    0.074001    0.154063    0.612493   26.359079 ^ clkbuf_0_wb_clk_i/X (sky130_fd_sc_hd__clkbuf_16)
                                                         clknet_0_wb_clk_i (net)
                      0.154096    0.002039   26.361118 ^ clkbuf_3_5_0_wb_clk_i/A (sky130_fd_sc_hd__clkbuf_8)
    11    0.036399    0.121134    0.294202   26.655321 ^ clkbuf_3_5_0_wb_clk_i/X (sky130_fd_sc_hd__clkbuf_8)
                                                         clknet_3_5_0_wb_clk_i (net)
                      0.121134    0.000226   26.655546 ^ _679_/CLK (sky130_fd_sc_hd__dfrtp_2)
                                 -0.250000   26.405546   clock uncertainty
                                  0.143061   26.548607   clock reconvergence pessimism
                                 -0.278945   26.269663   library setup time
                                             26.269663   data required time
---------------------------------------------------------------------------------------------
                                             26.269663   data required time
                                             -7.869813   data arrival time
---------------------------------------------------------------------------------------------
                                             18.399849   slack (MET)


Startpoint: _697_ (rising edge-triggered flip-flop clocked by wb_clk_i)
Endpoint: _713_ (rising edge-triggered flip-flop clocked by wb_clk_i)
Path Group: wb_clk_i
Path Type: max

Fanout         Cap        Slew       Delay        Time   Description
---------------------------------------------------------------------------------------------
                                  0.000000    0.000000   clock wb_clk_i (rise edge)
                                  0.000000    0.000000   clock source latency
     2    0.147424    1.063065    0.825174    0.825174 ^ wb_clk_i (in)
                                                         wb_clk_i (net)
                      1.073527    0.000000    0.825174 ^ clkbuf_0_wb_clk_i/A (sky130_fd_sc_hd__clkbuf_16)
    17    0.074001    0.154063    0.676967    1.502141 ^ clkbuf_0_wb_clk_i/X (sky130_fd_sc_hd__clkbuf_16)
                                                         clknet_0_wb_clk_i (net)
                      0.154089    0.002080    1.504221 ^ clkbuf_3_1_0_wb_clk_i/A (sky130_fd_sc_hd__clkbuf_8)
    11    0.035047    0.117914    0.322490    1.826712 ^ clkbuf_3_1_0_wb_clk_i/X (sky130_fd_sc_hd__clkbuf_8)
                                                         clknet_3_1_0_wb_clk_i (net)
                      0.117914    0.000264    1.826975 ^ _697_/CLK (sky130_fd_sc_hd__dfrtp_2)
     1    0.002257    0.071376    0.847931    2.674906 v _697_/Q (sky130_fd_sc_hd__dfrtp_2)
                                                         timer.scan_div[3] (net)
                      0.071376    0.000025    2.674931 v hold37/A (sky130_fd_sc_hd__dlygate4sd3_1)
     3    0.013640    0.203892    1.316907    3.991838 v hold37/X (sky130_fd_sc_hd__dlygate4sd3_1)
                                                         net37 (net)
                      0.203892    0.000075    3.991913 v _494_/C (sky130_fd_sc_hd__and4_2)
     6    0.017167    0.137971    0.643156    4.635069 v _494_/X (sky130_fd_sc_hd__and4_2)
                                                         _272_ (net)
                      0.137971    0.000235    4.635304 v _516_/A (sky130_fd_sc_hd__and4_2)
     8    0.032436    0.192088    0.567732    5.203036 v _516_/X (sky130_fd_sc_hd__and4_2)
                                                         _286_ (net)
                      0.192089    0.000931    5.203968 v _526_/A (sky130_fd_sc_hd__and2_2)
     6    0.032302    0.184866    0.566279    5.770247 v _526_/X (sky130_fd_sc_hd__and2_2)
                                                         _292_ (net)
                      0.184867    0.000813    5.771060 v _532_/D (sky130_fd_sc_hd__and4_2)
     1    0.002861    0.074976    0.559484    6.330544 v _532_/X (sky130_fd_sc_hd__and4_2)
                                                         _295_ (net)
                      0.074976    0.000029    6.330573 v _536_/A2 (sky130_fd_sc_hd__o21a_2)
     1    0.001951    0.054260    0.364307    6.694880 v _536_/X (sky130_fd_sc_hd__o21a_2)
                                                         _011_ (net)
                      0.054260    0.000018    6.694898 v hold62/A (sky130_fd_sc_hd__dlygate4sd3_1)
     1    0.002423    0.105725    1.165801    7.860699 v hold62/X (sky130_fd_sc_hd__dlygate4sd3_1)
                                                         net62 (net)
                      0.105725    0.000026    7.860725 v _713_/D (sky130_fd_sc_hd__dfrtp_2)
                                              7.860725   data arrival time

                                 25.000000   25.000000   clock wb_clk_i (rise edge)
                                  0.000000   25.000000   clock source latency
     2    0.147424    1.063065    0.746587   25.746586 ^ wb_clk_i (in)
                                                         wb_clk_i (net)
                      1.073527    0.000000   25.746586 ^ clkbuf_0_wb_clk_i/A (sky130_fd_sc_hd__clkbuf_16)
    17    0.074001    0.154063    0.612493   26.359079 ^ clkbuf_0_wb_clk_i/X (sky130_fd_sc_hd__clkbuf_16)
                                                         clknet_0_wb_clk_i (net)
                      0.154112    0.002400   26.361479 ^ clkbuf_3_0_0_wb_clk_i/A (sky130_fd_sc_hd__clkbuf_8)
    11    0.033860    0.115090    0.289708   26.651186 ^ clkbuf_3_0_0_wb_clk_i/X (sky130_fd_sc_hd__clkbuf_8)
                                                         clknet_3_0_0_wb_clk_i (net)
                      0.115090    0.000220   26.651407 ^ _713_/CLK (sky130_fd_sc_hd__dfrtp_2)
                                 -0.250000   26.401407   clock uncertainty
                                  0.143061   26.544468   clock reconvergence pessimism
                                 -0.279505   26.264963   library setup time
                                             26.264963   data required time
---------------------------------------------------------------------------------------------
                                             26.264963   data required time
                                             -7.860725   data arrival time
---------------------------------------------------------------------------------------------
                                             18.404238   slack (MET)


Startpoint: _697_ (rising edge-triggered flip-flop clocked by wb_clk_i)
Endpoint: _721_ (rising edge-triggered flip-flop clocked by wb_clk_i)
Path Group: wb_clk_i
Path Type: max

Fanout         Cap        Slew       Delay        Time   Description
---------------------------------------------------------------------------------------------
                                  0.000000    0.000000   clock wb_clk_i (rise edge)
                                  0.000000    0.000000   clock source latency
     2    0.147424    1.063065    0.825174    0.825174 ^ wb_clk_i (in)
                                                         wb_clk_i (net)
                      1.073527    0.000000    0.825174 ^ clkbuf_0_wb_clk_i/A (sky130_fd_sc_hd__clkbuf_16)
    17    0.074001    0.154063    0.676967    1.502141 ^ clkbuf_0_wb_clk_i/X (sky130_fd_sc_hd__clkbuf_16)
                                                         clknet_0_wb_clk_i (net)
                      0.154089    0.002080    1.504221 ^ clkbuf_3_1_0_wb_clk_i/A (sky130_fd_sc_hd__clkbuf_8)
    11    0.035047    0.117914    0.322490    1.826712 ^ clkbuf_3_1_0_wb_clk_i/X (sky130_fd_sc_hd__clkbuf_8)
                                                         clknet_3_1_0_wb_clk_i (net)
                      0.117914    0.000264    1.826975 ^ _697_/CLK (sky130_fd_sc_hd__dfrtp_2)
     1    0.002257    0.071376    0.847931    2.674906 v _697_/Q (sky130_fd_sc_hd__dfrtp_2)
                                                         timer.scan_div[3] (net)
                      0.071376    0.000025    2.674931 v hold37/A (sky130_fd_sc_hd__dlygate4sd3_1)
     3    0.013640    0.203892    1.316907    3.991838 v hold37/X (sky130_fd_sc_hd__dlygate4sd3_1)
                                                         net37 (net)
                      0.203892    0.000075    3.991913 v _494_/C (sky130_fd_sc_hd__and4_2)
     6    0.017167    0.137971    0.643156    4.635069 v _494_/X (sky130_fd_sc_hd__and4_2)
                                                         _272_ (net)
                      0.137971    0.000235    4.635304 v _516_/A (sky130_fd_sc_hd__and4_2)
     8    0.032436    0.192088    0.567732    5.203036 v _516_/X (sky130_fd_sc_hd__and4_2)
                                                         _286_ (net)
                      0.192090    0.001026    5.204062 v _546_/A (sky130_fd_sc_hd__and3_2)
     5    0.021602    0.150084    0.544074    5.748136 v _546_/X (sky130_fd_sc_hd__and3_2)
                                                         _304_ (net)
                      0.150084    0.000273    5.748409 v _555_/A4 (sky130_fd_sc_hd__a41o_2)
     1    0.002216    0.060998    0.531789    6.280198 v _555_/X (sky130_fd_sc_hd__a41o_2)
                                                         _309_ (net)
                      0.060998    0.000024    6.280223 v _556_/B (sky130_fd_sc_hd__and2b_2)
     1    0.001744    0.063919    0.401489    6.681711 v _556_/X (sky130_fd_sc_hd__and2b_2)
                                                         _020_ (net)
                      0.063919    0.000008    6.681719 v hold164/A (sky130_fd_sc_hd__dlygate4sd3_1)
     1    0.002151    0.102592    1.165306    7.847025 v hold164/X (sky130_fd_sc_hd__dlygate4sd3_1)
                                                         net164 (net)
                      0.102592    0.000020    7.847045 v _721_/D (sky130_fd_sc_hd__dfrtp_2)
                                              7.847045   data arrival time

                                 25.000000   25.000000   clock wb_clk_i (rise edge)
                                  0.000000   25.000000   clock source latency
     2    0.147424    1.063065    0.746587   25.746586 ^ wb_clk_i (in)
                                                         wb_clk_i (net)
                      1.073527    0.000000   25.746586 ^ clkbuf_0_wb_clk_i/A (sky130_fd_sc_hd__clkbuf_16)
    17    0.074001    0.154063    0.612493   26.359079 ^ clkbuf_0_wb_clk_i/X (sky130_fd_sc_hd__clkbuf_16)
                                                         clknet_0_wb_clk_i (net)
                      0.154112    0.002400   26.361479 ^ clkbuf_3_0_0_wb_clk_i/A (sky130_fd_sc_hd__clkbuf_8)
    11    0.033860    0.115090    0.289708   26.651186 ^ clkbuf_3_0_0_wb_clk_i/X (sky130_fd_sc_hd__clkbuf_8)
                                                         clknet_3_0_0_wb_clk_i (net)
                      0.115090    0.000389   26.651575 ^ _721_/CLK (sky130_fd_sc_hd__dfrtp_2)
                                 -0.250000   26.401577   clock uncertainty
                                  0.143061   26.544638   clock reconvergence pessimism
                                 -0.278198   26.266441   library setup time
                                             26.266441   data required time
---------------------------------------------------------------------------------------------
                                             26.266441   data required time
                                             -7.847045   data arrival time
---------------------------------------------------------------------------------------------
                                             18.419395   slack (MET)


Startpoint: _729_ (rising edge-triggered flip-flop clocked by wb_clk_i)
Endpoint: _753_ (rising edge-triggered flip-flop clocked by wb_clk_i)
Path Group: wb_clk_i
Path Type: max

Fanout         Cap        Slew       Delay        Time   Description
---------------------------------------------------------------------------------------------
                                  0.000000    0.000000   clock wb_clk_i (rise edge)
                                  0.000000    0.000000   clock source latency
     2    0.147424    1.063065    0.825174    0.825174 ^ wb_clk_i (in)
                                                         wb_clk_i (net)
                      1.073527    0.000000    0.825174 ^ clkbuf_0_wb_clk_i/A (sky130_fd_sc_hd__clkbuf_16)
    17    0.074001    0.154063    0.676967    1.502141 ^ clkbuf_0_wb_clk_i/X (sky130_fd_sc_hd__clkbuf_16)
                                                         clknet_0_wb_clk_i (net)
                      0.154090    0.002109    1.504251 ^ clkbuf_3_7_0_wb_clk_i/A (sky130_fd_sc_hd__clkbuf_8)
    12    0.034773    0.117264    0.321941    1.826191 ^ clkbuf_3_7_0_wb_clk_i/X (sky130_fd_sc_hd__clkbuf_8)
                                                         clknet_3_7_0_wb_clk_i (net)
                      0.117264    0.000370    1.826561 ^ _729_/CLK (sky130_fd_sc_hd__dfrtp_2)
     1    0.001992    0.070089    0.844856    2.671417 v _729_/Q (sky130_fd_sc_hd__dfrtp_2)
                                                         timer.sec_div[2] (net)
                      0.070089    0.000020    2.671437 v hold59/A (sky130_fd_sc_hd__dlygate4sd3_1)
     4    0.016717    0.228200    1.341887    4.013324 v hold59/X (sky130_fd_sc_hd__dlygate4sd3_1)
                                                         net59 (net)
                      0.228200    0.000133    4.013457 v _417_/D (sky130_fd_sc_hd__and4_2)
     8    0.025738    0.166893    0.714386    4.727843 v _417_/X (sky130_fd_sc_hd__and4_2)
                                                         _227_ (net)
                      0.166893    0.000719    4.728562 v _445_/A (sky130_fd_sc_hd__and4_2)
     9    0.031580    0.188812    0.579424    5.307986 v _445_/X (sky130_fd_sc_hd__and4_2)
                                                         _245_ (net)
                      0.188813    0.000947    5.308933 v _471_/A (sky130_fd_sc_hd__and3_2)
     4    0.020792    0.147189    0.539180    5.848113 v _471_/X (sky130_fd_sc_hd__and3_2)
                                                         _260_ (net)
                      0.147189    0.000481    5.848593 v _474_/C (sky130_fd_sc_hd__and3_2)
     1    0.009283    0.100733    0.536375    6.384968 v _474_/X (sky130_fd_sc_hd__and3_2)
                                                         _262_ (net)
                      0.100733    0.000120    6.385088 v _476_/B (sky130_fd_sc_hd__xor2_2)
     1    0.002481    0.084385    0.272415    6.657503 v _476_/X (sky130_fd_sc_hd__xor2_2)
                                                         _052_ (net)
                      0.084385    0.000031    6.657534 v hold56/A (sky130_fd_sc_hd__dlygate4sd3_1)
     1    0.002350    0.104716    1.178352    7.835886 v hold56/X (sky130_fd_sc_hd__dlygate4sd3_1)
                                                         net56 (net)
                      0.104716    0.000023    7.835909 v _753_/D (sky130_fd_sc_hd__dfrtp_2)
                                              7.835909   data arrival time

                                 25.000000   25.000000   clock wb_clk_i (rise edge)
                                  0.000000   25.000000   clock source latency
     2    0.147424    1.063065    0.746587   25.746586 ^ wb_clk_i (in)
                                                         wb_clk_i (net)
                      1.073527    0.000000   25.746586 ^ clkbuf_0_wb_clk_i/A (sky130_fd_sc_hd__clkbuf_16)
    17    0.074001    0.154063    0.612493   26.359079 ^ clkbuf_0_wb_clk_i/X (sky130_fd_sc_hd__clkbuf_16)
                                                         clknet_0_wb_clk_i (net)
                      0.154070    0.001169   26.360249 ^ clkbuf_3_6_0_wb_clk_i/A (sky130_fd_sc_hd__clkbuf_8)
    12    0.036041    0.120291    0.293444   26.653692 ^ clkbuf_3_6_0_wb_clk_i/X (sky130_fd_sc_hd__clkbuf_8)
                                                         clknet_3_6_0_wb_clk_i (net)
                      0.120296    0.000847   26.654539 ^ _753_/CLK (sky130_fd_sc_hd__dfrtp_2)
                                 -0.250000   26.404539   clock uncertainty
                                  0.143061   26.547600   clock reconvergence pessimism
                                 -0.277695   26.269905   library setup time
                                             26.269905   data required time
---------------------------------------------------------------------------------------------
                                             26.269905   data required time
                                             -7.835909   data arrival time
---------------------------------------------------------------------------------------------
                                             18.433994   slack (MET)


Startpoint: _697_ (rising edge-triggered flip-flop clocked by wb_clk_i)
Endpoint: _712_ (rising edge-triggered flip-flop clocked by wb_clk_i)
Path Group: wb_clk_i
Path Type: max

Fanout         Cap        Slew       Delay        Time   Description
---------------------------------------------------------------------------------------------
                                  0.000000    0.000000   clock wb_clk_i (rise edge)
                                  0.000000    0.000000   clock source latency
     2    0.147424    1.063065    0.825174    0.825174 ^ wb_clk_i (in)
                                                         wb_clk_i (net)
                      1.073527    0.000000    0.825174 ^ clkbuf_0_wb_clk_i/A (sky130_fd_sc_hd__clkbuf_16)
    17    0.074001    0.154063    0.676967    1.502141 ^ clkbuf_0_wb_clk_i/X (sky130_fd_sc_hd__clkbuf_16)
                                                         clknet_0_wb_clk_i (net)
                      0.154089    0.002080    1.504221 ^ clkbuf_3_1_0_wb_clk_i/A (sky130_fd_sc_hd__clkbuf_8)
    11    0.035047    0.117914    0.322490    1.826712 ^ clkbuf_3_1_0_wb_clk_i/X (sky130_fd_sc_hd__clkbuf_8)
                                                         clknet_3_1_0_wb_clk_i (net)
                      0.117914    0.000264    1.826975 ^ _697_/CLK (sky130_fd_sc_hd__dfrtp_2)
     1    0.002257    0.071376    0.847931    2.674906 v _697_/Q (sky130_fd_sc_hd__dfrtp_2)
                                                         timer.scan_div[3] (net)
                      0.071376    0.000025    2.674931 v hold37/A (sky130_fd_sc_hd__dlygate4sd3_1)
     3    0.013640    0.203892    1.316907    3.991838 v hold37/X (sky130_fd_sc_hd__dlygate4sd3_1)
                                                         net37 (net)
                      0.203892    0.000075    3.991913 v _494_/C (sky130_fd_sc_hd__and4_2)
     6    0.017167    0.137971    0.643156    4.635069 v _494_/X (sky130_fd_sc_hd__and4_2)
                                                         _272_ (net)
                      0.137971    0.000235    4.635304 v _516_/A (sky130_fd_sc_hd__and4_2)
     8    0.032436    0.192088    0.567732    5.203036 v _516_/X (sky130_fd_sc_hd__and4_2)
                                                         _286_ (net)
                      0.192089    0.000931    5.203968 v _526_/A (sky130_fd_sc_hd__and2_2)
     6    0.032302    0.184866    0.566279    5.770247 v _526_/X (sky130_fd_sc_hd__and2_2)
                                                         _292_ (net)
                      0.184867    0.000882    5.771130 v _530_/C (sky130_fd_sc_hd__and3_2)
     2    0.014385    0.124000    0.586040    6.357169 v _530_/X (sky130_fd_sc_hd__and3_2)
                                                         _294_ (net)
                      0.124000    0.000169    6.357338 v _533_/B (sky130_fd_sc_hd__xor2_2)
     1    0.002358    0.084062    0.281556    6.638894 v _533_/X (sky130_fd_sc_hd__xor2_2)
                                                         _010_ (net)
                      0.084062    0.000027    6.638921 v hold58/A (sky130_fd_sc_hd__dlygate4sd3_1)
     1    0.002733    0.104969    1.185001    7.823922 v hold58/X (sky130_fd_sc_hd__dlygate4sd3_1)
                                                         net58 (net)
                      0.104969    0.000030    7.823952 v _712_/D (sky130_fd_sc_hd__dfrtp_2)
                                              7.823952   data arrival time

                                 25.000000   25.000000   clock wb_clk_i (rise edge)
                                  0.000000   25.000000   clock source latency
     2    0.147424    1.063065    0.746587   25.746586 ^ wb_clk_i (in)
                                                         wb_clk_i (net)
                      1.073527    0.000000   25.746586 ^ clkbuf_0_wb_clk_i/A (sky130_fd_sc_hd__clkbuf_16)
    17    0.074001    0.154063    0.612493   26.359079 ^ clkbuf_0_wb_clk_i/X (sky130_fd_sc_hd__clkbuf_16)
                                                         clknet_0_wb_clk_i (net)
                      0.154112    0.002400   26.361479 ^ clkbuf_3_0_0_wb_clk_i/A (sky130_fd_sc_hd__clkbuf_8)
    11    0.033860    0.115090    0.289708   26.651186 ^ clkbuf_3_0_0_wb_clk_i/X (sky130_fd_sc_hd__clkbuf_8)
                                                         clknet_3_0_0_wb_clk_i (net)
                      0.115090    0.000311   26.651497 ^ _712_/CLK (sky130_fd_sc_hd__dfrtp_2)
                                 -0.250000   26.401499   clock uncertainty
                                  0.143061   26.544559   clock reconvergence pessimism
                                 -0.279190   26.265369   library setup time
                                             26.265369   data required time
---------------------------------------------------------------------------------------------
                                             26.265369   data required time
                                             -7.823952   data arrival time
---------------------------------------------------------------------------------------------
                                             18.441416   slack (MET)


Startpoint: _729_ (rising edge-triggered flip-flop clocked by wb_clk_i)
Endpoint: _749_ (rising edge-triggered flip-flop clocked by wb_clk_i)
Path Group: wb_clk_i
Path Type: max

Fanout         Cap        Slew       Delay        Time   Description
---------------------------------------------------------------------------------------------
                                  0.000000    0.000000   clock wb_clk_i (rise edge)
                                  0.000000    0.000000   clock source latency
     2    0.147424    1.063065    0.825174    0.825174 ^ wb_clk_i (in)
                                                         wb_clk_i (net)
                      1.073527    0.000000    0.825174 ^ clkbuf_0_wb_clk_i/A (sky130_fd_sc_hd__clkbuf_16)
    17    0.074001    0.154063    0.676967    1.502141 ^ clkbuf_0_wb_clk_i/X (sky130_fd_sc_hd__clkbuf_16)
                                                         clknet_0_wb_clk_i (net)
                      0.154090    0.002109    1.504251 ^ clkbuf_3_7_0_wb_clk_i/A (sky130_fd_sc_hd__clkbuf_8)
    12    0.034773    0.117264    0.321941    1.826191 ^ clkbuf_3_7_0_wb_clk_i/X (sky130_fd_sc_hd__clkbuf_8)
                                                         clknet_3_7_0_wb_clk_i (net)
                      0.117264    0.000370    1.826561 ^ _729_/CLK (sky130_fd_sc_hd__dfrtp_2)
     1    0.001992    0.070089    0.844856    2.671417 v _729_/Q (sky130_fd_sc_hd__dfrtp_2)
                                                         timer.sec_div[2] (net)
                      0.070089    0.000020    2.671437 v hold59/A (sky130_fd_sc_hd__dlygate4sd3_1)
     4    0.016717    0.228200    1.341887    4.013324 v hold59/X (sky130_fd_sc_hd__dlygate4sd3_1)
                                                         net59 (net)
                      0.228200    0.000133    4.013457 v _417_/D (sky130_fd_sc_hd__and4_2)
     8    0.025738    0.166893    0.714386    4.727843 v _417_/X (sky130_fd_sc_hd__and4_2)
                                                         _227_ (net)
                      0.166893    0.000719    4.728562 v _445_/A (sky130_fd_sc_hd__and4_2)
     9    0.031580    0.188812    0.579424    5.307986 v _445_/X (sky130_fd_sc_hd__and4_2)
                                                         _245_ (net)
                      0.188812    0.000922    5.308908 v _460_/A (sky130_fd_sc_hd__and3_2)
     5    0.021545    0.149900    0.542112    5.851021 v _460_/X (sky130_fd_sc_hd__and3_2)
                                                         _254_ (net)
                      0.149900    0.000472    5.851493 v _464_/C (sky130_fd_sc_hd__and3_2)
     1    0.008567    0.097799    0.533550    6.385043 v _464_/X (sky130_fd_sc_hd__and3_2)
                                                         _256_ (net)
                      0.097799    0.000076    6.385119 v _467_/B (sky130_fd_sc_hd__xor2_2)
     1    0.001949    0.077226    0.267256    6.652376 v _467_/X (sky130_fd_sc_hd__xor2_2)
                                                         _048_ (net)
                      0.077226    0.000019    6.652395 v hold64/A (sky130_fd_sc_hd__dlygate4sd3_1)
     1    0.002237    0.103438    1.172816    7.825211 v hold64/X (sky130_fd_sc_hd__dlygate4sd3_1)
                                                         net64 (net)
                      0.103438    0.000021    7.825232 v _749_/D (sky130_fd_sc_hd__dfrtp_2)
                                              7.825232   data arrival time

                                 25.000000   25.000000   clock wb_clk_i (rise edge)
                                  0.000000   25.000000   clock source latency
     2    0.147424    1.063065    0.746587   25.746586 ^ wb_clk_i (in)
                                                         wb_clk_i (net)
                      1.073527    0.000000   25.746586 ^ clkbuf_0_wb_clk_i/A (sky130_fd_sc_hd__clkbuf_16)
    17    0.074001    0.154063    0.612493   26.359079 ^ clkbuf_0_wb_clk_i/X (sky130_fd_sc_hd__clkbuf_16)
                                                         clknet_0_wb_clk_i (net)
                      0.154089    0.001883   26.360962 ^ clkbuf_3_1_0_wb_clk_i/A (sky130_fd_sc_hd__clkbuf_8)
    11    0.035047    0.117914    0.291775   26.652739 ^ clkbuf_3_1_0_wb_clk_i/X (sky130_fd_sc_hd__clkbuf_8)
                                                         clknet_3_1_0_wb_clk_i (net)
                      0.117914    0.000545   26.653282 ^ _749_/CLK (sky130_fd_sc_hd__dfrtp_2)
                                 -0.250000   26.403284   clock uncertainty
                                  0.143061   26.546345   clock reconvergence pessimism
                                 -0.277797   26.268547   library setup time
                                             26.268547   data required time
---------------------------------------------------------------------------------------------
                                             26.268547   data required time
                                             -7.825232   data arrival time
---------------------------------------------------------------------------------------------
                                             18.443316   slack (MET)


Startpoint: _697_ (rising edge-triggered flip-flop clocked by wb_clk_i)
Endpoint: _717_ (rising edge-triggered flip-flop clocked by wb_clk_i)
Path Group: wb_clk_i
Path Type: max

Fanout         Cap        Slew       Delay        Time   Description
---------------------------------------------------------------------------------------------
                                  0.000000    0.000000   clock wb_clk_i (rise edge)
                                  0.000000    0.000000   clock source latency
     2    0.147424    1.063065    0.825174    0.825174 ^ wb_clk_i (in)
                                                         wb_clk_i (net)
                      1.073527    0.000000    0.825174 ^ clkbuf_0_wb_clk_i/A (sky130_fd_sc_hd__clkbuf_16)
    17    0.074001    0.154063    0.676967    1.502141 ^ clkbuf_0_wb_clk_i/X (sky130_fd_sc_hd__clkbuf_16)
                                                         clknet_0_wb_clk_i (net)
                      0.154089    0.002080    1.504221 ^ clkbuf_3_1_0_wb_clk_i/A (sky130_fd_sc_hd__clkbuf_8)
    11    0.035047    0.117914    0.322490    1.826712 ^ clkbuf_3_1_0_wb_clk_i/X (sky130_fd_sc_hd__clkbuf_8)
                                                         clknet_3_1_0_wb_clk_i (net)
                      0.117914    0.000264    1.826975 ^ _697_/CLK (sky130_fd_sc_hd__dfrtp_2)
     1    0.002257    0.071376    0.847931    2.674906 v _697_/Q (sky130_fd_sc_hd__dfrtp_2)
                                                         timer.scan_div[3] (net)
                      0.071376    0.000025    2.674931 v hold37/A (sky130_fd_sc_hd__dlygate4sd3_1)
     3    0.013640    0.203892    1.316907    3.991838 v hold37/X (sky130_fd_sc_hd__dlygate4sd3_1)
                                                         net37 (net)
                      0.203892    0.000075    3.991913 v _494_/C (sky130_fd_sc_hd__and4_2)
     6    0.017167    0.137971    0.643156    4.635069 v _494_/X (sky130_fd_sc_hd__and4_2)
                                                         _272_ (net)
                      0.137971    0.000235    4.635304 v _516_/A (sky130_fd_sc_hd__and4_2)
     8    0.032436    0.192088    0.567732    5.203036 v _516_/X (sky130_fd_sc_hd__and4_2)
                                                         _286_ (net)
                      0.192089    0.000989    5.204025 v _537_/B (sky130_fd_sc_hd__and4_2)
     3    0.012729    0.119038    0.575742    5.779767 v _537_/X (sky130_fd_sc_hd__and4_2)
                                                         _298_ (net)
                      0.119038    0.000109    5.779876 v _542_/C (sky130_fd_sc_hd__and3_2)
     1    0.003483    0.074610    0.480397    6.260273 v _542_/X (sky130_fd_sc_hd__and3_2)
                                                         _301_ (net)
                      0.074610    0.000048    6.260320 v _547_/A2 (sky130_fd_sc_hd__o21ba_2)
     1    0.002448    0.057680    0.374081    6.634401 v _547_/X (sky130_fd_sc_hd__o21ba_2)
                                                         _016_ (net)
                      0.057680    0.000030    6.634430 v hold86/A (sky130_fd_sc_hd__dlygate4sd3_1)
     1    0.002035    0.101368    1.160463    7.794894 v hold86/X (sky130_fd_sc_hd__dlygate4sd3_1)
                                                         net86 (net)
                      0.101368    0.000018    7.794911 v _717_/D (sky130_fd_sc_hd__dfrtp_2)
                                              7.794911   data arrival time

                                 25.000000   25.000000   clock wb_clk_i (rise edge)
                                  0.000000   25.000000   clock source latency
     2    0.147424    1.063065    0.746587   25.746586 ^ wb_clk_i (in)
                                                         wb_clk_i (net)
                      1.073527    0.000000   25.746586 ^ clkbuf_0_wb_clk_i/A (sky130_fd_sc_hd__clkbuf_16)
    17    0.074001    0.154063    0.612493   26.359079 ^ clkbuf_0_wb_clk_i/X (sky130_fd_sc_hd__clkbuf_16)
                                                         clknet_0_wb_clk_i (net)
                      0.154103    0.002224   26.361303 ^ clkbuf_3_2_0_wb_clk_i/A (sky130_fd_sc_hd__clkbuf_8)
    11    0.034623    0.116907    0.291033   26.652336 ^ clkbuf_3_2_0_wb_clk_i/X (sky130_fd_sc_hd__clkbuf_8)
                                                         clknet_3_2_0_wb_clk_i (net)
                      0.116907    0.000233   26.652569 ^ _717_/CLK (sky130_fd_sc_hd__dfrtp_2)
                                 -0.250000   26.402569   clock uncertainty
                                  0.143061   26.545630   clock reconvergence pessimism
                                 -0.277202   26.268429   library setup time
                                             26.268429   data required time
---------------------------------------------------------------------------------------------
                                             26.268429   data required time
                                             -7.794911   data arrival time
---------------------------------------------------------------------------------------------
                                             18.473516   slack (MET)


Startpoint: _729_ (rising edge-triggered flip-flop clocked by wb_clk_i)
Endpoint: _739_ (rising edge-triggered flip-flop clocked by wb_clk_i)
Path Group: wb_clk_i
Path Type: max

Fanout         Cap        Slew       Delay        Time   Description
---------------------------------------------------------------------------------------------
                                  0.000000    0.000000   clock wb_clk_i (rise edge)
                                  0.000000    0.000000   clock source latency
     2    0.147424    1.063065    0.825174    0.825174 ^ wb_clk_i (in)
                                                         wb_clk_i (net)
                      1.073527    0.000000    0.825174 ^ clkbuf_0_wb_clk_i/A (sky130_fd_sc_hd__clkbuf_16)
    17    0.074001    0.154063    0.676967    1.502141 ^ clkbuf_0_wb_clk_i/X (sky130_fd_sc_hd__clkbuf_16)
                                                         clknet_0_wb_clk_i (net)
                      0.154090    0.002109    1.504251 ^ clkbuf_3_7_0_wb_clk_i/A (sky130_fd_sc_hd__clkbuf_8)
    12    0.034773    0.117264    0.321941    1.826191 ^ clkbuf_3_7_0_wb_clk_i/X (sky130_fd_sc_hd__clkbuf_8)
                                                         clknet_3_7_0_wb_clk_i (net)
                      0.117264    0.000370    1.826561 ^ _729_/CLK (sky130_fd_sc_hd__dfrtp_2)
     1    0.001992    0.070089    0.844856    2.671417 v _729_/Q (sky130_fd_sc_hd__dfrtp_2)
                                                         timer.sec_div[2] (net)
                      0.070089    0.000020    2.671437 v hold59/A (sky130_fd_sc_hd__dlygate4sd3_1)
     4    0.016717    0.228200    1.341887    4.013324 v hold59/X (sky130_fd_sc_hd__dlygate4sd3_1)
                                                         net59 (net)
                      0.228200    0.000133    4.013457 v _417_/D (sky130_fd_sc_hd__and4_2)
     8    0.025738    0.166893    0.714386    4.727843 v _417_/X (sky130_fd_sc_hd__and4_2)
                                                         _227_ (net)
                      0.166893    0.000756    4.728599 v _439_/A (sky130_fd_sc_hd__and3_2)
     3    0.013712    0.121135    0.492824    5.221423 v _439_/X (sky130_fd_sc_hd__and3_2)
                                                         _241_ (net)
                      0.121135    0.000114    5.221537 v _442_/B (sky130_fd_sc_hd__nor2_2)
     1    0.001923    0.091635    0.134041    5.355577 ^ _442_/Y (sky130_fd_sc_hd__nor2_2)
                                                         _243_ (net)
                      0.091635    0.000017    5.355595 ^ hold97/A (sky130_fd_sc_hd__dlygate4sd3_1)
     1    0.005189    0.128786    1.137948    6.493543 ^ hold97/X (sky130_fd_sc_hd__dlygate4sd3_1)
                                                         net97 (net)
                      0.128786    0.000035    6.493578 ^ _443_/B (sky130_fd_sc_hd__nor2_2)
     1    0.001594    0.034528    0.074411    6.567989 v _443_/Y (sky130_fd_sc_hd__nor2_2)
                                                         _037_ (net)
                      0.034528    0.000006    6.567995 v hold98/A (sky130_fd_sc_hd__dlygate4sd3_1)
     1    0.002811    0.105862    1.163770    7.731766 v hold98/X (sky130_fd_sc_hd__dlygate4sd3_1)
                                                         net98 (net)
                      0.105862    0.000035    7.731800 v _739_/D (sky130_fd_sc_hd__dfrtp_2)
                                              7.731800   data arrival time

                                 25.000000   25.000000   clock wb_clk_i (rise edge)
                                  0.000000   25.000000   clock source latency
     2    0.147424    1.063065    0.746587   25.746586 ^ wb_clk_i (in)
                                                         wb_clk_i (net)
                      1.073527    0.000000   25.746586 ^ clkbuf_0_wb_clk_i/A (sky130_fd_sc_hd__clkbuf_16)
    17    0.074001    0.154063    0.612493   26.359079 ^ clkbuf_0_wb_clk_i/X (sky130_fd_sc_hd__clkbuf_16)
                                                         clknet_0_wb_clk_i (net)
                      0.154075    0.001428   26.360508 ^ clkbuf_3_4_0_wb_clk_i/A (sky130_fd_sc_hd__clkbuf_8)
    11    0.035340    0.118617    0.292269   26.652777 ^ clkbuf_3_4_0_wb_clk_i/X (sky130_fd_sc_hd__clkbuf_8)
                                                         clknet_3_4_0_wb_clk_i (net)
                      0.118617    0.000098   26.652874 ^ _739_/CLK (sky130_fd_sc_hd__dfrtp_2)
                                 -0.250000   26.402876   clock uncertainty
                                  0.143061   26.545937   clock reconvergence pessimism
                                 -0.278622   26.267315   library setup time
                                             26.267315   data required time
---------------------------------------------------------------------------------------------
                                             26.267315   data required time
                                             -7.731800   data arrival time
---------------------------------------------------------------------------------------------
                                             18.535513   slack (MET)


Startpoint: _697_ (rising edge-triggered flip-flop clocked by wb_clk_i)
Endpoint: _724_ (rising edge-triggered flip-flop clocked by wb_clk_i)
Path Group: wb_clk_i
Path Type: max

Fanout         Cap        Slew       Delay        Time   Description
---------------------------------------------------------------------------------------------
                                  0.000000    0.000000   clock wb_clk_i (rise edge)
                                  0.000000    0.000000   clock source latency
     2    0.147424    1.063065    0.825174    0.825174 ^ wb_clk_i (in)
                                                         wb_clk_i (net)
                      1.073527    0.000000    0.825174 ^ clkbuf_0_wb_clk_i/A (sky130_fd_sc_hd__clkbuf_16)
    17    0.074001    0.154063    0.676967    1.502141 ^ clkbuf_0_wb_clk_i/X (sky130_fd_sc_hd__clkbuf_16)
                                                         clknet_0_wb_clk_i (net)
                      0.154089    0.002080    1.504221 ^ clkbuf_3_1_0_wb_clk_i/A (sky130_fd_sc_hd__clkbuf_8)
    11    0.035047    0.117914    0.322490    1.826712 ^ clkbuf_3_1_0_wb_clk_i/X (sky130_fd_sc_hd__clkbuf_8)
                                                         clknet_3_1_0_wb_clk_i (net)
                      0.117914    0.000264    1.826975 ^ _697_/CLK (sky130_fd_sc_hd__dfrtp_2)
     1    0.002375    0.066940    0.725329    2.552305 ^ _697_/Q (sky130_fd_sc_hd__dfrtp_2)
                                                         timer.scan_div[3] (net)
                      0.066940    0.000026    2.552331 ^ hold37/A (sky130_fd_sc_hd__dlygate4sd3_1)
     3    0.014446    0.248042    1.241677    3.794008 ^ hold37/X (sky130_fd_sc_hd__dlygate4sd3_1)
                                                         net37 (net)
                      0.248042    0.000079    3.794086 ^ _494_/C (sky130_fd_sc_hd__and4_2)
     6    0.017818    0.210825    0.681067    4.475154 ^ _494_/X (sky130_fd_sc_hd__and4_2)
                                                         _272_ (net)
                      0.210825    0.000244    4.475398 ^ _516_/A (sky130_fd_sc_hd__and4_2)
     8    0.033658    0.326760    0.734748    5.210146 ^ _516_/X (sky130_fd_sc_hd__and4_2)
                                                         _286_ (net)
                      0.326760    0.001047    5.211194 ^ _554_/A (sky130_fd_sc_hd__and4_2)
     5    0.027705    0.282387    0.742480    5.953673 ^ _554_/X (sky130_fd_sc_hd__and4_2)
                                                         _308_ (net)
                      0.282387    0.000605    5.954278 ^ _558_/C (sky130_fd_sc_hd__nand3_2)
     2    0.011208    0.207188    0.303925    6.258204 v _558_/Y (sky130_fd_sc_hd__nand3_2)
                                                         _310_ (net)
                      0.207188    0.000119    6.258322 v _562_/B (sky130_fd_sc_hd__xnor2_2)
     1    0.002527    0.081076    0.293650    6.551971 v _562_/Y (sky130_fd_sc_hd__xnor2_2)
                                                         _024_ (net)
                      0.081076    0.000030    6.552001 v hold36/A (sky130_fd_sc_hd__dlygate4sd3_1)
     1    0.002166    0.102615    1.173385    7.725386 v hold36/X (sky130_fd_sc_hd__dlygate4sd3_1)
                                                         net36 (net)
                      0.102615    0.000020    7.725405 v _724_/D (sky130_fd_sc_hd__dfrtp_2)
                                              7.725405   data arrival time

                                 25.000000   25.000000   clock wb_clk_i (rise edge)
                                  0.000000   25.000000   clock source latency
     2    0.147424    1.063065    0.746587   25.746586 ^ wb_clk_i (in)
                                                         wb_clk_i (net)
                      1.073527    0.000000   25.746586 ^ clkbuf_0_wb_clk_i/A (sky130_fd_sc_hd__clkbuf_16)
    17    0.074001    0.154063    0.612493   26.359079 ^ clkbuf_0_wb_clk_i/X (sky130_fd_sc_hd__clkbuf_16)
                                                         clknet_0_wb_clk_i (net)
                      0.154112    0.002400   26.361479 ^ clkbuf_3_0_0_wb_clk_i/A (sky130_fd_sc_hd__clkbuf_8)
    11    0.033860    0.115090    0.289708   26.651186 ^ clkbuf_3_0_0_wb_clk_i/X (sky130_fd_sc_hd__clkbuf_8)
                                                         clknet_3_0_0_wb_clk_i (net)
                      0.115091    0.000474   26.651661 ^ _724_/CLK (sky130_fd_sc_hd__dfrtp_2)
                                 -0.250000   26.401663   clock uncertainty
                                  0.143061   26.544724   clock reconvergence pessimism
                                 -0.278207   26.266516   library setup time
                                             26.266516   data required time
---------------------------------------------------------------------------------------------
                                             26.266516   data required time
                                             -7.725405   data arrival time
---------------------------------------------------------------------------------------------
                                             18.541109   slack (MET)


Startpoint: _697_ (rising edge-triggered flip-flop clocked by wb_clk_i)
Endpoint: _720_ (rising edge-triggered flip-flop clocked by wb_clk_i)
Path Group: wb_clk_i
Path Type: max

Fanout         Cap        Slew       Delay        Time   Description
---------------------------------------------------------------------------------------------
                                  0.000000    0.000000   clock wb_clk_i (rise edge)
                                  0.000000    0.000000   clock source latency
     2    0.147424    1.063065    0.825174    0.825174 ^ wb_clk_i (in)
                                                         wb_clk_i (net)
                      1.073527    0.000000    0.825174 ^ clkbuf_0_wb_clk_i/A (sky130_fd_sc_hd__clkbuf_16)
    17    0.074001    0.154063    0.676967    1.502141 ^ clkbuf_0_wb_clk_i/X (sky130_fd_sc_hd__clkbuf_16)
                                                         clknet_0_wb_clk_i (net)
                      0.154089    0.002080    1.504221 ^ clkbuf_3_1_0_wb_clk_i/A (sky130_fd_sc_hd__clkbuf_8)
    11    0.035047    0.117914    0.322490    1.826712 ^ clkbuf_3_1_0_wb_clk_i/X (sky130_fd_sc_hd__clkbuf_8)
                                                         clknet_3_1_0_wb_clk_i (net)
                      0.117914    0.000264    1.826975 ^ _697_/CLK (sky130_fd_sc_hd__dfrtp_2)
     1    0.002257    0.071376    0.847931    2.674906 v _697_/Q (sky130_fd_sc_hd__dfrtp_2)
                                                         timer.scan_div[3] (net)
                      0.071376    0.000025    2.674931 v hold37/A (sky130_fd_sc_hd__dlygate4sd3_1)
     3    0.013640    0.203892    1.316907    3.991838 v hold37/X (sky130_fd_sc_hd__dlygate4sd3_1)
                                                         net37 (net)
                      0.203892    0.000075    3.991913 v _494_/C (sky130_fd_sc_hd__and4_2)
     6    0.017167    0.137971    0.643156    4.635069 v _494_/X (sky130_fd_sc_hd__and4_2)
                                                         _272_ (net)
                      0.137971    0.000235    4.635304 v _516_/A (sky130_fd_sc_hd__and4_2)
     8    0.032436    0.192088    0.567732    5.203036 v _516_/X (sky130_fd_sc_hd__and4_2)
                                                         _286_ (net)
                      0.192090    0.001026    5.204062 v _546_/A (sky130_fd_sc_hd__and3_2)
     5    0.021602    0.150084    0.544074    5.748136 v _546_/X (sky130_fd_sc_hd__and3_2)
                                                         _304_ (net)
                      0.150084    0.000260    5.748396 v _550_/C (sky130_fd_sc_hd__and3_2)
     1    0.008756    0.098548    0.534753    6.283149 v _550_/X (sky130_fd_sc_hd__and3_2)
                                                         _306_ (net)
                      0.098548    0.000101    6.283250 v _552_/B (sky130_fd_sc_hd__xor2_2)
     1    0.001758    0.081238    0.266176    6.549426 v _552_/X (sky130_fd_sc_hd__xor2_2)
                                                         _019_ (net)
                      0.081238    0.000008    6.549434 v hold71/A (sky130_fd_sc_hd__dlygate4sd3_1)
     1    0.002099    0.101855    1.172276    7.721710 v hold71/X (sky130_fd_sc_hd__dlygate4sd3_1)
                                                         net71 (net)
                      0.101855    0.000019    7.721728 v _720_/D (sky130_fd_sc_hd__dfrtp_2)
                                              7.721728   data arrival time

                                 25.000000   25.000000   clock wb_clk_i (rise edge)
                                  0.000000   25.000000   clock source latency
     2    0.147424    1.063065    0.746587   25.746586 ^ wb_clk_i (in)
                                                         wb_clk_i (net)
                      1.073527    0.000000   25.746586 ^ clkbuf_0_wb_clk_i/A (sky130_fd_sc_hd__clkbuf_16)
    17    0.074001    0.154063    0.612493   26.359079 ^ clkbuf_0_wb_clk_i/X (sky130_fd_sc_hd__clkbuf_16)
                                                         clknet_0_wb_clk_i (net)
                      0.154103    0.002224   26.361303 ^ clkbuf_3_2_0_wb_clk_i/A (sky130_fd_sc_hd__clkbuf_8)
    11    0.034623    0.116907    0.291033   26.652336 ^ clkbuf_3_2_0_wb_clk_i/X (sky130_fd_sc_hd__clkbuf_8)
                                                         clknet_3_2_0_wb_clk_i (net)
                      0.116907    0.000487   26.652822 ^ _720_/CLK (sky130_fd_sc_hd__dfrtp_2)
                                 -0.250000   26.402824   clock uncertainty
                                  0.143061   26.545885   clock reconvergence pessimism
                                 -0.277405   26.268480   library setup time
                                             26.268480   data required time
---------------------------------------------------------------------------------------------
                                             26.268480   data required time
                                             -7.721728   data arrival time
---------------------------------------------------------------------------------------------
                                             18.546751   slack (MET)


Startpoint: _697_ (rising edge-triggered flip-flop clocked by wb_clk_i)
Endpoint: _702_ (rising edge-triggered flip-flop clocked by wb_clk_i)
Path Group: wb_clk_i
Path Type: max

Fanout         Cap        Slew       Delay        Time   Description
---------------------------------------------------------------------------------------------
                                  0.000000    0.000000   clock wb_clk_i (rise edge)
                                  0.000000    0.000000   clock source latency
     2    0.147424    1.063065    0.825174    0.825174 ^ wb_clk_i (in)
                                                         wb_clk_i (net)
                      1.073527    0.000000    0.825174 ^ clkbuf_0_wb_clk_i/A (sky130_fd_sc_hd__clkbuf_16)
    17    0.074001    0.154063    0.676967    1.502141 ^ clkbuf_0_wb_clk_i/X (sky130_fd_sc_hd__clkbuf_16)
                                                         clknet_0_wb_clk_i (net)
                      0.154089    0.002080    1.504221 ^ clkbuf_3_1_0_wb_clk_i/A (sky130_fd_sc_hd__clkbuf_8)
    11    0.035047    0.117914    0.322490    1.826712 ^ clkbuf_3_1_0_wb_clk_i/X (sky130_fd_sc_hd__clkbuf_8)
                                                         clknet_3_1_0_wb_clk_i (net)
                      0.117914    0.000264    1.826975 ^ _697_/CLK (sky130_fd_sc_hd__dfrtp_2)
     1    0.002257    0.071376    0.847931    2.674906 v _697_/Q (sky130_fd_sc_hd__dfrtp_2)
                                                         timer.scan_div[3] (net)
                      0.071376    0.000025    2.674931 v hold37/A (sky130_fd_sc_hd__dlygate4sd3_1)
     3    0.013640    0.203892    1.316907    3.991838 v hold37/X (sky130_fd_sc_hd__dlygate4sd3_1)
                                                         net37 (net)
                      0.203892    0.000075    3.991913 v _494_/C (sky130_fd_sc_hd__and4_2)
     6    0.017167    0.137971    0.643156    4.635069 v _494_/X (sky130_fd_sc_hd__and4_2)
                                                         _272_ (net)
                      0.137971    0.000129    4.635199 v _506_/A (sky130_fd_sc_hd__and3_2)
     4    0.011446    0.110555    0.465248    5.100447 v _506_/X (sky130_fd_sc_hd__and3_2)
                                                         _280_ (net)
                      0.110555    0.000115    5.100562 v _509_/B (sky130_fd_sc_hd__nor2_2)
     1    0.002245    0.095741    0.133847    5.234408 ^ _509_/Y (sky130_fd_sc_hd__nor2_2)
                                                         _282_ (net)
                      0.095741    0.000023    5.234432 ^ hold115/A (sky130_fd_sc_hd__dlygate4sd3_1)
     1    0.005468    0.132556    1.143162    6.377594 ^ hold115/X (sky130_fd_sc_hd__dlygate4sd3_1)
                                                         net115 (net)
                      0.132556    0.000041    6.377635 ^ _510_/B (sky130_fd_sc_hd__nor2_2)
     1    0.001746    0.048751    0.076310    6.453945 v _510_/Y (sky130_fd_sc_hd__nor2_2)
                                                         _031_ (net)
                      0.048751    0.000008    6.453953 v hold116/A (sky130_fd_sc_hd__dlygate4sd3_1)
     1    0.002689    0.108717    1.168031    7.621984 v hold116/X (sky130_fd_sc_hd__dlygate4sd3_1)
                                                         net116 (net)
                      0.108717    0.000029    7.622014 v _702_/D (sky130_fd_sc_hd__dfrtp_2)
                                              7.622014   data arrival time

                                 25.000000   25.000000   clock wb_clk_i (rise edge)
                                  0.000000   25.000000   clock source latency
     2    0.147424    1.063065    0.746587   25.746586 ^ wb_clk_i (in)
                                                         wb_clk_i (net)
                      1.073527    0.000000   25.746586 ^ clkbuf_0_wb_clk_i/A (sky130_fd_sc_hd__clkbuf_16)
    17    0.074001    0.154063    0.612493   26.359079 ^ clkbuf_0_wb_clk_i/X (sky130_fd_sc_hd__clkbuf_16)
                                                         clknet_0_wb_clk_i (net)
                      0.154075    0.001405   26.360485 ^ clkbuf_3_3_0_wb_clk_i/A (sky130_fd_sc_hd__clkbuf_8)
    11    0.035092    0.118021    0.291859   26.652344 ^ clkbuf_3_3_0_wb_clk_i/X (sky130_fd_sc_hd__clkbuf_8)
                                                         clknet_3_3_0_wb_clk_i (net)
                      0.118021    0.000231   26.652575 ^ _702_/CLK (sky130_fd_sc_hd__dfrtp_2)
                                 -0.250000   26.402575   clock uncertainty
                                  0.143061   26.545635   clock reconvergence pessimism
                                 -0.279973   26.265663   library setup time
                                             26.265663   data required time
---------------------------------------------------------------------------------------------
                                             26.265663   data required time
                                             -7.622014   data arrival time
---------------------------------------------------------------------------------------------
                                             18.643648   slack (MET)


Startpoint: wb_rst_i (input port clocked by wb_clk_i)
Endpoint: _754_ (recovery check against rising-edge clock wb_clk_i)
Path Group: asynchronous
Path Type: max

Fanout         Cap        Slew       Delay        Time   Description
---------------------------------------------------------------------------------------------
                                  0.000000    0.000000   clock wb_clk_i (rise edge)
                                  0.000000    0.000000   clock network delay (propagated)
                                  5.000000    5.000000 v input external delay
     2    0.004739    0.026074    0.016087    5.016087 v wb_rst_i (in)
                                                         wb_rst_i (net)
                      0.026074    0.000000    5.016087 v input1/A (sky130_fd_sc_hd__buf_2)
     5    0.123250    0.530592    0.588063    5.604150 v input1/X (sky130_fd_sc_hd__buf_2)
                                                         net1 (net)
                      0.544132    0.070658    5.674808 v fanout25/A (sky130_fd_sc_hd__clkdlybuf4s25_1)
     8    0.040183    0.540400    1.054233    6.729041 v fanout25/X (sky130_fd_sc_hd__clkdlybuf4s25_1)
                                                         net25 (net)
                      0.540400    0.000218    6.729258 v fanout21/A (sky130_fd_sc_hd__clkdlybuf4s25_1)
     9    0.054935    0.731237    1.200150    7.929409 v fanout21/X (sky130_fd_sc_hd__clkdlybuf4s25_1)
                                                         net21 (net)
                      0.731237    0.000553    7.929962 v _670_/A (sky130_fd_sc_hd__inv_2)
     1    0.004037    0.157943    0.247046    8.177008 ^ _670_/Y (sky130_fd_sc_hd__inv_2)
                                                         _145_ (net)
                      0.157943    0.000045    8.177053 ^ _754_/RESET_B (sky130_fd_sc_hd__dfrtp_2)
                                              8.177053   data arrival time

                                 25.000000   25.000000   clock wb_clk_i (rise edge)
                                  0.000000   25.000000   clock source latency
     2    0.147424    1.063065    0.746587   25.746586 ^ wb_clk_i (in)
                                                         wb_clk_i (net)
                      1.073527    0.000000   25.746586 ^ clkbuf_0_wb_clk_i/A (sky130_fd_sc_hd__clkbuf_16)
    17    0.074001    0.154063    0.612493   26.359079 ^ clkbuf_0_wb_clk_i/X (sky130_fd_sc_hd__clkbuf_16)
                                                         clknet_0_wb_clk_i (net)
                      0.154070    0.001169   26.360249 ^ clkbuf_3_6_0_wb_clk_i/A (sky130_fd_sc_hd__clkbuf_8)
    12    0.036041    0.120291    0.293444   26.653692 ^ clkbuf_3_6_0_wb_clk_i/X (sky130_fd_sc_hd__clkbuf_8)
                                                         clknet_3_6_0_wb_clk_i (net)
                      0.120294    0.000780   26.654470 ^ _754_/CLK (sky130_fd_sc_hd__dfrtp_2)
                                 -0.250000   26.404472   clock uncertainty
                                  0.000000   26.404472   clock reconvergence pessimism
                                  0.423904   26.828377   library recovery time
                                             26.828377   data required time
---------------------------------------------------------------------------------------------
                                             26.828377   data required time
                                             -8.177053   data arrival time
---------------------------------------------------------------------------------------------
                                             18.651325   slack (MET)


Startpoint: wb_rst_i (input port clocked by wb_clk_i)
Endpoint: _753_ (recovery check against rising-edge clock wb_clk_i)
Path Group: asynchronous
Path Type: max

Fanout         Cap        Slew       Delay        Time   Description
---------------------------------------------------------------------------------------------
                                  0.000000    0.000000   clock wb_clk_i (rise edge)
                                  0.000000    0.000000   clock network delay (propagated)
                                  5.000000    5.000000 v input external delay
     2    0.004739    0.026074    0.016087    5.016087 v wb_rst_i (in)
                                                         wb_rst_i (net)
                      0.026074    0.000000    5.016087 v input1/A (sky130_fd_sc_hd__buf_2)
     5    0.123250    0.530592    0.588063    5.604150 v input1/X (sky130_fd_sc_hd__buf_2)
                                                         net1 (net)
                      0.544132    0.070658    5.674808 v fanout25/A (sky130_fd_sc_hd__clkdlybuf4s25_1)
     8    0.040183    0.540400    1.054233    6.729041 v fanout25/X (sky130_fd_sc_hd__clkdlybuf4s25_1)
                                                         net25 (net)
                      0.540400    0.000218    6.729258 v fanout21/A (sky130_fd_sc_hd__clkdlybuf4s25_1)
     9    0.054935    0.731237    1.200150    7.929409 v fanout21/X (sky130_fd_sc_hd__clkdlybuf4s25_1)
                                                         net21 (net)
                      0.731237    0.000700    7.930109 v _669_/A (sky130_fd_sc_hd__inv_2)
     1    0.003933    0.156772    0.244877    8.174985 ^ _669_/Y (sky130_fd_sc_hd__inv_2)
                                                         _144_ (net)
                      0.156772    0.000038    8.175024 ^ _753_/RESET_B (sky130_fd_sc_hd__dfrtp_2)
                                              8.175024   data arrival time

                                 25.000000   25.000000   clock wb_clk_i (rise edge)
                                  0.000000   25.000000   clock source latency
     2    0.147424    1.063065    0.746587   25.746586 ^ wb_clk_i (in)
                                                         wb_clk_i (net)
                      1.073527    0.000000   25.746586 ^ clkbuf_0_wb_clk_i/A (sky130_fd_sc_hd__clkbuf_16)
    17    0.074001    0.154063    0.612493   26.359079 ^ clkbuf_0_wb_clk_i/X (sky130_fd_sc_hd__clkbuf_16)
                                                         clknet_0_wb_clk_i (net)
                      0.154070    0.001169   26.360249 ^ clkbuf_3_6_0_wb_clk_i/A (sky130_fd_sc_hd__clkbuf_8)
    12    0.036041    0.120291    0.293444   26.653692 ^ clkbuf_3_6_0_wb_clk_i/X (sky130_fd_sc_hd__clkbuf_8)
                                                         clknet_3_6_0_wb_clk_i (net)
                      0.120296    0.000847   26.654539 ^ _753_/CLK (sky130_fd_sc_hd__dfrtp_2)
                                 -0.250000   26.404539   clock uncertainty
                                  0.000000   26.404539   clock reconvergence pessimism
                                  0.424403   26.828941   library recovery time
                                             26.828941   data required time
---------------------------------------------------------------------------------------------
                                             26.828941   data required time
                                             -8.175024   data arrival time
---------------------------------------------------------------------------------------------
                                             18.653917   slack (MET)


Startpoint: wb_rst_i (input port clocked by wb_clk_i)
Endpoint: _676_ (recovery check against rising-edge clock wb_clk_i)
Path Group: asynchronous
Path Type: max

Fanout         Cap        Slew       Delay        Time   Description
---------------------------------------------------------------------------------------------
                                  0.000000    0.000000   clock wb_clk_i (rise edge)
                                  0.000000    0.000000   clock network delay (propagated)
                                  5.000000    5.000000 v input external delay
     2    0.004739    0.026074    0.016087    5.016087 v wb_rst_i (in)
                                                         wb_rst_i (net)
                      0.026074    0.000000    5.016087 v input1/A (sky130_fd_sc_hd__buf_2)
     5    0.123250    0.530592    0.588063    5.604150 v input1/X (sky130_fd_sc_hd__buf_2)
                                                         net1 (net)
                      0.544132    0.070658    5.674808 v fanout25/A (sky130_fd_sc_hd__clkdlybuf4s25_1)
     8    0.040183    0.540400    1.054233    6.729041 v fanout25/X (sky130_fd_sc_hd__clkdlybuf4s25_1)
                                                         net25 (net)
                      0.540400    0.000218    6.729258 v fanout21/A (sky130_fd_sc_hd__clkdlybuf4s25_1)
     9    0.054935    0.731237    1.200150    7.929409 v fanout21/X (sky130_fd_sc_hd__clkdlybuf4s25_1)
                                                         net21 (net)
                      0.731237    0.001626    7.931035 v _592_/A (sky130_fd_sc_hd__inv_2)
     1    0.003807    0.155346    0.242235    8.173269 ^ _592_/Y (sky130_fd_sc_hd__inv_2)
                                                         _067_ (net)
                      0.155346    0.000032    8.173302 ^ _676_/RESET_B (sky130_fd_sc_hd__dfrtp_2)
                                              8.173302   data arrival time

                                 25.000000   25.000000   clock wb_clk_i (rise edge)
                                  0.000000   25.000000   clock source latency
     2    0.147424    1.063065    0.746587   25.746586 ^ wb_clk_i (in)
                                                         wb_clk_i (net)
                      1.073527    0.000000   25.746586 ^ clkbuf_0_wb_clk_i/A (sky130_fd_sc_hd__clkbuf_16)
    17    0.074001    0.154063    0.612493   26.359079 ^ clkbuf_0_wb_clk_i/X (sky130_fd_sc_hd__clkbuf_16)
                                                         clknet_0_wb_clk_i (net)
                      0.154075    0.001428   26.360508 ^ clkbuf_3_4_0_wb_clk_i/A (sky130_fd_sc_hd__clkbuf_8)
    11    0.035340    0.118617    0.292269   26.652777 ^ clkbuf_3_4_0_wb_clk_i/X (sky130_fd_sc_hd__clkbuf_8)
                                                         clknet_3_4_0_wb_clk_i (net)
                      0.118617    0.000368   26.653145 ^ _676_/CLK (sky130_fd_sc_hd__dfrtp_2)
                                 -0.250000   26.403145   clock uncertainty
                                  0.000000   26.403145   clock reconvergence pessimism
                                  0.424445   26.827589   library recovery time
                                             26.827589   data required time
---------------------------------------------------------------------------------------------
                                             26.827589   data required time
                                             -8.173302   data arrival time
---------------------------------------------------------------------------------------------
                                             18.654287   slack (MET)


Startpoint: wb_rst_i (input port clocked by wb_clk_i)
Endpoint: _675_ (recovery check against rising-edge clock wb_clk_i)
Path Group: asynchronous
Path Type: max

Fanout         Cap        Slew       Delay        Time   Description
---------------------------------------------------------------------------------------------
                                  0.000000    0.000000   clock wb_clk_i (rise edge)
                                  0.000000    0.000000   clock network delay (propagated)
                                  5.000000    5.000000 v input external delay
     2    0.004739    0.026074    0.016087    5.016087 v wb_rst_i (in)
                                                         wb_rst_i (net)
                      0.026074    0.000000    5.016087 v input1/A (sky130_fd_sc_hd__buf_2)
     5    0.123250    0.530592    0.588063    5.604150 v input1/X (sky130_fd_sc_hd__buf_2)
                                                         net1 (net)
                      0.544132    0.070658    5.674808 v fanout25/A (sky130_fd_sc_hd__clkdlybuf4s25_1)
     8    0.040183    0.540400    1.054233    6.729041 v fanout25/X (sky130_fd_sc_hd__clkdlybuf4s25_1)
                                                         net25 (net)
                      0.540400    0.000218    6.729258 v fanout21/A (sky130_fd_sc_hd__clkdlybuf4s25_1)
     9    0.054935    0.731237    1.200150    7.929409 v fanout21/X (sky130_fd_sc_hd__clkdlybuf4s25_1)
                                                         net21 (net)
                      0.731237    0.001746    7.931155 v _339_/A (sky130_fd_sc_hd__inv_2)
     1    0.003799    0.155259    0.242074    8.173228 ^ _339_/Y (sky130_fd_sc_hd__inv_2)
                                                         _066_ (net)
                      0.155259    0.000034    8.173263 ^ _675_/RESET_B (sky130_fd_sc_hd__dfrtp_2)
                                              8.173263   data arrival time

                                 25.000000   25.000000   clock wb_clk_i (rise edge)
                                  0.000000   25.000000   clock source latency
     2    0.147424    1.063065    0.746587   25.746586 ^ wb_clk_i (in)
                                                         wb_clk_i (net)
                      1.073527    0.000000   25.746586 ^ clkbuf_0_wb_clk_i/A (sky130_fd_sc_hd__clkbuf_16)
    17    0.074001    0.154063    0.612493   26.359079 ^ clkbuf_0_wb_clk_i/X (sky130_fd_sc_hd__clkbuf_16)
                                                         clknet_0_wb_clk_i (net)
                      0.154075    0.001428   26.360508 ^ clkbuf_3_4_0_wb_clk_i/A (sky130_fd_sc_hd__clkbuf_8)
    11    0.035340    0.118617    0.292269   26.652777 ^ clkbuf_3_4_0_wb_clk_i/X (sky130_fd_sc_hd__clkbuf_8)
                                                         clknet_3_4_0_wb_clk_i (net)
                      0.118617    0.000449   26.653227 ^ _675_/CLK (sky130_fd_sc_hd__dfrtp_2)
                                 -0.250000   26.403227   clock uncertainty
                                  0.000000   26.403227   clock reconvergence pessimism
                                  0.424482   26.827709   library recovery time
                                             26.827709   data required time
---------------------------------------------------------------------------------------------
                                             26.827709   data required time
                                             -8.173263   data arrival time
---------------------------------------------------------------------------------------------
                                             18.654448   slack (MET)


Startpoint: wb_rst_i (input port clocked by wb_clk_i)
Endpoint: _746_ (recovery check against rising-edge clock wb_clk_i)
Path Group: asynchronous
Path Type: max

Fanout         Cap        Slew       Delay        Time   Description
---------------------------------------------------------------------------------------------
                                  0.000000    0.000000   clock wb_clk_i (rise edge)
                                  0.000000    0.000000   clock network delay (propagated)
                                  5.000000    5.000000 v input external delay
     2    0.004739    0.026074    0.016087    5.016087 v wb_rst_i (in)
                                                         wb_rst_i (net)
                      0.026074    0.000000    5.016087 v input1/A (sky130_fd_sc_hd__buf_2)
     5    0.123250    0.530592    0.588063    5.604150 v input1/X (sky130_fd_sc_hd__buf_2)
                                                         net1 (net)
                      0.544132    0.070658    5.674808 v fanout25/A (sky130_fd_sc_hd__clkdlybuf4s25_1)
     8    0.040183    0.540400    1.054233    6.729041 v fanout25/X (sky130_fd_sc_hd__clkdlybuf4s25_1)
                                                         net25 (net)
                      0.540400    0.000218    6.729258 v fanout21/A (sky130_fd_sc_hd__clkdlybuf4s25_1)
     9    0.054935    0.731237    1.200150    7.929409 v fanout21/X (sky130_fd_sc_hd__clkdlybuf4s25_1)
                                                         net21 (net)
                      0.731237    0.000354    7.929763 v _662_/A (sky130_fd_sc_hd__inv_2)
     1    0.003749    0.154691    0.241021    8.170783 ^ _662_/Y (sky130_fd_sc_hd__inv_2)
                                                         _137_ (net)
                      0.154691    0.000034    8.170817 ^ _746_/RESET_B (sky130_fd_sc_hd__dfrtp_2)
                                              8.170817   data arrival time

                                 25.000000   25.000000   clock wb_clk_i (rise edge)
                                  0.000000   25.000000   clock source latency
     2    0.147424    1.063065    0.746587   25.746586 ^ wb_clk_i (in)
                                                         wb_clk_i (net)
                      1.073527    0.000000   25.746586 ^ clkbuf_0_wb_clk_i/A (sky130_fd_sc_hd__clkbuf_16)
    17    0.074001    0.154063    0.612493   26.359079 ^ clkbuf_0_wb_clk_i/X (sky130_fd_sc_hd__clkbuf_16)
                                                         clknet_0_wb_clk_i (net)
                      0.154075    0.001428   26.360508 ^ clkbuf_3_4_0_wb_clk_i/A (sky130_fd_sc_hd__clkbuf_8)
    11    0.035340    0.118617    0.292269   26.652777 ^ clkbuf_3_4_0_wb_clk_i/X (sky130_fd_sc_hd__clkbuf_8)
                                                         clknet_3_4_0_wb_clk_i (net)
                      0.118618    0.000608   26.653385 ^ _746_/CLK (sky130_fd_sc_hd__dfrtp_2)
                                 -0.250000   26.403385   clock uncertainty
                                  0.000000   26.403385   clock reconvergence pessimism
                                  0.424724   26.828108   library recovery time
                                             26.828108   data required time
---------------------------------------------------------------------------------------------
                                             26.828108   data required time
                                             -8.170817   data arrival time
---------------------------------------------------------------------------------------------
                                             18.657291   slack (MET)


Startpoint: wb_rst_i (input port clocked by wb_clk_i)
Endpoint: _726_ (recovery check against rising-edge clock wb_clk_i)
Path Group: asynchronous
Path Type: max

Fanout         Cap        Slew       Delay        Time   Description
---------------------------------------------------------------------------------------------
                                  0.000000    0.000000   clock wb_clk_i (rise edge)
                                  0.000000    0.000000   clock network delay (propagated)
                                  5.000000    5.000000 v input external delay
     2    0.004739    0.026074    0.016087    5.016087 v wb_rst_i (in)
                                                         wb_rst_i (net)
                      0.026074    0.000000    5.016087 v input1/A (sky130_fd_sc_hd__buf_2)
     5    0.123250    0.530592    0.588063    5.604150 v input1/X (sky130_fd_sc_hd__buf_2)
                                                         net1 (net)
                      0.544132    0.070658    5.674808 v fanout25/A (sky130_fd_sc_hd__clkdlybuf4s25_1)
     8    0.040183    0.540400    1.054233    6.729041 v fanout25/X (sky130_fd_sc_hd__clkdlybuf4s25_1)
                                                         net25 (net)
                      0.540400    0.000218    6.729258 v fanout21/A (sky130_fd_sc_hd__clkdlybuf4s25_1)
     9    0.054935    0.731237    1.200150    7.929409 v fanout21/X (sky130_fd_sc_hd__clkdlybuf4s25_1)
                                                         net21 (net)
                      0.731237    0.001255    7.930664 v _642_/A (sky130_fd_sc_hd__inv_2)
     1    0.003577    0.152755    0.237434    8.168097 ^ _642_/Y (sky130_fd_sc_hd__inv_2)
                                                         _117_ (net)
                      0.152755    0.000028    8.168125 ^ _726_/RESET_B (sky130_fd_sc_hd__dfrtp_2)
                                              8.168125   data arrival time

                                 25.000000   25.000000   clock wb_clk_i (rise edge)
                                  0.000000   25.000000   clock source latency
     2    0.147424    1.063065    0.746587   25.746586 ^ wb_clk_i (in)
                                                         wb_clk_i (net)
                      1.073527    0.000000   25.746586 ^ clkbuf_0_wb_clk_i/A (sky130_fd_sc_hd__clkbuf_16)
    17    0.074001    0.154063    0.612493   26.359079 ^ clkbuf_0_wb_clk_i/X (sky130_fd_sc_hd__clkbuf_16)
                                                         clknet_0_wb_clk_i (net)
                      0.154075    0.001428   26.360508 ^ clkbuf_3_4_0_wb_clk_i/A (sky130_fd_sc_hd__clkbuf_8)
    11    0.035340    0.118617    0.292269   26.652777 ^ clkbuf_3_4_0_wb_clk_i/X (sky130_fd_sc_hd__clkbuf_8)
                                                         clknet_3_4_0_wb_clk_i (net)
                      0.118617    0.000394   26.653172 ^ _726_/CLK (sky130_fd_sc_hd__dfrtp_2)
                                 -0.250000   26.403172   clock uncertainty
                                  0.000000   26.403172   clock reconvergence pessimism
                                  0.425548   26.828720   library recovery time
                                             26.828720   data required time
---------------------------------------------------------------------------------------------
                                             26.828720   data required time
                                             -8.168125   data arrival time
---------------------------------------------------------------------------------------------
                                             18.660593   slack (MET)


Startpoint: wb_rst_i (input port clocked by wb_clk_i)
Endpoint: _734_ (recovery check against rising-edge clock wb_clk_i)
Path Group: asynchronous
Path Type: max

Fanout         Cap        Slew       Delay        Time   Description
---------------------------------------------------------------------------------------------
                                  0.000000    0.000000   clock wb_clk_i (rise edge)
                                  0.000000    0.000000   clock network delay (propagated)
                                  5.000000    5.000000 v input external delay
     2    0.004739    0.026074    0.016087    5.016087 v wb_rst_i (in)
                                                         wb_rst_i (net)
                      0.026074    0.000000    5.016087 v input1/A (sky130_fd_sc_hd__buf_2)
     5    0.123250    0.530592    0.588063    5.604150 v input1/X (sky130_fd_sc_hd__buf_2)
                                                         net1 (net)
                      0.544132    0.070658    5.674808 v fanout25/A (sky130_fd_sc_hd__clkdlybuf4s25_1)
     8    0.040183    0.540400    1.054233    6.729041 v fanout25/X (sky130_fd_sc_hd__clkdlybuf4s25_1)
                                                         net25 (net)
                      0.540400    0.000218    6.729258 v fanout21/A (sky130_fd_sc_hd__clkdlybuf4s25_1)
     9    0.054935    0.731237    1.200150    7.929409 v fanout21/X (sky130_fd_sc_hd__clkdlybuf4s25_1)
                                                         net21 (net)
                      0.731237    0.001818    7.931227 v _650_/A (sky130_fd_sc_hd__inv_2)
     1    0.003566    0.152630    0.237202    8.168428 ^ _650_/Y (sky130_fd_sc_hd__inv_2)
                                                         _125_ (net)
                      0.152630    0.000028    8.168456 ^ _734_/RESET_B (sky130_fd_sc_hd__dfrtp_2)
                                              8.168456   data arrival time

                                 25.000000   25.000000   clock wb_clk_i (rise edge)
                                  0.000000   25.000000   clock source latency
     2    0.147424    1.063065    0.746587   25.746586 ^ wb_clk_i (in)
                                                         wb_clk_i (net)
                      1.073527    0.000000   25.746586 ^ clkbuf_0_wb_clk_i/A (sky130_fd_sc_hd__clkbuf_16)
    17    0.074001    0.154063    0.612493   26.359079 ^ clkbuf_0_wb_clk_i/X (sky130_fd_sc_hd__clkbuf_16)
                                                         clknet_0_wb_clk_i (net)
                      0.154070    0.001169   26.360249 ^ clkbuf_3_6_0_wb_clk_i/A (sky130_fd_sc_hd__clkbuf_8)
    12    0.036041    0.120291    0.293444   26.653692 ^ clkbuf_3_6_0_wb_clk_i/X (sky130_fd_sc_hd__clkbuf_8)
                                                         clknet_3_6_0_wb_clk_i (net)
                      0.120291    0.000322   26.654013 ^ _734_/CLK (sky130_fd_sc_hd__dfrtp_2)
                                 -0.250000   26.404015   clock uncertainty
                                  0.000000   26.404015   clock reconvergence pessimism
                                  0.426165   26.830179   library recovery time
                                             26.830179   data required time
---------------------------------------------------------------------------------------------
                                             26.830179   data required time
                                             -8.168456   data arrival time
---------------------------------------------------------------------------------------------
                                             18.661724   slack (MET)


Startpoint: wb_rst_i (input port clocked by wb_clk_i)
Endpoint: _744_ (recovery check against rising-edge clock wb_clk_i)
Path Group: asynchronous
Path Type: max

Fanout         Cap        Slew       Delay        Time   Description
---------------------------------------------------------------------------------------------
                                  0.000000    0.000000   clock wb_clk_i (rise edge)
                                  0.000000    0.000000   clock network delay (propagated)
                                  5.000000    5.000000 v input external delay
     2    0.004739    0.026074    0.016087    5.016087 v wb_rst_i (in)
                                                         wb_rst_i (net)
                      0.026074    0.000000    5.016087 v input1/A (sky130_fd_sc_hd__buf_2)
     5    0.123250    0.530592    0.588063    5.604150 v input1/X (sky130_fd_sc_hd__buf_2)
                                                         net1 (net)
                      0.544132    0.070658    5.674808 v fanout25/A (sky130_fd_sc_hd__clkdlybuf4s25_1)
     8    0.040183    0.540400    1.054233    6.729041 v fanout25/X (sky130_fd_sc_hd__clkdlybuf4s25_1)
                                                         net25 (net)
                      0.540400    0.000218    6.729258 v fanout21/A (sky130_fd_sc_hd__clkdlybuf4s25_1)
     9    0.054935    0.731237    1.200150    7.929409 v fanout21/X (sky130_fd_sc_hd__clkdlybuf4s25_1)
                                                         net21 (net)
                      0.731237    0.000815    7.930224 v _660_/A (sky130_fd_sc_hd__inv_2)
     1    0.003485    0.151709    0.235495    8.165719 ^ _660_/Y (sky130_fd_sc_hd__inv_2)
                                                         _135_ (net)
                      0.151709    0.000026    8.165745 ^ _744_/RESET_B (sky130_fd_sc_hd__dfrtp_2)
                                              8.165745   data arrival time

                                 25.000000   25.000000   clock wb_clk_i (rise edge)
                                  0.000000   25.000000   clock source latency
     2    0.147424    1.063065    0.746587   25.746586 ^ wb_clk_i (in)
                                                         wb_clk_i (net)
                      1.073527    0.000000   25.746586 ^ clkbuf_0_wb_clk_i/A (sky130_fd_sc_hd__clkbuf_16)
    17    0.074001    0.154063    0.612493   26.359079 ^ clkbuf_0_wb_clk_i/X (sky130_fd_sc_hd__clkbuf_16)
                                                         clknet_0_wb_clk_i (net)
                      0.154075    0.001428   26.360508 ^ clkbuf_3_4_0_wb_clk_i/A (sky130_fd_sc_hd__clkbuf_8)
    11    0.035340    0.118617    0.292269   26.652777 ^ clkbuf_3_4_0_wb_clk_i/X (sky130_fd_sc_hd__clkbuf_8)
                                                         clknet_3_4_0_wb_clk_i (net)
                      0.118617    0.000535   26.653311 ^ _744_/CLK (sky130_fd_sc_hd__dfrtp_2)
                                 -0.250000   26.403313   clock uncertainty
                                  0.000000   26.403313   clock reconvergence pessimism
                                  0.425994   26.829306   library recovery time
                                             26.829306   data required time
---------------------------------------------------------------------------------------------
                                             26.829306   data required time
                                             -8.165745   data arrival time
---------------------------------------------------------------------------------------------
                                             18.663561   slack (MET)


Startpoint: _697_ (rising edge-triggered flip-flop clocked by wb_clk_i)
Endpoint: _700_ (rising edge-triggered flip-flop clocked by wb_clk_i)
Path Group: wb_clk_i
Path Type: max

Fanout         Cap        Slew       Delay        Time   Description
---------------------------------------------------------------------------------------------
                                  0.000000    0.000000   clock wb_clk_i (rise edge)
                                  0.000000    0.000000   clock source latency
     2    0.147424    1.063065    0.825174    0.825174 ^ wb_clk_i (in)
                                                         wb_clk_i (net)
                      1.073527    0.000000    0.825174 ^ clkbuf_0_wb_clk_i/A (sky130_fd_sc_hd__clkbuf_16)
    17    0.074001    0.154063    0.676967    1.502141 ^ clkbuf_0_wb_clk_i/X (sky130_fd_sc_hd__clkbuf_16)
                                                         clknet_0_wb_clk_i (net)
                      0.154089    0.002080    1.504221 ^ clkbuf_3_1_0_wb_clk_i/A (sky130_fd_sc_hd__clkbuf_8)
    11    0.035047    0.117914    0.322490    1.826712 ^ clkbuf_3_1_0_wb_clk_i/X (sky130_fd_sc_hd__clkbuf_8)
                                                         clknet_3_1_0_wb_clk_i (net)
                      0.117914    0.000264    1.826975 ^ _697_/CLK (sky130_fd_sc_hd__dfrtp_2)
     1    0.002257    0.071376    0.847931    2.674906 v _697_/Q (sky130_fd_sc_hd__dfrtp_2)
                                                         timer.scan_div[3] (net)
                      0.071376    0.000025    2.674931 v hold37/A (sky130_fd_sc_hd__dlygate4sd3_1)
     3    0.013640    0.203892    1.316907    3.991838 v hold37/X (sky130_fd_sc_hd__dlygate4sd3_1)
                                                         net37 (net)
                      0.203892    0.000075    3.991913 v _494_/C (sky130_fd_sc_hd__and4_2)
     6    0.017167    0.137971    0.643156    4.635069 v _494_/X (sky130_fd_sc_hd__and4_2)
                                                         _272_ (net)
                      0.137971    0.000359    4.635428 v _500_/A (sky130_fd_sc_hd__and2_2)
     2    0.009673    0.098780    0.441464    5.076893 v _500_/X (sky130_fd_sc_hd__and2_2)
                                                         _276_ (net)
                      0.098780    0.000065    5.076958 v _503_/B (sky130_fd_sc_hd__nor2_2)
     1    0.002522    0.099547    0.132523    5.209481 ^ _503_/Y (sky130_fd_sc_hd__nor2_2)
                                                         _278_ (net)
                      0.099547    0.000029    5.209510 ^ hold90/A (sky130_fd_sc_hd__dlygate4sd3_1)
     1    0.004968    0.125788    1.138431    6.347941 ^ hold90/X (sky130_fd_sc_hd__dlygate4sd3_1)
                                                         net90 (net)
                      0.125788    0.000024    6.347965 ^ _504_/B (sky130_fd_sc_hd__nor2_2)
     1    0.002492    0.040611    0.078197    6.426162 v _504_/Y (sky130_fd_sc_hd__nor2_2)
                                                         _029_ (net)
                      0.040611    0.000027    6.426189 v hold91/A (sky130_fd_sc_hd__dlygate4sd3_1)
     1    0.002185    0.103198    1.155442    7.581632 v hold91/X (sky130_fd_sc_hd__dlygate4sd3_1)
                                                         net91 (net)
                      0.103198    0.000020    7.581651 v _700_/D (sky130_fd_sc_hd__dfrtp_2)
                                              7.581651   data arrival time

                                 25.000000   25.000000   clock wb_clk_i (rise edge)
                                  0.000000   25.000000   clock source latency
     2    0.147424    1.063065    0.746587   25.746586 ^ wb_clk_i (in)
                                                         wb_clk_i (net)
                      1.073527    0.000000   25.746586 ^ clkbuf_0_wb_clk_i/A (sky130_fd_sc_hd__clkbuf_16)
    17    0.074001    0.154063    0.612493   26.359079 ^ clkbuf_0_wb_clk_i/X (sky130_fd_sc_hd__clkbuf_16)
                                                         clknet_0_wb_clk_i (net)
                      0.154075    0.001405   26.360485 ^ clkbuf_3_3_0_wb_clk_i/A (sky130_fd_sc_hd__clkbuf_8)
    11    0.035092    0.118021    0.291859   26.652344 ^ clkbuf_3_3_0_wb_clk_i/X (sky130_fd_sc_hd__clkbuf_8)
                                                         clknet_3_3_0_wb_clk_i (net)
                      0.118021    0.000297   26.652639 ^ _700_/CLK (sky130_fd_sc_hd__dfrtp_2)
                                 -0.250000   26.402641   clock uncertainty
                                  0.143061   26.545702   clock reconvergence pessimism
                                 -0.277669   26.268032   library setup time
                                             26.268032   data required time
---------------------------------------------------------------------------------------------
                                             26.268032   data required time
                                             -7.581651   data arrival time
---------------------------------------------------------------------------------------------
                                             18.686380   slack (MET)


Startpoint: _729_ (rising edge-triggered flip-flop clocked by wb_clk_i)
Endpoint: _748_ (rising edge-triggered flip-flop clocked by wb_clk_i)
Path Group: wb_clk_i
Path Type: max

Fanout         Cap        Slew       Delay        Time   Description
---------------------------------------------------------------------------------------------
                                  0.000000    0.000000   clock wb_clk_i (rise edge)
                                  0.000000    0.000000   clock source latency
     2    0.147424    1.063065    0.825174    0.825174 ^ wb_clk_i (in)
                                                         wb_clk_i (net)
                      1.073527    0.000000    0.825174 ^ clkbuf_0_wb_clk_i/A (sky130_fd_sc_hd__clkbuf_16)
    17    0.074001    0.154063    0.676967    1.502141 ^ clkbuf_0_wb_clk_i/X (sky130_fd_sc_hd__clkbuf_16)
                                                         clknet_0_wb_clk_i (net)
                      0.154090    0.002109    1.504251 ^ clkbuf_3_7_0_wb_clk_i/A (sky130_fd_sc_hd__clkbuf_8)
    12    0.034773    0.117264    0.321941    1.826191 ^ clkbuf_3_7_0_wb_clk_i/X (sky130_fd_sc_hd__clkbuf_8)
                                                         clknet_3_7_0_wb_clk_i (net)
                      0.117264    0.000370    1.826561 ^ _729_/CLK (sky130_fd_sc_hd__dfrtp_2)
     1    0.002110    0.065209    0.722242    2.548803 ^ _729_/Q (sky130_fd_sc_hd__dfrtp_2)
                                                         timer.sec_div[2] (net)
                      0.065209    0.000021    2.548823 ^ hold59/A (sky130_fd_sc_hd__dlygate4sd3_1)
     4    0.017757    0.301991    1.277704    3.826528 ^ hold59/X (sky130_fd_sc_hd__dlygate4sd3_1)
                                                         net59 (net)
                      0.301991    0.000140    3.826668 ^ _417_/D (sky130_fd_sc_hd__and4_2)
     8    0.027043    0.277460    0.768023    4.594690 ^ _417_/X (sky130_fd_sc_hd__and4_2)
                                                         _227_ (net)
                      0.277460    0.000748    4.595439 ^ _445_/A (sky130_fd_sc_hd__and4_2)
     9    0.032773    0.320028    0.755807    5.351246 ^ _445_/X (sky130_fd_sc_hd__and4_2)
                                                         _245_ (net)
                      0.320028    0.000956    5.352202 ^ _460_/A (sky130_fd_sc_hd__and3_2)
     5    0.022719    0.219509    0.603004    5.955206 ^ _460_/X (sky130_fd_sc_hd__and3_2)
                                                         _254_ (net)
                      0.219509    0.000505    5.955711 ^ _462_/B (sky130_fd_sc_hd__nand2_2)
     1    0.009121    0.101296    0.193014    6.148725 v _462_/Y (sky130_fd_sc_hd__nand2_2)
                                                         _255_ (net)
                      0.101296    0.000127    6.148851 v _465_/B (sky130_fd_sc_hd__xnor2_2)
     1    0.001985    0.080535    0.239933    6.388784 v _465_/Y (sky130_fd_sc_hd__xnor2_2)
                                                         _047_ (net)
                      0.080535    0.000020    6.388804 v hold66/A (sky130_fd_sc_hd__dlygate4sd3_1)
     1    0.002733    0.104946    1.183188    7.571992 v hold66/X (sky130_fd_sc_hd__dlygate4sd3_1)
                                                         net66 (net)
                      0.104946    0.000031    7.572023 v _748_/D (sky130_fd_sc_hd__dfrtp_2)
                                              7.572023   data arrival time

                                 25.000000   25.000000   clock wb_clk_i (rise edge)
                                  0.000000   25.000000   clock source latency
     2    0.147424    1.063065    0.746587   25.746586 ^ wb_clk_i (in)
                                                         wb_clk_i (net)
                      1.073527    0.000000   25.746586 ^ clkbuf_0_wb_clk_i/A (sky130_fd_sc_hd__clkbuf_16)
    17    0.074001    0.154063    0.612493   26.359079 ^ clkbuf_0_wb_clk_i/X (sky130_fd_sc_hd__clkbuf_16)
                                                         clknet_0_wb_clk_i (net)
                      0.154089    0.001883   26.360962 ^ clkbuf_3_1_0_wb_clk_i/A (sky130_fd_sc_hd__clkbuf_8)
    11    0.035047    0.117914    0.291775   26.652739 ^ clkbuf_3_1_0_wb_clk_i/X (sky130_fd_sc_hd__clkbuf_8)
                                                         clknet_3_1_0_wb_clk_i (net)
                      0.117915    0.000577   26.653315 ^ _748_/CLK (sky130_fd_sc_hd__dfrtp_2)
                                 -0.250000   26.403316   clock uncertainty
                                  0.143061   26.546377   clock reconvergence pessimism
                                 -0.278427   26.267950   library setup time
                                             26.267950   data required time
---------------------------------------------------------------------------------------------
                                             26.267950   data required time
                                             -7.572023   data arrival time
---------------------------------------------------------------------------------------------
                                             18.695927   slack (MET)


Startpoint: _729_ (rising edge-triggered flip-flop clocked by wb_clk_i)
Endpoint: _752_ (rising edge-triggered flip-flop clocked by wb_clk_i)
Path Group: wb_clk_i
Path Type: max

Fanout         Cap        Slew       Delay        Time   Description
---------------------------------------------------------------------------------------------
                                  0.000000    0.000000   clock wb_clk_i (rise edge)
                                  0.000000    0.000000   clock source latency
     2    0.147424    1.063065    0.825174    0.825174 ^ wb_clk_i (in)
                                                         wb_clk_i (net)
                      1.073527    0.000000    0.825174 ^ clkbuf_0_wb_clk_i/A (sky130_fd_sc_hd__clkbuf_16)
    17    0.074001    0.154063    0.676967    1.502141 ^ clkbuf_0_wb_clk_i/X (sky130_fd_sc_hd__clkbuf_16)
                                                         clknet_0_wb_clk_i (net)
                      0.154090    0.002109    1.504251 ^ clkbuf_3_7_0_wb_clk_i/A (sky130_fd_sc_hd__clkbuf_8)
    12    0.034773    0.117264    0.321941    1.826191 ^ clkbuf_3_7_0_wb_clk_i/X (sky130_fd_sc_hd__clkbuf_8)
                                                         clknet_3_7_0_wb_clk_i (net)
                      0.117264    0.000370    1.826561 ^ _729_/CLK (sky130_fd_sc_hd__dfrtp_2)
     1    0.002110    0.065209    0.722242    2.548803 ^ _729_/Q (sky130_fd_sc_hd__dfrtp_2)
                                                         timer.sec_div[2] (net)
                      0.065209    0.000021    2.548823 ^ hold59/A (sky130_fd_sc_hd__dlygate4sd3_1)
     4    0.017757    0.301991    1.277704    3.826528 ^ hold59/X (sky130_fd_sc_hd__dlygate4sd3_1)
                                                         net59 (net)
                      0.301991    0.000140    3.826668 ^ _417_/D (sky130_fd_sc_hd__and4_2)
     8    0.027043    0.277460    0.768023    4.594690 ^ _417_/X (sky130_fd_sc_hd__and4_2)
                                                         _227_ (net)
                      0.277460    0.000748    4.595439 ^ _445_/A (sky130_fd_sc_hd__and4_2)
     9    0.032773    0.320028    0.755807    5.351246 ^ _445_/X (sky130_fd_sc_hd__and4_2)
                                                         _245_ (net)
                      0.320028    0.000981    5.352227 ^ _471_/A (sky130_fd_sc_hd__and3_2)
     4    0.022009    0.214534    0.598682    5.950909 ^ _471_/X (sky130_fd_sc_hd__and3_2)
                                                         _260_ (net)
                      0.214534    0.000664    5.951573 ^ _472_/B (sky130_fd_sc_hd__nand2_2)
     1    0.008372    0.099105    0.186253    6.137826 v _472_/Y (sky130_fd_sc_hd__nand2_2)
                                                         _261_ (net)
                      0.099105    0.000035    6.137862 v _475_/B (sky130_fd_sc_hd__xnor2_2)
     1    0.002439    0.086453    0.242336    6.380198 v _475_/Y (sky130_fd_sc_hd__xnor2_2)
                                                         _051_ (net)
                      0.086453    0.000028    6.380226 v hold80/A (sky130_fd_sc_hd__dlygate4sd3_1)
     1    0.002268    0.103793    1.177956    7.558182 v hold80/X (sky130_fd_sc_hd__dlygate4sd3_1)
                                                         net80 (net)
                      0.103793    0.000021    7.558203 v _752_/D (sky130_fd_sc_hd__dfrtp_2)
                                              7.558203   data arrival time

                                 25.000000   25.000000   clock wb_clk_i (rise edge)
                                  0.000000   25.000000   clock source latency
     2    0.147424    1.063065    0.746587   25.746586 ^ wb_clk_i (in)
                                                         wb_clk_i (net)
                      1.073527    0.000000   25.746586 ^ clkbuf_0_wb_clk_i/A (sky130_fd_sc_hd__clkbuf_16)
    17    0.074001    0.154063    0.612493   26.359079 ^ clkbuf_0_wb_clk_i/X (sky130_fd_sc_hd__clkbuf_16)
                                                         clknet_0_wb_clk_i (net)
                      0.154070    0.001169   26.360249 ^ clkbuf_3_6_0_wb_clk_i/A (sky130_fd_sc_hd__clkbuf_8)
    12    0.036041    0.120291    0.293444   26.653692 ^ clkbuf_3_6_0_wb_clk_i/X (sky130_fd_sc_hd__clkbuf_8)
                                                         clknet_3_6_0_wb_clk_i (net)
                      0.120297    0.000899   26.654591 ^ _752_/CLK (sky130_fd_sc_hd__dfrtp_2)
                                 -0.250000   26.404591   clock uncertainty
                                  0.143061   26.547651   clock reconvergence pessimism
                                 -0.277310   26.270342   library setup time
                                             26.270342   data required time
---------------------------------------------------------------------------------------------
                                             26.270342   data required time
                                             -7.558203   data arrival time
---------------------------------------------------------------------------------------------
                                             18.712137   slack (MET)


Startpoint: wb_rst_i (input port clocked by wb_clk_i)
Endpoint: _699_ (recovery check against rising-edge clock wb_clk_i)
Path Group: asynchronous
Path Type: max

Fanout         Cap        Slew       Delay        Time   Description
---------------------------------------------------------------------------------------------
                                  0.000000    0.000000   clock wb_clk_i (rise edge)
                                  0.000000    0.000000   clock network delay (propagated)
                                  5.000000    5.000000 v input external delay
     2    0.004739    0.026074    0.016087    5.016087 v wb_rst_i (in)
                                                         wb_rst_i (net)
                      0.026074    0.000000    5.016087 v input1/A (sky130_fd_sc_hd__buf_2)
     5    0.123250    0.530592    0.588063    5.604150 v input1/X (sky130_fd_sc_hd__buf_2)
                                                         net1 (net)
                      0.543458    0.068966    5.673116 v fanout19/A (sky130_fd_sc_hd__clkdlybuf4s25_1)
     2    0.010168    0.162809    0.751682    6.424798 v fanout19/X (sky130_fd_sc_hd__clkdlybuf4s25_1)
                                                         net19 (net)
                      0.162809    0.000272    6.425070 v wire20/A (sky130_fd_sc_hd__buf_4)
    19    0.067569    0.168816    0.424290    6.849361 v wire20/X (sky130_fd_sc_hd__buf_4)
                                                         net20 (net)
                      0.168875    0.003184    6.852545 v fanout17/A (sky130_fd_sc_hd__clkdlybuf4s25_1)
     9    0.050119    0.668514    1.010939    7.863483 v fanout17/X (sky130_fd_sc_hd__clkdlybuf4s25_1)
                                                         net17 (net)
                      0.668514    0.001859    7.865342 v _615_/A (sky130_fd_sc_hd__inv_2)
     1    0.003927    0.148942    0.236890    8.102232 ^ _615_/Y (sky130_fd_sc_hd__inv_2)
                                                         _090_ (net)
                      0.148942    0.000038    8.102270 ^ _699_/RESET_B (sky130_fd_sc_hd__dfrtp_2)
                                              8.102270   data arrival time

                                 25.000000   25.000000   clock wb_clk_i (rise edge)
                                  0.000000   25.000000   clock source latency
     2    0.147424    1.063065    0.746587   25.746586 ^ wb_clk_i (in)
                                                         wb_clk_i (net)
                      1.073527    0.000000   25.746586 ^ clkbuf_0_wb_clk_i/A (sky130_fd_sc_hd__clkbuf_16)
    17    0.074001    0.154063    0.612493   26.359079 ^ clkbuf_0_wb_clk_i/X (sky130_fd_sc_hd__clkbuf_16)
                                                         clknet_0_wb_clk_i (net)
                      0.154075    0.001405   26.360485 ^ clkbuf_3_3_0_wb_clk_i/A (sky130_fd_sc_hd__clkbuf_8)
    11    0.035092    0.118021    0.291859   26.652344 ^ clkbuf_3_3_0_wb_clk_i/X (sky130_fd_sc_hd__clkbuf_8)
                                                         clknet_3_3_0_wb_clk_i (net)
                      0.118021    0.000449   26.652792 ^ _699_/CLK (sky130_fd_sc_hd__dfrtp_2)
                                 -0.250000   26.402794   clock uncertainty
                                  0.000000   26.402794   clock reconvergence pessimism
                                  0.426972   26.829765   library recovery time
                                             26.829765   data required time
---------------------------------------------------------------------------------------------
                                             26.829765   data required time
                                             -8.102270   data arrival time
---------------------------------------------------------------------------------------------
                                             18.727495   slack (MET)


Startpoint: wb_rst_i (input port clocked by wb_clk_i)
Endpoint: _748_ (recovery check against rising-edge clock wb_clk_i)
Path Group: asynchronous
Path Type: max

Fanout         Cap        Slew       Delay        Time   Description
---------------------------------------------------------------------------------------------
                                  0.000000    0.000000   clock wb_clk_i (rise edge)
                                  0.000000    0.000000   clock network delay (propagated)
                                  5.000000    5.000000 v input external delay
     2    0.004739    0.026074    0.016087    5.016087 v wb_rst_i (in)
                                                         wb_rst_i (net)
                      0.026074    0.000000    5.016087 v input1/A (sky130_fd_sc_hd__buf_2)
     5    0.123250    0.530592    0.588063    5.604150 v input1/X (sky130_fd_sc_hd__buf_2)
                                                         net1 (net)
                      0.543458    0.068966    5.673116 v fanout19/A (sky130_fd_sc_hd__clkdlybuf4s25_1)
     2    0.010168    0.162809    0.751682    6.424798 v fanout19/X (sky130_fd_sc_hd__clkdlybuf4s25_1)
                                                         net19 (net)
                      0.162809    0.000272    6.425070 v wire20/A (sky130_fd_sc_hd__buf_4)
    19    0.067569    0.168816    0.424290    6.849361 v wire20/X (sky130_fd_sc_hd__buf_4)
                                                         net20 (net)
                      0.168875    0.003184    6.852545 v fanout17/A (sky130_fd_sc_hd__clkdlybuf4s25_1)
     9    0.050119    0.668514    1.010939    7.863483 v fanout17/X (sky130_fd_sc_hd__clkdlybuf4s25_1)
                                                         net17 (net)
                      0.668514    0.001764    7.865247 v _664_/A (sky130_fd_sc_hd__inv_2)
     1    0.003888    0.148521    0.236106    8.101354 ^ _664_/Y (sky130_fd_sc_hd__inv_2)
                                                         _139_ (net)
                      0.148521    0.000035    8.101388 ^ _748_/RESET_B (sky130_fd_sc_hd__dfrtp_2)
                                              8.101388   data arrival time

                                 25.000000   25.000000   clock wb_clk_i (rise edge)
                                  0.000000   25.000000   clock source latency
     2    0.147424    1.063065    0.746587   25.746586 ^ wb_clk_i (in)
                                                         wb_clk_i (net)
                      1.073527    0.000000   25.746586 ^ clkbuf_0_wb_clk_i/A (sky130_fd_sc_hd__clkbuf_16)
    17    0.074001    0.154063    0.612493   26.359079 ^ clkbuf_0_wb_clk_i/X (sky130_fd_sc_hd__clkbuf_16)
                                                         clknet_0_wb_clk_i (net)
                      0.154089    0.001883   26.360962 ^ clkbuf_3_1_0_wb_clk_i/A (sky130_fd_sc_hd__clkbuf_8)
    11    0.035047    0.117914    0.291775   26.652739 ^ clkbuf_3_1_0_wb_clk_i/X (sky130_fd_sc_hd__clkbuf_8)
                                                         clknet_3_1_0_wb_clk_i (net)
                      0.117915    0.000577   26.653315 ^ _748_/CLK (sky130_fd_sc_hd__dfrtp_2)
                                 -0.250000   26.403316   clock uncertainty
                                  0.000000   26.403316   clock reconvergence pessimism
                                  0.427116   26.830433   library recovery time
                                             26.830433   data required time
---------------------------------------------------------------------------------------------
                                             26.830433   data required time
                                             -8.101388   data arrival time
---------------------------------------------------------------------------------------------
                                             18.729044   slack (MET)


Startpoint: wb_rst_i (input port clocked by wb_clk_i)
Endpoint: _694_ (recovery check against rising-edge clock wb_clk_i)
Path Group: asynchronous
Path Type: max

Fanout         Cap        Slew       Delay        Time   Description
---------------------------------------------------------------------------------------------
                                  0.000000    0.000000   clock wb_clk_i (rise edge)
                                  0.000000    0.000000   clock network delay (propagated)
                                  5.000000    5.000000 v input external delay
     2    0.004739    0.026074    0.016087    5.016087 v wb_rst_i (in)
                                                         wb_rst_i (net)
                      0.026074    0.000000    5.016087 v input1/A (sky130_fd_sc_hd__buf_2)
     5    0.123250    0.530592    0.588063    5.604150 v input1/X (sky130_fd_sc_hd__buf_2)
                                                         net1 (net)
                      0.543458    0.068966    5.673116 v fanout19/A (sky130_fd_sc_hd__clkdlybuf4s25_1)
     2    0.010168    0.162809    0.751682    6.424798 v fanout19/X (sky130_fd_sc_hd__clkdlybuf4s25_1)
                                                         net19 (net)
                      0.162809    0.000272    6.425070 v wire20/A (sky130_fd_sc_hd__buf_4)
    19    0.067569    0.168816    0.424290    6.849361 v wire20/X (sky130_fd_sc_hd__buf_4)
                                                         net20 (net)
                      0.168875    0.003184    6.852545 v fanout17/A (sky130_fd_sc_hd__clkdlybuf4s25_1)
     9    0.050119    0.668514    1.010939    7.863483 v fanout17/X (sky130_fd_sc_hd__clkdlybuf4s25_1)
                                                         net17 (net)
                      0.668514    0.001521    7.865005 v _610_/A (sky130_fd_sc_hd__inv_2)
     1    0.003796    0.147536    0.234272    8.099277 ^ _610_/Y (sky130_fd_sc_hd__inv_2)
                                                         _085_ (net)
                      0.147536    0.000032    8.099309 ^ _694_/RESET_B (sky130_fd_sc_hd__dfrtp_2)
                                              8.099309   data arrival time

                                 25.000000   25.000000   clock wb_clk_i (rise edge)
                                  0.000000   25.000000   clock source latency
     2    0.147424    1.063065    0.746587   25.746586 ^ wb_clk_i (in)
                                                         wb_clk_i (net)
                      1.073527    0.000000   25.746586 ^ clkbuf_0_wb_clk_i/A (sky130_fd_sc_hd__clkbuf_16)
    17    0.074001    0.154063    0.612493   26.359079 ^ clkbuf_0_wb_clk_i/X (sky130_fd_sc_hd__clkbuf_16)
                                                         clknet_0_wb_clk_i (net)
                      0.154089    0.001883   26.360962 ^ clkbuf_3_1_0_wb_clk_i/A (sky130_fd_sc_hd__clkbuf_8)
    11    0.035047    0.117914    0.291775   26.652739 ^ clkbuf_3_1_0_wb_clk_i/X (sky130_fd_sc_hd__clkbuf_8)
                                                         clknet_3_1_0_wb_clk_i (net)
                      0.117914    0.000345   26.653082 ^ _694_/CLK (sky130_fd_sc_hd__dfrtp_2)
                                 -0.250000   26.403084   clock uncertainty
                                  0.000000   26.403084   clock reconvergence pessimism
                                  0.427535   26.830618   library recovery time
                                             26.830618   data required time
---------------------------------------------------------------------------------------------
                                             26.830618   data required time
                                             -8.099309   data arrival time
---------------------------------------------------------------------------------------------
                                             18.731310   slack (MET)


Startpoint: wb_rst_i (input port clocked by wb_clk_i)
Endpoint: _747_ (recovery check against rising-edge clock wb_clk_i)
Path Group: asynchronous
Path Type: max

Fanout         Cap        Slew       Delay        Time   Description
---------------------------------------------------------------------------------------------
                                  0.000000    0.000000   clock wb_clk_i (rise edge)
                                  0.000000    0.000000   clock network delay (propagated)
                                  5.000000    5.000000 v input external delay
     2    0.004739    0.026074    0.016087    5.016087 v wb_rst_i (in)
                                                         wb_rst_i (net)
                      0.026074    0.000000    5.016087 v input1/A (sky130_fd_sc_hd__buf_2)
     5    0.123250    0.530592    0.588063    5.604150 v input1/X (sky130_fd_sc_hd__buf_2)
                                                         net1 (net)
                      0.543458    0.068966    5.673116 v fanout19/A (sky130_fd_sc_hd__clkdlybuf4s25_1)
     2    0.010168    0.162809    0.751682    6.424798 v fanout19/X (sky130_fd_sc_hd__clkdlybuf4s25_1)
                                                         net19 (net)
                      0.162809    0.000272    6.425070 v wire20/A (sky130_fd_sc_hd__buf_4)
    19    0.067569    0.168816    0.424290    6.849361 v wire20/X (sky130_fd_sc_hd__buf_4)
                                                         net20 (net)
                      0.168875    0.003184    6.852545 v fanout17/A (sky130_fd_sc_hd__clkdlybuf4s25_1)
     9    0.050119    0.668514    1.010939    7.863483 v fanout17/X (sky130_fd_sc_hd__clkdlybuf4s25_1)
                                                         net17 (net)
                      0.668514    0.001877    7.865360 v _663_/A (sky130_fd_sc_hd__inv_2)
     1    0.003766    0.147208    0.233662    8.099022 ^ _663_/Y (sky130_fd_sc_hd__inv_2)
                                                         _138_ (net)
                      0.147208    0.000031    8.099053 ^ _747_/RESET_B (sky130_fd_sc_hd__dfrtp_2)
                                              8.099053   data arrival time

                                 25.000000   25.000000   clock wb_clk_i (rise edge)
                                  0.000000   25.000000   clock source latency
     2    0.147424    1.063065    0.746587   25.746586 ^ wb_clk_i (in)
                                                         wb_clk_i (net)
                      1.073527    0.000000   25.746586 ^ clkbuf_0_wb_clk_i/A (sky130_fd_sc_hd__clkbuf_16)
    17    0.074001    0.154063    0.612493   26.359079 ^ clkbuf_0_wb_clk_i/X (sky130_fd_sc_hd__clkbuf_16)
                                                         clknet_0_wb_clk_i (net)
                      0.154089    0.001883   26.360962 ^ clkbuf_3_1_0_wb_clk_i/A (sky130_fd_sc_hd__clkbuf_8)
    11    0.035047    0.117914    0.291775   26.652739 ^ clkbuf_3_1_0_wb_clk_i/X (sky130_fd_sc_hd__clkbuf_8)
                                                         clknet_3_1_0_wb_clk_i (net)
                      0.117915    0.000634   26.653372 ^ _747_/CLK (sky130_fd_sc_hd__dfrtp_2)
                                 -0.250000   26.403372   clock uncertainty
                                  0.000000   26.403372   clock reconvergence pessimism
                                  0.427675   26.831049   library recovery time
                                             26.831049   data required time
---------------------------------------------------------------------------------------------
                                             26.831049   data required time
                                             -8.099053   data arrival time
---------------------------------------------------------------------------------------------
                                             18.731997   slack (MET)


Startpoint: wb_rst_i (input port clocked by wb_clk_i)
Endpoint: _695_ (recovery check against rising-edge clock wb_clk_i)
Path Group: asynchronous
Path Type: max

Fanout         Cap        Slew       Delay        Time   Description
---------------------------------------------------------------------------------------------
                                  0.000000    0.000000   clock wb_clk_i (rise edge)
                                  0.000000    0.000000   clock network delay (propagated)
                                  5.000000    5.000000 v input external delay
     2    0.004739    0.026074    0.016087    5.016087 v wb_rst_i (in)
                                                         wb_rst_i (net)
                      0.026074    0.000000    5.016087 v input1/A (sky130_fd_sc_hd__buf_2)
     5    0.123250    0.530592    0.588063    5.604150 v input1/X (sky130_fd_sc_hd__buf_2)
                                                         net1 (net)
                      0.543458    0.068966    5.673116 v fanout19/A (sky130_fd_sc_hd__clkdlybuf4s25_1)
     2    0.010168    0.162809    0.751682    6.424798 v fanout19/X (sky130_fd_sc_hd__clkdlybuf4s25_1)
                                                         net19 (net)
                      0.162809    0.000272    6.425070 v wire20/A (sky130_fd_sc_hd__buf_4)
    19    0.067569    0.168816    0.424290    6.849361 v wire20/X (sky130_fd_sc_hd__buf_4)
                                                         net20 (net)
                      0.168875    0.003184    6.852545 v fanout17/A (sky130_fd_sc_hd__clkdlybuf4s25_1)
     9    0.050119    0.668514    1.010939    7.863483 v fanout17/X (sky130_fd_sc_hd__clkdlybuf4s25_1)
                                                         net17 (net)
                      0.668514    0.001303    7.864786 v _611_/A (sky130_fd_sc_hd__inv_2)
     1    0.003730    0.146828    0.232955    8.097741 ^ _611_/Y (sky130_fd_sc_hd__inv_2)
                                                         _086_ (net)
                      0.146828    0.000031    8.097773 ^ _695_/RESET_B (sky130_fd_sc_hd__dfrtp_2)
                                              8.097773   data arrival time

                                 25.000000   25.000000   clock wb_clk_i (rise edge)
                                  0.000000   25.000000   clock source latency
     2    0.147424    1.063065    0.746587   25.746586 ^ wb_clk_i (in)
                                                         wb_clk_i (net)
                      1.073527    0.000000   25.746586 ^ clkbuf_0_wb_clk_i/A (sky130_fd_sc_hd__clkbuf_16)
    17    0.074001    0.154063    0.612493   26.359079 ^ clkbuf_0_wb_clk_i/X (sky130_fd_sc_hd__clkbuf_16)
                                                         clknet_0_wb_clk_i (net)
                      0.154089    0.001883   26.360962 ^ clkbuf_3_1_0_wb_clk_i/A (sky130_fd_sc_hd__clkbuf_8)
    11    0.035047    0.117914    0.291775   26.652739 ^ clkbuf_3_1_0_wb_clk_i/X (sky130_fd_sc_hd__clkbuf_8)
                                                         clknet_3_1_0_wb_clk_i (net)
                      0.117914    0.000226   26.652964 ^ _695_/CLK (sky130_fd_sc_hd__dfrtp_2)
                                 -0.250000   26.402964   clock uncertainty
                                  0.000000   26.402964   clock reconvergence pessimism
                                  0.427836   26.830799   library recovery time
                                             26.830799   data required time
---------------------------------------------------------------------------------------------
                                             26.830799   data required time
                                             -8.097773   data arrival time
---------------------------------------------------------------------------------------------
                                             18.733027   slack (MET)


Startpoint: wb_rst_i (input port clocked by wb_clk_i)
Endpoint: _698_ (recovery check against rising-edge clock wb_clk_i)
Path Group: asynchronous
Path Type: max

Fanout         Cap        Slew       Delay        Time   Description
---------------------------------------------------------------------------------------------
                                  0.000000    0.000000   clock wb_clk_i (rise edge)
                                  0.000000    0.000000   clock network delay (propagated)
                                  5.000000    5.000000 v input external delay
     2    0.004739    0.026074    0.016087    5.016087 v wb_rst_i (in)
                                                         wb_rst_i (net)
                      0.026074    0.000000    5.016087 v input1/A (sky130_fd_sc_hd__buf_2)
     5    0.123250    0.530592    0.588063    5.604150 v input1/X (sky130_fd_sc_hd__buf_2)
                                                         net1 (net)
                      0.543458    0.068966    5.673116 v fanout19/A (sky130_fd_sc_hd__clkdlybuf4s25_1)
     2    0.010168    0.162809    0.751682    6.424798 v fanout19/X (sky130_fd_sc_hd__clkdlybuf4s25_1)
                                                         net19 (net)
                      0.162809    0.000272    6.425070 v wire20/A (sky130_fd_sc_hd__buf_4)
    19    0.067569    0.168816    0.424290    6.849361 v wire20/X (sky130_fd_sc_hd__buf_4)
                                                         net20 (net)
                      0.168875    0.003184    6.852545 v fanout17/A (sky130_fd_sc_hd__clkdlybuf4s25_1)
     9    0.050119    0.668514    1.010939    7.863483 v fanout17/X (sky130_fd_sc_hd__clkdlybuf4s25_1)
                                                         net17 (net)
                      0.668514    0.001776    7.865260 v _614_/A (sky130_fd_sc_hd__inv_2)
     1    0.003624    0.145685    0.230827    8.096087 ^ _614_/Y (sky130_fd_sc_hd__inv_2)
                                                         _089_ (net)
                      0.145685    0.000028    8.096115 ^ _698_/RESET_B (sky130_fd_sc_hd__dfrtp_2)
                                              8.096115   data arrival time

                                 25.000000   25.000000   clock wb_clk_i (rise edge)
                                  0.000000   25.000000   clock source latency
     2    0.147424    1.063065    0.746587   25.746586 ^ wb_clk_i (in)
                                                         wb_clk_i (net)
                      1.073527    0.000000   25.746586 ^ clkbuf_0_wb_clk_i/A (sky130_fd_sc_hd__clkbuf_16)
    17    0.074001    0.154063    0.612493   26.359079 ^ clkbuf_0_wb_clk_i/X (sky130_fd_sc_hd__clkbuf_16)
                                                         clknet_0_wb_clk_i (net)
                      0.154089    0.001883   26.360962 ^ clkbuf_3_1_0_wb_clk_i/A (sky130_fd_sc_hd__clkbuf_8)
    11    0.035047    0.117914    0.291775   26.652739 ^ clkbuf_3_1_0_wb_clk_i/X (sky130_fd_sc_hd__clkbuf_8)
                                                         clknet_3_1_0_wb_clk_i (net)
                      0.117914    0.000407   26.653145 ^ _698_/CLK (sky130_fd_sc_hd__dfrtp_2)
                                 -0.250000   26.403145   clock uncertainty
                                  0.000000   26.403145   clock reconvergence pessimism
                                  0.428323   26.831469   library recovery time
                                             26.831469   data required time
---------------------------------------------------------------------------------------------
                                             26.831469   data required time
                                             -8.096115   data arrival time
---------------------------------------------------------------------------------------------
                                             18.735353   slack (MET)


Startpoint: wb_rst_i (input port clocked by wb_clk_i)
Endpoint: _749_ (recovery check against rising-edge clock wb_clk_i)
Path Group: asynchronous
Path Type: max

Fanout         Cap        Slew       Delay        Time   Description
---------------------------------------------------------------------------------------------
                                  0.000000    0.000000   clock wb_clk_i (rise edge)
                                  0.000000    0.000000   clock network delay (propagated)
                                  5.000000    5.000000 v input external delay
     2    0.004739    0.026074    0.016087    5.016087 v wb_rst_i (in)
                                                         wb_rst_i (net)
                      0.026074    0.000000    5.016087 v input1/A (sky130_fd_sc_hd__buf_2)
     5    0.123250    0.530592    0.588063    5.604150 v input1/X (sky130_fd_sc_hd__buf_2)
                                                         net1 (net)
                      0.543458    0.068966    5.673116 v fanout19/A (sky130_fd_sc_hd__clkdlybuf4s25_1)
     2    0.010168    0.162809    0.751682    6.424798 v fanout19/X (sky130_fd_sc_hd__clkdlybuf4s25_1)
                                                         net19 (net)
                      0.162809    0.000272    6.425070 v wire20/A (sky130_fd_sc_hd__buf_4)
    19    0.067569    0.168816    0.424290    6.849361 v wire20/X (sky130_fd_sc_hd__buf_4)
                                                         net20 (net)
                      0.168875    0.003184    6.852545 v fanout17/A (sky130_fd_sc_hd__clkdlybuf4s25_1)
     9    0.050119    0.668514    1.010939    7.863483 v fanout17/X (sky130_fd_sc_hd__clkdlybuf4s25_1)
                                                         net17 (net)
                      0.668514    0.001918    7.865401 v _665_/A (sky130_fd_sc_hd__inv_2)
     1    0.003609    0.145522    0.230523    8.095924 ^ _665_/Y (sky130_fd_sc_hd__inv_2)
                                                         _140_ (net)
                      0.145522    0.000028    8.095952 ^ _749_/RESET_B (sky130_fd_sc_hd__dfrtp_2)
                                              8.095952   data arrival time

                                 25.000000   25.000000   clock wb_clk_i (rise edge)
                                  0.000000   25.000000   clock source latency
     2    0.147424    1.063065    0.746587   25.746586 ^ wb_clk_i (in)
                                                         wb_clk_i (net)
                      1.073527    0.000000   25.746586 ^ clkbuf_0_wb_clk_i/A (sky130_fd_sc_hd__clkbuf_16)
    17    0.074001    0.154063    0.612493   26.359079 ^ clkbuf_0_wb_clk_i/X (sky130_fd_sc_hd__clkbuf_16)
                                                         clknet_0_wb_clk_i (net)
                      0.154089    0.001883   26.360962 ^ clkbuf_3_1_0_wb_clk_i/A (sky130_fd_sc_hd__clkbuf_8)
    11    0.035047    0.117914    0.291775   26.652739 ^ clkbuf_3_1_0_wb_clk_i/X (sky130_fd_sc_hd__clkbuf_8)
                                                         clknet_3_1_0_wb_clk_i (net)
                      0.117914    0.000545   26.653282 ^ _749_/CLK (sky130_fd_sc_hd__dfrtp_2)
                                 -0.250000   26.403284   clock uncertainty
                                  0.000000   26.403284   clock reconvergence pessimism
                                  0.428393   26.831676   library recovery time
                                             26.831676   data required time
---------------------------------------------------------------------------------------------
                                             26.831676   data required time
                                             -8.095952   data arrival time
---------------------------------------------------------------------------------------------
                                             18.735727   slack (MET)


Startpoint: wb_rst_i (input port clocked by wb_clk_i)
Endpoint: _696_ (recovery check against rising-edge clock wb_clk_i)
Path Group: asynchronous
Path Type: max

Fanout         Cap        Slew       Delay        Time   Description
---------------------------------------------------------------------------------------------
                                  0.000000    0.000000   clock wb_clk_i (rise edge)
                                  0.000000    0.000000   clock network delay (propagated)
                                  5.000000    5.000000 v input external delay
     2    0.004739    0.026074    0.016087    5.016087 v wb_rst_i (in)
                                                         wb_rst_i (net)
                      0.026074    0.000000    5.016087 v input1/A (sky130_fd_sc_hd__buf_2)
     5    0.123250    0.530592    0.588063    5.604150 v input1/X (sky130_fd_sc_hd__buf_2)
                                                         net1 (net)
                      0.543458    0.068966    5.673116 v fanout19/A (sky130_fd_sc_hd__clkdlybuf4s25_1)
     2    0.010168    0.162809    0.751682    6.424798 v fanout19/X (sky130_fd_sc_hd__clkdlybuf4s25_1)
                                                         net19 (net)
                      0.162809    0.000272    6.425070 v wire20/A (sky130_fd_sc_hd__buf_4)
    19    0.067569    0.168816    0.424290    6.849361 v wire20/X (sky130_fd_sc_hd__buf_4)
                                                         net20 (net)
                      0.168875    0.003184    6.852545 v fanout17/A (sky130_fd_sc_hd__clkdlybuf4s25_1)
     9    0.050119    0.668514    1.010939    7.863483 v fanout17/X (sky130_fd_sc_hd__clkdlybuf4s25_1)
                                                         net17 (net)
                      0.668514    0.000095    7.863578 v _612_/A (sky130_fd_sc_hd__inv_2)
     1    0.003639    0.145847    0.231128    8.094707 ^ _612_/Y (sky130_fd_sc_hd__inv_2)
                                                         _087_ (net)
                      0.145847    0.000028    8.094735 ^ _696_/RESET_B (sky130_fd_sc_hd__dfrtp_2)
                                              8.094735   data arrival time

                                 25.000000   25.000000   clock wb_clk_i (rise edge)
                                  0.000000   25.000000   clock source latency
     2    0.147424    1.063065    0.746587   25.746586 ^ wb_clk_i (in)
                                                         wb_clk_i (net)
                      1.073527    0.000000   25.746586 ^ clkbuf_0_wb_clk_i/A (sky130_fd_sc_hd__clkbuf_16)
    17    0.074001    0.154063    0.612493   26.359079 ^ clkbuf_0_wb_clk_i/X (sky130_fd_sc_hd__clkbuf_16)
                                                         clknet_0_wb_clk_i (net)
                      0.154089    0.001883   26.360962 ^ clkbuf_3_1_0_wb_clk_i/A (sky130_fd_sc_hd__clkbuf_8)
    11    0.035047    0.117914    0.291775   26.652739 ^ clkbuf_3_1_0_wb_clk_i/X (sky130_fd_sc_hd__clkbuf_8)
                                                         clknet_3_1_0_wb_clk_i (net)
                      0.117914    0.000297   26.653034 ^ _696_/CLK (sky130_fd_sc_hd__dfrtp_2)
                                 -0.250000   26.403036   clock uncertainty
                                  0.000000   26.403036   clock reconvergence pessimism
                                  0.428255   26.831289   library recovery time
                                             26.831289   data required time
---------------------------------------------------------------------------------------------
                                             26.831289   data required time
                                             -8.094735   data arrival time
---------------------------------------------------------------------------------------------
                                             18.736555   slack (MET)


Startpoint: _697_ (rising edge-triggered flip-flop clocked by wb_clk_i)
Endpoint: _716_ (rising edge-triggered flip-flop clocked by wb_clk_i)
Path Group: wb_clk_i
Path Type: max

Fanout         Cap        Slew       Delay        Time   Description
---------------------------------------------------------------------------------------------
                                  0.000000    0.000000   clock wb_clk_i (rise edge)
                                  0.000000    0.000000   clock source latency
     2    0.147424    1.063065    0.825174    0.825174 ^ wb_clk_i (in)
                                                         wb_clk_i (net)
                      1.073527    0.000000    0.825174 ^ clkbuf_0_wb_clk_i/A (sky130_fd_sc_hd__clkbuf_16)
    17    0.074001    0.154063    0.676967    1.502141 ^ clkbuf_0_wb_clk_i/X (sky130_fd_sc_hd__clkbuf_16)
                                                         clknet_0_wb_clk_i (net)
                      0.154089    0.002080    1.504221 ^ clkbuf_3_1_0_wb_clk_i/A (sky130_fd_sc_hd__clkbuf_8)
    11    0.035047    0.117914    0.322490    1.826712 ^ clkbuf_3_1_0_wb_clk_i/X (sky130_fd_sc_hd__clkbuf_8)
                                                         clknet_3_1_0_wb_clk_i (net)
                      0.117914    0.000264    1.826975 ^ _697_/CLK (sky130_fd_sc_hd__dfrtp_2)
     1    0.002375    0.066940    0.725329    2.552305 ^ _697_/Q (sky130_fd_sc_hd__dfrtp_2)
                                                         timer.scan_div[3] (net)
                      0.066940    0.000026    2.552331 ^ hold37/A (sky130_fd_sc_hd__dlygate4sd3_1)
     3    0.014446    0.248042    1.241677    3.794008 ^ hold37/X (sky130_fd_sc_hd__dlygate4sd3_1)
                                                         net37 (net)
                      0.248042    0.000079    3.794086 ^ _494_/C (sky130_fd_sc_hd__and4_2)
     6    0.017818    0.210825    0.681067    4.475154 ^ _494_/X (sky130_fd_sc_hd__and4_2)
                                                         _272_ (net)
                      0.210825    0.000244    4.475398 ^ _516_/A (sky130_fd_sc_hd__and4_2)
     8    0.033658    0.326760    0.734748    5.210146 ^ _516_/X (sky130_fd_sc_hd__and4_2)
                                                         _286_ (net)
                      0.326760    0.001025    5.211171 ^ _537_/B (sky130_fd_sc_hd__and4_2)
     3    0.013718    0.183757    0.660840    5.872011 ^ _537_/X (sky130_fd_sc_hd__and4_2)
                                                         _298_ (net)
                      0.183757    0.000187    5.872197 ^ _540_/B (sky130_fd_sc_hd__nand2_2)
     2    0.011299    0.131096    0.193412    6.065609 v _540_/Y (sky130_fd_sc_hd__nand2_2)
                                                         _300_ (net)
                      0.131096    0.000043    6.065652 v _543_/B (sky130_fd_sc_hd__xnor2_2)
     1    0.002184    0.082357    0.255392    6.321044 v _543_/Y (sky130_fd_sc_hd__xnor2_2)
                                                         _015_ (net)
                      0.082357    0.000024    6.321068 v hold50/A (sky130_fd_sc_hd__dlygate4sd3_1)
     1    0.002263    0.103726    1.175776    7.496844 v hold50/X (sky130_fd_sc_hd__dlygate4sd3_1)
                                                         net50 (net)
                      0.103726    0.000021    7.496866 v _716_/D (sky130_fd_sc_hd__dfrtp_2)
                                              7.496866   data arrival time

                                 25.000000   25.000000   clock wb_clk_i (rise edge)
                                  0.000000   25.000000   clock source latency
     2    0.147424    1.063065    0.746587   25.746586 ^ wb_clk_i (in)
                                                         wb_clk_i (net)
                      1.073527    0.000000   25.746586 ^ clkbuf_0_wb_clk_i/A (sky130_fd_sc_hd__clkbuf_16)
    17    0.074001    0.154063    0.612493   26.359079 ^ clkbuf_0_wb_clk_i/X (sky130_fd_sc_hd__clkbuf_16)
                                                         clknet_0_wb_clk_i (net)
                      0.154103    0.002224   26.361303 ^ clkbuf_3_2_0_wb_clk_i/A (sky130_fd_sc_hd__clkbuf_8)
    11    0.034623    0.116907    0.291033   26.652336 ^ clkbuf_3_2_0_wb_clk_i/X (sky130_fd_sc_hd__clkbuf_8)
                                                         clknet_3_2_0_wb_clk_i (net)
                      0.116907    0.000165   26.652502 ^ _716_/CLK (sky130_fd_sc_hd__dfrtp_2)
                                 -0.250000   26.402502   clock uncertainty
                                  0.143061   26.545563   clock reconvergence pessimism
                                 -0.278187   26.267376   library setup time
                                             26.267376   data required time
---------------------------------------------------------------------------------------------
                                             26.267376   data required time
                                             -7.496866   data arrival time
---------------------------------------------------------------------------------------------
                                             18.770512   slack (MET)


Startpoint: wb_rst_i (input port clocked by wb_clk_i)
Endpoint: _714_ (recovery check against rising-edge clock wb_clk_i)
Path Group: asynchronous
Path Type: max

Fanout         Cap        Slew       Delay        Time   Description
---------------------------------------------------------------------------------------------
                                  0.000000    0.000000   clock wb_clk_i (rise edge)
                                  0.000000    0.000000   clock network delay (propagated)
                                  5.000000    5.000000 v input external delay
     2    0.004739    0.026074    0.016087    5.016087 v wb_rst_i (in)
                                                         wb_rst_i (net)
                      0.026074    0.000000    5.016087 v input1/A (sky130_fd_sc_hd__buf_2)
     5    0.123250    0.530592    0.588063    5.604150 v input1/X (sky130_fd_sc_hd__buf_2)
                                                         net1 (net)
                      0.543458    0.068966    5.673116 v fanout19/A (sky130_fd_sc_hd__clkdlybuf4s25_1)
     2    0.010168    0.162809    0.751682    6.424798 v fanout19/X (sky130_fd_sc_hd__clkdlybuf4s25_1)
                                                         net19 (net)
                      0.162809    0.000073    6.424871 v fanout15/A (sky130_fd_sc_hd__clkdlybuf4s25_1)
     8    0.044020    0.589092    0.947766    7.372637 v fanout15/X (sky130_fd_sc_hd__clkdlybuf4s25_1)
                                                         net15 (net)
                      0.589092    0.000627    7.373263 v load_slew16/A (sky130_fd_sc_hd__buf_4)
     9    0.053807    0.143745    0.612151    7.985415 v load_slew16/X (sky130_fd_sc_hd__buf_4)
                                                         net16 (net)
                      0.143760    0.001632    7.987046 v _630_/A (sky130_fd_sc_hd__inv_2)
     1    0.004121    0.056752    0.107133    8.094179 ^ _630_/Y (sky130_fd_sc_hd__inv_2)
                                                         _105_ (net)
                      0.056752    0.000043    8.094221 ^ _714_/RESET_B (sky130_fd_sc_hd__dfrtp_2)
                                              8.094221   data arrival time

                                 25.000000   25.000000   clock wb_clk_i (rise edge)
                                  0.000000   25.000000   clock source latency
     2    0.147424    1.063065    0.746587   25.746586 ^ wb_clk_i (in)
                                                         wb_clk_i (net)
                      1.073527    0.000000   25.746586 ^ clkbuf_0_wb_clk_i/A (sky130_fd_sc_hd__clkbuf_16)
    17    0.074001    0.154063    0.612493   26.359079 ^ clkbuf_0_wb_clk_i/X (sky130_fd_sc_hd__clkbuf_16)
                                                         clknet_0_wb_clk_i (net)
                      0.154112    0.002400   26.361479 ^ clkbuf_3_0_0_wb_clk_i/A (sky130_fd_sc_hd__clkbuf_8)
    11    0.033860    0.115090    0.289708   26.651186 ^ clkbuf_3_0_0_wb_clk_i/X (sky130_fd_sc_hd__clkbuf_8)
                                                         clknet_3_0_0_wb_clk_i (net)
                      0.115090    0.000252   26.651440 ^ _714_/CLK (sky130_fd_sc_hd__dfrtp_2)
                                 -0.250000   26.401440   clock uncertainty
                                  0.000000   26.401440   clock reconvergence pessimism
                                  0.465264   26.866703   library recovery time
                                             26.866703   data required time
---------------------------------------------------------------------------------------------
                                             26.866703   data required time
                                             -8.094221   data arrival time
---------------------------------------------------------------------------------------------
                                             18.772482   slack (MET)


Startpoint: wb_rst_i (input port clocked by wb_clk_i)
Endpoint: _711_ (recovery check against rising-edge clock wb_clk_i)
Path Group: asynchronous
Path Type: max

Fanout         Cap        Slew       Delay        Time   Description
---------------------------------------------------------------------------------------------
                                  0.000000    0.000000   clock wb_clk_i (rise edge)
                                  0.000000    0.000000   clock network delay (propagated)
                                  5.000000    5.000000 v input external delay
     2    0.004739    0.026074    0.016087    5.016087 v wb_rst_i (in)
                                                         wb_rst_i (net)
                      0.026074    0.000000    5.016087 v input1/A (sky130_fd_sc_hd__buf_2)
     5    0.123250    0.530592    0.588063    5.604150 v input1/X (sky130_fd_sc_hd__buf_2)
                                                         net1 (net)
                      0.543458    0.068966    5.673116 v fanout19/A (sky130_fd_sc_hd__clkdlybuf4s25_1)
     2    0.010168    0.162809    0.751682    6.424798 v fanout19/X (sky130_fd_sc_hd__clkdlybuf4s25_1)
                                                         net19 (net)
                      0.162809    0.000073    6.424871 v fanout15/A (sky130_fd_sc_hd__clkdlybuf4s25_1)
     8    0.044020    0.589092    0.947766    7.372637 v fanout15/X (sky130_fd_sc_hd__clkdlybuf4s25_1)
                                                         net15 (net)
                      0.589092    0.000627    7.373263 v load_slew16/A (sky130_fd_sc_hd__buf_4)
     9    0.053807    0.143745    0.612151    7.985415 v load_slew16/X (sky130_fd_sc_hd__buf_4)
                                                         net16 (net)
                      0.143747    0.000834    7.986248 v _627_/A (sky130_fd_sc_hd__inv_2)
     1    0.003845    0.055153    0.105064    8.091311 ^ _627_/Y (sky130_fd_sc_hd__inv_2)
                                                         _102_ (net)
                      0.055153    0.000036    8.091348 ^ _711_/RESET_B (sky130_fd_sc_hd__dfrtp_2)
                                              8.091348   data arrival time

                                 25.000000   25.000000   clock wb_clk_i (rise edge)
                                  0.000000   25.000000   clock source latency
     2    0.147424    1.063065    0.746587   25.746586 ^ wb_clk_i (in)
                                                         wb_clk_i (net)
                      1.073527    0.000000   25.746586 ^ clkbuf_0_wb_clk_i/A (sky130_fd_sc_hd__clkbuf_16)
    17    0.074001    0.154063    0.612493   26.359079 ^ clkbuf_0_wb_clk_i/X (sky130_fd_sc_hd__clkbuf_16)
                                                         clknet_0_wb_clk_i (net)
                      0.154112    0.002400   26.361479 ^ clkbuf_3_0_0_wb_clk_i/A (sky130_fd_sc_hd__clkbuf_8)
    11    0.033860    0.115090    0.289708   26.651186 ^ clkbuf_3_0_0_wb_clk_i/X (sky130_fd_sc_hd__clkbuf_8)
                                                         clknet_3_0_0_wb_clk_i (net)
                      0.115090    0.000282   26.651470 ^ _711_/CLK (sky130_fd_sc_hd__dfrtp_2)
                                 -0.250000   26.401470   clock uncertainty
                                  0.000000   26.401470   clock reconvergence pessimism
                                  0.465945   26.867416   library recovery time
                                             26.867416   data required time
---------------------------------------------------------------------------------------------
                                             26.867416   data required time
                                             -8.091348   data arrival time
---------------------------------------------------------------------------------------------
                                             18.776068   slack (MET)


Startpoint: wb_rst_i (input port clocked by wb_clk_i)
Endpoint: _708_ (recovery check against rising-edge clock wb_clk_i)
Path Group: asynchronous
Path Type: max

Fanout         Cap        Slew       Delay        Time   Description
---------------------------------------------------------------------------------------------
                                  0.000000    0.000000   clock wb_clk_i (rise edge)
                                  0.000000    0.000000   clock network delay (propagated)
                                  5.000000    5.000000 v input external delay
     2    0.004739    0.026074    0.016087    5.016087 v wb_rst_i (in)
                                                         wb_rst_i (net)
                      0.026074    0.000000    5.016087 v input1/A (sky130_fd_sc_hd__buf_2)
     5    0.123250    0.530592    0.588063    5.604150 v input1/X (sky130_fd_sc_hd__buf_2)
                                                         net1 (net)
                      0.543458    0.068966    5.673116 v fanout19/A (sky130_fd_sc_hd__clkdlybuf4s25_1)
     2    0.010168    0.162809    0.751682    6.424798 v fanout19/X (sky130_fd_sc_hd__clkdlybuf4s25_1)
                                                         net19 (net)
                      0.162809    0.000073    6.424871 v fanout15/A (sky130_fd_sc_hd__clkdlybuf4s25_1)
     8    0.044020    0.589092    0.947766    7.372637 v fanout15/X (sky130_fd_sc_hd__clkdlybuf4s25_1)
                                                         net15 (net)
                      0.589092    0.000627    7.373263 v load_slew16/A (sky130_fd_sc_hd__buf_4)
     9    0.053807    0.143745    0.612151    7.985415 v load_slew16/X (sky130_fd_sc_hd__buf_4)
                                                         net16 (net)
                      0.143768    0.001920    7.987335 v _624_/A (sky130_fd_sc_hd__inv_2)
     1    0.003988    0.055983    0.106144    8.093478 ^ _624_/Y (sky130_fd_sc_hd__inv_2)
                                                         _099_ (net)
                      0.055983    0.000037    8.093515 ^ _708_/RESET_B (sky130_fd_sc_hd__dfrtp_2)
                                              8.093515   data arrival time

                                 25.000000   25.000000   clock wb_clk_i (rise edge)
                                  0.000000   25.000000   clock source latency
     2    0.147424    1.063065    0.746587   25.746586 ^ wb_clk_i (in)
                                                         wb_clk_i (net)
                      1.073527    0.000000   25.746586 ^ clkbuf_0_wb_clk_i/A (sky130_fd_sc_hd__clkbuf_16)
    17    0.074001    0.154063    0.612493   26.359079 ^ clkbuf_0_wb_clk_i/X (sky130_fd_sc_hd__clkbuf_16)
                                                         clknet_0_wb_clk_i (net)
                      0.154089    0.001883   26.360962 ^ clkbuf_3_1_0_wb_clk_i/A (sky130_fd_sc_hd__clkbuf_8)
    11    0.035047    0.117914    0.291775   26.652739 ^ clkbuf_3_1_0_wb_clk_i/X (sky130_fd_sc_hd__clkbuf_8)
                                                         clknet_3_1_0_wb_clk_i (net)
                      0.117914    0.000332   26.653070 ^ _708_/CLK (sky130_fd_sc_hd__dfrtp_2)
                                 -0.250000   26.403070   clock uncertainty
                                  0.000000   26.403070   clock reconvergence pessimism
                                  0.466534   26.869604   library recovery time
                                             26.869604   data required time
---------------------------------------------------------------------------------------------
                                             26.869604   data required time
                                             -8.093515   data arrival time
---------------------------------------------------------------------------------------------
                                             18.776089   slack (MET)


Startpoint: wb_rst_i (input port clocked by wb_clk_i)
Endpoint: _721_ (recovery check against rising-edge clock wb_clk_i)
Path Group: asynchronous
Path Type: max

Fanout         Cap        Slew       Delay        Time   Description
---------------------------------------------------------------------------------------------
                                  0.000000    0.000000   clock wb_clk_i (rise edge)
                                  0.000000    0.000000   clock network delay (propagated)
                                  5.000000    5.000000 v input external delay
     2    0.004739    0.026074    0.016087    5.016087 v wb_rst_i (in)
                                                         wb_rst_i (net)
                      0.026074    0.000000    5.016087 v input1/A (sky130_fd_sc_hd__buf_2)
     5    0.123250    0.530592    0.588063    5.604150 v input1/X (sky130_fd_sc_hd__buf_2)
                                                         net1 (net)
                      0.543458    0.068966    5.673116 v fanout19/A (sky130_fd_sc_hd__clkdlybuf4s25_1)
     2    0.010168    0.162809    0.751682    6.424798 v fanout19/X (sky130_fd_sc_hd__clkdlybuf4s25_1)
                                                         net19 (net)
                      0.162809    0.000073    6.424871 v fanout15/A (sky130_fd_sc_hd__clkdlybuf4s25_1)
     8    0.044020    0.589092    0.947766    7.372637 v fanout15/X (sky130_fd_sc_hd__clkdlybuf4s25_1)
                                                         net15 (net)
                      0.589092    0.000627    7.373263 v load_slew16/A (sky130_fd_sc_hd__buf_4)
     9    0.053807    0.143745    0.612151    7.985415 v load_slew16/X (sky130_fd_sc_hd__buf_4)
                                                         net16 (net)
                      0.143745    0.000393    7.985807 v _637_/A (sky130_fd_sc_hd__inv_2)
     1    0.003812    0.054966    0.104816    8.090623 ^ _637_/Y (sky130_fd_sc_hd__inv_2)
                                                         _112_ (net)
                      0.054966    0.000034    8.090656 ^ _721_/RESET_B (sky130_fd_sc_hd__dfrtp_2)
                                              8.090656   data arrival time

                                 25.000000   25.000000   clock wb_clk_i (rise edge)
                                  0.000000   25.000000   clock source latency
     2    0.147424    1.063065    0.746587   25.746586 ^ wb_clk_i (in)
                                                         wb_clk_i (net)
                      1.073527    0.000000   25.746586 ^ clkbuf_0_wb_clk_i/A (sky130_fd_sc_hd__clkbuf_16)
    17    0.074001    0.154063    0.612493   26.359079 ^ clkbuf_0_wb_clk_i/X (sky130_fd_sc_hd__clkbuf_16)
                                                         clknet_0_wb_clk_i (net)
                      0.154112    0.002400   26.361479 ^ clkbuf_3_0_0_wb_clk_i/A (sky130_fd_sc_hd__clkbuf_8)
    11    0.033860    0.115090    0.289708   26.651186 ^ clkbuf_3_0_0_wb_clk_i/X (sky130_fd_sc_hd__clkbuf_8)
                                                         clknet_3_0_0_wb_clk_i (net)
                      0.115090    0.000389   26.651575 ^ _721_/CLK (sky130_fd_sc_hd__dfrtp_2)
                                 -0.250000   26.401577   clock uncertainty
                                  0.000000   26.401577   clock reconvergence pessimism
                                  0.466025   26.867601   library recovery time
                                             26.867601   data required time
---------------------------------------------------------------------------------------------
                                             26.867601   data required time
                                             -8.090656   data arrival time
---------------------------------------------------------------------------------------------
                                             18.776945   slack (MET)


Startpoint: wb_rst_i (input port clocked by wb_clk_i)
Endpoint: _713_ (recovery check against rising-edge clock wb_clk_i)
Path Group: asynchronous
Path Type: max

Fanout         Cap        Slew       Delay        Time   Description
---------------------------------------------------------------------------------------------
                                  0.000000    0.000000   clock wb_clk_i (rise edge)
                                  0.000000    0.000000   clock network delay (propagated)
                                  5.000000    5.000000 v input external delay
     2    0.004739    0.026074    0.016087    5.016087 v wb_rst_i (in)
                                                         wb_rst_i (net)
                      0.026074    0.000000    5.016087 v input1/A (sky130_fd_sc_hd__buf_2)
     5    0.123250    0.530592    0.588063    5.604150 v input1/X (sky130_fd_sc_hd__buf_2)
                                                         net1 (net)
                      0.543458    0.068966    5.673116 v fanout19/A (sky130_fd_sc_hd__clkdlybuf4s25_1)
     2    0.010168    0.162809    0.751682    6.424798 v fanout19/X (sky130_fd_sc_hd__clkdlybuf4s25_1)
                                                         net19 (net)
                      0.162809    0.000073    6.424871 v fanout15/A (sky130_fd_sc_hd__clkdlybuf4s25_1)
     8    0.044020    0.589092    0.947766    7.372637 v fanout15/X (sky130_fd_sc_hd__clkdlybuf4s25_1)
                                                         net15 (net)
                      0.589092    0.000627    7.373263 v load_slew16/A (sky130_fd_sc_hd__buf_4)
     9    0.053807    0.143745    0.612151    7.985415 v load_slew16/X (sky130_fd_sc_hd__buf_4)
                                                         net16 (net)
                      0.143759    0.001586    7.987000 v _629_/A (sky130_fd_sc_hd__inv_2)
     1    0.003602    0.053798    0.103251    8.090251 ^ _629_/Y (sky130_fd_sc_hd__inv_2)
                                                         _104_ (net)
                      0.053798    0.000027    8.090278 ^ _713_/RESET_B (sky130_fd_sc_hd__dfrtp_2)
                                              8.090278   data arrival time

                                 25.000000   25.000000   clock wb_clk_i (rise edge)
                                  0.000000   25.000000   clock source latency
     2    0.147424    1.063065    0.746587   25.746586 ^ wb_clk_i (in)
                                                         wb_clk_i (net)
                      1.073527    0.000000   25.746586 ^ clkbuf_0_wb_clk_i/A (sky130_fd_sc_hd__clkbuf_16)
    17    0.074001    0.154063    0.612493   26.359079 ^ clkbuf_0_wb_clk_i/X (sky130_fd_sc_hd__clkbuf_16)
                                                         clknet_0_wb_clk_i (net)
                      0.154112    0.002400   26.361479 ^ clkbuf_3_0_0_wb_clk_i/A (sky130_fd_sc_hd__clkbuf_8)
    11    0.033860    0.115090    0.289708   26.651186 ^ clkbuf_3_0_0_wb_clk_i/X (sky130_fd_sc_hd__clkbuf_8)
                                                         clknet_3_0_0_wb_clk_i (net)
                      0.115090    0.000220   26.651407 ^ _713_/CLK (sky130_fd_sc_hd__dfrtp_2)
                                 -0.250000   26.401407   clock uncertainty
                                  0.000000   26.401407   clock reconvergence pessimism
                                  0.466523   26.867931   library recovery time
                                             26.867931   data required time
---------------------------------------------------------------------------------------------
                                             26.867931   data required time
                                             -8.090278   data arrival time
---------------------------------------------------------------------------------------------
                                             18.777653   slack (MET)


Startpoint: wb_rst_i (input port clocked by wb_clk_i)
Endpoint: _710_ (recovery check against rising-edge clock wb_clk_i)
Path Group: asynchronous
Path Type: max

Fanout         Cap        Slew       Delay        Time   Description
---------------------------------------------------------------------------------------------
                                  0.000000    0.000000   clock wb_clk_i (rise edge)
                                  0.000000    0.000000   clock network delay (propagated)
                                  5.000000    5.000000 v input external delay
     2    0.004739    0.026074    0.016087    5.016087 v wb_rst_i (in)
                                                         wb_rst_i (net)
                      0.026074    0.000000    5.016087 v input1/A (sky130_fd_sc_hd__buf_2)
     5    0.123250    0.530592    0.588063    5.604150 v input1/X (sky130_fd_sc_hd__buf_2)
                                                         net1 (net)
                      0.543458    0.068966    5.673116 v fanout19/A (sky130_fd_sc_hd__clkdlybuf4s25_1)
     2    0.010168    0.162809    0.751682    6.424798 v fanout19/X (sky130_fd_sc_hd__clkdlybuf4s25_1)
                                                         net19 (net)
                      0.162809    0.000073    6.424871 v fanout15/A (sky130_fd_sc_hd__clkdlybuf4s25_1)
     8    0.044020    0.589092    0.947766    7.372637 v fanout15/X (sky130_fd_sc_hd__clkdlybuf4s25_1)
                                                         net15 (net)
                      0.589092    0.000627    7.373263 v load_slew16/A (sky130_fd_sc_hd__buf_4)
     9    0.053807    0.143745    0.612151    7.985415 v load_slew16/X (sky130_fd_sc_hd__buf_4)
                                                         net16 (net)
                      0.143759    0.001585    7.987000 v _626_/A (sky130_fd_sc_hd__inv_2)
     1    0.003564    0.053590    0.102966    8.089966 ^ _626_/Y (sky130_fd_sc_hd__inv_2)
                                                         _101_ (net)
                      0.053590    0.000026    8.089992 ^ _710_/RESET_B (sky130_fd_sc_hd__dfrtp_2)
                                              8.089992   data arrival time

                                 25.000000   25.000000   clock wb_clk_i (rise edge)
                                  0.000000   25.000000   clock source latency
     2    0.147424    1.063065    0.746587   25.746586 ^ wb_clk_i (in)
                                                         wb_clk_i (net)
                      1.073527    0.000000   25.746586 ^ clkbuf_0_wb_clk_i/A (sky130_fd_sc_hd__clkbuf_16)
    17    0.074001    0.154063    0.612493   26.359079 ^ clkbuf_0_wb_clk_i/X (sky130_fd_sc_hd__clkbuf_16)
                                                         clknet_0_wb_clk_i (net)
                      0.154112    0.002400   26.361479 ^ clkbuf_3_0_0_wb_clk_i/A (sky130_fd_sc_hd__clkbuf_8)
    11    0.033860    0.115090    0.289708   26.651186 ^ clkbuf_3_0_0_wb_clk_i/X (sky130_fd_sc_hd__clkbuf_8)
                                                         clknet_3_0_0_wb_clk_i (net)
                      0.115090    0.000231   26.651419 ^ _710_/CLK (sky130_fd_sc_hd__dfrtp_2)
                                 -0.250000   26.401419   clock uncertainty
                                  0.000000   26.401419   clock reconvergence pessimism
                                  0.466612   26.868031   library recovery time
                                             26.868031   data required time
---------------------------------------------------------------------------------------------
                                             26.868031   data required time
                                             -8.089992   data arrival time
---------------------------------------------------------------------------------------------
                                             18.778040   slack (MET)


Startpoint: wb_rst_i (input port clocked by wb_clk_i)
Endpoint: _709_ (recovery check against rising-edge clock wb_clk_i)
Path Group: asynchronous
Path Type: max

Fanout         Cap        Slew       Delay        Time   Description
---------------------------------------------------------------------------------------------
                                  0.000000    0.000000   clock wb_clk_i (rise edge)
                                  0.000000    0.000000   clock network delay (propagated)
                                  5.000000    5.000000 v input external delay
     2    0.004739    0.026074    0.016087    5.016087 v wb_rst_i (in)
                                                         wb_rst_i (net)
                      0.026074    0.000000    5.016087 v input1/A (sky130_fd_sc_hd__buf_2)
     5    0.123250    0.530592    0.588063    5.604150 v input1/X (sky130_fd_sc_hd__buf_2)
                                                         net1 (net)
                      0.543458    0.068966    5.673116 v fanout19/A (sky130_fd_sc_hd__clkdlybuf4s25_1)
     2    0.010168    0.162809    0.751682    6.424798 v fanout19/X (sky130_fd_sc_hd__clkdlybuf4s25_1)
                                                         net19 (net)
                      0.162809    0.000073    6.424871 v fanout15/A (sky130_fd_sc_hd__clkdlybuf4s25_1)
     8    0.044020    0.589092    0.947766    7.372637 v fanout15/X (sky130_fd_sc_hd__clkdlybuf4s25_1)
                                                         net15 (net)
                      0.589092    0.000627    7.373263 v load_slew16/A (sky130_fd_sc_hd__buf_4)
     9    0.053807    0.143745    0.612151    7.985415 v load_slew16/X (sky130_fd_sc_hd__buf_4)
                                                         net16 (net)
                      0.143760    0.001621    7.987035 v _625_/A (sky130_fd_sc_hd__inv_2)
     1    0.003559    0.053565    0.102930    8.089966 ^ _625_/Y (sky130_fd_sc_hd__inv_2)
                                                         _100_ (net)
                      0.053565    0.000028    8.089993 ^ _709_/RESET_B (sky130_fd_sc_hd__dfrtp_2)
                                              8.089993   data arrival time

                                 25.000000   25.000000   clock wb_clk_i (rise edge)
                                  0.000000   25.000000   clock source latency
     2    0.147424    1.063065    0.746587   25.746586 ^ wb_clk_i (in)
                                                         wb_clk_i (net)
                      1.073527    0.000000   25.746586 ^ clkbuf_0_wb_clk_i/A (sky130_fd_sc_hd__clkbuf_16)
    17    0.074001    0.154063    0.612493   26.359079 ^ clkbuf_0_wb_clk_i/X (sky130_fd_sc_hd__clkbuf_16)
                                                         clknet_0_wb_clk_i (net)
                      0.154112    0.002400   26.361479 ^ clkbuf_3_0_0_wb_clk_i/A (sky130_fd_sc_hd__clkbuf_8)
    11    0.033860    0.115090    0.289708   26.651186 ^ clkbuf_3_0_0_wb_clk_i/X (sky130_fd_sc_hd__clkbuf_8)
                                                         clknet_3_0_0_wb_clk_i (net)
                      0.115090    0.000275   26.651463 ^ _709_/CLK (sky130_fd_sc_hd__dfrtp_2)
                                 -0.250000   26.401463   clock uncertainty
                                  0.000000   26.401463   clock reconvergence pessimism
                                  0.466622   26.868086   library recovery time
                                             26.868086   data required time
---------------------------------------------------------------------------------------------
                                             26.868086   data required time
                                             -8.089993   data arrival time
---------------------------------------------------------------------------------------------
                                             18.778093   slack (MET)


Startpoint: wb_rst_i (input port clocked by wb_clk_i)
Endpoint: _712_ (recovery check against rising-edge clock wb_clk_i)
Path Group: asynchronous
Path Type: max

Fanout         Cap        Slew       Delay        Time   Description
---------------------------------------------------------------------------------------------
                                  0.000000    0.000000   clock wb_clk_i (rise edge)
                                  0.000000    0.000000   clock network delay (propagated)
                                  5.000000    5.000000 v input external delay
     2    0.004739    0.026074    0.016087    5.016087 v wb_rst_i (in)
                                                         wb_rst_i (net)
                      0.026074    0.000000    5.016087 v input1/A (sky130_fd_sc_hd__buf_2)
     5    0.123250    0.530592    0.588063    5.604150 v input1/X (sky130_fd_sc_hd__buf_2)
                                                         net1 (net)
                      0.543458    0.068966    5.673116 v fanout19/A (sky130_fd_sc_hd__clkdlybuf4s25_1)
     2    0.010168    0.162809    0.751682    6.424798 v fanout19/X (sky130_fd_sc_hd__clkdlybuf4s25_1)
                                                         net19 (net)
                      0.162809    0.000073    6.424871 v fanout15/A (sky130_fd_sc_hd__clkdlybuf4s25_1)
     8    0.044020    0.589092    0.947766    7.372637 v fanout15/X (sky130_fd_sc_hd__clkdlybuf4s25_1)
                                                         net15 (net)
                      0.589092    0.000627    7.373263 v load_slew16/A (sky130_fd_sc_hd__buf_4)
     9    0.053807    0.143745    0.612151    7.985415 v load_slew16/X (sky130_fd_sc_hd__buf_4)
                                                         net16 (net)
                      0.143745    0.000696    7.986111 v _628_/A (sky130_fd_sc_hd__inv_2)
     1    0.003618    0.053885    0.103365    8.089476 ^ _628_/Y (sky130_fd_sc_hd__inv_2)
                                                         _103_ (net)
                      0.053885    0.000029    8.089505 ^ _712_/RESET_B (sky130_fd_sc_hd__dfrtp_2)
                                              8.089505   data arrival time

                                 25.000000   25.000000   clock wb_clk_i (rise edge)
                                  0.000000   25.000000   clock source latency
     2    0.147424    1.063065    0.746587   25.746586 ^ wb_clk_i (in)
                                                         wb_clk_i (net)
                      1.073527    0.000000   25.746586 ^ clkbuf_0_wb_clk_i/A (sky130_fd_sc_hd__clkbuf_16)
    17    0.074001    0.154063    0.612493   26.359079 ^ clkbuf_0_wb_clk_i/X (sky130_fd_sc_hd__clkbuf_16)
                                                         clknet_0_wb_clk_i (net)
                      0.154112    0.002400   26.361479 ^ clkbuf_3_0_0_wb_clk_i/A (sky130_fd_sc_hd__clkbuf_8)
    11    0.033860    0.115090    0.289708   26.651186 ^ clkbuf_3_0_0_wb_clk_i/X (sky130_fd_sc_hd__clkbuf_8)
                                                         clknet_3_0_0_wb_clk_i (net)
                      0.115090    0.000311   26.651497 ^ _712_/CLK (sky130_fd_sc_hd__dfrtp_2)
                                 -0.250000   26.401499   clock uncertainty
                                  0.000000   26.401499   clock reconvergence pessimism
                                  0.466486   26.867985   library recovery time
                                             26.867985   data required time
---------------------------------------------------------------------------------------------
                                             26.867985   data required time
                                             -8.089505   data arrival time
---------------------------------------------------------------------------------------------
                                             18.778481   slack (MET)


Startpoint: wb_rst_i (input port clocked by wb_clk_i)
Endpoint: _706_ (recovery check against rising-edge clock wb_clk_i)
Path Group: asynchronous
Path Type: max

Fanout         Cap        Slew       Delay        Time   Description
---------------------------------------------------------------------------------------------
                                  0.000000    0.000000   clock wb_clk_i (rise edge)
                                  0.000000    0.000000   clock network delay (propagated)
                                  5.000000    5.000000 v input external delay
     2    0.004739    0.026074    0.016087    5.016087 v wb_rst_i (in)
                                                         wb_rst_i (net)
                      0.026074    0.000000    5.016087 v input1/A (sky130_fd_sc_hd__buf_2)
     5    0.123250    0.530592    0.588063    5.604150 v input1/X (sky130_fd_sc_hd__buf_2)
                                                         net1 (net)
                      0.543458    0.068966    5.673116 v fanout19/A (sky130_fd_sc_hd__clkdlybuf4s25_1)
     2    0.010168    0.162809    0.751682    6.424798 v fanout19/X (sky130_fd_sc_hd__clkdlybuf4s25_1)
                                                         net19 (net)
                      0.162809    0.000073    6.424871 v fanout15/A (sky130_fd_sc_hd__clkdlybuf4s25_1)
     8    0.044020    0.589092    0.947766    7.372637 v fanout15/X (sky130_fd_sc_hd__clkdlybuf4s25_1)
                                                         net15 (net)
                      0.589092    0.000627    7.373263 v load_slew16/A (sky130_fd_sc_hd__buf_4)
     9    0.053807    0.143745    0.612151    7.985415 v load_slew16/X (sky130_fd_sc_hd__buf_4)
                                                         net16 (net)
                      0.143764    0.001774    7.987188 v _622_/A (sky130_fd_sc_hd__inv_2)
     1    0.003426    0.052849    0.101933    8.089121 ^ _622_/Y (sky130_fd_sc_hd__inv_2)
                                                         _097_ (net)
                      0.052849    0.000024    8.089145 ^ _706_/RESET_B (sky130_fd_sc_hd__dfrtp_2)
                                              8.089145   data arrival time

                                 25.000000   25.000000   clock wb_clk_i (rise edge)
                                  0.000000   25.000000   clock source latency
     2    0.147424    1.063065    0.746587   25.746586 ^ wb_clk_i (in)
                                                         wb_clk_i (net)
                      1.073527    0.000000   25.746586 ^ clkbuf_0_wb_clk_i/A (sky130_fd_sc_hd__clkbuf_16)
    17    0.074001    0.154063    0.612493   26.359079 ^ clkbuf_0_wb_clk_i/X (sky130_fd_sc_hd__clkbuf_16)
                                                         clknet_0_wb_clk_i (net)
                      0.154103    0.002224   26.361303 ^ clkbuf_3_2_0_wb_clk_i/A (sky130_fd_sc_hd__clkbuf_8)
    11    0.034623    0.116907    0.291033   26.652336 ^ clkbuf_3_2_0_wb_clk_i/X (sky130_fd_sc_hd__clkbuf_8)
                                                         clknet_3_2_0_wb_clk_i (net)
                      0.116907    0.000405   26.652740 ^ _706_/CLK (sky130_fd_sc_hd__dfrtp_2)
                                 -0.250000   26.402742   clock uncertainty
                                  0.000000   26.402742   clock reconvergence pessimism
                                  0.467533   26.870275   library recovery time
                                             26.870275   data required time
---------------------------------------------------------------------------------------------
                                             26.870275   data required time
                                             -8.089145   data arrival time
---------------------------------------------------------------------------------------------
                                             18.781130   slack (MET)


Startpoint: _697_ (rising edge-triggered flip-flop clocked by wb_clk_i)
Endpoint: _714_ (rising edge-triggered flip-flop clocked by wb_clk_i)
Path Group: wb_clk_i
Path Type: max

Fanout         Cap        Slew       Delay        Time   Description
---------------------------------------------------------------------------------------------
                                  0.000000    0.000000   clock wb_clk_i (rise edge)
                                  0.000000    0.000000   clock source latency
     2    0.147424    1.063065    0.825174    0.825174 ^ wb_clk_i (in)
                                                         wb_clk_i (net)
                      1.073527    0.000000    0.825174 ^ clkbuf_0_wb_clk_i/A (sky130_fd_sc_hd__clkbuf_16)
    17    0.074001    0.154063    0.676967    1.502141 ^ clkbuf_0_wb_clk_i/X (sky130_fd_sc_hd__clkbuf_16)
                                                         clknet_0_wb_clk_i (net)
                      0.154089    0.002080    1.504221 ^ clkbuf_3_1_0_wb_clk_i/A (sky130_fd_sc_hd__clkbuf_8)
    11    0.035047    0.117914    0.322490    1.826712 ^ clkbuf_3_1_0_wb_clk_i/X (sky130_fd_sc_hd__clkbuf_8)
                                                         clknet_3_1_0_wb_clk_i (net)
                      0.117914    0.000264    1.826975 ^ _697_/CLK (sky130_fd_sc_hd__dfrtp_2)
     1    0.002375    0.066940    0.725329    2.552305 ^ _697_/Q (sky130_fd_sc_hd__dfrtp_2)
                                                         timer.scan_div[3] (net)
                      0.066940    0.000026    2.552331 ^ hold37/A (sky130_fd_sc_hd__dlygate4sd3_1)
     3    0.014446    0.248042    1.241677    3.794008 ^ hold37/X (sky130_fd_sc_hd__dlygate4sd3_1)
                                                         net37 (net)
                      0.248042    0.000079    3.794086 ^ _494_/C (sky130_fd_sc_hd__and4_2)
     6    0.017818    0.210825    0.681067    4.475154 ^ _494_/X (sky130_fd_sc_hd__and4_2)
                                                         _272_ (net)
                      0.210825    0.000244    4.475398 ^ _516_/A (sky130_fd_sc_hd__and4_2)
     8    0.033658    0.326760    0.734748    5.210146 ^ _516_/X (sky130_fd_sc_hd__and4_2)
                                                         _286_ (net)
                      0.326760    0.000967    5.211113 ^ _526_/A (sky130_fd_sc_hd__and2_2)
     6    0.034122    0.294962    0.579370    5.790483 ^ _526_/X (sky130_fd_sc_hd__and2_2)
                                                         _292_ (net)
                      0.294962    0.001053    5.791537 ^ _535_/A (sky130_fd_sc_hd__nand2_2)
     2    0.013602    0.152148    0.240356    6.031893 v _535_/Y (sky130_fd_sc_hd__nand2_2)
                                                         _297_ (net)
                      0.152148    0.000155    6.032047 v _538_/B (sky130_fd_sc_hd__xnor2_2)
     1    0.002309    0.083182    0.266201    6.298248 v _538_/Y (sky130_fd_sc_hd__xnor2_2)
                                                         _013_ (net)
                      0.083182    0.000027    6.298275 v hold48/A (sky130_fd_sc_hd__dlygate4sd3_1)
     1    0.002462    0.105980    1.179723    7.477998 v hold48/X (sky130_fd_sc_hd__dlygate4sd3_1)
                                                         net48 (net)
                      0.105980    0.000024    7.478022 v _714_/D (sky130_fd_sc_hd__dfrtp_2)
                                              7.478022   data arrival time

                                 25.000000   25.000000   clock wb_clk_i (rise edge)
                                  0.000000   25.000000   clock source latency
     2    0.147424    1.063065    0.746587   25.746586 ^ wb_clk_i (in)
                                                         wb_clk_i (net)
                      1.073527    0.000000   25.746586 ^ clkbuf_0_wb_clk_i/A (sky130_fd_sc_hd__clkbuf_16)
    17    0.074001    0.154063    0.612493   26.359079 ^ clkbuf_0_wb_clk_i/X (sky130_fd_sc_hd__clkbuf_16)
                                                         clknet_0_wb_clk_i (net)
                      0.154112    0.002400   26.361479 ^ clkbuf_3_0_0_wb_clk_i/A (sky130_fd_sc_hd__clkbuf_8)
    11    0.033860    0.115090    0.289708   26.651186 ^ clkbuf_3_0_0_wb_clk_i/X (sky130_fd_sc_hd__clkbuf_8)
                                                         clknet_3_0_0_wb_clk_i (net)
                      0.115090    0.000252   26.651440 ^ _714_/CLK (sky130_fd_sc_hd__dfrtp_2)
                                 -0.250000   26.401440   clock uncertainty
                                  0.143061   26.544500   clock reconvergence pessimism
                                 -0.279612   26.264889   library setup time
                                             26.264889   data required time
---------------------------------------------------------------------------------------------
                                             26.264889   data required time
                                             -7.478022   data arrival time
---------------------------------------------------------------------------------------------
                                             18.786867   slack (MET)


Startpoint: _697_ (rising edge-triggered flip-flop clocked by wb_clk_i)
Endpoint: _715_ (rising edge-triggered flip-flop clocked by wb_clk_i)
Path Group: wb_clk_i
Path Type: max

Fanout         Cap        Slew       Delay        Time   Description
---------------------------------------------------------------------------------------------
                                  0.000000    0.000000   clock wb_clk_i (rise edge)
                                  0.000000    0.000000   clock source latency
     2    0.147424    1.063065    0.825174    0.825174 ^ wb_clk_i (in)
                                                         wb_clk_i (net)
                      1.073527    0.000000    0.825174 ^ clkbuf_0_wb_clk_i/A (sky130_fd_sc_hd__clkbuf_16)
    17    0.074001    0.154063    0.676967    1.502141 ^ clkbuf_0_wb_clk_i/X (sky130_fd_sc_hd__clkbuf_16)
                                                         clknet_0_wb_clk_i (net)
                      0.154089    0.002080    1.504221 ^ clkbuf_3_1_0_wb_clk_i/A (sky130_fd_sc_hd__clkbuf_8)
    11    0.035047    0.117914    0.322490    1.826712 ^ clkbuf_3_1_0_wb_clk_i/X (sky130_fd_sc_hd__clkbuf_8)
                                                         clknet_3_1_0_wb_clk_i (net)
                      0.117914    0.000264    1.826975 ^ _697_/CLK (sky130_fd_sc_hd__dfrtp_2)
     1    0.002257    0.071376    0.847931    2.674906 v _697_/Q (sky130_fd_sc_hd__dfrtp_2)
                                                         timer.scan_div[3] (net)
                      0.071376    0.000025    2.674931 v hold37/A (sky130_fd_sc_hd__dlygate4sd3_1)
     3    0.013640    0.203892    1.316907    3.991838 v hold37/X (sky130_fd_sc_hd__dlygate4sd3_1)
                                                         net37 (net)
                      0.203892    0.000075    3.991913 v _494_/C (sky130_fd_sc_hd__and4_2)
     6    0.017167    0.137971    0.643156    4.635069 v _494_/X (sky130_fd_sc_hd__and4_2)
                                                         _272_ (net)
                      0.137971    0.000235    4.635304 v _516_/A (sky130_fd_sc_hd__and4_2)
     8    0.032436    0.192088    0.567732    5.203036 v _516_/X (sky130_fd_sc_hd__and4_2)
                                                         _286_ (net)
                      0.192089    0.000989    5.204025 v _537_/B (sky130_fd_sc_hd__and4_2)
     3    0.012729    0.119038    0.575742    5.779767 v _537_/X (sky130_fd_sc_hd__and4_2)
                                                         _298_ (net)
                      0.119038    0.000157    5.779923 v _539_/B (sky130_fd_sc_hd__nor2_2)
     1    0.002838    0.104551    0.145524    5.925447 ^ _539_/Y (sky130_fd_sc_hd__nor2_2)
                                                         _299_ (net)
                      0.104551    0.000037    5.925485 ^ hold185/A (sky130_fd_sc_hd__dlygate4sd3_1)
     1    0.002472    0.087979    1.102298    7.027783 ^ hold185/X (sky130_fd_sc_hd__dlygate4sd3_1)
                                                         net185 (net)
                      0.087979    0.000030    7.027813 ^ _541_/A_N (sky130_fd_sc_hd__and2b_2)
     1    0.003108    0.070265    0.465804    7.493618 v _541_/X (sky130_fd_sc_hd__and2b_2)
                                                         _014_ (net)
                      0.070265    0.000043    7.493660 v _715_/D (sky130_fd_sc_hd__dfrtp_2)
                                              7.493660   data arrival time

                                 25.000000   25.000000   clock wb_clk_i (rise edge)
                                  0.000000   25.000000   clock source latency
     2    0.147424    1.063065    0.746587   25.746586 ^ wb_clk_i (in)
                                                         wb_clk_i (net)
                      1.073527    0.000000   25.746586 ^ clkbuf_0_wb_clk_i/A (sky130_fd_sc_hd__clkbuf_16)
    17    0.074001    0.154063    0.612493   26.359079 ^ clkbuf_0_wb_clk_i/X (sky130_fd_sc_hd__clkbuf_16)
                                                         clknet_0_wb_clk_i (net)
                      0.154103    0.002224   26.361303 ^ clkbuf_3_2_0_wb_clk_i/A (sky130_fd_sc_hd__clkbuf_8)
    11    0.034623    0.116907    0.291033   26.652336 ^ clkbuf_3_2_0_wb_clk_i/X (sky130_fd_sc_hd__clkbuf_8)
                                                         clknet_3_2_0_wb_clk_i (net)
                      0.116907    0.000350   26.652687 ^ _715_/CLK (sky130_fd_sc_hd__dfrtp_2)
                                 -0.250000   26.402687   clock uncertainty
                                  0.143061   26.545748   clock reconvergence pessimism
                                 -0.264219   26.281528   library setup time
                                             26.281528   data required time
---------------------------------------------------------------------------------------------
                                             26.281528   data required time
                                             -7.493660   data arrival time
---------------------------------------------------------------------------------------------
                                             18.787870   slack (MET)


Startpoint: _697_ (rising edge-triggered flip-flop clocked by wb_clk_i)
Endpoint: _719_ (rising edge-triggered flip-flop clocked by wb_clk_i)
Path Group: wb_clk_i
Path Type: max

Fanout         Cap        Slew       Delay        Time   Description
---------------------------------------------------------------------------------------------
                                  0.000000    0.000000   clock wb_clk_i (rise edge)
                                  0.000000    0.000000   clock source latency
     2    0.147424    1.063065    0.825174    0.825174 ^ wb_clk_i (in)
                                                         wb_clk_i (net)
                      1.073527    0.000000    0.825174 ^ clkbuf_0_wb_clk_i/A (sky130_fd_sc_hd__clkbuf_16)
    17    0.074001    0.154063    0.676967    1.502141 ^ clkbuf_0_wb_clk_i/X (sky130_fd_sc_hd__clkbuf_16)
                                                         clknet_0_wb_clk_i (net)
                      0.154089    0.002080    1.504221 ^ clkbuf_3_1_0_wb_clk_i/A (sky130_fd_sc_hd__clkbuf_8)
    11    0.035047    0.117914    0.322490    1.826712 ^ clkbuf_3_1_0_wb_clk_i/X (sky130_fd_sc_hd__clkbuf_8)
                                                         clknet_3_1_0_wb_clk_i (net)
                      0.117914    0.000264    1.826975 ^ _697_/CLK (sky130_fd_sc_hd__dfrtp_2)
     1    0.002375    0.066940    0.725329    2.552305 ^ _697_/Q (sky130_fd_sc_hd__dfrtp_2)
                                                         timer.scan_div[3] (net)
                      0.066940    0.000026    2.552331 ^ hold37/A (sky130_fd_sc_hd__dlygate4sd3_1)
     3    0.014446    0.248042    1.241677    3.794008 ^ hold37/X (sky130_fd_sc_hd__dlygate4sd3_1)
                                                         net37 (net)
                      0.248042    0.000079    3.794086 ^ _494_/C (sky130_fd_sc_hd__and4_2)
     6    0.017818    0.210825    0.681067    4.475154 ^ _494_/X (sky130_fd_sc_hd__and4_2)
                                                         _272_ (net)
                      0.210825    0.000244    4.475398 ^ _516_/A (sky130_fd_sc_hd__and4_2)
     8    0.033658    0.326760    0.734748    5.210146 ^ _516_/X (sky130_fd_sc_hd__and4_2)
                                                         _286_ (net)
                      0.326760    0.001062    5.211208 ^ _546_/A (sky130_fd_sc_hd__and3_2)
     5    0.022895    0.220765    0.606975    5.818183 ^ _546_/X (sky130_fd_sc_hd__and3_2)
                                                         _304_ (net)
                      0.220765    0.000312    5.818495 ^ _548_/B (sky130_fd_sc_hd__nand2_2)
     1    0.008982    0.100352    0.192589    6.011084 v _548_/Y (sky130_fd_sc_hd__nand2_2)
                                                         _305_ (net)
                      0.100352    0.000116    6.011200 v _551_/B (sky130_fd_sc_hd__xnor2_2)
     1    0.001670    0.082639    0.237113    6.248313 v _551_/Y (sky130_fd_sc_hd__xnor2_2)
                                                         _018_ (net)
                      0.082639    0.000007    6.248320 v hold76/A (sky130_fd_sc_hd__dlygate4sd3_1)
     1    0.002324    0.104416    1.177000    7.425320 v hold76/X (sky130_fd_sc_hd__dlygate4sd3_1)
                                                         net76 (net)
                      0.104416    0.000023    7.425343 v _719_/D (sky130_fd_sc_hd__dfrtp_2)
                                              7.425343   data arrival time

                                 25.000000   25.000000   clock wb_clk_i (rise edge)
                                  0.000000   25.000000   clock source latency
     2    0.147424    1.063065    0.746587   25.746586 ^ wb_clk_i (in)
                                                         wb_clk_i (net)
                      1.073527    0.000000   25.746586 ^ clkbuf_0_wb_clk_i/A (sky130_fd_sc_hd__clkbuf_16)
    17    0.074001    0.154063    0.612493   26.359079 ^ clkbuf_0_wb_clk_i/X (sky130_fd_sc_hd__clkbuf_16)
                                                         clknet_0_wb_clk_i (net)
                      0.154103    0.002224   26.361303 ^ clkbuf_3_2_0_wb_clk_i/A (sky130_fd_sc_hd__clkbuf_8)
    11    0.034623    0.116907    0.291033   26.652336 ^ clkbuf_3_2_0_wb_clk_i/X (sky130_fd_sc_hd__clkbuf_8)
                                                         clknet_3_2_0_wb_clk_i (net)
                      0.116907    0.000446   26.652782 ^ _719_/CLK (sky130_fd_sc_hd__dfrtp_2)
                                 -0.250000   26.402782   clock uncertainty
                                  0.143061   26.545843   clock reconvergence pessimism
                                 -0.278475   26.267370   library setup time
                                             26.267370   data required time
---------------------------------------------------------------------------------------------
                                             26.267370   data required time
                                             -7.425343   data arrival time
---------------------------------------------------------------------------------------------
                                             18.842028   slack (MET)


Startpoint: _729_ (rising edge-triggered flip-flop clocked by wb_clk_i)
Endpoint: _755_ (rising edge-triggered flip-flop clocked by wb_clk_i)
Path Group: wb_clk_i
Path Type: max

Fanout         Cap        Slew       Delay        Time   Description
---------------------------------------------------------------------------------------------
                                  0.000000    0.000000   clock wb_clk_i (rise edge)
                                  0.000000    0.000000   clock source latency
     2    0.147424    1.063065    0.825174    0.825174 ^ wb_clk_i (in)
                                                         wb_clk_i (net)
                      1.073527    0.000000    0.825174 ^ clkbuf_0_wb_clk_i/A (sky130_fd_sc_hd__clkbuf_16)
    17    0.074001    0.154063    0.676967    1.502141 ^ clkbuf_0_wb_clk_i/X (sky130_fd_sc_hd__clkbuf_16)
                                                         clknet_0_wb_clk_i (net)
                      0.154090    0.002109    1.504251 ^ clkbuf_3_7_0_wb_clk_i/A (sky130_fd_sc_hd__clkbuf_8)
    12    0.034773    0.117264    0.321941    1.826191 ^ clkbuf_3_7_0_wb_clk_i/X (sky130_fd_sc_hd__clkbuf_8)
                                                         clknet_3_7_0_wb_clk_i (net)
                      0.117264    0.000370    1.826561 ^ _729_/CLK (sky130_fd_sc_hd__dfrtp_2)
     1    0.002110    0.065209    0.722242    2.548803 ^ _729_/Q (sky130_fd_sc_hd__dfrtp_2)
                                                         timer.sec_div[2] (net)
                      0.065209    0.000021    2.548823 ^ hold59/A (sky130_fd_sc_hd__dlygate4sd3_1)
     4    0.017757    0.301991    1.277704    3.826528 ^ hold59/X (sky130_fd_sc_hd__dlygate4sd3_1)
                                                         net59 (net)
                      0.301991    0.000140    3.826668 ^ _417_/D (sky130_fd_sc_hd__and4_2)
     8    0.027043    0.277460    0.768023    4.594690 ^ _417_/X (sky130_fd_sc_hd__and4_2)
                                                         _227_ (net)
                      0.277460    0.000748    4.595439 ^ _445_/A (sky130_fd_sc_hd__and4_2)
     9    0.032773    0.320028    0.755807    5.351246 ^ _445_/X (sky130_fd_sc_hd__and4_2)
                                                         _245_ (net)
                      0.320028    0.000986    5.352232 ^ _478_/A (sky130_fd_sc_hd__and4_2)
     5    0.022745    0.246236    0.707100    6.059332 ^ _478_/X (sky130_fd_sc_hd__and4_2)
                                                         _264_ (net)
                      0.246236    0.000517    6.059850 ^ _481_/B (sky130_fd_sc_hd__xor2_2)
     1    0.002097    0.085079    0.176350    6.236199 v _481_/X (sky130_fd_sc_hd__xor2_2)
                                                         _054_ (net)
                      0.085079    0.000022    6.236221 v hold102/A (sky130_fd_sc_hd__dlygate4sd3_1)
     1    0.002135    0.102278    1.174889    7.411110 v hold102/X (sky130_fd_sc_hd__dlygate4sd3_1)
                                                         net102 (net)
                      0.102278    0.000010    7.411120 v _755_/D (sky130_fd_sc_hd__dfrtp_2)
                                              7.411120   data arrival time

                                 25.000000   25.000000   clock wb_clk_i (rise edge)
                                  0.000000   25.000000   clock source latency
     2    0.147424    1.063065    0.746587   25.746586 ^ wb_clk_i (in)
                                                         wb_clk_i (net)
                      1.073527    0.000000   25.746586 ^ clkbuf_0_wb_clk_i/A (sky130_fd_sc_hd__clkbuf_16)
    17    0.074001    0.154063    0.612493   26.359079 ^ clkbuf_0_wb_clk_i/X (sky130_fd_sc_hd__clkbuf_16)
                                                         clknet_0_wb_clk_i (net)
                      0.154075    0.001405   26.360485 ^ clkbuf_3_3_0_wb_clk_i/A (sky130_fd_sc_hd__clkbuf_8)
    11    0.035092    0.118021    0.291859   26.652344 ^ clkbuf_3_3_0_wb_clk_i/X (sky130_fd_sc_hd__clkbuf_8)
                                                         clknet_3_3_0_wb_clk_i (net)
                      0.118021    0.000465   26.652809 ^ _755_/CLK (sky130_fd_sc_hd__dfrtp_2)
                                 -0.250000   26.402809   clock uncertainty
                                  0.143061   26.545870   clock reconvergence pessimism
                                 -0.277285   26.268585   library setup time
                                             26.268585   data required time
---------------------------------------------------------------------------------------------
                                             26.268585   data required time
                                             -7.411120   data arrival time
---------------------------------------------------------------------------------------------
                                             18.857464   slack (MET)


Startpoint: _692_ (rising edge-triggered flip-flop clocked by wb_clk_i)
Endpoint: _683_ (rising edge-triggered flip-flop clocked by wb_clk_i)
Path Group: wb_clk_i
Path Type: max

Fanout         Cap        Slew       Delay        Time   Description
---------------------------------------------------------------------------------------------
                                  0.000000    0.000000   clock wb_clk_i (rise edge)
                                  0.000000    0.000000   clock source latency
     2    0.147424    1.063065    0.825174    0.825174 ^ wb_clk_i (in)
                                                         wb_clk_i (net)
                      1.073527    0.000000    0.825174 ^ clkbuf_0_wb_clk_i/A (sky130_fd_sc_hd__clkbuf_16)
    17    0.074001    0.154063    0.676967    1.502141 ^ clkbuf_0_wb_clk_i/X (sky130_fd_sc_hd__clkbuf_16)
                                                         clknet_0_wb_clk_i (net)
                      0.154090    0.002109    1.504251 ^ clkbuf_3_7_0_wb_clk_i/A (sky130_fd_sc_hd__clkbuf_8)
    12    0.034773    0.117264    0.321941    1.826191 ^ clkbuf_3_7_0_wb_clk_i/X (sky130_fd_sc_hd__clkbuf_8)
                                                         clknet_3_7_0_wb_clk_i (net)
                      0.117264    0.000324    1.826516 ^ _692_/CLK (sky130_fd_sc_hd__dfrtp_2)
     2    0.009972    0.108263    0.910310    2.736825 v _692_/Q (sky130_fd_sc_hd__dfrtp_2)
                                                         timer.sec_ones[3] (net)
                      0.108263    0.000081    2.736907 v hold112/A (sky130_fd_sc_hd__dlygate4sd3_1)
     3    0.012823    0.197514    1.327788    4.064694 v hold112/X (sky130_fd_sc_hd__dlygate4sd3_1)
                                                         net112 (net)
                      0.197514    0.000101    4.064795 v _343_/C (sky130_fd_sc_hd__and4b_2)
     3    0.009154    0.106780    0.591294    4.656089 v _343_/X (sky130_fd_sc_hd__and4b_2)
                                                         _178_ (net)
                      0.106780    0.000086    4.656175 v _356_/C (sky130_fd_sc_hd__and4b_2)
     6    0.026120    0.175422    0.629791    5.285966 v _356_/X (sky130_fd_sc_hd__and4b_2)
                                                         _186_ (net)
                      0.175422    0.000489    5.286456 v _369_/A3 (sky130_fd_sc_hd__a31o_2)
     1    0.001601    0.056844    0.496593    5.783048 v _369_/X (sky130_fd_sc_hd__a31o_2)
                                                         _195_ (net)
                      0.056844    0.000006    5.783054 v hold171/A (sky130_fd_sc_hd__dlygate4sd3_1)
     1    0.002654    0.104509    1.171048    6.954103 v hold171/X (sky130_fd_sc_hd__dlygate4sd3_1)
                                                         net171 (net)
                      0.104509    0.000036    6.954138 v _370_/B (sky130_fd_sc_hd__and2b_2)
     1    0.002323    0.066465    0.429198    7.383337 v _370_/X (sky130_fd_sc_hd__and2b_2)
                                                         _158_ (net)
                      0.066465    0.000022    7.383358 v _683_/D (sky130_fd_sc_hd__dfrtp_2)
                                              7.383358   data arrival time

                                 25.000000   25.000000   clock wb_clk_i (rise edge)
                                  0.000000   25.000000   clock source latency
     2    0.147424    1.063065    0.746587   25.746586 ^ wb_clk_i (in)
                                                         wb_clk_i (net)
                      1.073527    0.000000   25.746586 ^ clkbuf_0_wb_clk_i/A (sky130_fd_sc_hd__clkbuf_16)
    17    0.074001    0.154063    0.612493   26.359079 ^ clkbuf_0_wb_clk_i/X (sky130_fd_sc_hd__clkbuf_16)
                                                         clknet_0_wb_clk_i (net)
                      0.154096    0.002039   26.361118 ^ clkbuf_3_5_0_wb_clk_i/A (sky130_fd_sc_hd__clkbuf_8)
    11    0.036399    0.121134    0.294202   26.655321 ^ clkbuf_3_5_0_wb_clk_i/X (sky130_fd_sc_hd__clkbuf_8)
                                                         clknet_3_5_0_wb_clk_i (net)
                      0.121134    0.000430   26.655750 ^ _683_/CLK (sky130_fd_sc_hd__dfrtp_2)
                                 -0.250000   26.405750   clock uncertainty
                                  0.143061   26.548811   clock reconvergence pessimism
                                 -0.261506   26.287306   library setup time
                                             26.287306   data required time
---------------------------------------------------------------------------------------------
                                             26.287306   data required time
                                             -7.383358   data arrival time
---------------------------------------------------------------------------------------------
                                             18.903948   slack (MET)


Startpoint: _691_ (rising edge-triggered flip-flop clocked by wb_clk_i)
Endpoint: _688_ (rising edge-triggered flip-flop clocked by wb_clk_i)
Path Group: wb_clk_i
Path Type: max

Fanout         Cap        Slew       Delay        Time   Description
---------------------------------------------------------------------------------------------
                                  0.000000    0.000000   clock wb_clk_i (rise edge)
                                  0.000000    0.000000   clock source latency
     2    0.147424    1.063065    0.825174    0.825174 ^ wb_clk_i (in)
                                                         wb_clk_i (net)
                      1.073527    0.000000    0.825174 ^ clkbuf_0_wb_clk_i/A (sky130_fd_sc_hd__clkbuf_16)
    17    0.074001    0.154063    0.676967    1.502141 ^ clkbuf_0_wb_clk_i/X (sky130_fd_sc_hd__clkbuf_16)
                                                         clknet_0_wb_clk_i (net)
                      0.154090    0.002109    1.504251 ^ clkbuf_3_7_0_wb_clk_i/A (sky130_fd_sc_hd__clkbuf_8)
    12    0.034773    0.117264    0.321941    1.826191 ^ clkbuf_3_7_0_wb_clk_i/X (sky130_fd_sc_hd__clkbuf_8)
                                                         clknet_3_7_0_wb_clk_i (net)
                      0.117264    0.000273    1.826464 ^ _691_/CLK (sky130_fd_sc_hd__dfrtp_2)
     4    0.012830    0.122273    0.928727    2.755191 v _691_/Q (sky130_fd_sc_hd__dfrtp_2)
                                                         timer.sec_ones[2] (net)
                      0.122273    0.000026    2.755217 v hold142/A (sky130_fd_sc_hd__dlygate4sd3_1)
     2    0.012176    0.196500    1.327179    4.082396 v hold142/X (sky130_fd_sc_hd__dlygate4sd3_1)
                                                         net142 (net)
                      0.196500    0.000093    4.082489 v _343_/A_N (sky130_fd_sc_hd__and4b_2)
     3    0.009818    0.152941    0.720843    4.803332 ^ _343_/X (sky130_fd_sc_hd__and4b_2)
                                                         _178_ (net)
                      0.152941    0.000076    4.803408 ^ _344_/B (sky130_fd_sc_hd__and2b_2)
     5    0.026780    0.230721    0.468394    5.271802 ^ _344_/X (sky130_fd_sc_hd__and2b_2)
                                                         _179_ (net)
                      0.230721    0.000538    5.272340 ^ _351_/C (sky130_fd_sc_hd__and3_2)
     3    0.011424    0.141759    0.505180    5.777520 ^ _351_/X (sky130_fd_sc_hd__and3_2)
                                                         _182_ (net)
                      0.141759    0.000207    5.777727 ^ _352_/B (sky130_fd_sc_hd__nand2_2)
     2    0.010922    0.120247    0.174530    5.952258 v _352_/Y (sky130_fd_sc_hd__nand2_2)
                                                         _183_ (net)
                      0.120247    0.000145    5.952403 v _353_/B (sky130_fd_sc_hd__xnor2_2)
     1    0.001595    0.079803    0.245850    6.198253 v _353_/Y (sky130_fd_sc_hd__xnor2_2)
                                                         _163_ (net)
                      0.079803    0.000006    6.198259 v hold78/A (sky130_fd_sc_hd__dlygate4sd3_1)
     1    0.002374    0.104973    1.176437    7.374696 v hold78/X (sky130_fd_sc_hd__dlygate4sd3_1)
                                                         net78 (net)
                      0.104973    0.000023    7.374719 v _688_/D (sky130_fd_sc_hd__dfrtp_2)
                                              7.374719   data arrival time

                                 25.000000   25.000000   clock wb_clk_i (rise edge)
                                  0.000000   25.000000   clock source latency
     2    0.147424    1.063065    0.746587   25.746586 ^ wb_clk_i (in)
                                                         wb_clk_i (net)
                      1.073527    0.000000   25.746586 ^ clkbuf_0_wb_clk_i/A (sky130_fd_sc_hd__clkbuf_16)
    17    0.074001    0.154063    0.612493   26.359079 ^ clkbuf_0_wb_clk_i/X (sky130_fd_sc_hd__clkbuf_16)
                                                         clknet_0_wb_clk_i (net)
                      0.154090    0.001908   26.360987 ^ clkbuf_3_7_0_wb_clk_i/A (sky130_fd_sc_hd__clkbuf_8)
    12    0.034773    0.117264    0.291280   26.652267 ^ clkbuf_3_7_0_wb_clk_i/X (sky130_fd_sc_hd__clkbuf_8)
                                                         clknet_3_7_0_wb_clk_i (net)
                      0.117264    0.000469   26.652737 ^ _688_/CLK (sky130_fd_sc_hd__dfrtp_2)
                                 -0.250000   26.402737   clock uncertainty
                                  0.173923   26.576660   clock reconvergence pessimism
                                 -0.278612   26.298048   library setup time
                                             26.298048   data required time
---------------------------------------------------------------------------------------------
                                             26.298048   data required time
                                             -7.374719   data arrival time
---------------------------------------------------------------------------------------------
                                             18.923328   slack (MET)


Startpoint: _729_ (rising edge-triggered flip-flop clocked by wb_clk_i)
Endpoint: _745_ (rising edge-triggered flip-flop clocked by wb_clk_i)
Path Group: wb_clk_i
Path Type: max

Fanout         Cap        Slew       Delay        Time   Description
---------------------------------------------------------------------------------------------
                                  0.000000    0.000000   clock wb_clk_i (rise edge)
                                  0.000000    0.000000   clock source latency
     2    0.147424    1.063065    0.825174    0.825174 ^ wb_clk_i (in)
                                                         wb_clk_i (net)
                      1.073527    0.000000    0.825174 ^ clkbuf_0_wb_clk_i/A (sky130_fd_sc_hd__clkbuf_16)
    17    0.074001    0.154063    0.676967    1.502141 ^ clkbuf_0_wb_clk_i/X (sky130_fd_sc_hd__clkbuf_16)
                                                         clknet_0_wb_clk_i (net)
                      0.154090    0.002109    1.504251 ^ clkbuf_3_7_0_wb_clk_i/A (sky130_fd_sc_hd__clkbuf_8)
    12    0.034773    0.117264    0.321941    1.826191 ^ clkbuf_3_7_0_wb_clk_i/X (sky130_fd_sc_hd__clkbuf_8)
                                                         clknet_3_7_0_wb_clk_i (net)
                      0.117264    0.000370    1.826561 ^ _729_/CLK (sky130_fd_sc_hd__dfrtp_2)
     1    0.001992    0.070089    0.844856    2.671417 v _729_/Q (sky130_fd_sc_hd__dfrtp_2)
                                                         timer.sec_div[2] (net)
                      0.070089    0.000020    2.671437 v hold59/A (sky130_fd_sc_hd__dlygate4sd3_1)
     4    0.016717    0.228200    1.341887    4.013324 v hold59/X (sky130_fd_sc_hd__dlygate4sd3_1)
                                                         net59 (net)
                      0.228200    0.000133    4.013457 v _417_/D (sky130_fd_sc_hd__and4_2)
     8    0.025738    0.166893    0.714386    4.727843 v _417_/X (sky130_fd_sc_hd__and4_2)
                                                         _227_ (net)
                      0.166893    0.000719    4.728562 v _445_/A (sky130_fd_sc_hd__and4_2)
     9    0.031580    0.188812    0.579424    5.307986 v _445_/X (sky130_fd_sc_hd__and4_2)
                                                         _245_ (net)
                      0.188812    0.000878    5.308864 v _455_/C (sky130_fd_sc_hd__and4_2)
     2    0.010552    0.109064    0.594935    5.903800 v _455_/X (sky130_fd_sc_hd__and4_2)
                                                         _251_ (net)
                      0.109064    0.000076    5.903876 v _458_/B (sky130_fd_sc_hd__xor2_2)
     1    0.001866    0.079178    0.271511    6.175386 v _458_/X (sky130_fd_sc_hd__xor2_2)
                                                         _043_ (net)
                      0.079178    0.000009    6.175396 v hold52/A (sky130_fd_sc_hd__dlygate4sd3_1)
     1    0.002088    0.101731    1.171044    7.346440 v hold52/X (sky130_fd_sc_hd__dlygate4sd3_1)
                                                         net52 (net)
                      0.101731    0.000018    7.346458 v _745_/D (sky130_fd_sc_hd__dfrtp_2)
                                              7.346458   data arrival time

                                 25.000000   25.000000   clock wb_clk_i (rise edge)
                                  0.000000   25.000000   clock source latency
     2    0.147424    1.063065    0.746587   25.746586 ^ wb_clk_i (in)
                                                         wb_clk_i (net)
                      1.073527    0.000000   25.746586 ^ clkbuf_0_wb_clk_i/A (sky130_fd_sc_hd__clkbuf_16)
    17    0.074001    0.154063    0.612493   26.359079 ^ clkbuf_0_wb_clk_i/X (sky130_fd_sc_hd__clkbuf_16)
                                                         clknet_0_wb_clk_i (net)
                      0.154070    0.001169   26.360249 ^ clkbuf_3_6_0_wb_clk_i/A (sky130_fd_sc_hd__clkbuf_8)
    12    0.036041    0.120291    0.293444   26.653692 ^ clkbuf_3_6_0_wb_clk_i/X (sky130_fd_sc_hd__clkbuf_8)
                                                         clknet_3_6_0_wb_clk_i (net)
                      0.120293    0.000711   26.654402 ^ _745_/CLK (sky130_fd_sc_hd__dfrtp_2)
                                 -0.250000   26.404404   clock uncertainty
                                  0.143061   26.547464   clock reconvergence pessimism
                                 -0.276450   26.271013   library setup time
                                             26.271013   data required time
---------------------------------------------------------------------------------------------
                                             26.271013   data required time
                                             -7.346458   data arrival time
---------------------------------------------------------------------------------------------
                                             18.924555   slack (MET)


Startpoint: _697_ (rising edge-triggered flip-flop clocked by wb_clk_i)
Endpoint: _722_ (rising edge-triggered flip-flop clocked by wb_clk_i)
Path Group: wb_clk_i
Path Type: max

Fanout         Cap        Slew       Delay        Time   Description
---------------------------------------------------------------------------------------------
                                  0.000000    0.000000   clock wb_clk_i (rise edge)
                                  0.000000    0.000000   clock source latency
     2    0.147424    1.063065    0.825174    0.825174 ^ wb_clk_i (in)
                                                         wb_clk_i (net)
                      1.073527    0.000000    0.825174 ^ clkbuf_0_wb_clk_i/A (sky130_fd_sc_hd__clkbuf_16)
    17    0.074001    0.154063    0.676967    1.502141 ^ clkbuf_0_wb_clk_i/X (sky130_fd_sc_hd__clkbuf_16)
                                                         clknet_0_wb_clk_i (net)
                      0.154089    0.002080    1.504221 ^ clkbuf_3_1_0_wb_clk_i/A (sky130_fd_sc_hd__clkbuf_8)
    11    0.035047    0.117914    0.322490    1.826712 ^ clkbuf_3_1_0_wb_clk_i/X (sky130_fd_sc_hd__clkbuf_8)
                                                         clknet_3_1_0_wb_clk_i (net)
                      0.117914    0.000264    1.826975 ^ _697_/CLK (sky130_fd_sc_hd__dfrtp_2)
     1    0.002375    0.066940    0.725329    2.552305 ^ _697_/Q (sky130_fd_sc_hd__dfrtp_2)
                                                         timer.scan_div[3] (net)
                      0.066940    0.000026    2.552331 ^ hold37/A (sky130_fd_sc_hd__dlygate4sd3_1)
     3    0.014446    0.248042    1.241677    3.794008 ^ hold37/X (sky130_fd_sc_hd__dlygate4sd3_1)
                                                         net37 (net)
                      0.248042    0.000079    3.794086 ^ _494_/C (sky130_fd_sc_hd__and4_2)
     6    0.017818    0.210825    0.681067    4.475154 ^ _494_/X (sky130_fd_sc_hd__and4_2)
                                                         _272_ (net)
                      0.210825    0.000244    4.475398 ^ _516_/A (sky130_fd_sc_hd__and4_2)
     8    0.033658    0.326760    0.734748    5.210146 ^ _516_/X (sky130_fd_sc_hd__and4_2)
                                                         _286_ (net)
                      0.326760    0.001047    5.211194 ^ _554_/A (sky130_fd_sc_hd__and4_2)
     5    0.027705    0.282387    0.742480    5.953673 ^ _554_/X (sky130_fd_sc_hd__and4_2)
                                                         _308_ (net)
                      0.282387    0.000656    5.954329 ^ _557_/B (sky130_fd_sc_hd__xor2_2)
     1    0.002888    0.095031    0.193932    6.148262 v _557_/X (sky130_fd_sc_hd__xor2_2)
                                                         _021_ (net)
                      0.095031    0.000040    6.148302 v hold118/A (sky130_fd_sc_hd__dlygate4sd3_1)
     1    0.002294    0.104117    1.182807    7.331109 v hold118/X (sky130_fd_sc_hd__dlygate4sd3_1)
                                                         net118 (net)
                      0.104117    0.000022    7.331131 v _722_/D (sky130_fd_sc_hd__dfrtp_2)
                                              7.331131   data arrival time

                                 25.000000   25.000000   clock wb_clk_i (rise edge)
                                  0.000000   25.000000   clock source latency
     2    0.147424    1.063065    0.746587   25.746586 ^ wb_clk_i (in)
                                                         wb_clk_i (net)
                      1.073527    0.000000   25.746586 ^ clkbuf_0_wb_clk_i/A (sky130_fd_sc_hd__clkbuf_16)
    17    0.074001    0.154063    0.612493   26.359079 ^ clkbuf_0_wb_clk_i/X (sky130_fd_sc_hd__clkbuf_16)
                                                         clknet_0_wb_clk_i (net)
                      0.154112    0.002400   26.361479 ^ clkbuf_3_0_0_wb_clk_i/A (sky130_fd_sc_hd__clkbuf_8)
    11    0.033860    0.115090    0.289708   26.651186 ^ clkbuf_3_0_0_wb_clk_i/X (sky130_fd_sc_hd__clkbuf_8)
                                                         clknet_3_0_0_wb_clk_i (net)
                      0.115091    0.000544   26.651730 ^ _722_/CLK (sky130_fd_sc_hd__dfrtp_2)
                                 -0.250000   26.401731   clock uncertainty
                                  0.143061   26.544792   clock reconvergence pessimism
                                 -0.278834   26.265957   library setup time
                                             26.265957   data required time
---------------------------------------------------------------------------------------------
                                             26.265957   data required time
                                             -7.331131   data arrival time
---------------------------------------------------------------------------------------------
                                             18.934828   slack (MET)


Startpoint: _729_ (rising edge-triggered flip-flop clocked by wb_clk_i)
Endpoint: _744_ (rising edge-triggered flip-flop clocked by wb_clk_i)
Path Group: wb_clk_i
Path Type: max

Fanout         Cap        Slew       Delay        Time   Description
---------------------------------------------------------------------------------------------
                                  0.000000    0.000000   clock wb_clk_i (rise edge)
                                  0.000000    0.000000   clock source latency
     2    0.147424    1.063065    0.825174    0.825174 ^ wb_clk_i (in)
                                                         wb_clk_i (net)
                      1.073527    0.000000    0.825174 ^ clkbuf_0_wb_clk_i/A (sky130_fd_sc_hd__clkbuf_16)
    17    0.074001    0.154063    0.676967    1.502141 ^ clkbuf_0_wb_clk_i/X (sky130_fd_sc_hd__clkbuf_16)
                                                         clknet_0_wb_clk_i (net)
                      0.154090    0.002109    1.504251 ^ clkbuf_3_7_0_wb_clk_i/A (sky130_fd_sc_hd__clkbuf_8)
    12    0.034773    0.117264    0.321941    1.826191 ^ clkbuf_3_7_0_wb_clk_i/X (sky130_fd_sc_hd__clkbuf_8)
                                                         clknet_3_7_0_wb_clk_i (net)
                      0.117264    0.000370    1.826561 ^ _729_/CLK (sky130_fd_sc_hd__dfrtp_2)
     1    0.001992    0.070089    0.844856    2.671417 v _729_/Q (sky130_fd_sc_hd__dfrtp_2)
                                                         timer.sec_div[2] (net)
                      0.070089    0.000020    2.671437 v hold59/A (sky130_fd_sc_hd__dlygate4sd3_1)
     4    0.016717    0.228200    1.341887    4.013324 v hold59/X (sky130_fd_sc_hd__dlygate4sd3_1)
                                                         net59 (net)
                      0.228200    0.000133    4.013457 v _417_/D (sky130_fd_sc_hd__and4_2)
     8    0.025738    0.166893    0.714386    4.727843 v _417_/X (sky130_fd_sc_hd__and4_2)
                                                         _227_ (net)
                      0.166893    0.000719    4.728562 v _445_/A (sky130_fd_sc_hd__and4_2)
     9    0.031580    0.188812    0.579424    5.307986 v _445_/X (sky130_fd_sc_hd__and4_2)
                                                         _245_ (net)
                      0.188812    0.000820    5.308806 v _452_/B (sky130_fd_sc_hd__and3_2)
     2    0.014221    0.123410    0.554850    5.863656 v _452_/X (sky130_fd_sc_hd__and3_2)
                                                         _249_ (net)
                      0.123410    0.000080    5.863736 v _456_/B (sky130_fd_sc_hd__xor2_2)
     1    0.002544    0.084665    0.282664    6.146400 v _456_/X (sky130_fd_sc_hd__xor2_2)
                                                         _042_ (net)
                      0.084665    0.000031    6.146431 v hold54/A (sky130_fd_sc_hd__dlygate4sd3_1)
     1    0.002128    0.102193    1.174545    7.320976 v hold54/X (sky130_fd_sc_hd__dlygate4sd3_1)
                                                         net54 (net)
                      0.102193    0.000010    7.320986 v _744_/D (sky130_fd_sc_hd__dfrtp_2)
                                              7.320986   data arrival time

                                 25.000000   25.000000   clock wb_clk_i (rise edge)
                                  0.000000   25.000000   clock source latency
     2    0.147424    1.063065    0.746587   25.746586 ^ wb_clk_i (in)
                                                         wb_clk_i (net)
                      1.073527    0.000000   25.746586 ^ clkbuf_0_wb_clk_i/A (sky130_fd_sc_hd__clkbuf_16)
    17    0.074001    0.154063    0.612493   26.359079 ^ clkbuf_0_wb_clk_i/X (sky130_fd_sc_hd__clkbuf_16)
                                                         clknet_0_wb_clk_i (net)
                      0.154075    0.001428   26.360508 ^ clkbuf_3_4_0_wb_clk_i/A (sky130_fd_sc_hd__clkbuf_8)
    11    0.035340    0.118617    0.292269   26.652777 ^ clkbuf_3_4_0_wb_clk_i/X (sky130_fd_sc_hd__clkbuf_8)
                                                         clknet_3_4_0_wb_clk_i (net)
                      0.118617    0.000535   26.653311 ^ _744_/CLK (sky130_fd_sc_hd__dfrtp_2)
                                 -0.250000   26.403313   clock uncertainty
                                  0.143061   26.546373   clock reconvergence pessimism
                                 -0.277090   26.269283   library setup time
                                             26.269283   data required time
---------------------------------------------------------------------------------------------
                                             26.269283   data required time
                                             -7.320986   data arrival time
---------------------------------------------------------------------------------------------
                                             18.948296   slack (MET)


Startpoint: _729_ (rising edge-triggered flip-flop clocked by wb_clk_i)
Endpoint: _747_ (rising edge-triggered flip-flop clocked by wb_clk_i)
Path Group: wb_clk_i
Path Type: max

Fanout         Cap        Slew       Delay        Time   Description
---------------------------------------------------------------------------------------------
                                  0.000000    0.000000   clock wb_clk_i (rise edge)
                                  0.000000    0.000000   clock source latency
     2    0.147424    1.063065    0.825174    0.825174 ^ wb_clk_i (in)
                                                         wb_clk_i (net)
                      1.073527    0.000000    0.825174 ^ clkbuf_0_wb_clk_i/A (sky130_fd_sc_hd__clkbuf_16)
    17    0.074001    0.154063    0.676967    1.502141 ^ clkbuf_0_wb_clk_i/X (sky130_fd_sc_hd__clkbuf_16)
                                                         clknet_0_wb_clk_i (net)
                      0.154090    0.002109    1.504251 ^ clkbuf_3_7_0_wb_clk_i/A (sky130_fd_sc_hd__clkbuf_8)
    12    0.034773    0.117264    0.321941    1.826191 ^ clkbuf_3_7_0_wb_clk_i/X (sky130_fd_sc_hd__clkbuf_8)
                                                         clknet_3_7_0_wb_clk_i (net)
                      0.117264    0.000370    1.826561 ^ _729_/CLK (sky130_fd_sc_hd__dfrtp_2)
     1    0.001992    0.070089    0.844856    2.671417 v _729_/Q (sky130_fd_sc_hd__dfrtp_2)
                                                         timer.sec_div[2] (net)
                      0.070089    0.000020    2.671437 v hold59/A (sky130_fd_sc_hd__dlygate4sd3_1)
     4    0.016717    0.228200    1.341887    4.013324 v hold59/X (sky130_fd_sc_hd__dlygate4sd3_1)
                                                         net59 (net)
                      0.228200    0.000133    4.013457 v _417_/D (sky130_fd_sc_hd__and4_2)
     8    0.025738    0.166893    0.714386    4.727843 v _417_/X (sky130_fd_sc_hd__and4_2)
                                                         _227_ (net)
                      0.166893    0.000719    4.728562 v _445_/A (sky130_fd_sc_hd__and4_2)
     9    0.031580    0.188812    0.579424    5.307986 v _445_/X (sky130_fd_sc_hd__and4_2)
                                                         _245_ (net)
                      0.188812    0.000922    5.308908 v _460_/A (sky130_fd_sc_hd__and3_2)
     5    0.021545    0.149900    0.542112    5.851021 v _460_/X (sky130_fd_sc_hd__and3_2)
                                                         _254_ (net)
                      0.149900    0.000424    5.851444 v _463_/B (sky130_fd_sc_hd__xor2_2)
     1    0.002529    0.083936    0.293982    6.145427 v _463_/X (sky130_fd_sc_hd__xor2_2)
                                                         _046_ (net)
                      0.083936    0.000030    6.145456 v hold125/A (sky130_fd_sc_hd__dlygate4sd3_1)
     1    0.002069    0.101523    1.173126    7.318582 v hold125/X (sky130_fd_sc_hd__dlygate4sd3_1)
                                                         net125 (net)
                      0.101523    0.000019    7.318601 v _747_/D (sky130_fd_sc_hd__dfrtp_2)
                                              7.318601   data arrival time

                                 25.000000   25.000000   clock wb_clk_i (rise edge)
                                  0.000000   25.000000   clock source latency
     2    0.147424    1.063065    0.746587   25.746586 ^ wb_clk_i (in)
                                                         wb_clk_i (net)
                      1.073527    0.000000   25.746586 ^ clkbuf_0_wb_clk_i/A (sky130_fd_sc_hd__clkbuf_16)
    17    0.074001    0.154063    0.612493   26.359079 ^ clkbuf_0_wb_clk_i/X (sky130_fd_sc_hd__clkbuf_16)
                                                         clknet_0_wb_clk_i (net)
                      0.154089    0.001883   26.360962 ^ clkbuf_3_1_0_wb_clk_i/A (sky130_fd_sc_hd__clkbuf_8)
    11    0.035047    0.117914    0.291775   26.652739 ^ clkbuf_3_1_0_wb_clk_i/X (sky130_fd_sc_hd__clkbuf_8)
                                                         clknet_3_1_0_wb_clk_i (net)
                      0.117915    0.000634   26.653372 ^ _747_/CLK (sky130_fd_sc_hd__dfrtp_2)
                                 -0.250000   26.403372   clock uncertainty
                                  0.143061   26.546432   clock reconvergence pessimism
                                 -0.276998   26.269436   library setup time
                                             26.269436   data required time
---------------------------------------------------------------------------------------------
                                             26.269436   data required time
                                             -7.318601   data arrival time
---------------------------------------------------------------------------------------------
                                             18.950834   slack (MET)


Startpoint: _691_ (rising edge-triggered flip-flop clocked by wb_clk_i)
Endpoint: _682_ (rising edge-triggered flip-flop clocked by wb_clk_i)
Path Group: wb_clk_i
Path Type: max

Fanout         Cap        Slew       Delay        Time   Description
---------------------------------------------------------------------------------------------
                                  0.000000    0.000000   clock wb_clk_i (rise edge)
                                  0.000000    0.000000   clock source latency
     2    0.147424    1.063065    0.825174    0.825174 ^ wb_clk_i (in)
                                                         wb_clk_i (net)
                      1.073527    0.000000    0.825174 ^ clkbuf_0_wb_clk_i/A (sky130_fd_sc_hd__clkbuf_16)
    17    0.074001    0.154063    0.676967    1.502141 ^ clkbuf_0_wb_clk_i/X (sky130_fd_sc_hd__clkbuf_16)
                                                         clknet_0_wb_clk_i (net)
                      0.154090    0.002109    1.504251 ^ clkbuf_3_7_0_wb_clk_i/A (sky130_fd_sc_hd__clkbuf_8)
    12    0.034773    0.117264    0.321941    1.826191 ^ clkbuf_3_7_0_wb_clk_i/X (sky130_fd_sc_hd__clkbuf_8)
                                                         clknet_3_7_0_wb_clk_i (net)
                      0.117264    0.000273    1.826464 ^ _691_/CLK (sky130_fd_sc_hd__dfrtp_2)
     4    0.012830    0.122273    0.928727    2.755191 v _691_/Q (sky130_fd_sc_hd__dfrtp_2)
                                                         timer.sec_ones[2] (net)
                      0.122273    0.000026    2.755217 v hold142/A (sky130_fd_sc_hd__dlygate4sd3_1)
     2    0.012176    0.196500    1.327179    4.082396 v hold142/X (sky130_fd_sc_hd__dlygate4sd3_1)
                                                         net142 (net)
                      0.196500    0.000093    4.082489 v _343_/A_N (sky130_fd_sc_hd__and4b_2)
     3    0.009818    0.152941    0.720843    4.803332 ^ _343_/X (sky130_fd_sc_hd__and4b_2)
                                                         _178_ (net)
                      0.152941    0.000091    4.803423 ^ _356_/C (sky130_fd_sc_hd__and4b_2)
     6    0.027392    0.279303    0.714225    5.517648 ^ _356_/X (sky130_fd_sc_hd__and4b_2)
                                                         _186_ (net)
                      0.279303    0.000238    5.517887 ^ _362_/B (sky130_fd_sc_hd__nand2_2)
     1    0.002663    0.064387    0.161883    5.679770 v _362_/Y (sky130_fd_sc_hd__nand2_2)
                                                         _189_ (net)
                      0.064387    0.000015    5.679785 v _372_/A2 (sky130_fd_sc_hd__a22o_2)
     1    0.002307    0.063386    0.473296    6.153081 v _372_/X (sky130_fd_sc_hd__a22o_2)
                                                         _157_ (net)
                      0.063386    0.000025    6.153106 v hold140/A (sky130_fd_sc_hd__dlygate4sd3_1)
     1    0.002273    0.103967    1.167234    7.320340 v hold140/X (sky130_fd_sc_hd__dlygate4sd3_1)
                                                         net140 (net)
                      0.103967    0.000022    7.320362 v _682_/D (sky130_fd_sc_hd__dfrtp_2)
                                              7.320362   data arrival time

                                 25.000000   25.000000   clock wb_clk_i (rise edge)
                                  0.000000   25.000000   clock source latency
     2    0.147424    1.063065    0.746587   25.746586 ^ wb_clk_i (in)
                                                         wb_clk_i (net)
                      1.073527    0.000000   25.746586 ^ clkbuf_0_wb_clk_i/A (sky130_fd_sc_hd__clkbuf_16)
    17    0.074001    0.154063    0.612493   26.359079 ^ clkbuf_0_wb_clk_i/X (sky130_fd_sc_hd__clkbuf_16)
                                                         clknet_0_wb_clk_i (net)
                      0.154090    0.001908   26.360987 ^ clkbuf_3_7_0_wb_clk_i/A (sky130_fd_sc_hd__clkbuf_8)
    12    0.034773    0.117264    0.291280   26.652267 ^ clkbuf_3_7_0_wb_clk_i/X (sky130_fd_sc_hd__clkbuf_8)
                                                         clknet_3_7_0_wb_clk_i (net)
                      0.117264    0.000519   26.652786 ^ _682_/CLK (sky130_fd_sc_hd__dfrtp_2)
                                 -0.250000   26.402786   clock uncertainty
                                  0.173923   26.576710   clock reconvergence pessimism
                                 -0.278191   26.298517   library setup time
                                             26.298517   data required time
---------------------------------------------------------------------------------------------
                                             26.298517   data required time
                                             -7.320362   data arrival time
---------------------------------------------------------------------------------------------
                                             18.978157   slack (MET)


Startpoint: _729_ (rising edge-triggered flip-flop clocked by wb_clk_i)
Endpoint: _730_ (rising edge-triggered flip-flop clocked by wb_clk_i)
Path Group: wb_clk_i
Path Type: max

Fanout         Cap        Slew       Delay        Time   Description
---------------------------------------------------------------------------------------------
                                  0.000000    0.000000   clock wb_clk_i (rise edge)
                                  0.000000    0.000000   clock source latency
     2    0.147424    1.063065    0.825174    0.825174 ^ wb_clk_i (in)
                                                         wb_clk_i (net)
                      1.073527    0.000000    0.825174 ^ clkbuf_0_wb_clk_i/A (sky130_fd_sc_hd__clkbuf_16)
    17    0.074001    0.154063    0.676967    1.502141 ^ clkbuf_0_wb_clk_i/X (sky130_fd_sc_hd__clkbuf_16)
                                                         clknet_0_wb_clk_i (net)
                      0.154090    0.002109    1.504251 ^ clkbuf_3_7_0_wb_clk_i/A (sky130_fd_sc_hd__clkbuf_8)
    12    0.034773    0.117264    0.321941    1.826191 ^ clkbuf_3_7_0_wb_clk_i/X (sky130_fd_sc_hd__clkbuf_8)
                                                         clknet_3_7_0_wb_clk_i (net)
                      0.117264    0.000370    1.826561 ^ _729_/CLK (sky130_fd_sc_hd__dfrtp_2)
     1    0.001992    0.070089    0.844856    2.671417 v _729_/Q (sky130_fd_sc_hd__dfrtp_2)
                                                         timer.sec_div[2] (net)
                      0.070089    0.000020    2.671437 v hold59/A (sky130_fd_sc_hd__dlygate4sd3_1)
     4    0.016717    0.228200    1.341887    4.013324 v hold59/X (sky130_fd_sc_hd__dlygate4sd3_1)
                                                         net59 (net)
                      0.228200    0.000118    4.013443 v _418_/A3 (sky130_fd_sc_hd__a31o_2)
     1    0.001930    0.058133    0.524676    4.538118 v _418_/X (sky130_fd_sc_hd__a31o_2)
                                                         _228_ (net)
                      0.058133    0.000019    4.538137 v hold167/A (sky130_fd_sc_hd__dlygate4sd3_1)
     1    0.001924    0.100117    1.158689    5.696826 v hold167/X (sky130_fd_sc_hd__dlygate4sd3_1)
                                                         net167 (net)
                      0.100117    0.000018    5.696844 v _419_/B (sky130_fd_sc_hd__and2b_2)
     1    0.002043    0.065110    0.424358    6.121202 v _419_/X (sky130_fd_sc_hd__and2b_2)
                                                         _059_ (net)
                      0.065110    0.000013    6.121215 v hold168/A (sky130_fd_sc_hd__dlygate4sd3_1)
     1    0.002151    0.102582    1.165843    7.287058 v hold168/X (sky130_fd_sc_hd__dlygate4sd3_1)
                                                         net168 (net)
                      0.102582    0.000020    7.287078 v _730_/D (sky130_fd_sc_hd__dfrtp_2)
                                              7.287078   data arrival time

                                 25.000000   25.000000   clock wb_clk_i (rise edge)
                                  0.000000   25.000000   clock source latency
     2    0.147424    1.063065    0.746587   25.746586 ^ wb_clk_i (in)
                                                         wb_clk_i (net)
                      1.073527    0.000000   25.746586 ^ clkbuf_0_wb_clk_i/A (sky130_fd_sc_hd__clkbuf_16)
    17    0.074001    0.154063    0.612493   26.359079 ^ clkbuf_0_wb_clk_i/X (sky130_fd_sc_hd__clkbuf_16)
                                                         clknet_0_wb_clk_i (net)
                      0.154090    0.001908   26.360987 ^ clkbuf_3_7_0_wb_clk_i/A (sky130_fd_sc_hd__clkbuf_8)
    12    0.034773    0.117264    0.291280   26.652267 ^ clkbuf_3_7_0_wb_clk_i/X (sky130_fd_sc_hd__clkbuf_8)
                                                         clknet_3_7_0_wb_clk_i (net)
                      0.117264    0.000394   26.652660 ^ _730_/CLK (sky130_fd_sc_hd__dfrtp_2)
                                 -0.250000   26.402662   clock uncertainty
                                  0.173923   26.576586   clock reconvergence pessimism
                                 -0.277614   26.298971   library setup time
                                             26.298971   data required time
---------------------------------------------------------------------------------------------
                                             26.298971   data required time
                                             -7.287078   data arrival time
---------------------------------------------------------------------------------------------
                                             19.011892   slack (MET)


Startpoint: _697_ (rising edge-triggered flip-flop clocked by wb_clk_i)
Endpoint: _710_ (rising edge-triggered flip-flop clocked by wb_clk_i)
Path Group: wb_clk_i
Path Type: max

Fanout         Cap        Slew       Delay        Time   Description
---------------------------------------------------------------------------------------------
                                  0.000000    0.000000   clock wb_clk_i (rise edge)
                                  0.000000    0.000000   clock source latency
     2    0.147424    1.063065    0.825174    0.825174 ^ wb_clk_i (in)
                                                         wb_clk_i (net)
                      1.073527    0.000000    0.825174 ^ clkbuf_0_wb_clk_i/A (sky130_fd_sc_hd__clkbuf_16)
    17    0.074001    0.154063    0.676967    1.502141 ^ clkbuf_0_wb_clk_i/X (sky130_fd_sc_hd__clkbuf_16)
                                                         clknet_0_wb_clk_i (net)
                      0.154089    0.002080    1.504221 ^ clkbuf_3_1_0_wb_clk_i/A (sky130_fd_sc_hd__clkbuf_8)
    11    0.035047    0.117914    0.322490    1.826712 ^ clkbuf_3_1_0_wb_clk_i/X (sky130_fd_sc_hd__clkbuf_8)
                                                         clknet_3_1_0_wb_clk_i (net)
                      0.117914    0.000264    1.826975 ^ _697_/CLK (sky130_fd_sc_hd__dfrtp_2)
     1    0.002257    0.071376    0.847931    2.674906 v _697_/Q (sky130_fd_sc_hd__dfrtp_2)
                                                         timer.scan_div[3] (net)
                      0.071376    0.000025    2.674931 v hold37/A (sky130_fd_sc_hd__dlygate4sd3_1)
     3    0.013640    0.203892    1.316907    3.991838 v hold37/X (sky130_fd_sc_hd__dlygate4sd3_1)
                                                         net37 (net)
                      0.203892    0.000075    3.991913 v _494_/C (sky130_fd_sc_hd__and4_2)
     6    0.017167    0.137971    0.643156    4.635069 v _494_/X (sky130_fd_sc_hd__and4_2)
                                                         _272_ (net)
                      0.137971    0.000235    4.635304 v _516_/A (sky130_fd_sc_hd__and4_2)
     8    0.032436    0.192088    0.567732    5.203036 v _516_/X (sky130_fd_sc_hd__and4_2)
                                                         _286_ (net)
                      0.192089    0.000931    5.203968 v _526_/A (sky130_fd_sc_hd__and2_2)
     6    0.032302    0.184866    0.566279    5.770247 v _526_/X (sky130_fd_sc_hd__and2_2)
                                                         _292_ (net)
                      0.184866    0.000647    5.770894 v _528_/B (sky130_fd_sc_hd__xor2_2)
     1    0.001612    0.089020    0.302354    6.073248 v _528_/X (sky130_fd_sc_hd__xor2_2)
                                                         _008_ (net)
                      0.089020    0.000007    6.073255 v hold132/A (sky130_fd_sc_hd__dlygate4sd3_1)
     1    0.002321    0.104404    1.180212    7.253467 v hold132/X (sky130_fd_sc_hd__dlygate4sd3_1)
                                                         net132 (net)
                      0.104404    0.000022    7.253489 v _710_/D (sky130_fd_sc_hd__dfrtp_2)
                                              7.253489   data arrival time

                                 25.000000   25.000000   clock wb_clk_i (rise edge)
                                  0.000000   25.000000   clock source latency
     2    0.147424    1.063065    0.746587   25.746586 ^ wb_clk_i (in)
                                                         wb_clk_i (net)
                      1.073527    0.000000   25.746586 ^ clkbuf_0_wb_clk_i/A (sky130_fd_sc_hd__clkbuf_16)
    17    0.074001    0.154063    0.612493   26.359079 ^ clkbuf_0_wb_clk_i/X (sky130_fd_sc_hd__clkbuf_16)
                                                         clknet_0_wb_clk_i (net)
                      0.154112    0.002400   26.361479 ^ clkbuf_3_0_0_wb_clk_i/A (sky130_fd_sc_hd__clkbuf_8)
    11    0.033860    0.115090    0.289708   26.651186 ^ clkbuf_3_0_0_wb_clk_i/X (sky130_fd_sc_hd__clkbuf_8)
                                                         clknet_3_0_0_wb_clk_i (net)
                      0.115090    0.000231   26.651419 ^ _710_/CLK (sky130_fd_sc_hd__dfrtp_2)
                                 -0.250000   26.401419   clock uncertainty
                                  0.143061   26.544479   clock reconvergence pessimism
                                 -0.278954   26.265526   library setup time
                                             26.265526   data required time
---------------------------------------------------------------------------------------------
                                             26.265526   data required time
                                             -7.253489   data arrival time
---------------------------------------------------------------------------------------------
                                             19.012037   slack (MET)


Startpoint: _697_ (rising edge-triggered flip-flop clocked by wb_clk_i)
Endpoint: _711_ (rising edge-triggered flip-flop clocked by wb_clk_i)
Path Group: wb_clk_i
Path Type: max

Fanout         Cap        Slew       Delay        Time   Description
---------------------------------------------------------------------------------------------
                                  0.000000    0.000000   clock wb_clk_i (rise edge)
                                  0.000000    0.000000   clock source latency
     2    0.147424    1.063065    0.825174    0.825174 ^ wb_clk_i (in)
                                                         wb_clk_i (net)
                      1.073527    0.000000    0.825174 ^ clkbuf_0_wb_clk_i/A (sky130_fd_sc_hd__clkbuf_16)
    17    0.074001    0.154063    0.676967    1.502141 ^ clkbuf_0_wb_clk_i/X (sky130_fd_sc_hd__clkbuf_16)
                                                         clknet_0_wb_clk_i (net)
                      0.154089    0.002080    1.504221 ^ clkbuf_3_1_0_wb_clk_i/A (sky130_fd_sc_hd__clkbuf_8)
    11    0.035047    0.117914    0.322490    1.826712 ^ clkbuf_3_1_0_wb_clk_i/X (sky130_fd_sc_hd__clkbuf_8)
                                                         clknet_3_1_0_wb_clk_i (net)
                      0.117914    0.000264    1.826975 ^ _697_/CLK (sky130_fd_sc_hd__dfrtp_2)
     1    0.002257    0.071376    0.847931    2.674906 v _697_/Q (sky130_fd_sc_hd__dfrtp_2)
                                                         timer.scan_div[3] (net)
                      0.071376    0.000025    2.674931 v hold37/A (sky130_fd_sc_hd__dlygate4sd3_1)
     3    0.013640    0.203892    1.316907    3.991838 v hold37/X (sky130_fd_sc_hd__dlygate4sd3_1)
                                                         net37 (net)
                      0.203892    0.000075    3.991913 v _494_/C (sky130_fd_sc_hd__and4_2)
     6    0.017167    0.137971    0.643156    4.635069 v _494_/X (sky130_fd_sc_hd__and4_2)
                                                         _272_ (net)
                      0.137971    0.000235    4.635304 v _516_/A (sky130_fd_sc_hd__and4_2)
     8    0.032436    0.192088    0.567732    5.203036 v _516_/X (sky130_fd_sc_hd__and4_2)
                                                         _286_ (net)
                      0.192089    0.000931    5.203968 v _526_/A (sky130_fd_sc_hd__and2_2)
     6    0.032302    0.184866    0.566279    5.770247 v _526_/X (sky130_fd_sc_hd__and2_2)
                                                         _292_ (net)
                      0.184867    0.000846    5.771093 v _529_/A2 (sky130_fd_sc_hd__a21oi_2)
     1    0.002149    0.120368    0.258593    6.029685 ^ _529_/Y (sky130_fd_sc_hd__a21oi_2)
                                                         _293_ (net)
                      0.120368    0.000023    6.029708 ^ hold147/A (sky130_fd_sc_hd__dlygate4sd3_1)
     1    0.005253    0.125014    1.150625    7.180333 ^ hold147/X (sky130_fd_sc_hd__dlygate4sd3_1)
                                                         net147 (net)
                      0.125014    0.000061    7.180394 ^ _531_/A (sky130_fd_sc_hd__nor2_2)
     1    0.002543    0.042179    0.091049    7.271442 v _531_/Y (sky130_fd_sc_hd__nor2_2)
                                                         _009_ (net)
                      0.042179    0.000026    7.271468 v _711_/D (sky130_fd_sc_hd__dfrtp_2)
                                              7.271468   data arrival time

                                 25.000000   25.000000   clock wb_clk_i (rise edge)
                                  0.000000   25.000000   clock source latency
     2    0.147424    1.063065    0.746587   25.746586 ^ wb_clk_i (in)
                                                         wb_clk_i (net)
                      1.073527    0.000000   25.746586 ^ clkbuf_0_wb_clk_i/A (sky130_fd_sc_hd__clkbuf_16)
    17    0.074001    0.154063    0.612493   26.359079 ^ clkbuf_0_wb_clk_i/X (sky130_fd_sc_hd__clkbuf_16)
                                                         clknet_0_wb_clk_i (net)
                      0.154112    0.002400   26.361479 ^ clkbuf_3_0_0_wb_clk_i/A (sky130_fd_sc_hd__clkbuf_8)
    11    0.033860    0.115090    0.289708   26.651186 ^ clkbuf_3_0_0_wb_clk_i/X (sky130_fd_sc_hd__clkbuf_8)
                                                         clknet_3_0_0_wb_clk_i (net)
                      0.115090    0.000282   26.651470 ^ _711_/CLK (sky130_fd_sc_hd__dfrtp_2)
                                 -0.250000   26.401470   clock uncertainty
                                  0.143061   26.544531   clock reconvergence pessimism
                                 -0.252978   26.291553   library setup time
                                             26.291553   data required time
---------------------------------------------------------------------------------------------
                                             26.291553   data required time
                                             -7.271468   data arrival time
---------------------------------------------------------------------------------------------
                                             19.020086   slack (MET)


Startpoint: _697_ (rising edge-triggered flip-flop clocked by wb_clk_i)
Endpoint: _709_ (rising edge-triggered flip-flop clocked by wb_clk_i)
Path Group: wb_clk_i
Path Type: max

Fanout         Cap        Slew       Delay        Time   Description
---------------------------------------------------------------------------------------------
                                  0.000000    0.000000   clock wb_clk_i (rise edge)
                                  0.000000    0.000000   clock source latency
     2    0.147424    1.063065    0.825174    0.825174 ^ wb_clk_i (in)
                                                         wb_clk_i (net)
                      1.073527    0.000000    0.825174 ^ clkbuf_0_wb_clk_i/A (sky130_fd_sc_hd__clkbuf_16)
    17    0.074001    0.154063    0.676967    1.502141 ^ clkbuf_0_wb_clk_i/X (sky130_fd_sc_hd__clkbuf_16)
                                                         clknet_0_wb_clk_i (net)
                      0.154089    0.002080    1.504221 ^ clkbuf_3_1_0_wb_clk_i/A (sky130_fd_sc_hd__clkbuf_8)
    11    0.035047    0.117914    0.322490    1.826712 ^ clkbuf_3_1_0_wb_clk_i/X (sky130_fd_sc_hd__clkbuf_8)
                                                         clknet_3_1_0_wb_clk_i (net)
                      0.117914    0.000264    1.826975 ^ _697_/CLK (sky130_fd_sc_hd__dfrtp_2)
     1    0.002257    0.071376    0.847931    2.674906 v _697_/Q (sky130_fd_sc_hd__dfrtp_2)
                                                         timer.scan_div[3] (net)
                      0.071376    0.000025    2.674931 v hold37/A (sky130_fd_sc_hd__dlygate4sd3_1)
     3    0.013640    0.203892    1.316907    3.991838 v hold37/X (sky130_fd_sc_hd__dlygate4sd3_1)
                                                         net37 (net)
                      0.203892    0.000075    3.991913 v _494_/C (sky130_fd_sc_hd__and4_2)
     6    0.017167    0.137971    0.643156    4.635069 v _494_/X (sky130_fd_sc_hd__and4_2)
                                                         _272_ (net)
                      0.137971    0.000235    4.635304 v _516_/A (sky130_fd_sc_hd__and4_2)
     8    0.032436    0.192088    0.567732    5.203036 v _516_/X (sky130_fd_sc_hd__and4_2)
                                                         _286_ (net)
                      0.192088    0.000838    5.203875 v _520_/C (sky130_fd_sc_hd__and3_2)
     3    0.016054    0.132295    0.599681    5.803555 v _520_/X (sky130_fd_sc_hd__and3_2)
                                                         _288_ (net)
                      0.132295    0.000136    5.803692 v _523_/B (sky130_fd_sc_hd__nand2_2)
     2    0.007358    0.094113    0.155243    5.958935 ^ _523_/Y (sky130_fd_sc_hd__nand2_2)
                                                         _290_ (net)
                      0.094113    0.000061    5.958996 ^ _527_/A2 (sky130_fd_sc_hd__a21oi_2)
     1    0.002256    0.074772    0.112397    6.071393 v _527_/Y (sky130_fd_sc_hd__a21oi_2)
                                                         _007_ (net)
                      0.074772    0.000016    6.071408 v hold120/A (sky130_fd_sc_hd__dlygate4sd3_1)
     1    0.002180    0.102819    1.170704    7.242113 v hold120/X (sky130_fd_sc_hd__dlygate4sd3_1)
                                                         net120 (net)
                      0.102819    0.000019    7.242132 v _709_/D (sky130_fd_sc_hd__dfrtp_2)
                                              7.242132   data arrival time

                                 25.000000   25.000000   clock wb_clk_i (rise edge)
                                  0.000000   25.000000   clock source latency
     2    0.147424    1.063065    0.746587   25.746586 ^ wb_clk_i (in)
                                                         wb_clk_i (net)
                      1.073527    0.000000   25.746586 ^ clkbuf_0_wb_clk_i/A (sky130_fd_sc_hd__clkbuf_16)
    17    0.074001    0.154063    0.612493   26.359079 ^ clkbuf_0_wb_clk_i/X (sky130_fd_sc_hd__clkbuf_16)
                                                         clknet_0_wb_clk_i (net)
                      0.154112    0.002400   26.361479 ^ clkbuf_3_0_0_wb_clk_i/A (sky130_fd_sc_hd__clkbuf_8)
    11    0.033860    0.115090    0.289708   26.651186 ^ clkbuf_3_0_0_wb_clk_i/X (sky130_fd_sc_hd__clkbuf_8)
                                                         clknet_3_0_0_wb_clk_i (net)
                      0.115090    0.000275   26.651463 ^ _709_/CLK (sky130_fd_sc_hd__dfrtp_2)
                                 -0.250000   26.401463   clock uncertainty
                                  0.143061   26.544523   clock reconvergence pessimism
                                 -0.278292   26.266232   library setup time
                                             26.266232   data required time
---------------------------------------------------------------------------------------------
                                             26.266232   data required time
                                             -7.242132   data arrival time
---------------------------------------------------------------------------------------------
                                             19.024097   slack (MET)


Startpoint: _729_ (rising edge-triggered flip-flop clocked by wb_clk_i)
Endpoint: _740_ (rising edge-triggered flip-flop clocked by wb_clk_i)
Path Group: wb_clk_i
Path Type: max

Fanout         Cap        Slew       Delay        Time   Description
---------------------------------------------------------------------------------------------
                                  0.000000    0.000000   clock wb_clk_i (rise edge)
                                  0.000000    0.000000   clock source latency
     2    0.147424    1.063065    0.825174    0.825174 ^ wb_clk_i (in)
                                                         wb_clk_i (net)
                      1.073527    0.000000    0.825174 ^ clkbuf_0_wb_clk_i/A (sky130_fd_sc_hd__clkbuf_16)
    17    0.074001    0.154063    0.676967    1.502141 ^ clkbuf_0_wb_clk_i/X (sky130_fd_sc_hd__clkbuf_16)
                                                         clknet_0_wb_clk_i (net)
                      0.154090    0.002109    1.504251 ^ clkbuf_3_7_0_wb_clk_i/A (sky130_fd_sc_hd__clkbuf_8)
    12    0.034773    0.117264    0.321941    1.826191 ^ clkbuf_3_7_0_wb_clk_i/X (sky130_fd_sc_hd__clkbuf_8)
                                                         clknet_3_7_0_wb_clk_i (net)
                      0.117264    0.000370    1.826561 ^ _729_/CLK (sky130_fd_sc_hd__dfrtp_2)
     1    0.001992    0.070089    0.844856    2.671417 v _729_/Q (sky130_fd_sc_hd__dfrtp_2)
                                                         timer.sec_div[2] (net)
                      0.070089    0.000020    2.671437 v hold59/A (sky130_fd_sc_hd__dlygate4sd3_1)
     4    0.016717    0.228200    1.341887    4.013324 v hold59/X (sky130_fd_sc_hd__dlygate4sd3_1)
                                                         net59 (net)
                      0.228200    0.000133    4.013457 v _417_/D (sky130_fd_sc_hd__and4_2)
     8    0.025738    0.166893    0.714386    4.727843 v _417_/X (sky130_fd_sc_hd__and4_2)
                                                         _227_ (net)
                      0.166893    0.000756    4.728599 v _439_/A (sky130_fd_sc_hd__and3_2)
     3    0.013712    0.121135    0.492824    5.221423 v _439_/X (sky130_fd_sc_hd__and3_2)
                                                         _241_ (net)
                      0.121135    0.000141    5.221563 v _441_/B (sky130_fd_sc_hd__and2_2)
     2    0.008523    0.094333    0.474917    5.696480 v _441_/X (sky130_fd_sc_hd__and2_2)
                                                         _242_ (net)
                      0.094333    0.000125    5.696605 v _446_/A2 (sky130_fd_sc_hd__o21ba_2)
     1    0.002343    0.057143    0.381740    6.078345 v _446_/X (sky130_fd_sc_hd__o21ba_2)
                                                         _038_ (net)
                      0.057143    0.000026    6.078372 v hold95/A (sky130_fd_sc_hd__dlygate4sd3_1)
     1    0.002099    0.102081    1.161346    7.239717 v hold95/X (sky130_fd_sc_hd__dlygate4sd3_1)
                                                         net95 (net)
                      0.102081    0.000020    7.239737 v _740_/D (sky130_fd_sc_hd__dfrtp_2)
                                              7.239737   data arrival time

                                 25.000000   25.000000   clock wb_clk_i (rise edge)
                                  0.000000   25.000000   clock source latency
     2    0.147424    1.063065    0.746587   25.746586 ^ wb_clk_i (in)
                                                         wb_clk_i (net)
                      1.073527    0.000000   25.746586 ^ clkbuf_0_wb_clk_i/A (sky130_fd_sc_hd__clkbuf_16)
    17    0.074001    0.154063    0.612493   26.359079 ^ clkbuf_0_wb_clk_i/X (sky130_fd_sc_hd__clkbuf_16)
                                                         clknet_0_wb_clk_i (net)
                      0.154075    0.001428   26.360508 ^ clkbuf_3_4_0_wb_clk_i/A (sky130_fd_sc_hd__clkbuf_8)
    11    0.035340    0.118617    0.292269   26.652777 ^ clkbuf_3_4_0_wb_clk_i/X (sky130_fd_sc_hd__clkbuf_8)
                                                         clknet_3_4_0_wb_clk_i (net)
                      0.118617    0.000274   26.653049 ^ _740_/CLK (sky130_fd_sc_hd__dfrtp_2)
                                 -0.250000   26.403051   clock uncertainty
                                  0.143061   26.546112   clock reconvergence pessimism
                                 -0.277044   26.269068   library setup time
                                             26.269068   data required time
---------------------------------------------------------------------------------------------
                                             26.269068   data required time
                                             -7.239737   data arrival time
---------------------------------------------------------------------------------------------
                                             19.029329   slack (MET)


Startpoint: _697_ (rising edge-triggered flip-flop clocked by wb_clk_i)
Endpoint: _718_ (rising edge-triggered flip-flop clocked by wb_clk_i)
Path Group: wb_clk_i
Path Type: max

Fanout         Cap        Slew       Delay        Time   Description
---------------------------------------------------------------------------------------------
                                  0.000000    0.000000   clock wb_clk_i (rise edge)
                                  0.000000    0.000000   clock source latency
     2    0.147424    1.063065    0.825174    0.825174 ^ wb_clk_i (in)
                                                         wb_clk_i (net)
                      1.073527    0.000000    0.825174 ^ clkbuf_0_wb_clk_i/A (sky130_fd_sc_hd__clkbuf_16)
    17    0.074001    0.154063    0.676967    1.502141 ^ clkbuf_0_wb_clk_i/X (sky130_fd_sc_hd__clkbuf_16)
                                                         clknet_0_wb_clk_i (net)
                      0.154089    0.002080    1.504221 ^ clkbuf_3_1_0_wb_clk_i/A (sky130_fd_sc_hd__clkbuf_8)
    11    0.035047    0.117914    0.322490    1.826712 ^ clkbuf_3_1_0_wb_clk_i/X (sky130_fd_sc_hd__clkbuf_8)
                                                         clknet_3_1_0_wb_clk_i (net)
                      0.117914    0.000264    1.826975 ^ _697_/CLK (sky130_fd_sc_hd__dfrtp_2)
     1    0.002257    0.071376    0.847931    2.674906 v _697_/Q (sky130_fd_sc_hd__dfrtp_2)
                                                         timer.scan_div[3] (net)
                      0.071376    0.000025    2.674931 v hold37/A (sky130_fd_sc_hd__dlygate4sd3_1)
     3    0.013640    0.203892    1.316907    3.991838 v hold37/X (sky130_fd_sc_hd__dlygate4sd3_1)
                                                         net37 (net)
                      0.203892    0.000075    3.991913 v _494_/C (sky130_fd_sc_hd__and4_2)
     6    0.017167    0.137971    0.643156    4.635069 v _494_/X (sky130_fd_sc_hd__and4_2)
                                                         _272_ (net)
                      0.137971    0.000235    4.635304 v _516_/A (sky130_fd_sc_hd__and4_2)
     8    0.032436    0.192088    0.567732    5.203036 v _516_/X (sky130_fd_sc_hd__and4_2)
                                                         _286_ (net)
                      0.192090    0.001026    5.204062 v _546_/A (sky130_fd_sc_hd__and3_2)
     5    0.021602    0.150084    0.544074    5.748136 v _546_/X (sky130_fd_sc_hd__and3_2)
                                                         _304_ (net)
                      0.150084    0.000245    5.748381 v _549_/B (sky130_fd_sc_hd__xor2_2)
     1    0.001903    0.080469    0.289476    6.037858 v _549_/X (sky130_fd_sc_hd__xor2_2)
                                                         _017_ (net)
                      0.080469    0.000018    6.037876 v hold134/A (sky130_fd_sc_hd__dlygate4sd3_1)
     1    0.002394    0.105209    1.177144    7.215019 v hold134/X (sky130_fd_sc_hd__dlygate4sd3_1)
                                                         net134 (net)
                      0.105209    0.000024    7.215043 v _718_/D (sky130_fd_sc_hd__dfrtp_2)
                                              7.215043   data arrival time

                                 25.000000   25.000000   clock wb_clk_i (rise edge)
                                  0.000000   25.000000   clock source latency
     2    0.147424    1.063065    0.746587   25.746586 ^ wb_clk_i (in)
                                                         wb_clk_i (net)
                      1.073527    0.000000   25.746586 ^ clkbuf_0_wb_clk_i/A (sky130_fd_sc_hd__clkbuf_16)
    17    0.074001    0.154063    0.612493   26.359079 ^ clkbuf_0_wb_clk_i/X (sky130_fd_sc_hd__clkbuf_16)
                                                         clknet_0_wb_clk_i (net)
                      0.154103    0.002224   26.361303 ^ clkbuf_3_2_0_wb_clk_i/A (sky130_fd_sc_hd__clkbuf_8)
    11    0.034623    0.116907    0.291033   26.652336 ^ clkbuf_3_2_0_wb_clk_i/X (sky130_fd_sc_hd__clkbuf_8)
                                                         clknet_3_2_0_wb_clk_i (net)
                      0.116907    0.000369   26.652706 ^ _718_/CLK (sky130_fd_sc_hd__dfrtp_2)
                                 -0.250000   26.402706   clock uncertainty
                                  0.143061   26.545767   clock reconvergence pessimism
                                 -0.278805   26.266962   library setup time
                                             26.266962   data required time
---------------------------------------------------------------------------------------------
                                             26.266962   data required time
                                             -7.215043   data arrival time
---------------------------------------------------------------------------------------------
                                             19.051920   slack (MET)


Startpoint: _697_ (rising edge-triggered flip-flop clocked by wb_clk_i)
Endpoint: _705_ (rising edge-triggered flip-flop clocked by wb_clk_i)
Path Group: wb_clk_i
Path Type: max

Fanout         Cap        Slew       Delay        Time   Description
---------------------------------------------------------------------------------------------
                                  0.000000    0.000000   clock wb_clk_i (rise edge)
                                  0.000000    0.000000   clock source latency
     2    0.147424    1.063065    0.825174    0.825174 ^ wb_clk_i (in)
                                                         wb_clk_i (net)
                      1.073527    0.000000    0.825174 ^ clkbuf_0_wb_clk_i/A (sky130_fd_sc_hd__clkbuf_16)
    17    0.074001    0.154063    0.676967    1.502141 ^ clkbuf_0_wb_clk_i/X (sky130_fd_sc_hd__clkbuf_16)
                                                         clknet_0_wb_clk_i (net)
                      0.154089    0.002080    1.504221 ^ clkbuf_3_1_0_wb_clk_i/A (sky130_fd_sc_hd__clkbuf_8)
    11    0.035047    0.117914    0.322490    1.826712 ^ clkbuf_3_1_0_wb_clk_i/X (sky130_fd_sc_hd__clkbuf_8)
                                                         clknet_3_1_0_wb_clk_i (net)
                      0.117914    0.000264    1.826975 ^ _697_/CLK (sky130_fd_sc_hd__dfrtp_2)
     1    0.002257    0.071376    0.847931    2.674906 v _697_/Q (sky130_fd_sc_hd__dfrtp_2)
                                                         timer.scan_div[3] (net)
                      0.071376    0.000025    2.674931 v hold37/A (sky130_fd_sc_hd__dlygate4sd3_1)
     3    0.013640    0.203892    1.316907    3.991838 v hold37/X (sky130_fd_sc_hd__dlygate4sd3_1)
                                                         net37 (net)
                      0.203892    0.000075    3.991913 v _494_/C (sky130_fd_sc_hd__and4_2)
     6    0.017167    0.137971    0.643156    4.635069 v _494_/X (sky130_fd_sc_hd__and4_2)
                                                         _272_ (net)
                      0.137971    0.000129    4.635199 v _506_/A (sky130_fd_sc_hd__and3_2)
     4    0.011446    0.110555    0.465248    5.100447 v _506_/X (sky130_fd_sc_hd__and3_2)
                                                         _280_ (net)
                      0.110555    0.000129    5.100576 v _513_/D (sky130_fd_sc_hd__and4_2)
     2    0.008066    0.098662    0.561375    5.661951 v _513_/X (sky130_fd_sc_hd__and4_2)
                                                         _284_ (net)
                      0.098662    0.000073    5.662024 v _517_/A2 (sky130_fd_sc_hd__o21ba_2)
     1    0.002225    0.056560    0.382660    6.044683 v _517_/X (sky130_fd_sc_hd__o21ba_2)
                                                         _003_ (net)
                      0.056560    0.000024    6.044707 v hold84/A (sky130_fd_sc_hd__dlygate4sd3_1)
     1    0.002204    0.103256    1.162941    7.207648 v hold84/X (sky130_fd_sc_hd__dlygate4sd3_1)
                                                         net84 (net)
                      0.103256    0.000021    7.207669 v _705_/D (sky130_fd_sc_hd__dfrtp_2)
                                              7.207669   data arrival time

                                 25.000000   25.000000   clock wb_clk_i (rise edge)
                                  0.000000   25.000000   clock source latency
     2    0.147424    1.063065    0.746587   25.746586 ^ wb_clk_i (in)
                                                         wb_clk_i (net)
                      1.073527    0.000000   25.746586 ^ clkbuf_0_wb_clk_i/A (sky130_fd_sc_hd__clkbuf_16)
    17    0.074001    0.154063    0.612493   26.359079 ^ clkbuf_0_wb_clk_i/X (sky130_fd_sc_hd__clkbuf_16)
                                                         clknet_0_wb_clk_i (net)
                      0.154075    0.001405   26.360485 ^ clkbuf_3_3_0_wb_clk_i/A (sky130_fd_sc_hd__clkbuf_8)
    11    0.035092    0.118021    0.291859   26.652344 ^ clkbuf_3_3_0_wb_clk_i/X (sky130_fd_sc_hd__clkbuf_8)
                                                         clknet_3_3_0_wb_clk_i (net)
                      0.118021    0.000286   26.652630 ^ _705_/CLK (sky130_fd_sc_hd__dfrtp_2)
                                 -0.250000   26.402630   clock uncertainty
                                  0.143061   26.545691   clock reconvergence pessimism
                                 -0.277693   26.267998   library setup time
                                             26.267998   data required time
---------------------------------------------------------------------------------------------
                                             26.267998   data required time
                                             -7.207669   data arrival time
---------------------------------------------------------------------------------------------
                                             19.060329   slack (MET)


Startpoint: _697_ (rising edge-triggered flip-flop clocked by wb_clk_i)
Endpoint: _704_ (rising edge-triggered flip-flop clocked by wb_clk_i)
Path Group: wb_clk_i
Path Type: max

Fanout         Cap        Slew       Delay        Time   Description
---------------------------------------------------------------------------------------------
                                  0.000000    0.000000   clock wb_clk_i (rise edge)
                                  0.000000    0.000000   clock source latency
     2    0.147424    1.063065    0.825174    0.825174 ^ wb_clk_i (in)
                                                         wb_clk_i (net)
                      1.073527    0.000000    0.825174 ^ clkbuf_0_wb_clk_i/A (sky130_fd_sc_hd__clkbuf_16)
    17    0.074001    0.154063    0.676967    1.502141 ^ clkbuf_0_wb_clk_i/X (sky130_fd_sc_hd__clkbuf_16)
                                                         clknet_0_wb_clk_i (net)
                      0.154089    0.002080    1.504221 ^ clkbuf_3_1_0_wb_clk_i/A (sky130_fd_sc_hd__clkbuf_8)
    11    0.035047    0.117914    0.322490    1.826712 ^ clkbuf_3_1_0_wb_clk_i/X (sky130_fd_sc_hd__clkbuf_8)
                                                         clknet_3_1_0_wb_clk_i (net)
                      0.117914    0.000264    1.826975 ^ _697_/CLK (sky130_fd_sc_hd__dfrtp_2)
     1    0.002257    0.071376    0.847931    2.674906 v _697_/Q (sky130_fd_sc_hd__dfrtp_2)
                                                         timer.scan_div[3] (net)
                      0.071376    0.000025    2.674931 v hold37/A (sky130_fd_sc_hd__dlygate4sd3_1)
     3    0.013640    0.203892    1.316907    3.991838 v hold37/X (sky130_fd_sc_hd__dlygate4sd3_1)
                                                         net37 (net)
                      0.203892    0.000075    3.991913 v _494_/C (sky130_fd_sc_hd__and4_2)
     6    0.017167    0.137971    0.643156    4.635069 v _494_/X (sky130_fd_sc_hd__and4_2)
                                                         _272_ (net)
                      0.137971    0.000129    4.635199 v _506_/A (sky130_fd_sc_hd__and3_2)
     4    0.011446    0.110555    0.465248    5.100447 v _506_/X (sky130_fd_sc_hd__and3_2)
                                                         _280_ (net)
                      0.110555    0.000117    5.100564 v _508_/B (sky130_fd_sc_hd__and2_2)
     3    0.019768    0.138343    0.528760    5.629324 v _508_/X (sky130_fd_sc_hd__and2_2)
                                                         _281_ (net)
                      0.138343    0.000193    5.629517 v _512_/A2 (sky130_fd_sc_hd__a21oi_2)
     1    0.005104    0.166448    0.277792    5.907310 ^ _512_/Y (sky130_fd_sc_hd__a21oi_2)
                                                         _283_ (net)
                      0.166448    0.000052    5.907362 ^ _514_/A (sky130_fd_sc_hd__nor2_2)
     1    0.002496    0.046505    0.107205    6.014567 v _514_/Y (sky130_fd_sc_hd__nor2_2)
                                                         _002_ (net)
                      0.046505    0.000030    6.014597 v hold138/A (sky130_fd_sc_hd__dlygate4sd3_1)
     1    0.002345    0.104914    1.160923    7.175519 v hold138/X (sky130_fd_sc_hd__dlygate4sd3_1)
                                                         net138 (net)
                      0.104914    0.000022    7.175542 v _704_/D (sky130_fd_sc_hd__dfrtp_2)
                                              7.175542   data arrival time

                                 25.000000   25.000000   clock wb_clk_i (rise edge)
                                  0.000000   25.000000   clock source latency
     2    0.147424    1.063065    0.746587   25.746586 ^ wb_clk_i (in)
                                                         wb_clk_i (net)
                      1.073527    0.000000   25.746586 ^ clkbuf_0_wb_clk_i/A (sky130_fd_sc_hd__clkbuf_16)
    17    0.074001    0.154063    0.612493   26.359079 ^ clkbuf_0_wb_clk_i/X (sky130_fd_sc_hd__clkbuf_16)
                                                         clknet_0_wb_clk_i (net)
                      0.154103    0.002224   26.361303 ^ clkbuf_3_2_0_wb_clk_i/A (sky130_fd_sc_hd__clkbuf_8)
    11    0.034623    0.116907    0.291033   26.652336 ^ clkbuf_3_2_0_wb_clk_i/X (sky130_fd_sc_hd__clkbuf_8)
                                                         clknet_3_2_0_wb_clk_i (net)
                      0.116907    0.000471   26.652807 ^ _704_/CLK (sky130_fd_sc_hd__dfrtp_2)
                                 -0.250000   26.402807   clock uncertainty
                                  0.143061   26.545868   clock reconvergence pessimism
                                 -0.278682   26.267187   library setup time
                                             26.267187   data required time
---------------------------------------------------------------------------------------------
                                             26.267187   data required time
                                             -7.175542   data arrival time
---------------------------------------------------------------------------------------------
                                             19.091644   slack (MET)


Startpoint: _729_ (rising edge-triggered flip-flop clocked by wb_clk_i)
Endpoint: _738_ (rising edge-triggered flip-flop clocked by wb_clk_i)
Path Group: wb_clk_i
Path Type: max

Fanout         Cap        Slew       Delay        Time   Description
---------------------------------------------------------------------------------------------
                                  0.000000    0.000000   clock wb_clk_i (rise edge)
                                  0.000000    0.000000   clock source latency
     2    0.147424    1.063065    0.825174    0.825174 ^ wb_clk_i (in)
                                                         wb_clk_i (net)
                      1.073527    0.000000    0.825174 ^ clkbuf_0_wb_clk_i/A (sky130_fd_sc_hd__clkbuf_16)
    17    0.074001    0.154063    0.676967    1.502141 ^ clkbuf_0_wb_clk_i/X (sky130_fd_sc_hd__clkbuf_16)
                                                         clknet_0_wb_clk_i (net)
                      0.154090    0.002109    1.504251 ^ clkbuf_3_7_0_wb_clk_i/A (sky130_fd_sc_hd__clkbuf_8)
    12    0.034773    0.117264    0.321941    1.826191 ^ clkbuf_3_7_0_wb_clk_i/X (sky130_fd_sc_hd__clkbuf_8)
                                                         clknet_3_7_0_wb_clk_i (net)
                      0.117264    0.000370    1.826561 ^ _729_/CLK (sky130_fd_sc_hd__dfrtp_2)
     1    0.001992    0.070089    0.844856    2.671417 v _729_/Q (sky130_fd_sc_hd__dfrtp_2)
                                                         timer.sec_div[2] (net)
                      0.070089    0.000020    2.671437 v hold59/A (sky130_fd_sc_hd__dlygate4sd3_1)
     4    0.016717    0.228200    1.341887    4.013324 v hold59/X (sky130_fd_sc_hd__dlygate4sd3_1)
                                                         net59 (net)
                      0.228200    0.000133    4.013457 v _417_/D (sky130_fd_sc_hd__and4_2)
     8    0.025738    0.166893    0.714386    4.727843 v _417_/X (sky130_fd_sc_hd__and4_2)
                                                         _227_ (net)
                      0.166893    0.000762    4.728605 v _428_/A (sky130_fd_sc_hd__and2_2)
     4    0.014943    0.121814    0.484712    5.213317 v _428_/X (sky130_fd_sc_hd__and2_2)
                                                         _234_ (net)
                      0.121814    0.000051    5.213367 v _432_/C (sky130_fd_sc_hd__and3_2)
     2    0.007430    0.093772    0.512268    5.725636 v _432_/X (sky130_fd_sc_hd__and3_2)
                                                         _236_ (net)
                      0.093772    0.000127    5.725763 v _436_/B (sky130_fd_sc_hd__nand2_2)
     2    0.007772    0.093218    0.138198    5.863962 ^ _436_/Y (sky130_fd_sc_hd__nand2_2)
                                                         _239_ (net)
                      0.093218    0.000076    5.864038 ^ _440_/A2 (sky130_fd_sc_hd__a21oi_2)
     1    0.001799    0.055014    0.109051    5.973088 v _440_/Y (sky130_fd_sc_hd__a21oi_2)
                                                         _036_ (net)
                      0.055014    0.000016    5.973104 v hold136/A (sky130_fd_sc_hd__dlygate4sd3_1)
     1    0.002332    0.104707    1.164530    7.137634 v hold136/X (sky130_fd_sc_hd__dlygate4sd3_1)
                                                         net136 (net)
                      0.104707    0.000023    7.137657 v _738_/D (sky130_fd_sc_hd__dfrtp_2)
                                              7.137657   data arrival time

                                 25.000000   25.000000   clock wb_clk_i (rise edge)
                                  0.000000   25.000000   clock source latency
     2    0.147424    1.063065    0.746587   25.746586 ^ wb_clk_i (in)
                                                         wb_clk_i (net)
                      1.073527    0.000000   25.746586 ^ clkbuf_0_wb_clk_i/A (sky130_fd_sc_hd__clkbuf_16)
    17    0.074001    0.154063    0.612493   26.359079 ^ clkbuf_0_wb_clk_i/X (sky130_fd_sc_hd__clkbuf_16)
                                                         clknet_0_wb_clk_i (net)
                      0.154070    0.001169   26.360249 ^ clkbuf_3_6_0_wb_clk_i/A (sky130_fd_sc_hd__clkbuf_8)
    12    0.036041    0.120291    0.293444   26.653692 ^ clkbuf_3_6_0_wb_clk_i/X (sky130_fd_sc_hd__clkbuf_8)
                                                         clknet_3_6_0_wb_clk_i (net)
                      0.120291    0.000458   26.654150 ^ _738_/CLK (sky130_fd_sc_hd__dfrtp_2)
                                 -0.250000   26.404150   clock uncertainty
                                  0.143061   26.547211   clock reconvergence pessimism
                                 -0.277693   26.269520   library setup time
                                             26.269520   data required time
---------------------------------------------------------------------------------------------
                                             26.269520   data required time
                                             -7.137657   data arrival time
---------------------------------------------------------------------------------------------
                                             19.131861   slack (MET)


Startpoint: _697_ (rising edge-triggered flip-flop clocked by wb_clk_i)
Endpoint: _703_ (rising edge-triggered flip-flop clocked by wb_clk_i)
Path Group: wb_clk_i
Path Type: max

Fanout         Cap        Slew       Delay        Time   Description
---------------------------------------------------------------------------------------------
                                  0.000000    0.000000   clock wb_clk_i (rise edge)
                                  0.000000    0.000000   clock source latency
     2    0.147424    1.063065    0.825174    0.825174 ^ wb_clk_i (in)
                                                         wb_clk_i (net)
                      1.073527    0.000000    0.825174 ^ clkbuf_0_wb_clk_i/A (sky130_fd_sc_hd__clkbuf_16)
    17    0.074001    0.154063    0.676967    1.502141 ^ clkbuf_0_wb_clk_i/X (sky130_fd_sc_hd__clkbuf_16)
                                                         clknet_0_wb_clk_i (net)
                      0.154089    0.002080    1.504221 ^ clkbuf_3_1_0_wb_clk_i/A (sky130_fd_sc_hd__clkbuf_8)
    11    0.035047    0.117914    0.322490    1.826712 ^ clkbuf_3_1_0_wb_clk_i/X (sky130_fd_sc_hd__clkbuf_8)
                                                         clknet_3_1_0_wb_clk_i (net)
                      0.117914    0.000264    1.826975 ^ _697_/CLK (sky130_fd_sc_hd__dfrtp_2)
     1    0.002257    0.071376    0.847931    2.674906 v _697_/Q (sky130_fd_sc_hd__dfrtp_2)
                                                         timer.scan_div[3] (net)
                      0.071376    0.000025    2.674931 v hold37/A (sky130_fd_sc_hd__dlygate4sd3_1)
     3    0.013640    0.203892    1.316907    3.991838 v hold37/X (sky130_fd_sc_hd__dlygate4sd3_1)
                                                         net37 (net)
                      0.203892    0.000075    3.991913 v _494_/C (sky130_fd_sc_hd__and4_2)
     6    0.017167    0.137971    0.643156    4.635069 v _494_/X (sky130_fd_sc_hd__and4_2)
                                                         _272_ (net)
                      0.137971    0.000129    4.635199 v _506_/A (sky130_fd_sc_hd__and3_2)
     4    0.011446    0.110555    0.465248    5.100447 v _506_/X (sky130_fd_sc_hd__and3_2)
                                                         _280_ (net)
                      0.110555    0.000117    5.100564 v _508_/B (sky130_fd_sc_hd__and2_2)
     3    0.019768    0.138343    0.528760    5.629324 v _508_/X (sky130_fd_sc_hd__and2_2)
                                                         _281_ (net)
                      0.138343    0.000198    5.629522 v _511_/B (sky130_fd_sc_hd__xor2_2)
     1    0.001991    0.083053    0.285052    5.914574 v _511_/X (sky130_fd_sc_hd__xor2_2)
                                                         _032_ (net)
                      0.083053    0.000020    5.914594 v hold111/A (sky130_fd_sc_hd__dlygate4sd3_1)
     1    0.002372    0.104968    1.178073    7.092667 v hold111/X (sky130_fd_sc_hd__dlygate4sd3_1)
                                                         net111 (net)
                      0.104968    0.000025    7.092692 v _703_/D (sky130_fd_sc_hd__dfrtp_2)
                                              7.092692   data arrival time

                                 25.000000   25.000000   clock wb_clk_i (rise edge)
                                  0.000000   25.000000   clock source latency
     2    0.147424    1.063065    0.746587   25.746586 ^ wb_clk_i (in)
                                                         wb_clk_i (net)
                      1.073527    0.000000   25.746586 ^ clkbuf_0_wb_clk_i/A (sky130_fd_sc_hd__clkbuf_16)
    17    0.074001    0.154063    0.612493   26.359079 ^ clkbuf_0_wb_clk_i/X (sky130_fd_sc_hd__clkbuf_16)
                                                         clknet_0_wb_clk_i (net)
                      0.154103    0.002224   26.361303 ^ clkbuf_3_2_0_wb_clk_i/A (sky130_fd_sc_hd__clkbuf_8)
    11    0.034623    0.116907    0.291033   26.652336 ^ clkbuf_3_2_0_wb_clk_i/X (sky130_fd_sc_hd__clkbuf_8)
                                                         clknet_3_2_0_wb_clk_i (net)
                      0.116907    0.000458   26.652794 ^ _703_/CLK (sky130_fd_sc_hd__dfrtp_2)
                                 -0.250000   26.402796   clock uncertainty
                                  0.143061   26.545856   clock reconvergence pessimism
                                 -0.278705   26.267151   library setup time
                                             26.267151   data required time
---------------------------------------------------------------------------------------------
                                             26.267151   data required time
                                             -7.092692   data arrival time
---------------------------------------------------------------------------------------------
                                             19.174458   slack (MET)


Startpoint: wb_rst_i (input port clocked by wb_clk_i)
Endpoint: _724_ (recovery check against rising-edge clock wb_clk_i)
Path Group: asynchronous
Path Type: max

Fanout         Cap        Slew       Delay        Time   Description
---------------------------------------------------------------------------------------------
                                  0.000000    0.000000   clock wb_clk_i (rise edge)
                                  0.000000    0.000000   clock network delay (propagated)
                                  5.000000    5.000000 v input external delay
     2    0.004739    0.026074    0.016087    5.016087 v wb_rst_i (in)
                                                         wb_rst_i (net)
                      0.026074    0.000000    5.016087 v input1/A (sky130_fd_sc_hd__buf_2)
     5    0.123250    0.530592    0.588063    5.604150 v input1/X (sky130_fd_sc_hd__buf_2)
                                                         net1 (net)
                      0.543458    0.068966    5.673116 v fanout19/A (sky130_fd_sc_hd__clkdlybuf4s25_1)
     2    0.010168    0.162809    0.751682    6.424798 v fanout19/X (sky130_fd_sc_hd__clkdlybuf4s25_1)
                                                         net19 (net)
                      0.162809    0.000073    6.424871 v fanout15/A (sky130_fd_sc_hd__clkdlybuf4s25_1)
     8    0.044020    0.589092    0.947766    7.372637 v fanout15/X (sky130_fd_sc_hd__clkdlybuf4s25_1)
                                                         net15 (net)
                      0.589092    0.000582    7.373219 v _640_/A (sky130_fd_sc_hd__inv_2)
     1    0.004482    0.137953    0.232696    7.605915 ^ _640_/Y (sky130_fd_sc_hd__inv_2)
                                                         _115_ (net)
                      0.137953    0.000056    7.605971 ^ _724_/RESET_B (sky130_fd_sc_hd__dfrtp_2)
                                              7.605971   data arrival time

                                 25.000000   25.000000   clock wb_clk_i (rise edge)
                                  0.000000   25.000000   clock source latency
     2    0.147424    1.063065    0.746587   25.746586 ^ wb_clk_i (in)
                                                         wb_clk_i (net)
                      1.073527    0.000000   25.746586 ^ clkbuf_0_wb_clk_i/A (sky130_fd_sc_hd__clkbuf_16)
    17    0.074001    0.154063    0.612493   26.359079 ^ clkbuf_0_wb_clk_i/X (sky130_fd_sc_hd__clkbuf_16)
                                                         clknet_0_wb_clk_i (net)
                      0.154112    0.002400   26.361479 ^ clkbuf_3_0_0_wb_clk_i/A (sky130_fd_sc_hd__clkbuf_8)
    11    0.033860    0.115090    0.289708   26.651186 ^ clkbuf_3_0_0_wb_clk_i/X (sky130_fd_sc_hd__clkbuf_8)
                                                         clknet_3_0_0_wb_clk_i (net)
                      0.115091    0.000474   26.651661 ^ _724_/CLK (sky130_fd_sc_hd__dfrtp_2)
                                 -0.250000   26.401663   clock uncertainty
                                  0.000000   26.401663   clock reconvergence pessimism
                                  0.430668   26.832331   library recovery time
                                             26.832331   data required time
---------------------------------------------------------------------------------------------
                                             26.832331   data required time
                                             -7.605971   data arrival time
---------------------------------------------------------------------------------------------
                                             19.226360   slack (MET)


Startpoint: wb_rst_i (input port clocked by wb_clk_i)
Endpoint: _723_ (recovery check against rising-edge clock wb_clk_i)
Path Group: asynchronous
Path Type: max

Fanout         Cap        Slew       Delay        Time   Description
---------------------------------------------------------------------------------------------
                                  0.000000    0.000000   clock wb_clk_i (rise edge)
                                  0.000000    0.000000   clock network delay (propagated)
                                  5.000000    5.000000 v input external delay
     2    0.004739    0.026074    0.016087    5.016087 v wb_rst_i (in)
                                                         wb_rst_i (net)
                      0.026074    0.000000    5.016087 v input1/A (sky130_fd_sc_hd__buf_2)
     5    0.123250    0.530592    0.588063    5.604150 v input1/X (sky130_fd_sc_hd__buf_2)
                                                         net1 (net)
                      0.543458    0.068966    5.673116 v fanout19/A (sky130_fd_sc_hd__clkdlybuf4s25_1)
     2    0.010168    0.162809    0.751682    6.424798 v fanout19/X (sky130_fd_sc_hd__clkdlybuf4s25_1)
                                                         net19 (net)
                      0.162809    0.000073    6.424871 v fanout15/A (sky130_fd_sc_hd__clkdlybuf4s25_1)
     8    0.044020    0.589092    0.947766    7.372637 v fanout15/X (sky130_fd_sc_hd__clkdlybuf4s25_1)
                                                         net15 (net)
                      0.589092    0.000097    7.372734 v _639_/A (sky130_fd_sc_hd__inv_2)
     1    0.004051    0.138394    0.224774    7.597508 ^ _639_/Y (sky130_fd_sc_hd__inv_2)
                                                         _114_ (net)
                      0.138394    0.000040    7.597548 ^ _723_/RESET_B (sky130_fd_sc_hd__dfrtp_2)
                                              7.597548   data arrival time

                                 25.000000   25.000000   clock wb_clk_i (rise edge)
                                  0.000000   25.000000   clock source latency
     2    0.147424    1.063065    0.746587   25.746586 ^ wb_clk_i (in)
                                                         wb_clk_i (net)
                      1.073527    0.000000   25.746586 ^ clkbuf_0_wb_clk_i/A (sky130_fd_sc_hd__clkbuf_16)
    17    0.074001    0.154063    0.612493   26.359079 ^ clkbuf_0_wb_clk_i/X (sky130_fd_sc_hd__clkbuf_16)
                                                         clknet_0_wb_clk_i (net)
                      0.154112    0.002400   26.361479 ^ clkbuf_3_0_0_wb_clk_i/A (sky130_fd_sc_hd__clkbuf_8)
    11    0.033860    0.115090    0.289708   26.651186 ^ clkbuf_3_0_0_wb_clk_i/X (sky130_fd_sc_hd__clkbuf_8)
                                                         clknet_3_0_0_wb_clk_i (net)
                      0.115091    0.000554   26.651741 ^ _723_/CLK (sky130_fd_sc_hd__dfrtp_2)
                                 -0.250000   26.401743   clock uncertainty
                                  0.000000   26.401743   clock reconvergence pessimism
                                  0.430480   26.832222   library recovery time
                                             26.832222   data required time
---------------------------------------------------------------------------------------------
                                             26.832222   data required time
                                             -7.597548   data arrival time
---------------------------------------------------------------------------------------------
                                             19.234674   slack (MET)


Startpoint: wb_rst_i (input port clocked by wb_clk_i)
Endpoint: _719_ (recovery check against rising-edge clock wb_clk_i)
Path Group: asynchronous
Path Type: max

Fanout         Cap        Slew       Delay        Time   Description
---------------------------------------------------------------------------------------------
                                  0.000000    0.000000   clock wb_clk_i (rise edge)
                                  0.000000    0.000000   clock network delay (propagated)
                                  5.000000    5.000000 v input external delay
     2    0.004739    0.026074    0.016087    5.016087 v wb_rst_i (in)
                                                         wb_rst_i (net)
                      0.026074    0.000000    5.016087 v input1/A (sky130_fd_sc_hd__buf_2)
     5    0.123250    0.530592    0.588063    5.604150 v input1/X (sky130_fd_sc_hd__buf_2)
                                                         net1 (net)
                      0.543458    0.068966    5.673116 v fanout19/A (sky130_fd_sc_hd__clkdlybuf4s25_1)
     2    0.010168    0.162809    0.751682    6.424798 v fanout19/X (sky130_fd_sc_hd__clkdlybuf4s25_1)
                                                         net19 (net)
                      0.162809    0.000073    6.424871 v fanout15/A (sky130_fd_sc_hd__clkdlybuf4s25_1)
     8    0.044020    0.589092    0.947766    7.372637 v fanout15/X (sky130_fd_sc_hd__clkdlybuf4s25_1)
                                                         net15 (net)
                      0.589092    0.001246    7.373883 v _635_/A (sky130_fd_sc_hd__inv_2)
     1    0.004033    0.138210    0.224435    7.598318 ^ _635_/Y (sky130_fd_sc_hd__inv_2)
                                                         _110_ (net)
                      0.138210    0.000042    7.598360 ^ _719_/RESET_B (sky130_fd_sc_hd__dfrtp_2)
                                              7.598360   data arrival time

                                 25.000000   25.000000   clock wb_clk_i (rise edge)
                                  0.000000   25.000000   clock source latency
     2    0.147424    1.063065    0.746587   25.746586 ^ wb_clk_i (in)
                                                         wb_clk_i (net)
                      1.073527    0.000000   25.746586 ^ clkbuf_0_wb_clk_i/A (sky130_fd_sc_hd__clkbuf_16)
    17    0.074001    0.154063    0.612493   26.359079 ^ clkbuf_0_wb_clk_i/X (sky130_fd_sc_hd__clkbuf_16)
                                                         clknet_0_wb_clk_i (net)
                      0.154103    0.002224   26.361303 ^ clkbuf_3_2_0_wb_clk_i/A (sky130_fd_sc_hd__clkbuf_8)
    11    0.034623    0.116907    0.291033   26.652336 ^ clkbuf_3_2_0_wb_clk_i/X (sky130_fd_sc_hd__clkbuf_8)
                                                         clknet_3_2_0_wb_clk_i (net)
                      0.116907    0.000446   26.652782 ^ _719_/CLK (sky130_fd_sc_hd__dfrtp_2)
                                 -0.250000   26.402782   clock uncertainty
                                  0.000000   26.402782   clock reconvergence pessimism
                                  0.431169   26.833950   library recovery time
                                             26.833950   data required time
---------------------------------------------------------------------------------------------
                                             26.833950   data required time
                                             -7.598360   data arrival time
---------------------------------------------------------------------------------------------
                                             19.235592   slack (MET)


Startpoint: wb_rst_i (input port clocked by wb_clk_i)
Endpoint: _722_ (recovery check against rising-edge clock wb_clk_i)
Path Group: asynchronous
Path Type: max

Fanout         Cap        Slew       Delay        Time   Description
---------------------------------------------------------------------------------------------
                                  0.000000    0.000000   clock wb_clk_i (rise edge)
                                  0.000000    0.000000   clock network delay (propagated)
                                  5.000000    5.000000 v input external delay
     2    0.004739    0.026074    0.016087    5.016087 v wb_rst_i (in)
                                                         wb_rst_i (net)
                      0.026074    0.000000    5.016087 v input1/A (sky130_fd_sc_hd__buf_2)
     5    0.123250    0.530592    0.588063    5.604150 v input1/X (sky130_fd_sc_hd__buf_2)
                                                         net1 (net)
                      0.543458    0.068966    5.673116 v fanout19/A (sky130_fd_sc_hd__clkdlybuf4s25_1)
     2    0.010168    0.162809    0.751682    6.424798 v fanout19/X (sky130_fd_sc_hd__clkdlybuf4s25_1)
                                                         net19 (net)
                      0.162809    0.000073    6.424871 v fanout15/A (sky130_fd_sc_hd__clkdlybuf4s25_1)
     8    0.044020    0.589092    0.947766    7.372637 v fanout15/X (sky130_fd_sc_hd__clkdlybuf4s25_1)
                                                         net15 (net)
                      0.589092    0.000495    7.373132 v _638_/A (sky130_fd_sc_hd__inv_2)
     1    0.003916    0.137042    0.222275    7.595407 ^ _638_/Y (sky130_fd_sc_hd__inv_2)
                                                         _113_ (net)
                      0.137042    0.000039    7.595446 ^ _722_/RESET_B (sky130_fd_sc_hd__dfrtp_2)
                                              7.595446   data arrival time

                                 25.000000   25.000000   clock wb_clk_i (rise edge)
                                  0.000000   25.000000   clock source latency
     2    0.147424    1.063065    0.746587   25.746586 ^ wb_clk_i (in)
                                                         wb_clk_i (net)
                      1.073527    0.000000   25.746586 ^ clkbuf_0_wb_clk_i/A (sky130_fd_sc_hd__clkbuf_16)
    17    0.074001    0.154063    0.612493   26.359079 ^ clkbuf_0_wb_clk_i/X (sky130_fd_sc_hd__clkbuf_16)
                                                         clknet_0_wb_clk_i (net)
                      0.154112    0.002400   26.361479 ^ clkbuf_3_0_0_wb_clk_i/A (sky130_fd_sc_hd__clkbuf_8)
    11    0.033860    0.115090    0.289708   26.651186 ^ clkbuf_3_0_0_wb_clk_i/X (sky130_fd_sc_hd__clkbuf_8)
                                                         clknet_3_0_0_wb_clk_i (net)
                      0.115091    0.000544   26.651730 ^ _722_/CLK (sky130_fd_sc_hd__dfrtp_2)
                                 -0.250000   26.401731   clock uncertainty
                                  0.000000   26.401731   clock reconvergence pessimism
                                  0.431057   26.832787   library recovery time
                                             26.832787   data required time
---------------------------------------------------------------------------------------------
                                             26.832787   data required time
                                             -7.595446   data arrival time
---------------------------------------------------------------------------------------------
                                             19.237341   slack (MET)


Startpoint: wb_rst_i (input port clocked by wb_clk_i)
Endpoint: _718_ (recovery check against rising-edge clock wb_clk_i)
Path Group: asynchronous
Path Type: max

Fanout         Cap        Slew       Delay        Time   Description
---------------------------------------------------------------------------------------------
                                  0.000000    0.000000   clock wb_clk_i (rise edge)
                                  0.000000    0.000000   clock network delay (propagated)
                                  5.000000    5.000000 v input external delay
     2    0.004739    0.026074    0.016087    5.016087 v wb_rst_i (in)
                                                         wb_rst_i (net)
                      0.026074    0.000000    5.016087 v input1/A (sky130_fd_sc_hd__buf_2)
     5    0.123250    0.530592    0.588063    5.604150 v input1/X (sky130_fd_sc_hd__buf_2)
                                                         net1 (net)
                      0.543458    0.068966    5.673116 v fanout19/A (sky130_fd_sc_hd__clkdlybuf4s25_1)
     2    0.010168    0.162809    0.751682    6.424798 v fanout19/X (sky130_fd_sc_hd__clkdlybuf4s25_1)
                                                         net19 (net)
                      0.162809    0.000073    6.424871 v fanout15/A (sky130_fd_sc_hd__clkdlybuf4s25_1)
     8    0.044020    0.589092    0.947766    7.372637 v fanout15/X (sky130_fd_sc_hd__clkdlybuf4s25_1)
                                                         net15 (net)
                      0.589092    0.001167    7.373804 v _634_/A (sky130_fd_sc_hd__inv_2)
     1    0.003562    0.133512    0.215751    7.589555 ^ _634_/Y (sky130_fd_sc_hd__inv_2)
                                                         _109_ (net)
                      0.133512    0.000028    7.589582 ^ _718_/RESET_B (sky130_fd_sc_hd__dfrtp_2)
                                              7.589582   data arrival time

                                 25.000000   25.000000   clock wb_clk_i (rise edge)
                                  0.000000   25.000000   clock source latency
     2    0.147424    1.063065    0.746587   25.746586 ^ wb_clk_i (in)
                                                         wb_clk_i (net)
                      1.073527    0.000000   25.746586 ^ clkbuf_0_wb_clk_i/A (sky130_fd_sc_hd__clkbuf_16)
    17    0.074001    0.154063    0.612493   26.359079 ^ clkbuf_0_wb_clk_i/X (sky130_fd_sc_hd__clkbuf_16)
                                                         clknet_0_wb_clk_i (net)
                      0.154103    0.002224   26.361303 ^ clkbuf_3_2_0_wb_clk_i/A (sky130_fd_sc_hd__clkbuf_8)
    11    0.034623    0.116907    0.291033   26.652336 ^ clkbuf_3_2_0_wb_clk_i/X (sky130_fd_sc_hd__clkbuf_8)
                                                         clknet_3_2_0_wb_clk_i (net)
                      0.116907    0.000369   26.652706 ^ _718_/CLK (sky130_fd_sc_hd__dfrtp_2)
                                 -0.250000   26.402706   clock uncertainty
                                  0.000000   26.402706   clock reconvergence pessimism
                                  0.433171   26.835876   library recovery time
                                             26.835876   data required time
---------------------------------------------------------------------------------------------
                                             26.835876   data required time
                                             -7.589582   data arrival time
---------------------------------------------------------------------------------------------
                                             19.246294   slack (MET)


Startpoint: wb_rst_i (input port clocked by wb_clk_i)
Endpoint: _720_ (recovery check against rising-edge clock wb_clk_i)
Path Group: asynchronous
Path Type: max

Fanout         Cap        Slew       Delay        Time   Description
---------------------------------------------------------------------------------------------
                                  0.000000    0.000000   clock wb_clk_i (rise edge)
                                  0.000000    0.000000   clock network delay (propagated)
                                  5.000000    5.000000 v input external delay
     2    0.004739    0.026074    0.016087    5.016087 v wb_rst_i (in)
                                                         wb_rst_i (net)
                      0.026074    0.000000    5.016087 v input1/A (sky130_fd_sc_hd__buf_2)
     5    0.123250    0.530592    0.588063    5.604150 v input1/X (sky130_fd_sc_hd__buf_2)
                                                         net1 (net)
                      0.543458    0.068966    5.673116 v fanout19/A (sky130_fd_sc_hd__clkdlybuf4s25_1)
     2    0.010168    0.162809    0.751682    6.424798 v fanout19/X (sky130_fd_sc_hd__clkdlybuf4s25_1)
                                                         net19 (net)
                      0.162809    0.000073    6.424871 v fanout15/A (sky130_fd_sc_hd__clkdlybuf4s25_1)
     8    0.044020    0.589092    0.947766    7.372637 v fanout15/X (sky130_fd_sc_hd__clkdlybuf4s25_1)
                                                         net15 (net)
                      0.589092    0.001053    7.373690 v _636_/A (sky130_fd_sc_hd__inv_2)
     1    0.003513    0.133025    0.214852    7.588542 ^ _636_/Y (sky130_fd_sc_hd__inv_2)
                                                         _111_ (net)
                      0.133025    0.000026    7.588568 ^ _720_/RESET_B (sky130_fd_sc_hd__dfrtp_2)
                                              7.588568   data arrival time

                                 25.000000   25.000000   clock wb_clk_i (rise edge)
                                  0.000000   25.000000   clock source latency
     2    0.147424    1.063065    0.746587   25.746586 ^ wb_clk_i (in)
                                                         wb_clk_i (net)
                      1.073527    0.000000   25.746586 ^ clkbuf_0_wb_clk_i/A (sky130_fd_sc_hd__clkbuf_16)
    17    0.074001    0.154063    0.612493   26.359079 ^ clkbuf_0_wb_clk_i/X (sky130_fd_sc_hd__clkbuf_16)
                                                         clknet_0_wb_clk_i (net)
                      0.154103    0.002224   26.361303 ^ clkbuf_3_2_0_wb_clk_i/A (sky130_fd_sc_hd__clkbuf_8)
    11    0.034623    0.116907    0.291033   26.652336 ^ clkbuf_3_2_0_wb_clk_i/X (sky130_fd_sc_hd__clkbuf_8)
                                                         clknet_3_2_0_wb_clk_i (net)
                      0.116907    0.000487   26.652822 ^ _720_/CLK (sky130_fd_sc_hd__dfrtp_2)
                                 -0.250000   26.402824   clock uncertainty
                                  0.000000   26.402824   clock reconvergence pessimism
                                  0.433378   26.836201   library recovery time
                                             26.836201   data required time
---------------------------------------------------------------------------------------------
                                             26.836201   data required time
                                             -7.588568   data arrival time
---------------------------------------------------------------------------------------------
                                             19.247633   slack (MET)


Startpoint: wb_rst_i (input port clocked by wb_clk_i)
Endpoint: _725_ (recovery check against rising-edge clock wb_clk_i)
Path Group: asynchronous
Path Type: max

Fanout         Cap        Slew       Delay        Time   Description
---------------------------------------------------------------------------------------------
                                  0.000000    0.000000   clock wb_clk_i (rise edge)
                                  0.000000    0.000000   clock network delay (propagated)
                                  5.000000    5.000000 v input external delay
     2    0.004739    0.026074    0.016087    5.016087 v wb_rst_i (in)
                                                         wb_rst_i (net)
                      0.026074    0.000000    5.016087 v input1/A (sky130_fd_sc_hd__buf_2)
     5    0.123250    0.530592    0.588063    5.604150 v input1/X (sky130_fd_sc_hd__buf_2)
                                                         net1 (net)
                      0.543458    0.068966    5.673116 v fanout19/A (sky130_fd_sc_hd__clkdlybuf4s25_1)
     2    0.010168    0.162809    0.751682    6.424798 v fanout19/X (sky130_fd_sc_hd__clkdlybuf4s25_1)
                                                         net19 (net)
                      0.162809    0.000073    6.424871 v fanout15/A (sky130_fd_sc_hd__clkdlybuf4s25_1)
     8    0.044020    0.589092    0.947766    7.372637 v fanout15/X (sky130_fd_sc_hd__clkdlybuf4s25_1)
                                                         net15 (net)
                      0.589092    0.000880    7.373517 v _641_/A (sky130_fd_sc_hd__inv_2)
     1    0.003414    0.132039    0.213031    7.586547 ^ _641_/Y (sky130_fd_sc_hd__inv_2)
                                                         _116_ (net)
                      0.132039    0.000024    7.586572 ^ _725_/RESET_B (sky130_fd_sc_hd__dfrtp_2)
                                              7.586572   data arrival time

                                 25.000000   25.000000   clock wb_clk_i (rise edge)
                                  0.000000   25.000000   clock source latency
     2    0.147424    1.063065    0.746587   25.746586 ^ wb_clk_i (in)
                                                         wb_clk_i (net)
                      1.073527    0.000000   25.746586 ^ clkbuf_0_wb_clk_i/A (sky130_fd_sc_hd__clkbuf_16)
    17    0.074001    0.154063    0.612493   26.359079 ^ clkbuf_0_wb_clk_i/X (sky130_fd_sc_hd__clkbuf_16)
                                                         clknet_0_wb_clk_i (net)
                      0.154103    0.002224   26.361303 ^ clkbuf_3_2_0_wb_clk_i/A (sky130_fd_sc_hd__clkbuf_8)
    11    0.034623    0.116907    0.291033   26.652336 ^ clkbuf_3_2_0_wb_clk_i/X (sky130_fd_sc_hd__clkbuf_8)
                                                         clknet_3_2_0_wb_clk_i (net)
                      0.116907    0.000510   26.652845 ^ _725_/CLK (sky130_fd_sc_hd__dfrtp_2)
                                 -0.250000   26.402847   clock uncertainty
                                  0.000000   26.402847   clock reconvergence pessimism
                                  0.433798   26.836645   library recovery time
                                             26.836645   data required time
---------------------------------------------------------------------------------------------
                                             26.836645   data required time
                                             -7.586572   data arrival time
---------------------------------------------------------------------------------------------
                                             19.250074   slack (MET)


Startpoint: _691_ (rising edge-triggered flip-flop clocked by wb_clk_i)
Endpoint: _681_ (rising edge-triggered flip-flop clocked by wb_clk_i)
Path Group: wb_clk_i
Path Type: max

Fanout         Cap        Slew       Delay        Time   Description
---------------------------------------------------------------------------------------------
                                  0.000000    0.000000   clock wb_clk_i (rise edge)
                                  0.000000    0.000000   clock source latency
     2    0.147424    1.063065    0.825174    0.825174 ^ wb_clk_i (in)
                                                         wb_clk_i (net)
                      1.073527    0.000000    0.825174 ^ clkbuf_0_wb_clk_i/A (sky130_fd_sc_hd__clkbuf_16)
    17    0.074001    0.154063    0.676967    1.502141 ^ clkbuf_0_wb_clk_i/X (sky130_fd_sc_hd__clkbuf_16)
                                                         clknet_0_wb_clk_i (net)
                      0.154090    0.002109    1.504251 ^ clkbuf_3_7_0_wb_clk_i/A (sky130_fd_sc_hd__clkbuf_8)
    12    0.034773    0.117264    0.321941    1.826191 ^ clkbuf_3_7_0_wb_clk_i/X (sky130_fd_sc_hd__clkbuf_8)
                                                         clknet_3_7_0_wb_clk_i (net)
                      0.117264    0.000273    1.826464 ^ _691_/CLK (sky130_fd_sc_hd__dfrtp_2)
     4    0.012830    0.122273    0.928727    2.755191 v _691_/Q (sky130_fd_sc_hd__dfrtp_2)
                                                         timer.sec_ones[2] (net)
                      0.122273    0.000026    2.755217 v hold142/A (sky130_fd_sc_hd__dlygate4sd3_1)
     2    0.012176    0.196500    1.327179    4.082396 v hold142/X (sky130_fd_sc_hd__dlygate4sd3_1)
                                                         net142 (net)
                      0.196500    0.000093    4.082489 v _343_/A_N (sky130_fd_sc_hd__and4b_2)
     3    0.009818    0.152941    0.720843    4.803332 ^ _343_/X (sky130_fd_sc_hd__and4b_2)
                                                         _178_ (net)
                      0.152941    0.000091    4.803423 ^ _356_/C (sky130_fd_sc_hd__and4b_2)
     6    0.027392    0.279303    0.714225    5.517648 ^ _356_/X (sky130_fd_sc_hd__and4b_2)
                                                         _186_ (net)
                      0.279303    0.000468    5.518116 ^ _373_/B (sky130_fd_sc_hd__xor2_2)
     1    0.001704    0.087482    0.182679    5.700796 v _373_/X (sky130_fd_sc_hd__xor2_2)
                                                         _156_ (net)
                      0.087482    0.000008    5.700804 v hold145/A (sky130_fd_sc_hd__dlygate4sd3_1)
     1    0.002168    0.102660    1.176706    6.877510 v hold145/X (sky130_fd_sc_hd__dlygate4sd3_1)
                                                         net145 (net)
                      0.102660    0.000020    6.877529 v _681_/D (sky130_fd_sc_hd__dfrtp_2)
                                              6.877529   data arrival time

                                 25.000000   25.000000   clock wb_clk_i (rise edge)
                                  0.000000   25.000000   clock source latency
     2    0.147424    1.063065    0.746587   25.746586 ^ wb_clk_i (in)
                                                         wb_clk_i (net)
                      1.073527    0.000000   25.746586 ^ clkbuf_0_wb_clk_i/A (sky130_fd_sc_hd__clkbuf_16)
    17    0.074001    0.154063    0.612493   26.359079 ^ clkbuf_0_wb_clk_i/X (sky130_fd_sc_hd__clkbuf_16)
                                                         clknet_0_wb_clk_i (net)
                      0.154090    0.001908   26.360987 ^ clkbuf_3_7_0_wb_clk_i/A (sky130_fd_sc_hd__clkbuf_8)
    12    0.034773    0.117264    0.291280   26.652267 ^ clkbuf_3_7_0_wb_clk_i/X (sky130_fd_sc_hd__clkbuf_8)
                                                         clknet_3_7_0_wb_clk_i (net)
                      0.117264    0.000508   26.652775 ^ _681_/CLK (sky130_fd_sc_hd__dfrtp_2)
                                 -0.250000   26.402777   clock uncertainty
                                  0.173923   26.576698   clock reconvergence pessimism
                                 -0.277646   26.299053   library setup time
                                             26.299053   data required time
---------------------------------------------------------------------------------------------
                                             26.299053   data required time
                                             -6.877529   data arrival time
---------------------------------------------------------------------------------------------
                                             19.421524   slack (MET)


Startpoint: _676_ (rising edge-triggered flip-flop clocked by wb_clk_i)
Endpoint: _676_ (rising edge-triggered flip-flop clocked by wb_clk_i)
Path Group: wb_clk_i
Path Type: max

Fanout         Cap        Slew       Delay        Time   Description
---------------------------------------------------------------------------------------------
                                  0.000000    0.000000   clock wb_clk_i (rise edge)
                                  0.000000    0.000000   clock source latency
     2    0.147424    1.063065    0.825174    0.825174 ^ wb_clk_i (in)
                                                         wb_clk_i (net)
                      1.073527    0.000000    0.825174 ^ clkbuf_0_wb_clk_i/A (sky130_fd_sc_hd__clkbuf_16)
    17    0.074001    0.154063    0.676967    1.502141 ^ clkbuf_0_wb_clk_i/X (sky130_fd_sc_hd__clkbuf_16)
                                                         clknet_0_wb_clk_i (net)
                      0.154075    0.001578    1.503719 ^ clkbuf_3_4_0_wb_clk_i/A (sky130_fd_sc_hd__clkbuf_8)
    11    0.035340    0.118617    0.323034    1.826753 ^ clkbuf_3_4_0_wb_clk_i/X (sky130_fd_sc_hd__clkbuf_8)
                                                         clknet_3_4_0_wb_clk_i (net)
                      0.118617    0.000408    1.827161 ^ _676_/CLK (sky130_fd_sc_hd__dfrtp_2)
     9    0.033408    0.204547    1.027035    2.854196 v _676_/Q (sky130_fd_sc_hd__dfrtp_2)
                                                         timer.dig_cnt[1] (net)
                      0.204547    0.000181    2.854377 v hold150/A (sky130_fd_sc_hd__dlygate4sd3_1)
     2    0.008798    0.163840    1.328771    4.183147 v hold150/X (sky130_fd_sc_hd__dlygate4sd3_1)
                                                         net150 (net)
                      0.163840    0.000125    4.183272 v _385_/B (sky130_fd_sc_hd__nand2b_2)
    11    0.075881    0.606706    0.546609    4.729881 ^ _385_/Y (sky130_fd_sc_hd__nand2b_2)
                                                         net5 (net)
                      0.606709    0.001231    4.731112 ^ _386_/B (sky130_fd_sc_hd__nand2_2)
     1    0.003056    0.148749    0.246247    4.977360 v _386_/Y (sky130_fd_sc_hd__nand2_2)
                                                         _203_ (net)
                      0.148749    0.000044    4.977403 v _387_/A1 (sky130_fd_sc_hd__mux2_1)
     1    0.002720    0.109452    0.712865    5.690268 v _387_/X (sky130_fd_sc_hd__mux2_1)
                                                         _151_ (net)
                      0.109452    0.000036    5.690303 v hold151/A (sky130_fd_sc_hd__dlygate4sd3_1)
     1    0.002154    0.102544    1.187673    6.877976 v hold151/X (sky130_fd_sc_hd__dlygate4sd3_1)
                                                         net151 (net)
                      0.102544    0.000020    6.877996 v _676_/D (sky130_fd_sc_hd__dfrtp_2)
                                              6.877996   data arrival time

                                 25.000000   25.000000   clock wb_clk_i (rise edge)
                                  0.000000   25.000000   clock source latency
     2    0.147424    1.063065    0.746587   25.746586 ^ wb_clk_i (in)
                                                         wb_clk_i (net)
                      1.073527    0.000000   25.746586 ^ clkbuf_0_wb_clk_i/A (sky130_fd_sc_hd__clkbuf_16)
    17    0.074001    0.154063    0.612493   26.359079 ^ clkbuf_0_wb_clk_i/X (sky130_fd_sc_hd__clkbuf_16)
                                                         clknet_0_wb_clk_i (net)
                      0.154075    0.001428   26.360508 ^ clkbuf_3_4_0_wb_clk_i/A (sky130_fd_sc_hd__clkbuf_8)
    11    0.035340    0.118617    0.292269   26.652777 ^ clkbuf_3_4_0_wb_clk_i/X (sky130_fd_sc_hd__clkbuf_8)
                                                         clknet_3_4_0_wb_clk_i (net)
                      0.118617    0.000368   26.653145 ^ _676_/CLK (sky130_fd_sc_hd__dfrtp_2)
                                 -0.250000   26.403145   clock uncertainty
                                  0.174015   26.577160   clock reconvergence pessimism
                                 -0.277237   26.299925   library setup time
                                             26.299925   data required time
---------------------------------------------------------------------------------------------
                                             26.299925   data required time
                                             -6.877996   data arrival time
---------------------------------------------------------------------------------------------
                                             19.421928   slack (MET)


Startpoint: wb_rst_i (input port clocked by wb_clk_i)
Endpoint: _689_ (recovery check against rising-edge clock wb_clk_i)
Path Group: asynchronous
Path Type: max

Fanout         Cap        Slew       Delay        Time   Description
---------------------------------------------------------------------------------------------
                                  0.000000    0.000000   clock wb_clk_i (rise edge)
                                  0.000000    0.000000   clock network delay (propagated)
                                  5.000000    5.000000 v input external delay
     2    0.004739    0.026074    0.016087    5.016087 v wb_rst_i (in)
                                                         wb_rst_i (net)
                      0.026074    0.000000    5.016087 v input1/A (sky130_fd_sc_hd__buf_2)
     5    0.123250    0.530592    0.588063    5.604150 v input1/X (sky130_fd_sc_hd__buf_2)
                                                         net1 (net)
                      0.544132    0.070658    5.674808 v fanout25/A (sky130_fd_sc_hd__clkdlybuf4s25_1)
     8    0.040183    0.540400    1.054233    6.729041 v fanout25/X (sky130_fd_sc_hd__clkdlybuf4s25_1)
                                                         net25 (net)
                      0.540400    0.001436    6.730476 v load_slew26/A (sky130_fd_sc_hd__buf_4)
    15    0.057906    0.151517    0.594232    7.324708 v load_slew26/X (sky130_fd_sc_hd__buf_4)
                                                         net26 (net)
                      0.151603    0.003504    7.328212 v _605_/A (sky130_fd_sc_hd__inv_2)
     1    0.003648    0.055635    0.106600    7.434812 ^ _605_/Y (sky130_fd_sc_hd__inv_2)
                                                         _080_ (net)
                      0.055635    0.000030    7.434842 ^ _689_/RESET_B (sky130_fd_sc_hd__dfrtp_2)
                                              7.434842   data arrival time

                                 25.000000   25.000000   clock wb_clk_i (rise edge)
                                  0.000000   25.000000   clock source latency
     2    0.147424    1.063065    0.746587   25.746586 ^ wb_clk_i (in)
                                                         wb_clk_i (net)
                      1.073527    0.000000   25.746586 ^ clkbuf_0_wb_clk_i/A (sky130_fd_sc_hd__clkbuf_16)
    17    0.074001    0.154063    0.612493   26.359079 ^ clkbuf_0_wb_clk_i/X (sky130_fd_sc_hd__clkbuf_16)
                                                         clknet_0_wb_clk_i (net)
                      0.154090    0.001908   26.360987 ^ clkbuf_3_7_0_wb_clk_i/A (sky130_fd_sc_hd__clkbuf_8)
    12    0.034773    0.117264    0.291280   26.652267 ^ clkbuf_3_7_0_wb_clk_i/X (sky130_fd_sc_hd__clkbuf_8)
                                                         clknet_3_7_0_wb_clk_i (net)
                      0.117264    0.000375   26.652641 ^ _689_/CLK (sky130_fd_sc_hd__dfrtp_2)
                                 -0.250000   26.402643   clock uncertainty
                                  0.000000   26.402643   clock reconvergence pessimism
                                  0.466465   26.869108   library recovery time
                                             26.869108   data required time
---------------------------------------------------------------------------------------------
                                             26.869108   data required time
                                             -7.434842   data arrival time
---------------------------------------------------------------------------------------------
                                             19.434267   slack (MET)


Startpoint: wb_rst_i (input port clocked by wb_clk_i)
Endpoint: _692_ (recovery check against rising-edge clock wb_clk_i)
Path Group: asynchronous
Path Type: max

Fanout         Cap        Slew       Delay        Time   Description
---------------------------------------------------------------------------------------------
                                  0.000000    0.000000   clock wb_clk_i (rise edge)
                                  0.000000    0.000000   clock network delay (propagated)
                                  5.000000    5.000000 v input external delay
     2    0.004739    0.026074    0.016087    5.016087 v wb_rst_i (in)
                                                         wb_rst_i (net)
                      0.026074    0.000000    5.016087 v input1/A (sky130_fd_sc_hd__buf_2)
     5    0.123250    0.530592    0.588063    5.604150 v input1/X (sky130_fd_sc_hd__buf_2)
                                                         net1 (net)
                      0.544132    0.070658    5.674808 v fanout25/A (sky130_fd_sc_hd__clkdlybuf4s25_1)
     8    0.040183    0.540400    1.054233    6.729041 v fanout25/X (sky130_fd_sc_hd__clkdlybuf4s25_1)
                                                         net25 (net)
                      0.540400    0.001436    6.730476 v load_slew26/A (sky130_fd_sc_hd__buf_4)
    15    0.057906    0.151517    0.594232    7.324708 v load_slew26/X (sky130_fd_sc_hd__buf_4)
                                                         net26 (net)
                      0.151598    0.003430    7.328138 v _608_/A (sky130_fd_sc_hd__inv_2)
     1    0.003609    0.055418    0.106296    7.434434 ^ _608_/Y (sky130_fd_sc_hd__inv_2)
                                                         _083_ (net)
                      0.055418    0.000029    7.434464 ^ _692_/RESET_B (sky130_fd_sc_hd__dfrtp_2)
                                              7.434464   data arrival time

                                 25.000000   25.000000   clock wb_clk_i (rise edge)
                                  0.000000   25.000000   clock source latency
     2    0.147424    1.063065    0.746587   25.746586 ^ wb_clk_i (in)
                                                         wb_clk_i (net)
                      1.073527    0.000000   25.746586 ^ clkbuf_0_wb_clk_i/A (sky130_fd_sc_hd__clkbuf_16)
    17    0.074001    0.154063    0.612493   26.359079 ^ clkbuf_0_wb_clk_i/X (sky130_fd_sc_hd__clkbuf_16)
                                                         clknet_0_wb_clk_i (net)
                      0.154090    0.001908   26.360987 ^ clkbuf_3_7_0_wb_clk_i/A (sky130_fd_sc_hd__clkbuf_8)
    12    0.034773    0.117264    0.291280   26.652267 ^ clkbuf_3_7_0_wb_clk_i/X (sky130_fd_sc_hd__clkbuf_8)
                                                         clknet_3_7_0_wb_clk_i (net)
                      0.117264    0.000295   26.652561 ^ _692_/CLK (sky130_fd_sc_hd__dfrtp_2)
                                 -0.250000   26.402563   clock uncertainty
                                  0.000000   26.402563   clock reconvergence pessimism
                                  0.466558   26.869122   library recovery time
                                             26.869122   data required time
---------------------------------------------------------------------------------------------
                                             26.869122   data required time
                                             -7.434464   data arrival time
---------------------------------------------------------------------------------------------
                                             19.434658   slack (MET)


Startpoint: wb_rst_i (input port clocked by wb_clk_i)
Endpoint: _690_ (recovery check against rising-edge clock wb_clk_i)
Path Group: asynchronous
Path Type: max

Fanout         Cap        Slew       Delay        Time   Description
---------------------------------------------------------------------------------------------
                                  0.000000    0.000000   clock wb_clk_i (rise edge)
                                  0.000000    0.000000   clock network delay (propagated)
                                  5.000000    5.000000 v input external delay
     2    0.004739    0.026074    0.016087    5.016087 v wb_rst_i (in)
                                                         wb_rst_i (net)
                      0.026074    0.000000    5.016087 v input1/A (sky130_fd_sc_hd__buf_2)
     5    0.123250    0.530592    0.588063    5.604150 v input1/X (sky130_fd_sc_hd__buf_2)
                                                         net1 (net)
                      0.544132    0.070658    5.674808 v fanout25/A (sky130_fd_sc_hd__clkdlybuf4s25_1)
     8    0.040183    0.540400    1.054233    6.729041 v fanout25/X (sky130_fd_sc_hd__clkdlybuf4s25_1)
                                                         net25 (net)
                      0.540400    0.001436    6.730476 v load_slew26/A (sky130_fd_sc_hd__buf_4)
    15    0.057906    0.151517    0.594232    7.324708 v load_slew26/X (sky130_fd_sc_hd__buf_4)
                                                         net26 (net)
                      0.151627    0.003918    7.328626 v _606_/A (sky130_fd_sc_hd__inv_2)
     1    0.003462    0.054622    0.105166    7.433792 ^ _606_/Y (sky130_fd_sc_hd__inv_2)
                                                         _081_ (net)
                      0.054622    0.000024    7.433816 ^ _690_/RESET_B (sky130_fd_sc_hd__dfrtp_2)
                                              7.433816   data arrival time

                                 25.000000   25.000000   clock wb_clk_i (rise edge)
                                  0.000000   25.000000   clock source latency
     2    0.147424    1.063065    0.746587   25.746586 ^ wb_clk_i (in)
                                                         wb_clk_i (net)
                      1.073527    0.000000   25.746586 ^ clkbuf_0_wb_clk_i/A (sky130_fd_sc_hd__clkbuf_16)
    17    0.074001    0.154063    0.612493   26.359079 ^ clkbuf_0_wb_clk_i/X (sky130_fd_sc_hd__clkbuf_16)
                                                         clknet_0_wb_clk_i (net)
                      0.154090    0.001908   26.360987 ^ clkbuf_3_7_0_wb_clk_i/A (sky130_fd_sc_hd__clkbuf_8)
    12    0.034773    0.117264    0.291280   26.652267 ^ clkbuf_3_7_0_wb_clk_i/X (sky130_fd_sc_hd__clkbuf_8)
                                                         clknet_3_7_0_wb_clk_i (net)
                      0.117264    0.000503   26.652769 ^ _690_/CLK (sky130_fd_sc_hd__dfrtp_2)
                                 -0.250000   26.402771   clock uncertainty
                                  0.000000   26.402771   clock reconvergence pessimism
                                  0.466897   26.869669   library recovery time
                                             26.869669   data required time
---------------------------------------------------------------------------------------------
                                             26.869669   data required time
                                             -7.433816   data arrival time
---------------------------------------------------------------------------------------------
                                             19.435852   slack (MET)


Startpoint: wb_rst_i (input port clocked by wb_clk_i)
Endpoint: _683_ (recovery check against rising-edge clock wb_clk_i)
Path Group: asynchronous
Path Type: max

Fanout         Cap        Slew       Delay        Time   Description
---------------------------------------------------------------------------------------------
                                  0.000000    0.000000   clock wb_clk_i (rise edge)
                                  0.000000    0.000000   clock network delay (propagated)
                                  5.000000    5.000000 v input external delay
     2    0.004739    0.026074    0.016087    5.016087 v wb_rst_i (in)
                                                         wb_rst_i (net)
                      0.026074    0.000000    5.016087 v input1/A (sky130_fd_sc_hd__buf_2)
     5    0.123250    0.530592    0.588063    5.604150 v input1/X (sky130_fd_sc_hd__buf_2)
                                                         net1 (net)
                      0.544132    0.070658    5.674808 v fanout25/A (sky130_fd_sc_hd__clkdlybuf4s25_1)
     8    0.040183    0.540400    1.054233    6.729041 v fanout25/X (sky130_fd_sc_hd__clkdlybuf4s25_1)
                                                         net25 (net)
                      0.540400    0.001436    6.730476 v load_slew26/A (sky130_fd_sc_hd__buf_4)
    15    0.057906    0.151517    0.594232    7.324708 v load_slew26/X (sky130_fd_sc_hd__buf_4)
                                                         net26 (net)
                      0.151649    0.004239    7.328948 v _599_/A (sky130_fd_sc_hd__inv_2)
     1    0.003700    0.055930    0.107014    7.435961 ^ _599_/Y (sky130_fd_sc_hd__inv_2)
                                                         _074_ (net)
                      0.055930    0.000030    7.435991 ^ _683_/RESET_B (sky130_fd_sc_hd__dfrtp_2)
                                              7.435991   data arrival time

                                 25.000000   25.000000   clock wb_clk_i (rise edge)
                                  0.000000   25.000000   clock source latency
     2    0.147424    1.063065    0.746587   25.746586 ^ wb_clk_i (in)
                                                         wb_clk_i (net)
                      1.073527    0.000000   25.746586 ^ clkbuf_0_wb_clk_i/A (sky130_fd_sc_hd__clkbuf_16)
    17    0.074001    0.154063    0.612493   26.359079 ^ clkbuf_0_wb_clk_i/X (sky130_fd_sc_hd__clkbuf_16)
                                                         clknet_0_wb_clk_i (net)
                      0.154096    0.002039   26.361118 ^ clkbuf_3_5_0_wb_clk_i/A (sky130_fd_sc_hd__clkbuf_8)
    11    0.036399    0.121134    0.294202   26.655321 ^ clkbuf_3_5_0_wb_clk_i/X (sky130_fd_sc_hd__clkbuf_8)
                                                         clknet_3_5_0_wb_clk_i (net)
                      0.121134    0.000430   26.655750 ^ _683_/CLK (sky130_fd_sc_hd__dfrtp_2)
                                 -0.250000   26.405750   clock uncertainty
                                  0.000000   26.405750   clock reconvergence pessimism
                                  0.467631   26.873383   library recovery time
                                             26.873383   data required time
---------------------------------------------------------------------------------------------
                                             26.873383   data required time
                                             -7.435991   data arrival time
---------------------------------------------------------------------------------------------
                                             19.437391   slack (MET)


Startpoint: wb_rst_i (input port clocked by wb_clk_i)
Endpoint: _685_ (recovery check against rising-edge clock wb_clk_i)
Path Group: asynchronous
Path Type: max

Fanout         Cap        Slew       Delay        Time   Description
---------------------------------------------------------------------------------------------
                                  0.000000    0.000000   clock wb_clk_i (rise edge)
                                  0.000000    0.000000   clock network delay (propagated)
                                  5.000000    5.000000 v input external delay
     2    0.004739    0.026074    0.016087    5.016087 v wb_rst_i (in)
                                                         wb_rst_i (net)
                      0.026074    0.000000    5.016087 v input1/A (sky130_fd_sc_hd__buf_2)
     5    0.123250    0.530592    0.588063    5.604150 v input1/X (sky130_fd_sc_hd__buf_2)
                                                         net1 (net)
                      0.544132    0.070658    5.674808 v fanout25/A (sky130_fd_sc_hd__clkdlybuf4s25_1)
     8    0.040183    0.540400    1.054233    6.729041 v fanout25/X (sky130_fd_sc_hd__clkdlybuf4s25_1)
                                                         net25 (net)
                      0.540400    0.001436    6.730476 v load_slew26/A (sky130_fd_sc_hd__buf_4)
    15    0.057906    0.151517    0.594232    7.324708 v load_slew26/X (sky130_fd_sc_hd__buf_4)
                                                         net26 (net)
                      0.151590    0.003263    7.327971 v _601_/A (sky130_fd_sc_hd__inv_2)
     1    0.003700    0.055922    0.106995    7.434966 ^ _601_/Y (sky130_fd_sc_hd__inv_2)
                                                         _076_ (net)
                      0.055922    0.000032    7.434998 ^ _685_/RESET_B (sky130_fd_sc_hd__dfrtp_2)
                                              7.434998   data arrival time

                                 25.000000   25.000000   clock wb_clk_i (rise edge)
                                  0.000000   25.000000   clock source latency
     2    0.147424    1.063065    0.746587   25.746586 ^ wb_clk_i (in)
                                                         wb_clk_i (net)
                      1.073527    0.000000   25.746586 ^ clkbuf_0_wb_clk_i/A (sky130_fd_sc_hd__clkbuf_16)
    17    0.074001    0.154063    0.612493   26.359079 ^ clkbuf_0_wb_clk_i/X (sky130_fd_sc_hd__clkbuf_16)
                                                         clknet_0_wb_clk_i (net)
                      0.154096    0.002039   26.361118 ^ clkbuf_3_5_0_wb_clk_i/A (sky130_fd_sc_hd__clkbuf_8)
    11    0.036399    0.121134    0.294202   26.655321 ^ clkbuf_3_5_0_wb_clk_i/X (sky130_fd_sc_hd__clkbuf_8)
                                                         clknet_3_5_0_wb_clk_i (net)
                      0.121134    0.000298   26.655619 ^ _685_/CLK (sky130_fd_sc_hd__dfrtp_2)
                                 -0.250000   26.405621   clock uncertainty
                                  0.000000   26.405621   clock reconvergence pessimism
                                  0.467635   26.873255   library recovery time
                                             26.873255   data required time
---------------------------------------------------------------------------------------------
                                             26.873255   data required time
                                             -7.434998   data arrival time
---------------------------------------------------------------------------------------------
                                             19.438255   slack (MET)


Startpoint: wb_rst_i (input port clocked by wb_clk_i)
Endpoint: _684_ (recovery check against rising-edge clock wb_clk_i)
Path Group: asynchronous
Path Type: max

Fanout         Cap        Slew       Delay        Time   Description
---------------------------------------------------------------------------------------------
                                  0.000000    0.000000   clock wb_clk_i (rise edge)
                                  0.000000    0.000000   clock network delay (propagated)
                                  5.000000    5.000000 v input external delay
     2    0.004739    0.026074    0.016087    5.016087 v wb_rst_i (in)
                                                         wb_rst_i (net)
                      0.026074    0.000000    5.016087 v input1/A (sky130_fd_sc_hd__buf_2)
     5    0.123250    0.530592    0.588063    5.604150 v input1/X (sky130_fd_sc_hd__buf_2)
                                                         net1 (net)
                      0.544132    0.070658    5.674808 v fanout25/A (sky130_fd_sc_hd__clkdlybuf4s25_1)
     8    0.040183    0.540400    1.054233    6.729041 v fanout25/X (sky130_fd_sc_hd__clkdlybuf4s25_1)
                                                         net25 (net)
                      0.540400    0.001436    6.730476 v load_slew26/A (sky130_fd_sc_hd__buf_4)
    15    0.057906    0.151517    0.594232    7.324708 v load_slew26/X (sky130_fd_sc_hd__buf_4)
                                                         net26 (net)
                      0.151657    0.004358    7.329066 v _600_/A (sky130_fd_sc_hd__inv_2)
     1    0.003466    0.054655    0.105215    7.434282 ^ _600_/Y (sky130_fd_sc_hd__inv_2)
                                                         _075_ (net)
                      0.054655    0.000024    7.434306 ^ _684_/RESET_B (sky130_fd_sc_hd__dfrtp_2)
                                              7.434306   data arrival time

                                 25.000000   25.000000   clock wb_clk_i (rise edge)
                                  0.000000   25.000000   clock source latency
     2    0.147424    1.063065    0.746587   25.746586 ^ wb_clk_i (in)
                                                         wb_clk_i (net)
                      1.073527    0.000000   25.746586 ^ clkbuf_0_wb_clk_i/A (sky130_fd_sc_hd__clkbuf_16)
    17    0.074001    0.154063    0.612493   26.359079 ^ clkbuf_0_wb_clk_i/X (sky130_fd_sc_hd__clkbuf_16)
                                                         clknet_0_wb_clk_i (net)
                      0.154096    0.002039   26.361118 ^ clkbuf_3_5_0_wb_clk_i/A (sky130_fd_sc_hd__clkbuf_8)
    11    0.036399    0.121134    0.294202   26.655321 ^ clkbuf_3_5_0_wb_clk_i/X (sky130_fd_sc_hd__clkbuf_8)
                                                         clknet_3_5_0_wb_clk_i (net)
                      0.121134    0.000428   26.655748 ^ _684_/CLK (sky130_fd_sc_hd__dfrtp_2)
                                 -0.250000   26.405750   clock uncertainty
                                  0.000000   26.405750   clock reconvergence pessimism
                                  0.468174   26.873924   library recovery time
                                             26.873924   data required time
---------------------------------------------------------------------------------------------
                                             26.873924   data required time
                                             -7.434306   data arrival time
---------------------------------------------------------------------------------------------
                                             19.439619   slack (MET)


Startpoint: _729_ (rising edge-triggered flip-flop clocked by wb_clk_i)
Endpoint: _742_ (rising edge-triggered flip-flop clocked by wb_clk_i)
Path Group: wb_clk_i
Path Type: max

Fanout         Cap        Slew       Delay        Time   Description
---------------------------------------------------------------------------------------------
                                  0.000000    0.000000   clock wb_clk_i (rise edge)
                                  0.000000    0.000000   clock source latency
     2    0.147424    1.063065    0.825174    0.825174 ^ wb_clk_i (in)
                                                         wb_clk_i (net)
                      1.073527    0.000000    0.825174 ^ clkbuf_0_wb_clk_i/A (sky130_fd_sc_hd__clkbuf_16)
    17    0.074001    0.154063    0.676967    1.502141 ^ clkbuf_0_wb_clk_i/X (sky130_fd_sc_hd__clkbuf_16)
                                                         clknet_0_wb_clk_i (net)
                      0.154090    0.002109    1.504251 ^ clkbuf_3_7_0_wb_clk_i/A (sky130_fd_sc_hd__clkbuf_8)
    12    0.034773    0.117264    0.321941    1.826191 ^ clkbuf_3_7_0_wb_clk_i/X (sky130_fd_sc_hd__clkbuf_8)
                                                         clknet_3_7_0_wb_clk_i (net)
                      0.117264    0.000370    1.826561 ^ _729_/CLK (sky130_fd_sc_hd__dfrtp_2)
     1    0.002110    0.065209    0.722242    2.548803 ^ _729_/Q (sky130_fd_sc_hd__dfrtp_2)
                                                         timer.sec_div[2] (net)
                      0.065209    0.000021    2.548823 ^ hold59/A (sky130_fd_sc_hd__dlygate4sd3_1)
     4    0.017757    0.301991    1.277704    3.826528 ^ hold59/X (sky130_fd_sc_hd__dlygate4sd3_1)
                                                         net59 (net)
                      0.301991    0.000140    3.826668 ^ _417_/D (sky130_fd_sc_hd__and4_2)
     8    0.027043    0.277460    0.768023    4.594690 ^ _417_/X (sky130_fd_sc_hd__and4_2)
                                                         _227_ (net)
                      0.277460    0.000748    4.595439 ^ _445_/A (sky130_fd_sc_hd__and4_2)
     9    0.032773    0.320028    0.755807    5.351246 ^ _445_/X (sky130_fd_sc_hd__and4_2)
                                                         _245_ (net)
                      0.320028    0.000711    5.351957 ^ _448_/A2 (sky130_fd_sc_hd__a21oi_2)
     1    0.001870    0.084932    0.186384    5.538341 v _448_/Y (sky130_fd_sc_hd__a21oi_2)
                                                         _246_ (net)
                      0.084932    0.000017    5.538358 v hold104/A (sky130_fd_sc_hd__dlygate4sd3_1)
     1    0.004877    0.127512    1.220782    6.759140 v hold104/X (sky130_fd_sc_hd__dlygate4sd3_1)
                                                         net104 (net)
                      0.127512    0.000056    6.759196 v _451_/A (sky130_fd_sc_hd__nor2_2)
     1    0.002862    0.102890    0.190613    6.949809 ^ _451_/Y (sky130_fd_sc_hd__nor2_2)
                                                         _040_ (net)
                      0.102890    0.000037    6.949846 ^ _742_/D (sky130_fd_sc_hd__dfrtp_2)
                                              6.949846   data arrival time

                                 25.000000   25.000000   clock wb_clk_i (rise edge)
                                  0.000000   25.000000   clock source latency
     2    0.147424    1.063065    0.746587   25.746586 ^ wb_clk_i (in)
                                                         wb_clk_i (net)
                      1.073527    0.000000   25.746586 ^ clkbuf_0_wb_clk_i/A (sky130_fd_sc_hd__clkbuf_16)
    17    0.074001    0.154063    0.612493   26.359079 ^ clkbuf_0_wb_clk_i/X (sky130_fd_sc_hd__clkbuf_16)
                                                         clknet_0_wb_clk_i (net)
                      0.154075    0.001428   26.360508 ^ clkbuf_3_4_0_wb_clk_i/A (sky130_fd_sc_hd__clkbuf_8)
    11    0.035340    0.118617    0.292269   26.652777 ^ clkbuf_3_4_0_wb_clk_i/X (sky130_fd_sc_hd__clkbuf_8)
                                                         clknet_3_4_0_wb_clk_i (net)
                      0.118617    0.000378   26.653154 ^ _742_/CLK (sky130_fd_sc_hd__dfrtp_2)
                                 -0.250000   26.403156   clock uncertainty
                                  0.143061   26.546217   clock reconvergence pessimism
                                 -0.138128   26.408089   library setup time
                                             26.408089   data required time
---------------------------------------------------------------------------------------------
                                             26.408089   data required time
                                             -6.949846   data arrival time
---------------------------------------------------------------------------------------------
                                             19.458242   slack (MET)


Startpoint: _729_ (rising edge-triggered flip-flop clocked by wb_clk_i)
Endpoint: _741_ (rising edge-triggered flip-flop clocked by wb_clk_i)
Path Group: wb_clk_i
Path Type: max

Fanout         Cap        Slew       Delay        Time   Description
---------------------------------------------------------------------------------------------
                                  0.000000    0.000000   clock wb_clk_i (rise edge)
                                  0.000000    0.000000   clock source latency
     2    0.147424    1.063065    0.825174    0.825174 ^ wb_clk_i (in)
                                                         wb_clk_i (net)
                      1.073527    0.000000    0.825174 ^ clkbuf_0_wb_clk_i/A (sky130_fd_sc_hd__clkbuf_16)
    17    0.074001    0.154063    0.676967    1.502141 ^ clkbuf_0_wb_clk_i/X (sky130_fd_sc_hd__clkbuf_16)
                                                         clknet_0_wb_clk_i (net)
                      0.154090    0.002109    1.504251 ^ clkbuf_3_7_0_wb_clk_i/A (sky130_fd_sc_hd__clkbuf_8)
    12    0.034773    0.117264    0.321941    1.826191 ^ clkbuf_3_7_0_wb_clk_i/X (sky130_fd_sc_hd__clkbuf_8)
                                                         clknet_3_7_0_wb_clk_i (net)
                      0.117264    0.000370    1.826561 ^ _729_/CLK (sky130_fd_sc_hd__dfrtp_2)
     1    0.001992    0.070089    0.844856    2.671417 v _729_/Q (sky130_fd_sc_hd__dfrtp_2)
                                                         timer.sec_div[2] (net)
                      0.070089    0.000020    2.671437 v hold59/A (sky130_fd_sc_hd__dlygate4sd3_1)
     4    0.016717    0.228200    1.341887    4.013324 v hold59/X (sky130_fd_sc_hd__dlygate4sd3_1)
                                                         net59 (net)
                      0.228200    0.000133    4.013457 v _417_/D (sky130_fd_sc_hd__and4_2)
     8    0.025738    0.166893    0.714386    4.727843 v _417_/X (sky130_fd_sc_hd__and4_2)
                                                         _227_ (net)
                      0.166893    0.000719    4.728562 v _445_/A (sky130_fd_sc_hd__and4_2)
     9    0.031580    0.188812    0.579424    5.307986 v _445_/X (sky130_fd_sc_hd__and4_2)
                                                         _245_ (net)
                      0.188812    0.000878    5.308865 v _447_/B (sky130_fd_sc_hd__xor2_2)
     1    0.001670    0.092880    0.304480    5.613344 v _447_/X (sky130_fd_sc_hd__xor2_2)
                                                         _039_ (net)
                      0.092880    0.000007    5.613351 v hold88/A (sky130_fd_sc_hd__dlygate4sd3_1)
     1    0.002329    0.104501    1.182317    6.795668 v hold88/X (sky130_fd_sc_hd__dlygate4sd3_1)
                                                         net88 (net)
                      0.104501    0.000023    6.795691 v _741_/D (sky130_fd_sc_hd__dfrtp_2)
                                              6.795691   data arrival time

                                 25.000000   25.000000   clock wb_clk_i (rise edge)
                                  0.000000   25.000000   clock source latency
     2    0.147424    1.063065    0.746587   25.746586 ^ wb_clk_i (in)
                                                         wb_clk_i (net)
                      1.073527    0.000000   25.746586 ^ clkbuf_0_wb_clk_i/A (sky130_fd_sc_hd__clkbuf_16)
    17    0.074001    0.154063    0.612493   26.359079 ^ clkbuf_0_wb_clk_i/X (sky130_fd_sc_hd__clkbuf_16)
                                                         clknet_0_wb_clk_i (net)
                      0.154070    0.001169   26.360249 ^ clkbuf_3_6_0_wb_clk_i/A (sky130_fd_sc_hd__clkbuf_8)
    12    0.036041    0.120291    0.293444   26.653692 ^ clkbuf_3_6_0_wb_clk_i/X (sky130_fd_sc_hd__clkbuf_8)
                                                         clknet_3_6_0_wb_clk_i (net)
                      0.120292    0.000561   26.654253 ^ _741_/CLK (sky130_fd_sc_hd__dfrtp_2)
                                 -0.250000   26.404253   clock uncertainty
                                  0.143061   26.547314   clock reconvergence pessimism
                                 -0.277607   26.269707   library setup time
                                             26.269707   data required time
---------------------------------------------------------------------------------------------
                                             26.269707   data required time
                                             -6.795691   data arrival time
---------------------------------------------------------------------------------------------
                                             19.474016   slack (MET)


Startpoint: _729_ (rising edge-triggered flip-flop clocked by wb_clk_i)
Endpoint: _754_ (rising edge-triggered flip-flop clocked by wb_clk_i)
Path Group: wb_clk_i
Path Type: max

Fanout         Cap        Slew       Delay        Time   Description
---------------------------------------------------------------------------------------------
                                  0.000000    0.000000   clock wb_clk_i (rise edge)
                                  0.000000    0.000000   clock source latency
     2    0.147424    1.063065    0.825174    0.825174 ^ wb_clk_i (in)
                                                         wb_clk_i (net)
                      1.073527    0.000000    0.825174 ^ clkbuf_0_wb_clk_i/A (sky130_fd_sc_hd__clkbuf_16)
    17    0.074001    0.154063    0.676967    1.502141 ^ clkbuf_0_wb_clk_i/X (sky130_fd_sc_hd__clkbuf_16)
                                                         clknet_0_wb_clk_i (net)
                      0.154090    0.002109    1.504251 ^ clkbuf_3_7_0_wb_clk_i/A (sky130_fd_sc_hd__clkbuf_8)
    12    0.034773    0.117264    0.321941    1.826191 ^ clkbuf_3_7_0_wb_clk_i/X (sky130_fd_sc_hd__clkbuf_8)
                                                         clknet_3_7_0_wb_clk_i (net)
                      0.117264    0.000370    1.826561 ^ _729_/CLK (sky130_fd_sc_hd__dfrtp_2)
     1    0.001992    0.070089    0.844856    2.671417 v _729_/Q (sky130_fd_sc_hd__dfrtp_2)
                                                         timer.sec_div[2] (net)
                      0.070089    0.000020    2.671437 v hold59/A (sky130_fd_sc_hd__dlygate4sd3_1)
     4    0.016717    0.228200    1.341887    4.013324 v hold59/X (sky130_fd_sc_hd__dlygate4sd3_1)
                                                         net59 (net)
                      0.228200    0.000133    4.013457 v _417_/D (sky130_fd_sc_hd__and4_2)
     8    0.025738    0.166893    0.714386    4.727843 v _417_/X (sky130_fd_sc_hd__and4_2)
                                                         _227_ (net)
                      0.166893    0.000719    4.728562 v _445_/A (sky130_fd_sc_hd__and4_2)
     9    0.031580    0.188812    0.579424    5.307986 v _445_/X (sky130_fd_sc_hd__and4_2)
                                                         _245_ (net)
                      0.188813    0.000947    5.308933 v _471_/A (sky130_fd_sc_hd__and3_2)
     4    0.020792    0.147189    0.539180    5.848113 v _471_/X (sky130_fd_sc_hd__and3_2)
                                                         _260_ (net)
                      0.147189    0.000394    5.848507 v _479_/A4 (sky130_fd_sc_hd__a41o_2)
     1    0.003458    0.067116    0.541867    6.390375 v _479_/X (sky130_fd_sc_hd__a41o_2)
                                                         _265_ (net)
                      0.067116    0.000059    6.390434 v _480_/B (sky130_fd_sc_hd__and2b_2)
     1    0.002030    0.064880    0.407205    6.797638 v _480_/X (sky130_fd_sc_hd__and2b_2)
                                                         _053_ (net)
                      0.064880    0.000017    6.797656 v _754_/D (sky130_fd_sc_hd__dfrtp_2)
                                              6.797656   data arrival time

                                 25.000000   25.000000   clock wb_clk_i (rise edge)
                                  0.000000   25.000000   clock source latency
     2    0.147424    1.063065    0.746587   25.746586 ^ wb_clk_i (in)
                                                         wb_clk_i (net)
                      1.073527    0.000000   25.746586 ^ clkbuf_0_wb_clk_i/A (sky130_fd_sc_hd__clkbuf_16)
    17    0.074001    0.154063    0.612493   26.359079 ^ clkbuf_0_wb_clk_i/X (sky130_fd_sc_hd__clkbuf_16)
                                                         clknet_0_wb_clk_i (net)
                      0.154070    0.001169   26.360249 ^ clkbuf_3_6_0_wb_clk_i/A (sky130_fd_sc_hd__clkbuf_8)
    12    0.036041    0.120291    0.293444   26.653692 ^ clkbuf_3_6_0_wb_clk_i/X (sky130_fd_sc_hd__clkbuf_8)
                                                         clknet_3_6_0_wb_clk_i (net)
                      0.120294    0.000780   26.654470 ^ _754_/CLK (sky130_fd_sc_hd__dfrtp_2)
                                 -0.250000   26.404472   clock uncertainty
                                  0.143061   26.547533   clock reconvergence pessimism
                                 -0.261068   26.286465   library setup time
                                             26.286465   data required time
---------------------------------------------------------------------------------------------
                                             26.286465   data required time
                                             -6.797656   data arrival time
---------------------------------------------------------------------------------------------
                                             19.488810   slack (MET)


Startpoint: _697_ (rising edge-triggered flip-flop clocked by wb_clk_i)
Endpoint: _706_ (rising edge-triggered flip-flop clocked by wb_clk_i)
Path Group: wb_clk_i
Path Type: max

Fanout         Cap        Slew       Delay        Time   Description
---------------------------------------------------------------------------------------------
                                  0.000000    0.000000   clock wb_clk_i (rise edge)
                                  0.000000    0.000000   clock source latency
     2    0.147424    1.063065    0.825174    0.825174 ^ wb_clk_i (in)
                                                         wb_clk_i (net)
                      1.073527    0.000000    0.825174 ^ clkbuf_0_wb_clk_i/A (sky130_fd_sc_hd__clkbuf_16)
    17    0.074001    0.154063    0.676967    1.502141 ^ clkbuf_0_wb_clk_i/X (sky130_fd_sc_hd__clkbuf_16)
                                                         clknet_0_wb_clk_i (net)
                      0.154089    0.002080    1.504221 ^ clkbuf_3_1_0_wb_clk_i/A (sky130_fd_sc_hd__clkbuf_8)
    11    0.035047    0.117914    0.322490    1.826712 ^ clkbuf_3_1_0_wb_clk_i/X (sky130_fd_sc_hd__clkbuf_8)
                                                         clknet_3_1_0_wb_clk_i (net)
                      0.117914    0.000264    1.826975 ^ _697_/CLK (sky130_fd_sc_hd__dfrtp_2)
     1    0.002257    0.071376    0.847931    2.674906 v _697_/Q (sky130_fd_sc_hd__dfrtp_2)
                                                         timer.scan_div[3] (net)
                      0.071376    0.000025    2.674931 v hold37/A (sky130_fd_sc_hd__dlygate4sd3_1)
     3    0.013640    0.203892    1.316907    3.991838 v hold37/X (sky130_fd_sc_hd__dlygate4sd3_1)
                                                         net37 (net)
                      0.203892    0.000075    3.991913 v _494_/C (sky130_fd_sc_hd__and4_2)
     6    0.017167    0.137971    0.643156    4.635069 v _494_/X (sky130_fd_sc_hd__and4_2)
                                                         _272_ (net)
                      0.137971    0.000235    4.635304 v _516_/A (sky130_fd_sc_hd__and4_2)
     8    0.032436    0.192088    0.567732    5.203036 v _516_/X (sky130_fd_sc_hd__and4_2)
                                                         _286_ (net)
                      0.192089    0.000902    5.203938 v _518_/B (sky130_fd_sc_hd__xor2_2)
     1    0.001937    0.095731    0.307852    5.511789 v _518_/X (sky130_fd_sc_hd__xor2_2)
                                                         _004_ (net)
                      0.095731    0.000011    5.511800 v hold100/A (sky130_fd_sc_hd__dlygate4sd3_1)
     1    0.002391    0.105227    1.184891    6.696692 v hold100/X (sky130_fd_sc_hd__dlygate4sd3_1)
                                                         net100 (net)
                      0.105227    0.000023    6.696714 v _706_/D (sky130_fd_sc_hd__dfrtp_2)
                                              6.696714   data arrival time

                                 25.000000   25.000000   clock wb_clk_i (rise edge)
                                  0.000000   25.000000   clock source latency
     2    0.147424    1.063065    0.746587   25.746586 ^ wb_clk_i (in)
                                                         wb_clk_i (net)
                      1.073527    0.000000   25.746586 ^ clkbuf_0_wb_clk_i/A (sky130_fd_sc_hd__clkbuf_16)
    17    0.074001    0.154063    0.612493   26.359079 ^ clkbuf_0_wb_clk_i/X (sky130_fd_sc_hd__clkbuf_16)
                                                         clknet_0_wb_clk_i (net)
                      0.154103    0.002224   26.361303 ^ clkbuf_3_2_0_wb_clk_i/A (sky130_fd_sc_hd__clkbuf_8)
    11    0.034623    0.116907    0.291033   26.652336 ^ clkbuf_3_2_0_wb_clk_i/X (sky130_fd_sc_hd__clkbuf_8)
                                                         clknet_3_2_0_wb_clk_i (net)
                      0.116907    0.000405   26.652740 ^ _706_/CLK (sky130_fd_sc_hd__dfrtp_2)
                                 -0.250000   26.402742   clock uncertainty
                                  0.143061   26.545803   clock reconvergence pessimism
                                 -0.278813   26.266989   library setup time
                                             26.266989   data required time
---------------------------------------------------------------------------------------------
                                             26.266989   data required time
                                             -6.696714   data arrival time
---------------------------------------------------------------------------------------------
                                             19.570274   slack (MET)


Startpoint: _697_ (rising edge-triggered flip-flop clocked by wb_clk_i)
Endpoint: _701_ (rising edge-triggered flip-flop clocked by wb_clk_i)
Path Group: wb_clk_i
Path Type: max

Fanout         Cap        Slew       Delay        Time   Description
---------------------------------------------------------------------------------------------
                                  0.000000    0.000000   clock wb_clk_i (rise edge)
                                  0.000000    0.000000   clock source latency
     2    0.147424    1.063065    0.825174    0.825174 ^ wb_clk_i (in)
                                                         wb_clk_i (net)
                      1.073527    0.000000    0.825174 ^ clkbuf_0_wb_clk_i/A (sky130_fd_sc_hd__clkbuf_16)
    17    0.074001    0.154063    0.676967    1.502141 ^ clkbuf_0_wb_clk_i/X (sky130_fd_sc_hd__clkbuf_16)
                                                         clknet_0_wb_clk_i (net)
                      0.154089    0.002080    1.504221 ^ clkbuf_3_1_0_wb_clk_i/A (sky130_fd_sc_hd__clkbuf_8)
    11    0.035047    0.117914    0.322490    1.826712 ^ clkbuf_3_1_0_wb_clk_i/X (sky130_fd_sc_hd__clkbuf_8)
                                                         clknet_3_1_0_wb_clk_i (net)
                      0.117914    0.000264    1.826975 ^ _697_/CLK (sky130_fd_sc_hd__dfrtp_2)
     1    0.002257    0.071376    0.847931    2.674906 v _697_/Q (sky130_fd_sc_hd__dfrtp_2)
                                                         timer.scan_div[3] (net)
                      0.071376    0.000025    2.674931 v hold37/A (sky130_fd_sc_hd__dlygate4sd3_1)
     3    0.013640    0.203892    1.316907    3.991838 v hold37/X (sky130_fd_sc_hd__dlygate4sd3_1)
                                                         net37 (net)
                      0.203892    0.000075    3.991913 v _494_/C (sky130_fd_sc_hd__and4_2)
     6    0.017167    0.137971    0.643156    4.635069 v _494_/X (sky130_fd_sc_hd__and4_2)
                                                         _272_ (net)
                      0.137971    0.000338    4.635408 v _502_/B (sky130_fd_sc_hd__and3_2)
     2    0.009150    0.100584    0.498599    5.134006 v _502_/X (sky130_fd_sc_hd__and3_2)
                                                         _277_ (net)
                      0.100584    0.000072    5.134079 v _507_/A2 (sky130_fd_sc_hd__o21ba_2)
     1    0.002639    0.058491    0.387056    5.521134 v _507_/X (sky130_fd_sc_hd__o21ba_2)
                                                         _030_ (net)
                      0.058491    0.000034    5.521169 v hold93/A (sky130_fd_sc_hd__dlygate4sd3_1)
     1    0.002140    0.102523    1.162674    6.683843 v hold93/X (sky130_fd_sc_hd__dlygate4sd3_1)
                                                         net93 (net)
                      0.102523    0.000020    6.683862 v _701_/D (sky130_fd_sc_hd__dfrtp_2)
                                              6.683862   data arrival time

                                 25.000000   25.000000   clock wb_clk_i (rise edge)
                                  0.000000   25.000000   clock source latency
     2    0.147424    1.063065    0.746587   25.746586 ^ wb_clk_i (in)
                                                         wb_clk_i (net)
                      1.073527    0.000000   25.746586 ^ clkbuf_0_wb_clk_i/A (sky130_fd_sc_hd__clkbuf_16)
    17    0.074001    0.154063    0.612493   26.359079 ^ clkbuf_0_wb_clk_i/X (sky130_fd_sc_hd__clkbuf_16)
                                                         clknet_0_wb_clk_i (net)
                      0.154075    0.001405   26.360485 ^ clkbuf_3_3_0_wb_clk_i/A (sky130_fd_sc_hd__clkbuf_8)
    11    0.035092    0.118021    0.291859   26.652344 ^ clkbuf_3_3_0_wb_clk_i/X (sky130_fd_sc_hd__clkbuf_8)
                                                         clknet_3_3_0_wb_clk_i (net)
                      0.118021    0.000192   26.652534 ^ _701_/CLK (sky130_fd_sc_hd__dfrtp_2)
                                 -0.250000   26.402536   clock uncertainty
                                  0.143061   26.545597   clock reconvergence pessimism
                                 -0.277387   26.268209   library setup time
                                             26.268209   data required time
---------------------------------------------------------------------------------------------
                                             26.268209   data required time
                                             -6.683862   data arrival time
---------------------------------------------------------------------------------------------
                                             19.584347   slack (MET)


Startpoint: _697_ (rising edge-triggered flip-flop clocked by wb_clk_i)
Endpoint: _723_ (rising edge-triggered flip-flop clocked by wb_clk_i)
Path Group: wb_clk_i
Path Type: max

Fanout         Cap        Slew       Delay        Time   Description
---------------------------------------------------------------------------------------------
                                  0.000000    0.000000   clock wb_clk_i (rise edge)
                                  0.000000    0.000000   clock source latency
     2    0.147424    1.063065    0.825174    0.825174 ^ wb_clk_i (in)
                                                         wb_clk_i (net)
                      1.073527    0.000000    0.825174 ^ clkbuf_0_wb_clk_i/A (sky130_fd_sc_hd__clkbuf_16)
    17    0.074001    0.154063    0.676967    1.502141 ^ clkbuf_0_wb_clk_i/X (sky130_fd_sc_hd__clkbuf_16)
                                                         clknet_0_wb_clk_i (net)
                      0.154089    0.002080    1.504221 ^ clkbuf_3_1_0_wb_clk_i/A (sky130_fd_sc_hd__clkbuf_8)
    11    0.035047    0.117914    0.322490    1.826712 ^ clkbuf_3_1_0_wb_clk_i/X (sky130_fd_sc_hd__clkbuf_8)
                                                         clknet_3_1_0_wb_clk_i (net)
                      0.117914    0.000264    1.826975 ^ _697_/CLK (sky130_fd_sc_hd__dfrtp_2)
     1    0.002375    0.066940    0.725329    2.552305 ^ _697_/Q (sky130_fd_sc_hd__dfrtp_2)
                                                         timer.scan_div[3] (net)
                      0.066940    0.000026    2.552331 ^ hold37/A (sky130_fd_sc_hd__dlygate4sd3_1)
     3    0.014446    0.248042    1.241677    3.794008 ^ hold37/X (sky130_fd_sc_hd__dlygate4sd3_1)
                                                         net37 (net)
                      0.248042    0.000079    3.794086 ^ _494_/C (sky130_fd_sc_hd__and4_2)
     6    0.017818    0.210825    0.681067    4.475154 ^ _494_/X (sky130_fd_sc_hd__and4_2)
                                                         _272_ (net)
                      0.210825    0.000244    4.475398 ^ _516_/A (sky130_fd_sc_hd__and4_2)
     8    0.033658    0.326760    0.734748    5.210146 ^ _516_/X (sky130_fd_sc_hd__and4_2)
                                                         _286_ (net)
                      0.326760    0.001047    5.211194 ^ _554_/A (sky130_fd_sc_hd__and4_2)
     5    0.027705    0.282387    0.742480    5.953673 ^ _554_/X (sky130_fd_sc_hd__and4_2)
                                                         _308_ (net)
                      0.282387    0.000605    5.954278 ^ _558_/C (sky130_fd_sc_hd__nand3_2)
     2    0.011208    0.207188    0.303925    6.258204 v _558_/Y (sky130_fd_sc_hd__nand3_2)
                                                         _310_ (net)
                      0.207188    0.000069    6.258273 v _560_/A (sky130_fd_sc_hd__and2_2)
     1    0.002151    0.067251    0.426271    6.684543 v _560_/X (sky130_fd_sc_hd__and2_2)
                                                         _022_ (net)
                      0.067251    0.000019    6.684562 v _723_/D (sky130_fd_sc_hd__dfrtp_2)
                                              6.684562   data arrival time

                                 25.000000   25.000000   clock wb_clk_i (rise edge)
                                  0.000000   25.000000   clock source latency
     2    0.147424    1.063065    0.746587   25.746586 ^ wb_clk_i (in)
                                                         wb_clk_i (net)
                      1.073527    0.000000   25.746586 ^ clkbuf_0_wb_clk_i/A (sky130_fd_sc_hd__clkbuf_16)
    17    0.074001    0.154063    0.612493   26.359079 ^ clkbuf_0_wb_clk_i/X (sky130_fd_sc_hd__clkbuf_16)
                                                         clknet_0_wb_clk_i (net)
                      0.154112    0.002400   26.361479 ^ clkbuf_3_0_0_wb_clk_i/A (sky130_fd_sc_hd__clkbuf_8)
    11    0.033860    0.115090    0.289708   26.651186 ^ clkbuf_3_0_0_wb_clk_i/X (sky130_fd_sc_hd__clkbuf_8)
                                                         clknet_3_0_0_wb_clk_i (net)
                      0.115091    0.000554   26.651741 ^ _723_/CLK (sky130_fd_sc_hd__dfrtp_2)
                                 -0.250000   26.401743   clock uncertainty
                                  0.143061   26.544802   clock reconvergence pessimism
                                 -0.263444   26.281359   library setup time
                                             26.281359   data required time
---------------------------------------------------------------------------------------------
                                             26.281359   data required time
                                             -6.684562   data arrival time
---------------------------------------------------------------------------------------------
                                             19.596796   slack (MET)


Startpoint: _697_ (rising edge-triggered flip-flop clocked by wb_clk_i)
Endpoint: _707_ (rising edge-triggered flip-flop clocked by wb_clk_i)
Path Group: wb_clk_i
Path Type: max

Fanout         Cap        Slew       Delay        Time   Description
---------------------------------------------------------------------------------------------
                                  0.000000    0.000000   clock wb_clk_i (rise edge)
                                  0.000000    0.000000   clock source latency
     2    0.147424    1.063065    0.825174    0.825174 ^ wb_clk_i (in)
                                                         wb_clk_i (net)
                      1.073527    0.000000    0.825174 ^ clkbuf_0_wb_clk_i/A (sky130_fd_sc_hd__clkbuf_16)
    17    0.074001    0.154063    0.676967    1.502141 ^ clkbuf_0_wb_clk_i/X (sky130_fd_sc_hd__clkbuf_16)
                                                         clknet_0_wb_clk_i (net)
                      0.154089    0.002080    1.504221 ^ clkbuf_3_1_0_wb_clk_i/A (sky130_fd_sc_hd__clkbuf_8)
    11    0.035047    0.117914    0.322490    1.826712 ^ clkbuf_3_1_0_wb_clk_i/X (sky130_fd_sc_hd__clkbuf_8)
                                                         clknet_3_1_0_wb_clk_i (net)
                      0.117914    0.000264    1.826975 ^ _697_/CLK (sky130_fd_sc_hd__dfrtp_2)
     1    0.002257    0.071376    0.847931    2.674906 v _697_/Q (sky130_fd_sc_hd__dfrtp_2)
                                                         timer.scan_div[3] (net)
                      0.071376    0.000025    2.674931 v hold37/A (sky130_fd_sc_hd__dlygate4sd3_1)
     3    0.013640    0.203892    1.316907    3.991838 v hold37/X (sky130_fd_sc_hd__dlygate4sd3_1)
                                                         net37 (net)
                      0.203892    0.000075    3.991913 v _494_/C (sky130_fd_sc_hd__and4_2)
     6    0.017167    0.137971    0.643156    4.635069 v _494_/X (sky130_fd_sc_hd__and4_2)
                                                         _272_ (net)
                      0.137971    0.000235    4.635304 v _516_/A (sky130_fd_sc_hd__and4_2)
     8    0.032436    0.192088    0.567732    5.203036 v _516_/X (sky130_fd_sc_hd__and4_2)
                                                         _286_ (net)
                      0.192089    0.000955    5.203991 v _519_/A2 (sky130_fd_sc_hd__a21oi_2)
     1    0.003036    0.134265    0.274292    5.478283 ^ _519_/Y (sky130_fd_sc_hd__a21oi_2)
                                                         _287_ (net)
                      0.134265    0.000044    5.478327 ^ hold128/A (sky130_fd_sc_hd__dlygate4sd3_1)
     1    0.004728    0.122545    1.149788    6.628116 ^ hold128/X (sky130_fd_sc_hd__dlygate4sd3_1)
                                                         net128 (net)
                      0.122545    0.000020    6.628135 ^ _521_/A (sky130_fd_sc_hd__nor2_2)
     1    0.002044    0.042892    0.087967    6.716102 v _521_/Y (sky130_fd_sc_hd__nor2_2)
                                                         _005_ (net)
                      0.042892    0.000017    6.716119 v _707_/D (sky130_fd_sc_hd__dfrtp_2)
                                              6.716119   data arrival time

                                 25.000000   25.000000   clock wb_clk_i (rise edge)
                                  0.000000   25.000000   clock source latency
     2    0.147424    1.063065    0.746587   25.746586 ^ wb_clk_i (in)
                                                         wb_clk_i (net)
                      1.073527    0.000000   25.746586 ^ clkbuf_0_wb_clk_i/A (sky130_fd_sc_hd__clkbuf_16)
    17    0.074001    0.154063    0.612493   26.359079 ^ clkbuf_0_wb_clk_i/X (sky130_fd_sc_hd__clkbuf_16)
                                                         clknet_0_wb_clk_i (net)
                      0.154089    0.001883   26.360962 ^ clkbuf_3_1_0_wb_clk_i/A (sky130_fd_sc_hd__clkbuf_8)
    11    0.035047    0.117914    0.291775   26.652739 ^ clkbuf_3_1_0_wb_clk_i/X (sky130_fd_sc_hd__clkbuf_8)
                                                         clknet_3_1_0_wb_clk_i (net)
                      0.117914    0.000361   26.653099 ^ _707_/CLK (sky130_fd_sc_hd__dfrtp_2)
                                 -0.250000   26.403099   clock uncertainty
                                  0.173972   26.577072   clock reconvergence pessimism
                                 -0.252524   26.324549   library setup time
                                             26.324549   data required time
---------------------------------------------------------------------------------------------
                                             26.324549   data required time
                                             -6.716119   data arrival time
---------------------------------------------------------------------------------------------
                                             19.608429   slack (MET)


Startpoint: _692_ (rising edge-triggered flip-flop clocked by wb_clk_i)
Endpoint: _685_ (rising edge-triggered flip-flop clocked by wb_clk_i)
Path Group: wb_clk_i
Path Type: max

Fanout         Cap        Slew       Delay        Time   Description
---------------------------------------------------------------------------------------------
                                  0.000000    0.000000   clock wb_clk_i (rise edge)
                                  0.000000    0.000000   clock source latency
     2    0.147424    1.063065    0.825174    0.825174 ^ wb_clk_i (in)
                                                         wb_clk_i (net)
                      1.073527    0.000000    0.825174 ^ clkbuf_0_wb_clk_i/A (sky130_fd_sc_hd__clkbuf_16)
    17    0.074001    0.154063    0.676967    1.502141 ^ clkbuf_0_wb_clk_i/X (sky130_fd_sc_hd__clkbuf_16)
                                                         clknet_0_wb_clk_i (net)
                      0.154090    0.002109    1.504251 ^ clkbuf_3_7_0_wb_clk_i/A (sky130_fd_sc_hd__clkbuf_8)
    12    0.034773    0.117264    0.321941    1.826191 ^ clkbuf_3_7_0_wb_clk_i/X (sky130_fd_sc_hd__clkbuf_8)
                                                         clknet_3_7_0_wb_clk_i (net)
                      0.117264    0.000324    1.826516 ^ _692_/CLK (sky130_fd_sc_hd__dfrtp_2)
     2    0.009972    0.108263    0.910310    2.736825 v _692_/Q (sky130_fd_sc_hd__dfrtp_2)
                                                         timer.sec_ones[3] (net)
                      0.108263    0.000081    2.736907 v hold112/A (sky130_fd_sc_hd__dlygate4sd3_1)
     3    0.012823    0.197514    1.327788    4.064694 v hold112/X (sky130_fd_sc_hd__dlygate4sd3_1)
                                                         net112 (net)
                      0.197514    0.000101    4.064795 v _343_/C (sky130_fd_sc_hd__and4b_2)
     3    0.009154    0.106780    0.591294    4.656089 v _343_/X (sky130_fd_sc_hd__and4b_2)
                                                         _178_ (net)
                      0.106780    0.000071    4.656160 v _344_/B (sky130_fd_sc_hd__and2b_2)
     5    0.025365    0.160017    0.560192    5.216352 v _344_/X (sky130_fd_sc_hd__and2b_2)
                                                         _179_ (net)
                      0.160017    0.000472    5.216824 v _361_/B (sky130_fd_sc_hd__xnor2_2)
     1    0.001999    0.076622    0.267525    5.484349 v _361_/Y (sky130_fd_sc_hd__xnor2_2)
                                                         _160_ (net)
                      0.076622    0.000012    5.484361 v hold175/A (sky130_fd_sc_hd__dlygate4sd3_1)
     1    0.002474    0.106123    1.176754    6.661115 v hold175/X (sky130_fd_sc_hd__dlygate4sd3_1)
                                                         net175 (net)
                      0.106123    0.000027    6.661141 v _685_/D (sky130_fd_sc_hd__dfrtp_2)
                                              6.661141   data arrival time

                                 25.000000   25.000000   clock wb_clk_i (rise edge)
                                  0.000000   25.000000   clock source latency
     2    0.147424    1.063065    0.746587   25.746586 ^ wb_clk_i (in)
                                                         wb_clk_i (net)
                      1.073527    0.000000   25.746586 ^ clkbuf_0_wb_clk_i/A (sky130_fd_sc_hd__clkbuf_16)
    17    0.074001    0.154063    0.612493   26.359079 ^ clkbuf_0_wb_clk_i/X (sky130_fd_sc_hd__clkbuf_16)
                                                         clknet_0_wb_clk_i (net)
                      0.154096    0.002039   26.361118 ^ clkbuf_3_5_0_wb_clk_i/A (sky130_fd_sc_hd__clkbuf_8)
    11    0.036399    0.121134    0.294202   26.655321 ^ clkbuf_3_5_0_wb_clk_i/X (sky130_fd_sc_hd__clkbuf_8)
                                                         clknet_3_5_0_wb_clk_i (net)
                      0.121134    0.000298   26.655619 ^ _685_/CLK (sky130_fd_sc_hd__dfrtp_2)
                                 -0.250000   26.405621   clock uncertainty
                                  0.143061   26.548681   clock reconvergence pessimism
                                 -0.278059   26.270622   library setup time
                                             26.270622   data required time
---------------------------------------------------------------------------------------------
                                             26.270622   data required time
                                             -6.661141   data arrival time
---------------------------------------------------------------------------------------------
                                             19.609480   slack (MET)


Startpoint: _691_ (rising edge-triggered flip-flop clocked by wb_clk_i)
Endpoint: _692_ (rising edge-triggered flip-flop clocked by wb_clk_i)
Path Group: wb_clk_i
Path Type: max

Fanout         Cap        Slew       Delay        Time   Description
---------------------------------------------------------------------------------------------
                                  0.000000    0.000000   clock wb_clk_i (rise edge)
                                  0.000000    0.000000   clock source latency
     2    0.147424    1.063065    0.825174    0.825174 ^ wb_clk_i (in)
                                                         wb_clk_i (net)
                      1.073527    0.000000    0.825174 ^ clkbuf_0_wb_clk_i/A (sky130_fd_sc_hd__clkbuf_16)
    17    0.074001    0.154063    0.676967    1.502141 ^ clkbuf_0_wb_clk_i/X (sky130_fd_sc_hd__clkbuf_16)
                                                         clknet_0_wb_clk_i (net)
                      0.154090    0.002109    1.504251 ^ clkbuf_3_7_0_wb_clk_i/A (sky130_fd_sc_hd__clkbuf_8)
    12    0.034773    0.117264    0.321941    1.826191 ^ clkbuf_3_7_0_wb_clk_i/X (sky130_fd_sc_hd__clkbuf_8)
                                                         clknet_3_7_0_wb_clk_i (net)
                      0.117264    0.000273    1.826464 ^ _691_/CLK (sky130_fd_sc_hd__dfrtp_2)
     4    0.012830    0.122273    0.928727    2.755191 v _691_/Q (sky130_fd_sc_hd__dfrtp_2)
                                                         timer.sec_ones[2] (net)
                      0.122273    0.000026    2.755217 v hold142/A (sky130_fd_sc_hd__dlygate4sd3_1)
     2    0.012176    0.196500    1.327179    4.082396 v hold142/X (sky130_fd_sc_hd__dlygate4sd3_1)
                                                         net142 (net)
                      0.196500    0.000093    4.082489 v _343_/A_N (sky130_fd_sc_hd__and4b_2)
     3    0.009818    0.152941    0.720843    4.803332 ^ _343_/X (sky130_fd_sc_hd__and4b_2)
                                                         _178_ (net)
                      0.152941    0.000076    4.803408 ^ _344_/B (sky130_fd_sc_hd__and2b_2)
     5    0.026780    0.230721    0.468394    5.271802 ^ _344_/X (sky130_fd_sc_hd__and2b_2)
                                                         _179_ (net)
                      0.230721    0.000340    5.272142 ^ _345_/C1 (sky130_fd_sc_hd__a311oi_2)
     1    0.002409    0.149574    0.122104    5.394246 v _345_/Y (sky130_fd_sc_hd__a311oi_2)
                                                         _167_ (net)
                      0.149574    0.000027    5.394273 v hold113/A (sky130_fd_sc_hd__dlygate4sd3_1)
     1    0.002227    0.103490    1.209481    6.603754 v hold113/X (sky130_fd_sc_hd__dlygate4sd3_1)
                                                         net113 (net)
                      0.103490    0.000020    6.603774 v _692_/D (sky130_fd_sc_hd__dfrtp_2)
                                              6.603774   data arrival time

                                 25.000000   25.000000   clock wb_clk_i (rise edge)
                                  0.000000   25.000000   clock source latency
     2    0.147424    1.063065    0.746587   25.746586 ^ wb_clk_i (in)
                                                         wb_clk_i (net)
                      1.073527    0.000000   25.746586 ^ clkbuf_0_wb_clk_i/A (sky130_fd_sc_hd__clkbuf_16)
    17    0.074001    0.154063    0.612493   26.359079 ^ clkbuf_0_wb_clk_i/X (sky130_fd_sc_hd__clkbuf_16)
                                                         clknet_0_wb_clk_i (net)
                      0.154090    0.001908   26.360987 ^ clkbuf_3_7_0_wb_clk_i/A (sky130_fd_sc_hd__clkbuf_8)
    12    0.034773    0.117264    0.291280   26.652267 ^ clkbuf_3_7_0_wb_clk_i/X (sky130_fd_sc_hd__clkbuf_8)
                                                         clknet_3_7_0_wb_clk_i (net)
                      0.117264    0.000295   26.652561 ^ _692_/CLK (sky130_fd_sc_hd__dfrtp_2)
                                 -0.250000   26.402563   clock uncertainty
                                  0.173923   26.576487   clock reconvergence pessimism
                                 -0.277993   26.298492   library setup time
                                             26.298492   data required time
---------------------------------------------------------------------------------------------
                                             26.298492   data required time
                                             -6.603774   data arrival time
---------------------------------------------------------------------------------------------
                                             19.694719   slack (MET)


Startpoint: _693_ (rising edge-triggered flip-flop clocked by wb_clk_i)
Endpoint: _689_ (rising edge-triggered flip-flop clocked by wb_clk_i)
Path Group: wb_clk_i
Path Type: max

Fanout         Cap        Slew       Delay        Time   Description
---------------------------------------------------------------------------------------------
                                  0.000000    0.000000   clock wb_clk_i (rise edge)
                                  0.000000    0.000000   clock source latency
     2    0.147424    1.063065    0.825174    0.825174 ^ wb_clk_i (in)
                                                         wb_clk_i (net)
                      1.073527    0.000000    0.825174 ^ clkbuf_0_wb_clk_i/A (sky130_fd_sc_hd__clkbuf_16)
    17    0.074001    0.154063    0.676967    1.502141 ^ clkbuf_0_wb_clk_i/X (sky130_fd_sc_hd__clkbuf_16)
                                                         clknet_0_wb_clk_i (net)
                      0.154090    0.002109    1.504251 ^ clkbuf_3_7_0_wb_clk_i/A (sky130_fd_sc_hd__clkbuf_8)
    12    0.034773    0.117264    0.321941    1.826191 ^ clkbuf_3_7_0_wb_clk_i/X (sky130_fd_sc_hd__clkbuf_8)
                                                         clknet_3_7_0_wb_clk_i (net)
                      0.117264    0.000473    1.826665 ^ _693_/CLK (sky130_fd_sc_hd__dfrtp_2)
     1    0.003479    0.076516    0.860360    2.687025 v _693_/Q (sky130_fd_sc_hd__dfrtp_2)
                                                         timer.sec (net)
                      0.076516    0.000057    2.687082 v hold105/A (sky130_fd_sc_hd__dlygate4sd3_1)
     4    0.012297    0.196484    1.305319    3.992400 v hold105/X (sky130_fd_sc_hd__dlygate4sd3_1)
                                                         net105 (net)
                      0.196484    0.000275    3.992675 v _349_/A (sky130_fd_sc_hd__nor2_2)
     1    0.002511    0.102641    0.216616    4.209291 ^ _349_/Y (sky130_fd_sc_hd__nor2_2)
                                                         _181_ (net)
                      0.102641    0.000030    4.209321 ^ hold106/A (sky130_fd_sc_hd__dlygate4sd3_1)
     1    0.004848    0.124177    1.138210    5.347531 ^ hold106/X (sky130_fd_sc_hd__dlygate4sd3_1)
                                                         net106 (net)
                      0.124177    0.000020    5.347551 ^ _350_/B (sky130_fd_sc_hd__nor2_2)
     1    0.002385    0.036795    0.077145    5.424696 v _350_/Y (sky130_fd_sc_hd__nor2_2)
                                                         _164_ (net)
                      0.036795    0.000027    5.424723 v hold107/A (sky130_fd_sc_hd__dlygate4sd3_1)
     1    0.002546    0.107212    1.160121    6.584844 v hold107/X (sky130_fd_sc_hd__dlygate4sd3_1)
                                                         net107 (net)
                      0.107212    0.000026    6.584870 v _689_/D (sky130_fd_sc_hd__dfrtp_2)
                                              6.584870   data arrival time

                                 25.000000   25.000000   clock wb_clk_i (rise edge)
                                  0.000000   25.000000   clock source latency
     2    0.147424    1.063065    0.746587   25.746586 ^ wb_clk_i (in)
                                                         wb_clk_i (net)
                      1.073527    0.000000   25.746586 ^ clkbuf_0_wb_clk_i/A (sky130_fd_sc_hd__clkbuf_16)
    17    0.074001    0.154063    0.612493   26.359079 ^ clkbuf_0_wb_clk_i/X (sky130_fd_sc_hd__clkbuf_16)
                                                         clknet_0_wb_clk_i (net)
                      0.154090    0.001908   26.360987 ^ clkbuf_3_7_0_wb_clk_i/A (sky130_fd_sc_hd__clkbuf_8)
    12    0.034773    0.117264    0.291280   26.652267 ^ clkbuf_3_7_0_wb_clk_i/X (sky130_fd_sc_hd__clkbuf_8)
                                                         clknet_3_7_0_wb_clk_i (net)
                      0.117264    0.000375   26.652641 ^ _689_/CLK (sky130_fd_sc_hd__dfrtp_2)
                                 -0.250000   26.402643   clock uncertainty
                                  0.173923   26.576565   clock reconvergence pessimism
                                 -0.279547   26.297018   library setup time
                                             26.297018   data required time
---------------------------------------------------------------------------------------------
                                             26.297018   data required time
                                             -6.584870   data arrival time
---------------------------------------------------------------------------------------------
                                             19.712149   slack (MET)


Startpoint: _695_ (rising edge-triggered flip-flop clocked by wb_clk_i)
Endpoint: _695_ (rising edge-triggered flip-flop clocked by wb_clk_i)
Path Group: wb_clk_i
Path Type: max

Fanout         Cap        Slew       Delay        Time   Description
---------------------------------------------------------------------------------------------
                                  0.000000    0.000000   clock wb_clk_i (rise edge)
                                  0.000000    0.000000   clock source latency
     2    0.147424    1.063065    0.825174    0.825174 ^ wb_clk_i (in)
                                                         wb_clk_i (net)
                      1.073527    0.000000    0.825174 ^ clkbuf_0_wb_clk_i/A (sky130_fd_sc_hd__clkbuf_16)
    17    0.074001    0.154063    0.676967    1.502141 ^ clkbuf_0_wb_clk_i/X (sky130_fd_sc_hd__clkbuf_16)
                                                         clknet_0_wb_clk_i (net)
                      0.154089    0.002080    1.504221 ^ clkbuf_3_1_0_wb_clk_i/A (sky130_fd_sc_hd__clkbuf_8)
    11    0.035047    0.117914    0.322490    1.826712 ^ clkbuf_3_1_0_wb_clk_i/X (sky130_fd_sc_hd__clkbuf_8)
                                                         clknet_3_1_0_wb_clk_i (net)
                      0.117914    0.000249    1.826960 ^ _695_/CLK (sky130_fd_sc_hd__dfrtp_2)
     1    0.001968    0.069976    0.844927    2.671887 v _695_/Q (sky130_fd_sc_hd__dfrtp_2)
                                                         timer.scan_div[1] (net)
                      0.069976    0.000018    2.671905 v hold121/A (sky130_fd_sc_hd__dlygate4sd3_1)
     3    0.010023    0.175451    1.275168    3.947073 v hold121/X (sky130_fd_sc_hd__dlygate4sd3_1)
                                                         net121 (net)
                      0.175451    0.000075    3.947148 v _395_/B (sky130_fd_sc_hd__nor2_2)
     1    0.002033    0.100225    0.158851    4.105999 ^ _395_/Y (sky130_fd_sc_hd__nor2_2)
                                                         _210_ (net)
                      0.100225    0.000020    4.106019 ^ hold122/A (sky130_fd_sc_hd__dlygate4sd3_1)
     2    0.007801    0.158841    1.174407    5.280425 ^ hold122/X (sky130_fd_sc_hd__dlygate4sd3_1)
                                                         net122 (net)
                      0.158841    0.000102    5.280527 ^ _490_/A (sky130_fd_sc_hd__nor2_2)
     1    0.002456    0.045139    0.104007    5.384534 v _490_/Y (sky130_fd_sc_hd__nor2_2)
                                                         _012_ (net)
                      0.045139    0.000030    5.384563 v hold123/A (sky130_fd_sc_hd__dlygate4sd3_1)
     1    0.002079    0.101987    1.155609    6.540173 v hold123/X (sky130_fd_sc_hd__dlygate4sd3_1)
                                                         net123 (net)
                      0.101987    0.000019    6.540191 v _695_/D (sky130_fd_sc_hd__dfrtp_2)
                                              6.540191   data arrival time

                                 25.000000   25.000000   clock wb_clk_i (rise edge)
                                  0.000000   25.000000   clock source latency
     2    0.147424    1.063065    0.746587   25.746586 ^ wb_clk_i (in)
                                                         wb_clk_i (net)
                      1.073527    0.000000   25.746586 ^ clkbuf_0_wb_clk_i/A (sky130_fd_sc_hd__clkbuf_16)
    17    0.074001    0.154063    0.612493   26.359079 ^ clkbuf_0_wb_clk_i/X (sky130_fd_sc_hd__clkbuf_16)
                                                         clknet_0_wb_clk_i (net)
                      0.154089    0.001883   26.360962 ^ clkbuf_3_1_0_wb_clk_i/A (sky130_fd_sc_hd__clkbuf_8)
    11    0.035047    0.117914    0.291775   26.652739 ^ clkbuf_3_1_0_wb_clk_i/X (sky130_fd_sc_hd__clkbuf_8)
                                                         clknet_3_1_0_wb_clk_i (net)
                      0.117914    0.000226   26.652964 ^ _695_/CLK (sky130_fd_sc_hd__dfrtp_2)
                                 -0.250000   26.402964   clock uncertainty
                                  0.173996   26.576960   clock reconvergence pessimism
                                 -0.277192   26.299768   library setup time
                                             26.299768   data required time
---------------------------------------------------------------------------------------------
                                             26.299768   data required time
                                             -6.540191   data arrival time
---------------------------------------------------------------------------------------------
                                             19.759577   slack (MET)


Startpoint: wb_rst_i (input port clocked by wb_clk_i)
Endpoint: _740_ (recovery check against rising-edge clock wb_clk_i)
Path Group: asynchronous
Path Type: max

Fanout         Cap        Slew       Delay        Time   Description
---------------------------------------------------------------------------------------------
                                  0.000000    0.000000   clock wb_clk_i (rise edge)
                                  0.000000    0.000000   clock network delay (propagated)
                                  5.000000    5.000000 v input external delay
     2    0.004739    0.026074    0.016087    5.016087 v wb_rst_i (in)
                                                         wb_rst_i (net)
                      0.026074    0.000000    5.016087 v input1/A (sky130_fd_sc_hd__buf_2)
     5    0.123250    0.530592    0.588063    5.604150 v input1/X (sky130_fd_sc_hd__buf_2)
                                                         net1 (net)
                      0.544132    0.070658    5.674808 v fanout25/A (sky130_fd_sc_hd__clkdlybuf4s25_1)
     8    0.040183    0.540400    1.054233    6.729041 v fanout25/X (sky130_fd_sc_hd__clkdlybuf4s25_1)
                                                         net25 (net)
                      0.540400    0.001095    6.730135 v _656_/A (sky130_fd_sc_hd__inv_2)
     1    0.004035    0.129826    0.212957    6.943092 ^ _656_/Y (sky130_fd_sc_hd__inv_2)
                                                         _131_ (net)
                      0.129826    0.000038    6.943130 ^ _740_/RESET_B (sky130_fd_sc_hd__dfrtp_2)
                                              6.943130   data arrival time

                                 25.000000   25.000000   clock wb_clk_i (rise edge)
                                  0.000000   25.000000   clock source latency
     2    0.147424    1.063065    0.746587   25.746586 ^ wb_clk_i (in)
                                                         wb_clk_i (net)
                      1.073527    0.000000   25.746586 ^ clkbuf_0_wb_clk_i/A (sky130_fd_sc_hd__clkbuf_16)
    17    0.074001    0.154063    0.612493   26.359079 ^ clkbuf_0_wb_clk_i/X (sky130_fd_sc_hd__clkbuf_16)
                                                         clknet_0_wb_clk_i (net)
                      0.154075    0.001428   26.360508 ^ clkbuf_3_4_0_wb_clk_i/A (sky130_fd_sc_hd__clkbuf_8)
    11    0.035340    0.118617    0.292269   26.652777 ^ clkbuf_3_4_0_wb_clk_i/X (sky130_fd_sc_hd__clkbuf_8)
                                                         clknet_3_4_0_wb_clk_i (net)
                      0.118617    0.000274   26.653049 ^ _740_/CLK (sky130_fd_sc_hd__dfrtp_2)
                                 -0.250000   26.403051   clock uncertainty
                                  0.000000   26.403051   clock reconvergence pessimism
                                  0.435315   26.838366   library recovery time
                                             26.838366   data required time
---------------------------------------------------------------------------------------------
                                             26.838366   data required time
                                             -6.943130   data arrival time
---------------------------------------------------------------------------------------------
                                             19.895235   slack (MET)


Startpoint: wb_rst_i (input port clocked by wb_clk_i)
Endpoint: _756_ (recovery check against rising-edge clock wb_clk_i)
Path Group: asynchronous
Path Type: max

Fanout         Cap        Slew       Delay        Time   Description
---------------------------------------------------------------------------------------------
                                  0.000000    0.000000   clock wb_clk_i (rise edge)
                                  0.000000    0.000000   clock network delay (propagated)
                                  5.000000    5.000000 v input external delay
     2    0.004739    0.026074    0.016087    5.016087 v wb_rst_i (in)
                                                         wb_rst_i (net)
                      0.026074    0.000000    5.016087 v input1/A (sky130_fd_sc_hd__buf_2)
     5    0.123250    0.530592    0.588063    5.604150 v input1/X (sky130_fd_sc_hd__buf_2)
                                                         net1 (net)
                      0.543458    0.068966    5.673116 v fanout19/A (sky130_fd_sc_hd__clkdlybuf4s25_1)
     2    0.010168    0.162809    0.751682    6.424798 v fanout19/X (sky130_fd_sc_hd__clkdlybuf4s25_1)
                                                         net19 (net)
                      0.162809    0.000272    6.425070 v wire20/A (sky130_fd_sc_hd__buf_4)
    19    0.067569    0.168816    0.424290    6.849361 v wire20/X (sky130_fd_sc_hd__buf_4)
                                                         net20 (net)
                      0.168972    0.004879    6.854239 v _672_/A (sky130_fd_sc_hd__inv_2)
     1    0.003935    0.060790    0.115623    6.969862 ^ _672_/Y (sky130_fd_sc_hd__inv_2)
                                                         _147_ (net)
                      0.060790    0.000036    6.969898 ^ _756_/RESET_B (sky130_fd_sc_hd__dfrtp_2)
                                              6.969898   data arrival time

                                 25.000000   25.000000   clock wb_clk_i (rise edge)
                                  0.000000   25.000000   clock source latency
     2    0.147424    1.063065    0.746587   25.746586 ^ wb_clk_i (in)
                                                         wb_clk_i (net)
                      1.073527    0.000000   25.746586 ^ clkbuf_0_wb_clk_i/A (sky130_fd_sc_hd__clkbuf_16)
    17    0.074001    0.154063    0.612493   26.359079 ^ clkbuf_0_wb_clk_i/X (sky130_fd_sc_hd__clkbuf_16)
                                                         clknet_0_wb_clk_i (net)
                      0.154075    0.001405   26.360485 ^ clkbuf_3_3_0_wb_clk_i/A (sky130_fd_sc_hd__clkbuf_8)
    11    0.035092    0.118021    0.291859   26.652344 ^ clkbuf_3_3_0_wb_clk_i/X (sky130_fd_sc_hd__clkbuf_8)
                                                         clknet_3_3_0_wb_clk_i (net)
                      0.118021    0.000423   26.652765 ^ _756_/CLK (sky130_fd_sc_hd__dfrtp_2)
                                 -0.250000   26.402767   clock uncertainty
                                  0.000000   26.402767   clock reconvergence pessimism
                                  0.464522   26.867290   library recovery time
                                             26.867290   data required time
---------------------------------------------------------------------------------------------
                                             26.867290   data required time
                                             -6.969898   data arrival time
---------------------------------------------------------------------------------------------
                                             19.897390   slack (MET)


Startpoint: wb_rst_i (input port clocked by wb_clk_i)
Endpoint: _757_ (recovery check against rising-edge clock wb_clk_i)
Path Group: asynchronous
Path Type: max

Fanout         Cap        Slew       Delay        Time   Description
---------------------------------------------------------------------------------------------
                                  0.000000    0.000000   clock wb_clk_i (rise edge)
                                  0.000000    0.000000   clock network delay (propagated)
                                  5.000000    5.000000 v input external delay
     2    0.004739    0.026074    0.016087    5.016087 v wb_rst_i (in)
                                                         wb_rst_i (net)
                      0.026074    0.000000    5.016087 v input1/A (sky130_fd_sc_hd__buf_2)
     5    0.123250    0.530592    0.588063    5.604150 v input1/X (sky130_fd_sc_hd__buf_2)
                                                         net1 (net)
                      0.543458    0.068966    5.673116 v fanout19/A (sky130_fd_sc_hd__clkdlybuf4s25_1)
     2    0.010168    0.162809    0.751682    6.424798 v fanout19/X (sky130_fd_sc_hd__clkdlybuf4s25_1)
                                                         net19 (net)
                      0.162809    0.000272    6.425070 v wire20/A (sky130_fd_sc_hd__buf_4)
    19    0.067569    0.168816    0.424290    6.849361 v wire20/X (sky130_fd_sc_hd__buf_4)
                                                         net20 (net)
                      0.168937    0.004359    6.853720 v _673_/A (sky130_fd_sc_hd__inv_2)
     1    0.003953    0.060886    0.115754    6.969474 ^ _673_/Y (sky130_fd_sc_hd__inv_2)
                                                         _148_ (net)
                      0.060886    0.000038    6.969512 ^ _757_/RESET_B (sky130_fd_sc_hd__dfrtp_2)
                                              6.969512   data arrival time

                                 25.000000   25.000000   clock wb_clk_i (rise edge)
                                  0.000000   25.000000   clock source latency
     2    0.147424    1.063065    0.746587   25.746586 ^ wb_clk_i (in)
                                                         wb_clk_i (net)
                      1.073527    0.000000   25.746586 ^ clkbuf_0_wb_clk_i/A (sky130_fd_sc_hd__clkbuf_16)
    17    0.074001    0.154063    0.612493   26.359079 ^ clkbuf_0_wb_clk_i/X (sky130_fd_sc_hd__clkbuf_16)
                                                         clknet_0_wb_clk_i (net)
                      0.154075    0.001405   26.360485 ^ clkbuf_3_3_0_wb_clk_i/A (sky130_fd_sc_hd__clkbuf_8)
    11    0.035092    0.118021    0.291859   26.652344 ^ clkbuf_3_3_0_wb_clk_i/X (sky130_fd_sc_hd__clkbuf_8)
                                                         clknet_3_3_0_wb_clk_i (net)
                      0.118021    0.000385   26.652729 ^ _757_/CLK (sky130_fd_sc_hd__dfrtp_2)
                                 -0.250000   26.402729   clock uncertainty
                                  0.000000   26.402729   clock reconvergence pessimism
                                  0.464481   26.867212   library recovery time
                                             26.867212   data required time
---------------------------------------------------------------------------------------------
                                             26.867212   data required time
                                             -6.969512   data arrival time
---------------------------------------------------------------------------------------------
                                             19.897699   slack (MET)


Startpoint: wb_rst_i (input port clocked by wb_clk_i)
Endpoint: _758_ (recovery check against rising-edge clock wb_clk_i)
Path Group: asynchronous
Path Type: max

Fanout         Cap        Slew       Delay        Time   Description
---------------------------------------------------------------------------------------------
                                  0.000000    0.000000   clock wb_clk_i (rise edge)
                                  0.000000    0.000000   clock network delay (propagated)
                                  5.000000    5.000000 v input external delay
     2    0.004739    0.026074    0.016087    5.016087 v wb_rst_i (in)
                                                         wb_rst_i (net)
                      0.026074    0.000000    5.016087 v input1/A (sky130_fd_sc_hd__buf_2)
     5    0.123250    0.530592    0.588063    5.604150 v input1/X (sky130_fd_sc_hd__buf_2)
                                                         net1 (net)
                      0.543458    0.068966    5.673116 v fanout19/A (sky130_fd_sc_hd__clkdlybuf4s25_1)
     2    0.010168    0.162809    0.751682    6.424798 v fanout19/X (sky130_fd_sc_hd__clkdlybuf4s25_1)
                                                         net19 (net)
                      0.162809    0.000272    6.425070 v wire20/A (sky130_fd_sc_hd__buf_4)
    19    0.067569    0.168816    0.424290    6.849361 v wire20/X (sky130_fd_sc_hd__buf_4)
                                                         net20 (net)
                      0.168956    0.004657    6.854018 v _674_/A (sky130_fd_sc_hd__inv_2)
     1    0.003770    0.059824    0.114250    6.968267 ^ _674_/Y (sky130_fd_sc_hd__inv_2)
                                                         _149_ (net)
                      0.059824    0.000035    6.968302 ^ _758_/RESET_B (sky130_fd_sc_hd__dfrtp_2)
                                              6.968302   data arrival time

                                 25.000000   25.000000   clock wb_clk_i (rise edge)
                                  0.000000   25.000000   clock source latency
     2    0.147424    1.063065    0.746587   25.746586 ^ wb_clk_i (in)
                                                         wb_clk_i (net)
                      1.073527    0.000000   25.746586 ^ clkbuf_0_wb_clk_i/A (sky130_fd_sc_hd__clkbuf_16)
    17    0.074001    0.154063    0.612493   26.359079 ^ clkbuf_0_wb_clk_i/X (sky130_fd_sc_hd__clkbuf_16)
                                                         clknet_0_wb_clk_i (net)
                      0.154075    0.001405   26.360485 ^ clkbuf_3_3_0_wb_clk_i/A (sky130_fd_sc_hd__clkbuf_8)
    11    0.035092    0.118021    0.291859   26.652344 ^ clkbuf_3_3_0_wb_clk_i/X (sky130_fd_sc_hd__clkbuf_8)
                                                         clknet_3_3_0_wb_clk_i (net)
                      0.118021    0.000451   26.652794 ^ _758_/CLK (sky130_fd_sc_hd__dfrtp_2)
                                 -0.250000   26.402796   clock uncertainty
                                  0.000000   26.402796   clock reconvergence pessimism
                                  0.464934   26.867729   library recovery time
                                             26.867729   data required time
---------------------------------------------------------------------------------------------
                                             26.867729   data required time
                                             -6.968302   data arrival time
---------------------------------------------------------------------------------------------
                                             19.899427   slack (MET)


Startpoint: wb_rst_i (input port clocked by wb_clk_i)
Endpoint: _736_ (recovery check against rising-edge clock wb_clk_i)
Path Group: asynchronous
Path Type: max

Fanout         Cap        Slew       Delay        Time   Description
---------------------------------------------------------------------------------------------
                                  0.000000    0.000000   clock wb_clk_i (rise edge)
                                  0.000000    0.000000   clock network delay (propagated)
                                  5.000000    5.000000 v input external delay
     2    0.004739    0.026074    0.016087    5.016087 v wb_rst_i (in)
                                                         wb_rst_i (net)
                      0.026074    0.000000    5.016087 v input1/A (sky130_fd_sc_hd__buf_2)
     5    0.123250    0.530592    0.588063    5.604150 v input1/X (sky130_fd_sc_hd__buf_2)
                                                         net1 (net)
                      0.544132    0.070658    5.674808 v fanout25/A (sky130_fd_sc_hd__clkdlybuf4s25_1)
     8    0.040183    0.540400    1.054233    6.729041 v fanout25/X (sky130_fd_sc_hd__clkdlybuf4s25_1)
                                                         net25 (net)
                      0.540400    0.001469    6.730509 v _652_/A (sky130_fd_sc_hd__inv_2)
     1    0.003798    0.127577    0.208857    6.939366 ^ _652_/Y (sky130_fd_sc_hd__inv_2)
                                                         _127_ (net)
                      0.127577    0.000033    6.939399 ^ _736_/RESET_B (sky130_fd_sc_hd__dfrtp_2)
                                              6.939399   data arrival time

                                 25.000000   25.000000   clock wb_clk_i (rise edge)
                                  0.000000   25.000000   clock source latency
     2    0.147424    1.063065    0.746587   25.746586 ^ wb_clk_i (in)
                                                         wb_clk_i (net)
                      1.073527    0.000000   25.746586 ^ clkbuf_0_wb_clk_i/A (sky130_fd_sc_hd__clkbuf_16)
    17    0.074001    0.154063    0.612493   26.359079 ^ clkbuf_0_wb_clk_i/X (sky130_fd_sc_hd__clkbuf_16)
                                                         clknet_0_wb_clk_i (net)
                      0.154075    0.001428   26.360508 ^ clkbuf_3_4_0_wb_clk_i/A (sky130_fd_sc_hd__clkbuf_8)
    11    0.035340    0.118617    0.292269   26.652777 ^ clkbuf_3_4_0_wb_clk_i/X (sky130_fd_sc_hd__clkbuf_8)
                                                         clknet_3_4_0_wb_clk_i (net)
                      0.118617    0.000433   26.653210 ^ _736_/CLK (sky130_fd_sc_hd__dfrtp_2)
                                 -0.250000   26.403212   clock uncertainty
                                  0.000000   26.403212   clock reconvergence pessimism
                                  0.436273   26.839485   library recovery time
                                             26.839485   data required time
---------------------------------------------------------------------------------------------
                                             26.839485   data required time
                                             -6.939399   data arrival time
---------------------------------------------------------------------------------------------
                                             19.900085   slack (MET)


Startpoint: wb_rst_i (input port clocked by wb_clk_i)
Endpoint: _755_ (recovery check against rising-edge clock wb_clk_i)
Path Group: asynchronous
Path Type: max

Fanout         Cap        Slew       Delay        Time   Description
---------------------------------------------------------------------------------------------
                                  0.000000    0.000000   clock wb_clk_i (rise edge)
                                  0.000000    0.000000   clock network delay (propagated)
                                  5.000000    5.000000 v input external delay
     2    0.004739    0.026074    0.016087    5.016087 v wb_rst_i (in)
                                                         wb_rst_i (net)
                      0.026074    0.000000    5.016087 v input1/A (sky130_fd_sc_hd__buf_2)
     5    0.123250    0.530592    0.588063    5.604150 v input1/X (sky130_fd_sc_hd__buf_2)
                                                         net1 (net)
                      0.543458    0.068966    5.673116 v fanout19/A (sky130_fd_sc_hd__clkdlybuf4s25_1)
     2    0.010168    0.162809    0.751682    6.424798 v fanout19/X (sky130_fd_sc_hd__clkdlybuf4s25_1)
                                                         net19 (net)
                      0.162809    0.000272    6.425070 v wire20/A (sky130_fd_sc_hd__buf_4)
    19    0.067569    0.168816    0.424290    6.849361 v wire20/X (sky130_fd_sc_hd__buf_4)
                                                         net20 (net)
                      0.168982    0.005024    6.854385 v _671_/A (sky130_fd_sc_hd__inv_2)
     1    0.003644    0.059117    0.113221    6.967607 ^ _671_/Y (sky130_fd_sc_hd__inv_2)
                                                         _146_ (net)
                      0.059117    0.000030    6.967637 ^ _755_/RESET_B (sky130_fd_sc_hd__dfrtp_2)
                                              6.967637   data arrival time

                                 25.000000   25.000000   clock wb_clk_i (rise edge)
                                  0.000000   25.000000   clock source latency
     2    0.147424    1.063065    0.746587   25.746586 ^ wb_clk_i (in)
                                                         wb_clk_i (net)
                      1.073527    0.000000   25.746586 ^ clkbuf_0_wb_clk_i/A (sky130_fd_sc_hd__clkbuf_16)
    17    0.074001    0.154063    0.612493   26.359079 ^ clkbuf_0_wb_clk_i/X (sky130_fd_sc_hd__clkbuf_16)
                                                         clknet_0_wb_clk_i (net)
                      0.154075    0.001405   26.360485 ^ clkbuf_3_3_0_wb_clk_i/A (sky130_fd_sc_hd__clkbuf_8)
    11    0.035092    0.118021    0.291859   26.652344 ^ clkbuf_3_3_0_wb_clk_i/X (sky130_fd_sc_hd__clkbuf_8)
                                                         clknet_3_3_0_wb_clk_i (net)
                      0.118021    0.000465   26.652809 ^ _755_/CLK (sky130_fd_sc_hd__dfrtp_2)
                                 -0.250000   26.402809   clock uncertainty
                                  0.000000   26.402809   clock reconvergence pessimism
                                  0.465235   26.868044   library recovery time
                                             26.868044   data required time
---------------------------------------------------------------------------------------------
                                             26.868044   data required time
                                             -6.967637   data arrival time
---------------------------------------------------------------------------------------------
                                             19.900410   slack (MET)


Startpoint: wb_rst_i (input port clocked by wb_clk_i)
Endpoint: _715_ (recovery check against rising-edge clock wb_clk_i)
Path Group: asynchronous
Path Type: max

Fanout         Cap        Slew       Delay        Time   Description
---------------------------------------------------------------------------------------------
                                  0.000000    0.000000   clock wb_clk_i (rise edge)
                                  0.000000    0.000000   clock network delay (propagated)
                                  5.000000    5.000000 v input external delay
     2    0.004739    0.026074    0.016087    5.016087 v wb_rst_i (in)
                                                         wb_rst_i (net)
                      0.026074    0.000000    5.016087 v input1/A (sky130_fd_sc_hd__buf_2)
     5    0.123250    0.530592    0.588063    5.604150 v input1/X (sky130_fd_sc_hd__buf_2)
                                                         net1 (net)
                      0.543458    0.068966    5.673116 v fanout19/A (sky130_fd_sc_hd__clkdlybuf4s25_1)
     2    0.010168    0.162809    0.751682    6.424798 v fanout19/X (sky130_fd_sc_hd__clkdlybuf4s25_1)
                                                         net19 (net)
                      0.162809    0.000272    6.425070 v wire20/A (sky130_fd_sc_hd__buf_4)
    19    0.067569    0.168816    0.424290    6.849361 v wire20/X (sky130_fd_sc_hd__buf_4)
                                                         net20 (net)
                      0.168849    0.002501    6.851862 v _631_/A (sky130_fd_sc_hd__inv_2)
     1    0.003647    0.059107    0.113196    6.965058 ^ _631_/Y (sky130_fd_sc_hd__inv_2)
                                                         _106_ (net)
                      0.059107    0.000030    6.965087 ^ _715_/RESET_B (sky130_fd_sc_hd__dfrtp_2)
                                              6.965087   data arrival time

                                 25.000000   25.000000   clock wb_clk_i (rise edge)
                                  0.000000   25.000000   clock source latency
     2    0.147424    1.063065    0.746587   25.746586 ^ wb_clk_i (in)
                                                         wb_clk_i (net)
                      1.073527    0.000000   25.746586 ^ clkbuf_0_wb_clk_i/A (sky130_fd_sc_hd__clkbuf_16)
    17    0.074001    0.154063    0.612493   26.359079 ^ clkbuf_0_wb_clk_i/X (sky130_fd_sc_hd__clkbuf_16)
                                                         clknet_0_wb_clk_i (net)
                      0.154103    0.002224   26.361303 ^ clkbuf_3_2_0_wb_clk_i/A (sky130_fd_sc_hd__clkbuf_8)
    11    0.034623    0.116907    0.291033   26.652336 ^ clkbuf_3_2_0_wb_clk_i/X (sky130_fd_sc_hd__clkbuf_8)
                                                         clknet_3_2_0_wb_clk_i (net)
                      0.116907    0.000350   26.652687 ^ _715_/CLK (sky130_fd_sc_hd__dfrtp_2)
                                 -0.250000   26.402687   clock uncertainty
                                  0.000000   26.402687   clock reconvergence pessimism
                                  0.464867   26.867554   library recovery time
                                             26.867554   data required time
---------------------------------------------------------------------------------------------
                                             26.867554   data required time
                                             -6.965087   data arrival time
---------------------------------------------------------------------------------------------
                                             19.902466   slack (MET)


Startpoint: wb_rst_i (input port clocked by wb_clk_i)
Endpoint: _717_ (recovery check against rising-edge clock wb_clk_i)
Path Group: asynchronous
Path Type: max

Fanout         Cap        Slew       Delay        Time   Description
---------------------------------------------------------------------------------------------
                                  0.000000    0.000000   clock wb_clk_i (rise edge)
                                  0.000000    0.000000   clock network delay (propagated)
                                  5.000000    5.000000 v input external delay
     2    0.004739    0.026074    0.016087    5.016087 v wb_rst_i (in)
                                                         wb_rst_i (net)
                      0.026074    0.000000    5.016087 v input1/A (sky130_fd_sc_hd__buf_2)
     5    0.123250    0.530592    0.588063    5.604150 v input1/X (sky130_fd_sc_hd__buf_2)
                                                         net1 (net)
                      0.543458    0.068966    5.673116 v fanout19/A (sky130_fd_sc_hd__clkdlybuf4s25_1)
     2    0.010168    0.162809    0.751682    6.424798 v fanout19/X (sky130_fd_sc_hd__clkdlybuf4s25_1)
                                                         net19 (net)
                      0.162809    0.000272    6.425070 v wire20/A (sky130_fd_sc_hd__buf_4)
    19    0.067569    0.168816    0.424290    6.849361 v wire20/X (sky130_fd_sc_hd__buf_4)
                                                         net20 (net)
                      0.168822    0.001375    6.850736 v _633_/A (sky130_fd_sc_hd__inv_2)
     1    0.003734    0.059588    0.113896    6.964632 ^ _633_/Y (sky130_fd_sc_hd__inv_2)
                                                         _108_ (net)
                      0.059588    0.000032    6.964664 ^ _717_/RESET_B (sky130_fd_sc_hd__dfrtp_2)
                                              6.964664   data arrival time

                                 25.000000   25.000000   clock wb_clk_i (rise edge)
                                  0.000000   25.000000   clock source latency
     2    0.147424    1.063065    0.746587   25.746586 ^ wb_clk_i (in)
                                                         wb_clk_i (net)
                      1.073527    0.000000   25.746586 ^ clkbuf_0_wb_clk_i/A (sky130_fd_sc_hd__clkbuf_16)
    17    0.074001    0.154063    0.612493   26.359079 ^ clkbuf_0_wb_clk_i/X (sky130_fd_sc_hd__clkbuf_16)
                                                         clknet_0_wb_clk_i (net)
                      0.154103    0.002224   26.361303 ^ clkbuf_3_2_0_wb_clk_i/A (sky130_fd_sc_hd__clkbuf_8)
    11    0.034623    0.116907    0.291033   26.652336 ^ clkbuf_3_2_0_wb_clk_i/X (sky130_fd_sc_hd__clkbuf_8)
                                                         clknet_3_2_0_wb_clk_i (net)
                      0.116907    0.000233   26.652569 ^ _717_/CLK (sky130_fd_sc_hd__dfrtp_2)
                                 -0.250000   26.402569   clock uncertainty
                                  0.000000   26.402569   clock reconvergence pessimism
                                  0.464662   26.867233   library recovery time
                                             26.867233   data required time
---------------------------------------------------------------------------------------------
                                             26.867233   data required time
                                             -6.964664   data arrival time
---------------------------------------------------------------------------------------------
                                             19.902569   slack (MET)


Startpoint: wb_rst_i (input port clocked by wb_clk_i)
Endpoint: _750_ (recovery check against rising-edge clock wb_clk_i)
Path Group: asynchronous
Path Type: max

Fanout         Cap        Slew       Delay        Time   Description
---------------------------------------------------------------------------------------------
                                  0.000000    0.000000   clock wb_clk_i (rise edge)
                                  0.000000    0.000000   clock network delay (propagated)
                                  5.000000    5.000000 v input external delay
     2    0.004739    0.026074    0.016087    5.016087 v wb_rst_i (in)
                                                         wb_rst_i (net)
                      0.026074    0.000000    5.016087 v input1/A (sky130_fd_sc_hd__buf_2)
     5    0.123250    0.530592    0.588063    5.604150 v input1/X (sky130_fd_sc_hd__buf_2)
                                                         net1 (net)
                      0.543458    0.068966    5.673116 v fanout19/A (sky130_fd_sc_hd__clkdlybuf4s25_1)
     2    0.010168    0.162809    0.751682    6.424798 v fanout19/X (sky130_fd_sc_hd__clkdlybuf4s25_1)
                                                         net19 (net)
                      0.162809    0.000272    6.425070 v wire20/A (sky130_fd_sc_hd__buf_4)
    19    0.067569    0.168816    0.424290    6.849361 v wire20/X (sky130_fd_sc_hd__buf_4)
                                                         net20 (net)
                      0.168984    0.005047    6.854407 v _666_/A (sky130_fd_sc_hd__inv_2)
     1    0.003407    0.057822    0.111264    6.965672 ^ _666_/Y (sky130_fd_sc_hd__inv_2)
                                                         _141_ (net)
                      0.057822    0.000024    6.965695 ^ _750_/RESET_B (sky130_fd_sc_hd__dfrtp_2)
                                              6.965695   data arrival time

                                 25.000000   25.000000   clock wb_clk_i (rise edge)
                                  0.000000   25.000000   clock source latency
     2    0.147424    1.063065    0.746587   25.746586 ^ wb_clk_i (in)
                                                         wb_clk_i (net)
                      1.073527    0.000000   25.746586 ^ clkbuf_0_wb_clk_i/A (sky130_fd_sc_hd__clkbuf_16)
    17    0.074001    0.154063    0.612493   26.359079 ^ clkbuf_0_wb_clk_i/X (sky130_fd_sc_hd__clkbuf_16)
                                                         clknet_0_wb_clk_i (net)
                      0.154075    0.001405   26.360485 ^ clkbuf_3_3_0_wb_clk_i/A (sky130_fd_sc_hd__clkbuf_8)
    11    0.035092    0.118021    0.291859   26.652344 ^ clkbuf_3_3_0_wb_clk_i/X (sky130_fd_sc_hd__clkbuf_8)
                                                         clknet_3_3_0_wb_clk_i (net)
                      0.118021    0.000467   26.652811 ^ _750_/CLK (sky130_fd_sc_hd__dfrtp_2)
                                 -0.250000   26.402811   clock uncertainty
                                  0.000000   26.402811   clock reconvergence pessimism
                                  0.465786   26.868597   library recovery time
                                             26.868597   data required time
---------------------------------------------------------------------------------------------
                                             26.868597   data required time
                                             -6.965695   data arrival time
---------------------------------------------------------------------------------------------
                                             19.902901   slack (MET)


Startpoint: wb_rst_i (input port clocked by wb_clk_i)
Endpoint: _737_ (recovery check against rising-edge clock wb_clk_i)
Path Group: asynchronous
Path Type: max

Fanout         Cap        Slew       Delay        Time   Description
---------------------------------------------------------------------------------------------
                                  0.000000    0.000000   clock wb_clk_i (rise edge)
                                  0.000000    0.000000   clock network delay (propagated)
                                  5.000000    5.000000 v input external delay
     2    0.004739    0.026074    0.016087    5.016087 v wb_rst_i (in)
                                                         wb_rst_i (net)
                      0.026074    0.000000    5.016087 v input1/A (sky130_fd_sc_hd__buf_2)
     5    0.123250    0.530592    0.588063    5.604150 v input1/X (sky130_fd_sc_hd__buf_2)
                                                         net1 (net)
                      0.544132    0.070658    5.674808 v fanout25/A (sky130_fd_sc_hd__clkdlybuf4s25_1)
     8    0.040183    0.540400    1.054233    6.729041 v fanout25/X (sky130_fd_sc_hd__clkdlybuf4s25_1)
                                                         net25 (net)
                      0.540400    0.001445    6.730485 v _653_/A (sky130_fd_sc_hd__inv_2)
     1    0.003700    0.126648    0.207163    6.937648 ^ _653_/Y (sky130_fd_sc_hd__inv_2)
                                                         _128_ (net)
                      0.126648    0.000030    6.937678 ^ _737_/RESET_B (sky130_fd_sc_hd__dfrtp_2)
                                              6.937678   data arrival time

                                 25.000000   25.000000   clock wb_clk_i (rise edge)
                                  0.000000   25.000000   clock source latency
     2    0.147424    1.063065    0.746587   25.746586 ^ wb_clk_i (in)
                                                         wb_clk_i (net)
                      1.073527    0.000000   25.746586 ^ clkbuf_0_wb_clk_i/A (sky130_fd_sc_hd__clkbuf_16)
    17    0.074001    0.154063    0.612493   26.359079 ^ clkbuf_0_wb_clk_i/X (sky130_fd_sc_hd__clkbuf_16)
                                                         clknet_0_wb_clk_i (net)
                      0.154070    0.001169   26.360249 ^ clkbuf_3_6_0_wb_clk_i/A (sky130_fd_sc_hd__clkbuf_8)
    12    0.036041    0.120291    0.293444   26.653692 ^ clkbuf_3_6_0_wb_clk_i/X (sky130_fd_sc_hd__clkbuf_8)
                                                         clknet_3_6_0_wb_clk_i (net)
                      0.120291    0.000320   26.654011 ^ _737_/CLK (sky130_fd_sc_hd__dfrtp_2)
                                 -0.250000   26.404013   clock uncertainty
                                  0.000000   26.404013   clock reconvergence pessimism
                                  0.437231   26.841244   library recovery time
                                             26.841244   data required time
---------------------------------------------------------------------------------------------
                                             26.841244   data required time
                                             -6.937678   data arrival time
---------------------------------------------------------------------------------------------
                                             19.903564   slack (MET)


Startpoint: wb_rst_i (input port clocked by wb_clk_i)
Endpoint: _716_ (recovery check against rising-edge clock wb_clk_i)
Path Group: asynchronous
Path Type: max

Fanout         Cap        Slew       Delay        Time   Description
---------------------------------------------------------------------------------------------
                                  0.000000    0.000000   clock wb_clk_i (rise edge)
                                  0.000000    0.000000   clock network delay (propagated)
                                  5.000000    5.000000 v input external delay
     2    0.004739    0.026074    0.016087    5.016087 v wb_rst_i (in)
                                                         wb_rst_i (net)
                      0.026074    0.000000    5.016087 v input1/A (sky130_fd_sc_hd__buf_2)
     5    0.123250    0.530592    0.588063    5.604150 v input1/X (sky130_fd_sc_hd__buf_2)
                                                         net1 (net)
                      0.543458    0.068966    5.673116 v fanout19/A (sky130_fd_sc_hd__clkdlybuf4s25_1)
     2    0.010168    0.162809    0.751682    6.424798 v fanout19/X (sky130_fd_sc_hd__clkdlybuf4s25_1)
                                                         net19 (net)
                      0.162809    0.000272    6.425070 v wire20/A (sky130_fd_sc_hd__buf_4)
    19    0.067569    0.168816    0.424290    6.849361 v wire20/X (sky130_fd_sc_hd__buf_4)
                                                         net20 (net)
                      0.168824    0.001487    6.850848 v _632_/A (sky130_fd_sc_hd__inv_2)
     1    0.003520    0.058394    0.112134    6.962982 ^ _632_/Y (sky130_fd_sc_hd__inv_2)
                                                         _107_ (net)
                      0.058394    0.000026    6.963008 ^ _716_/RESET_B (sky130_fd_sc_hd__dfrtp_2)
                                              6.963008   data arrival time

                                 25.000000   25.000000   clock wb_clk_i (rise edge)
                                  0.000000   25.000000   clock source latency
     2    0.147424    1.063065    0.746587   25.746586 ^ wb_clk_i (in)
                                                         wb_clk_i (net)
                      1.073527    0.000000   25.746586 ^ clkbuf_0_wb_clk_i/A (sky130_fd_sc_hd__clkbuf_16)
    17    0.074001    0.154063    0.612493   26.359079 ^ clkbuf_0_wb_clk_i/X (sky130_fd_sc_hd__clkbuf_16)
                                                         clknet_0_wb_clk_i (net)
                      0.154103    0.002224   26.361303 ^ clkbuf_3_2_0_wb_clk_i/A (sky130_fd_sc_hd__clkbuf_8)
    11    0.034623    0.116907    0.291033   26.652336 ^ clkbuf_3_2_0_wb_clk_i/X (sky130_fd_sc_hd__clkbuf_8)
                                                         clknet_3_2_0_wb_clk_i (net)
                      0.116907    0.000165   26.652502 ^ _716_/CLK (sky130_fd_sc_hd__dfrtp_2)
                                 -0.250000   26.402502   clock uncertainty
                                  0.000000   26.402502   clock reconvergence pessimism
                                  0.465171   26.867674   library recovery time
                                             26.867674   data required time
---------------------------------------------------------------------------------------------
                                             26.867674   data required time
                                             -6.963008   data arrival time
---------------------------------------------------------------------------------------------
                                             19.904665   slack (MET)


Startpoint: _697_ (rising edge-triggered flip-flop clocked by wb_clk_i)
Endpoint: _708_ (rising edge-triggered flip-flop clocked by wb_clk_i)
Path Group: wb_clk_i
Path Type: max

Fanout         Cap        Slew       Delay        Time   Description
---------------------------------------------------------------------------------------------
                                  0.000000    0.000000   clock wb_clk_i (rise edge)
                                  0.000000    0.000000   clock source latency
     2    0.147424    1.063065    0.825174    0.825174 ^ wb_clk_i (in)
                                                         wb_clk_i (net)
                      1.073527    0.000000    0.825174 ^ clkbuf_0_wb_clk_i/A (sky130_fd_sc_hd__clkbuf_16)
    17    0.074001    0.154063    0.676967    1.502141 ^ clkbuf_0_wb_clk_i/X (sky130_fd_sc_hd__clkbuf_16)
                                                         clknet_0_wb_clk_i (net)
                      0.154089    0.002080    1.504221 ^ clkbuf_3_1_0_wb_clk_i/A (sky130_fd_sc_hd__clkbuf_8)
    11    0.035047    0.117914    0.322490    1.826712 ^ clkbuf_3_1_0_wb_clk_i/X (sky130_fd_sc_hd__clkbuf_8)
                                                         clknet_3_1_0_wb_clk_i (net)
                      0.117914    0.000264    1.826975 ^ _697_/CLK (sky130_fd_sc_hd__dfrtp_2)
     1    0.002257    0.071376    0.847931    2.674906 v _697_/Q (sky130_fd_sc_hd__dfrtp_2)
                                                         timer.scan_div[3] (net)
                      0.071376    0.000025    2.674931 v hold37/A (sky130_fd_sc_hd__dlygate4sd3_1)
     3    0.013640    0.203892    1.316907    3.991838 v hold37/X (sky130_fd_sc_hd__dlygate4sd3_1)
                                                         net37 (net)
                      0.203892    0.000075    3.991913 v _494_/C (sky130_fd_sc_hd__and4_2)
     6    0.017167    0.137971    0.643156    4.635069 v _494_/X (sky130_fd_sc_hd__and4_2)
                                                         _272_ (net)
                      0.137971    0.000235    4.635304 v _516_/A (sky130_fd_sc_hd__and4_2)
     8    0.032436    0.192088    0.567732    5.203036 v _516_/X (sky130_fd_sc_hd__and4_2)
                                                         _286_ (net)
                      0.192088    0.000838    5.203875 v _520_/C (sky130_fd_sc_hd__and3_2)
     3    0.016054    0.132295    0.599681    5.803555 v _520_/X (sky130_fd_sc_hd__and3_2)
                                                         _288_ (net)
                      0.132295    0.000161    5.803716 v _522_/B (sky130_fd_sc_hd__nor2_2)
     1    0.002350    0.099098    0.144619    5.948336 ^ _522_/Y (sky130_fd_sc_hd__nor2_2)
                                                         _289_ (net)
                      0.099098    0.000027    5.948363 ^ _524_/A_N (sky130_fd_sc_hd__and2b_2)
     1    0.002056    0.065170    0.461159    6.409522 v _524_/X (sky130_fd_sc_hd__and2b_2)
                                                         _006_ (net)
                      0.065170    0.000018    6.409540 v _708_/D (sky130_fd_sc_hd__dfrtp_2)
                                              6.409540   data arrival time

                                 25.000000   25.000000   clock wb_clk_i (rise edge)
                                  0.000000   25.000000   clock source latency
     2    0.147424    1.063065    0.746587   25.746586 ^ wb_clk_i (in)
                                                         wb_clk_i (net)
                      1.073527    0.000000   25.746586 ^ clkbuf_0_wb_clk_i/A (sky130_fd_sc_hd__clkbuf_16)
    17    0.074001    0.154063    0.612493   26.359079 ^ clkbuf_0_wb_clk_i/X (sky130_fd_sc_hd__clkbuf_16)
                                                         clknet_0_wb_clk_i (net)
                      0.154089    0.001883   26.360962 ^ clkbuf_3_1_0_wb_clk_i/A (sky130_fd_sc_hd__clkbuf_8)
    11    0.035047    0.117914    0.291775   26.652739 ^ clkbuf_3_1_0_wb_clk_i/X (sky130_fd_sc_hd__clkbuf_8)
                                                         clknet_3_1_0_wb_clk_i (net)
                      0.117914    0.000332   26.653070 ^ _708_/CLK (sky130_fd_sc_hd__dfrtp_2)
                                 -0.250000   26.403070   clock uncertainty
                                  0.173972   26.577044   clock reconvergence pessimism
                                 -0.261824   26.315220   library setup time
                                             26.315220   data required time
---------------------------------------------------------------------------------------------
                                             26.315220   data required time
                                             -6.409540   data arrival time
---------------------------------------------------------------------------------------------
                                             19.905680   slack (MET)


Startpoint: wb_rst_i (input port clocked by wb_clk_i)
Endpoint: _743_ (recovery check against rising-edge clock wb_clk_i)
Path Group: asynchronous
Path Type: max

Fanout         Cap        Slew       Delay        Time   Description
---------------------------------------------------------------------------------------------
                                  0.000000    0.000000   clock wb_clk_i (rise edge)
                                  0.000000    0.000000   clock network delay (propagated)
                                  5.000000    5.000000 v input external delay
     2    0.004739    0.026074    0.016087    5.016087 v wb_rst_i (in)
                                                         wb_rst_i (net)
                      0.026074    0.000000    5.016087 v input1/A (sky130_fd_sc_hd__buf_2)
     5    0.123250    0.530592    0.588063    5.604150 v input1/X (sky130_fd_sc_hd__buf_2)
                                                         net1 (net)
                      0.544132    0.070658    5.674808 v fanout25/A (sky130_fd_sc_hd__clkdlybuf4s25_1)
     8    0.040183    0.540400    1.054233    6.729041 v fanout25/X (sky130_fd_sc_hd__clkdlybuf4s25_1)
                                                         net25 (net)
                      0.540400    0.000710    6.729751 v _659_/A (sky130_fd_sc_hd__inv_2)
     1    0.003570    0.125415    0.204916    6.934666 ^ _659_/Y (sky130_fd_sc_hd__inv_2)
                                                         _134_ (net)
                      0.125415    0.000026    6.934692 ^ _743_/RESET_B (sky130_fd_sc_hd__dfrtp_2)
                                              6.934692   data arrival time

                                 25.000000   25.000000   clock wb_clk_i (rise edge)
                                  0.000000   25.000000   clock source latency
     2    0.147424    1.063065    0.746587   25.746586 ^ wb_clk_i (in)
                                                         wb_clk_i (net)
                      1.073527    0.000000   25.746586 ^ clkbuf_0_wb_clk_i/A (sky130_fd_sc_hd__clkbuf_16)
    17    0.074001    0.154063    0.612493   26.359079 ^ clkbuf_0_wb_clk_i/X (sky130_fd_sc_hd__clkbuf_16)
                                                         clknet_0_wb_clk_i (net)
                      0.154075    0.001428   26.360508 ^ clkbuf_3_4_0_wb_clk_i/A (sky130_fd_sc_hd__clkbuf_8)
    11    0.035340    0.118617    0.292269   26.652777 ^ clkbuf_3_4_0_wb_clk_i/X (sky130_fd_sc_hd__clkbuf_8)
                                                         clknet_3_4_0_wb_clk_i (net)
                      0.118617    0.000433   26.653210 ^ _743_/CLK (sky130_fd_sc_hd__dfrtp_2)
                                 -0.250000   26.403212   clock uncertainty
                                  0.000000   26.403212   clock reconvergence pessimism
                                  0.437194   26.840405   library recovery time
                                             26.840405   data required time
---------------------------------------------------------------------------------------------
                                             26.840405   data required time
                                             -6.934692   data arrival time
---------------------------------------------------------------------------------------------
                                             19.905712   slack (MET)


Startpoint: wb_rst_i (input port clocked by wb_clk_i)
Endpoint: _742_ (recovery check against rising-edge clock wb_clk_i)
Path Group: asynchronous
Path Type: max

Fanout         Cap        Slew       Delay        Time   Description
---------------------------------------------------------------------------------------------
                                  0.000000    0.000000   clock wb_clk_i (rise edge)
                                  0.000000    0.000000   clock network delay (propagated)
                                  5.000000    5.000000 v input external delay
     2    0.004739    0.026074    0.016087    5.016087 v wb_rst_i (in)
                                                         wb_rst_i (net)
                      0.026074    0.000000    5.016087 v input1/A (sky130_fd_sc_hd__buf_2)
     5    0.123250    0.530592    0.588063    5.604150 v input1/X (sky130_fd_sc_hd__buf_2)
                                                         net1 (net)
                      0.544132    0.070658    5.674808 v fanout25/A (sky130_fd_sc_hd__clkdlybuf4s25_1)
     8    0.040183    0.540400    1.054233    6.729041 v fanout25/X (sky130_fd_sc_hd__clkdlybuf4s25_1)
                                                         net25 (net)
                      0.540400    0.001291    6.730331 v _658_/A (sky130_fd_sc_hd__inv_2)
     1    0.003515    0.124886    0.203952    6.934283 ^ _658_/Y (sky130_fd_sc_hd__inv_2)
                                                         _133_ (net)
                      0.124886    0.000026    6.934309 ^ _742_/RESET_B (sky130_fd_sc_hd__dfrtp_2)
                                              6.934309   data arrival time

                                 25.000000   25.000000   clock wb_clk_i (rise edge)
                                  0.000000   25.000000   clock source latency
     2    0.147424    1.063065    0.746587   25.746586 ^ wb_clk_i (in)
                                                         wb_clk_i (net)
                      1.073527    0.000000   25.746586 ^ clkbuf_0_wb_clk_i/A (sky130_fd_sc_hd__clkbuf_16)
    17    0.074001    0.154063    0.612493   26.359079 ^ clkbuf_0_wb_clk_i/X (sky130_fd_sc_hd__clkbuf_16)
                                                         clknet_0_wb_clk_i (net)
                      0.154075    0.001428   26.360508 ^ clkbuf_3_4_0_wb_clk_i/A (sky130_fd_sc_hd__clkbuf_8)
    11    0.035340    0.118617    0.292269   26.652777 ^ clkbuf_3_4_0_wb_clk_i/X (sky130_fd_sc_hd__clkbuf_8)
                                                         clknet_3_4_0_wb_clk_i (net)
                      0.118617    0.000378   26.653154 ^ _742_/CLK (sky130_fd_sc_hd__dfrtp_2)
                                 -0.250000   26.403156   clock uncertainty
                                  0.000000   26.403156   clock reconvergence pessimism
                                  0.437419   26.840574   library recovery time
                                             26.840574   data required time
---------------------------------------------------------------------------------------------
                                             26.840574   data required time
                                             -6.934309   data arrival time
---------------------------------------------------------------------------------------------
                                             19.906265   slack (MET)


Startpoint: wb_rst_i (input port clocked by wb_clk_i)
Endpoint: _739_ (recovery check against rising-edge clock wb_clk_i)
Path Group: asynchronous
Path Type: max

Fanout         Cap        Slew       Delay        Time   Description
---------------------------------------------------------------------------------------------
                                  0.000000    0.000000   clock wb_clk_i (rise edge)
                                  0.000000    0.000000   clock network delay (propagated)
                                  5.000000    5.000000 v input external delay
     2    0.004739    0.026074    0.016087    5.016087 v wb_rst_i (in)
                                                         wb_rst_i (net)
                      0.026074    0.000000    5.016087 v input1/A (sky130_fd_sc_hd__buf_2)
     5    0.123250    0.530592    0.588063    5.604150 v input1/X (sky130_fd_sc_hd__buf_2)
                                                         net1 (net)
                      0.544132    0.070658    5.674808 v fanout25/A (sky130_fd_sc_hd__clkdlybuf4s25_1)
     8    0.040183    0.540400    1.054233    6.729041 v fanout25/X (sky130_fd_sc_hd__clkdlybuf4s25_1)
                                                         net25 (net)
                      0.540400    0.001445    6.730485 v _655_/A (sky130_fd_sc_hd__inv_2)
     1    0.003412    0.123915    0.202181    6.932666 ^ _655_/Y (sky130_fd_sc_hd__inv_2)
                                                         _130_ (net)
                      0.123915    0.000024    6.932690 ^ _739_/RESET_B (sky130_fd_sc_hd__dfrtp_2)
                                              6.932690   data arrival time

                                 25.000000   25.000000   clock wb_clk_i (rise edge)
                                  0.000000   25.000000   clock source latency
     2    0.147424    1.063065    0.746587   25.746586 ^ wb_clk_i (in)
                                                         wb_clk_i (net)
                      1.073527    0.000000   25.746586 ^ clkbuf_0_wb_clk_i/A (sky130_fd_sc_hd__clkbuf_16)
    17    0.074001    0.154063    0.612493   26.359079 ^ clkbuf_0_wb_clk_i/X (sky130_fd_sc_hd__clkbuf_16)
                                                         clknet_0_wb_clk_i (net)
                      0.154075    0.001428   26.360508 ^ clkbuf_3_4_0_wb_clk_i/A (sky130_fd_sc_hd__clkbuf_8)
    11    0.035340    0.118617    0.292269   26.652777 ^ clkbuf_3_4_0_wb_clk_i/X (sky130_fd_sc_hd__clkbuf_8)
                                                         clknet_3_4_0_wb_clk_i (net)
                      0.118617    0.000098   26.652874 ^ _739_/CLK (sky130_fd_sc_hd__dfrtp_2)
                                 -0.250000   26.402876   clock uncertainty
                                  0.000000   26.402876   clock reconvergence pessimism
                                  0.437833   26.840708   library recovery time
                                             26.840708   data required time
---------------------------------------------------------------------------------------------
                                             26.840708   data required time
                                             -6.932690   data arrival time
---------------------------------------------------------------------------------------------
                                             19.908018   slack (MET)


Startpoint: _729_ (rising edge-triggered flip-flop clocked by wb_clk_i)
Endpoint: _732_ (rising edge-triggered flip-flop clocked by wb_clk_i)
Path Group: wb_clk_i
Path Type: max

Fanout         Cap        Slew       Delay        Time   Description
---------------------------------------------------------------------------------------------
                                  0.000000    0.000000   clock wb_clk_i (rise edge)
                                  0.000000    0.000000   clock source latency
     2    0.147424    1.063065    0.825174    0.825174 ^ wb_clk_i (in)
                                                         wb_clk_i (net)
                      1.073527    0.000000    0.825174 ^ clkbuf_0_wb_clk_i/A (sky130_fd_sc_hd__clkbuf_16)
    17    0.074001    0.154063    0.676967    1.502141 ^ clkbuf_0_wb_clk_i/X (sky130_fd_sc_hd__clkbuf_16)
                                                         clknet_0_wb_clk_i (net)
                      0.154090    0.002109    1.504251 ^ clkbuf_3_7_0_wb_clk_i/A (sky130_fd_sc_hd__clkbuf_8)
    12    0.034773    0.117264    0.321941    1.826191 ^ clkbuf_3_7_0_wb_clk_i/X (sky130_fd_sc_hd__clkbuf_8)
                                                         clknet_3_7_0_wb_clk_i (net)
                      0.117264    0.000370    1.826561 ^ _729_/CLK (sky130_fd_sc_hd__dfrtp_2)
     1    0.002110    0.065209    0.722242    2.548803 ^ _729_/Q (sky130_fd_sc_hd__dfrtp_2)
                                                         timer.sec_div[2] (net)
                      0.065209    0.000021    2.548823 ^ hold59/A (sky130_fd_sc_hd__dlygate4sd3_1)
     4    0.017757    0.301991    1.277704    3.826528 ^ hold59/X (sky130_fd_sc_hd__dlygate4sd3_1)
                                                         net59 (net)
                      0.301991    0.000140    3.826668 ^ _417_/D (sky130_fd_sc_hd__and4_2)
     8    0.027043    0.277460    0.768023    4.594690 ^ _417_/X (sky130_fd_sc_hd__and4_2)
                                                         _227_ (net)
                      0.277460    0.000531    4.595222 ^ _420_/B (sky130_fd_sc_hd__nand2_2)
     2    0.010422    0.117012    0.219939    4.815160 v _420_/Y (sky130_fd_sc_hd__nand2_2)
                                                         _229_ (net)
                      0.117012    0.000094    4.815255 v _423_/B (sky130_fd_sc_hd__xnor2_2)
     1    0.001912    0.088192    0.246732    5.061986 v _423_/Y (sky130_fd_sc_hd__xnor2_2)
                                                         _061_ (net)
                      0.088192    0.000018    5.062005 v hold109/A (sky130_fd_sc_hd__dlygate4sd3_1)
     1    0.002594    0.103916    1.184640    6.246644 v hold109/X (sky130_fd_sc_hd__dlygate4sd3_1)
                                                         net109 (net)
                      0.103916    0.000029    6.246673 v _732_/D (sky130_fd_sc_hd__dfrtp_2)
                                              6.246673   data arrival time

                                 25.000000   25.000000   clock wb_clk_i (rise edge)
                                  0.000000   25.000000   clock source latency
     2    0.147424    1.063065    0.746587   25.746586 ^ wb_clk_i (in)
                                                         wb_clk_i (net)
                      1.073527    0.000000   25.746586 ^ clkbuf_0_wb_clk_i/A (sky130_fd_sc_hd__clkbuf_16)
    17    0.074001    0.154063    0.612493   26.359079 ^ clkbuf_0_wb_clk_i/X (sky130_fd_sc_hd__clkbuf_16)
                                                         clknet_0_wb_clk_i (net)
                      0.154070    0.001169   26.360249 ^ clkbuf_3_6_0_wb_clk_i/A (sky130_fd_sc_hd__clkbuf_8)
    12    0.036041    0.120291    0.293444   26.653692 ^ clkbuf_3_6_0_wb_clk_i/X (sky130_fd_sc_hd__clkbuf_8)
                                                         clknet_3_6_0_wb_clk_i (net)
                      0.120291    0.000178   26.653870 ^ _732_/CLK (sky130_fd_sc_hd__dfrtp_2)
                                 -0.250000   26.403870   clock uncertainty
                                  0.143061   26.546930   clock reconvergence pessimism
                                 -0.277363   26.269569   library setup time
                                             26.269569   data required time
---------------------------------------------------------------------------------------------
                                             26.269569   data required time
                                             -6.246673   data arrival time
---------------------------------------------------------------------------------------------
                                             20.022896   slack (MET)


Startpoint: _691_ (rising edge-triggered flip-flop clocked by wb_clk_i)
Endpoint: _690_ (rising edge-triggered flip-flop clocked by wb_clk_i)
Path Group: wb_clk_i
Path Type: max

Fanout         Cap        Slew       Delay        Time   Description
---------------------------------------------------------------------------------------------
                                  0.000000    0.000000   clock wb_clk_i (rise edge)
                                  0.000000    0.000000   clock source latency
     2    0.147424    1.063065    0.825174    0.825174 ^ wb_clk_i (in)
                                                         wb_clk_i (net)
                      1.073527    0.000000    0.825174 ^ clkbuf_0_wb_clk_i/A (sky130_fd_sc_hd__clkbuf_16)
    17    0.074001    0.154063    0.676967    1.502141 ^ clkbuf_0_wb_clk_i/X (sky130_fd_sc_hd__clkbuf_16)
                                                         clknet_0_wb_clk_i (net)
                      0.154090    0.002109    1.504251 ^ clkbuf_3_7_0_wb_clk_i/A (sky130_fd_sc_hd__clkbuf_8)
    12    0.034773    0.117264    0.321941    1.826191 ^ clkbuf_3_7_0_wb_clk_i/X (sky130_fd_sc_hd__clkbuf_8)
                                                         clknet_3_7_0_wb_clk_i (net)
                      0.117264    0.000273    1.826464 ^ _691_/CLK (sky130_fd_sc_hd__dfrtp_2)
     4    0.012830    0.122273    0.928727    2.755191 v _691_/Q (sky130_fd_sc_hd__dfrtp_2)
                                                         timer.sec_ones[2] (net)
                      0.122273    0.000026    2.755217 v hold142/A (sky130_fd_sc_hd__dlygate4sd3_1)
     2    0.012176    0.196500    1.327179    4.082396 v hold142/X (sky130_fd_sc_hd__dlygate4sd3_1)
                                                         net142 (net)
                      0.196500    0.000093    4.082489 v _343_/A_N (sky130_fd_sc_hd__and4b_2)
     3    0.009818    0.152941    0.720843    4.803332 ^ _343_/X (sky130_fd_sc_hd__and4b_2)
                                                         _178_ (net)
                      0.152941    0.000105    4.803437 ^ _347_/B (sky130_fd_sc_hd__nor2_2)
     1    0.002747    0.058258    0.088110    4.891547 v _347_/Y (sky130_fd_sc_hd__nor2_2)
                                                         _180_ (net)
                      0.058258    0.000028    4.891575 v _348_/B1 (sky130_fd_sc_hd__o21a_2)
     1    0.002413    0.056574    0.206164    5.097739 v _348_/X (sky130_fd_sc_hd__o21a_2)
                                                         _165_ (net)
                      0.056574    0.000028    5.097767 v hold157/A (sky130_fd_sc_hd__dlygate4sd3_1)
     1    0.002211    0.103336    1.163075    6.260841 v hold157/X (sky130_fd_sc_hd__dlygate4sd3_1)
                                                         net157 (net)
                      0.103336    0.000020    6.260861 v _690_/D (sky130_fd_sc_hd__dfrtp_2)
                                              6.260861   data arrival time

                                 25.000000   25.000000   clock wb_clk_i (rise edge)
                                  0.000000   25.000000   clock source latency
     2    0.147424    1.063065    0.746587   25.746586 ^ wb_clk_i (in)
                                                         wb_clk_i (net)
                      1.073527    0.000000   25.746586 ^ clkbuf_0_wb_clk_i/A (sky130_fd_sc_hd__clkbuf_16)
    17    0.074001    0.154063    0.612493   26.359079 ^ clkbuf_0_wb_clk_i/X (sky130_fd_sc_hd__clkbuf_16)
                                                         clknet_0_wb_clk_i (net)
                      0.154090    0.001908   26.360987 ^ clkbuf_3_7_0_wb_clk_i/A (sky130_fd_sc_hd__clkbuf_8)
    12    0.034773    0.117264    0.291280   26.652267 ^ clkbuf_3_7_0_wb_clk_i/X (sky130_fd_sc_hd__clkbuf_8)
                                                         clknet_3_7_0_wb_clk_i (net)
                      0.117264    0.000503   26.652769 ^ _690_/CLK (sky130_fd_sc_hd__dfrtp_2)
                                 -0.250000   26.402771   clock uncertainty
                                  0.173923   26.576694   clock reconvergence pessimism
                                 -0.277928   26.298765   library setup time
                                             26.298765   data required time
---------------------------------------------------------------------------------------------
                                             26.298765   data required time
                                             -6.260861   data arrival time
---------------------------------------------------------------------------------------------
                                             20.037903   slack (MET)


Startpoint: _691_ (rising edge-triggered flip-flop clocked by wb_clk_i)
Endpoint: _686_ (rising edge-triggered flip-flop clocked by wb_clk_i)
Path Group: wb_clk_i
Path Type: max

Fanout         Cap        Slew       Delay        Time   Description
---------------------------------------------------------------------------------------------
                                  0.000000    0.000000   clock wb_clk_i (rise edge)
                                  0.000000    0.000000   clock source latency
     2    0.147424    1.063065    0.825174    0.825174 ^ wb_clk_i (in)
                                                         wb_clk_i (net)
                      1.073527    0.000000    0.825174 ^ clkbuf_0_wb_clk_i/A (sky130_fd_sc_hd__clkbuf_16)
    17    0.074001    0.154063    0.676967    1.502141 ^ clkbuf_0_wb_clk_i/X (sky130_fd_sc_hd__clkbuf_16)
                                                         clknet_0_wb_clk_i (net)
                      0.154090    0.002109    1.504251 ^ clkbuf_3_7_0_wb_clk_i/A (sky130_fd_sc_hd__clkbuf_8)
    12    0.034773    0.117264    0.321941    1.826191 ^ clkbuf_3_7_0_wb_clk_i/X (sky130_fd_sc_hd__clkbuf_8)
                                                         clknet_3_7_0_wb_clk_i (net)
                      0.117264    0.000273    1.826464 ^ _691_/CLK (sky130_fd_sc_hd__dfrtp_2)
     4    0.012830    0.122273    0.928727    2.755191 v _691_/Q (sky130_fd_sc_hd__dfrtp_2)
                                                         timer.sec_ones[2] (net)
                      0.122273    0.000026    2.755217 v hold142/A (sky130_fd_sc_hd__dlygate4sd3_1)
     2    0.012176    0.196500    1.327179    4.082396 v hold142/X (sky130_fd_sc_hd__dlygate4sd3_1)
                                                         net142 (net)
                      0.196500    0.000093    4.082489 v _343_/A_N (sky130_fd_sc_hd__and4b_2)
     3    0.009818    0.152941    0.720843    4.803332 ^ _343_/X (sky130_fd_sc_hd__and4b_2)
                                                         _178_ (net)
                      0.152941    0.000076    4.803408 ^ _344_/B (sky130_fd_sc_hd__and2b_2)
     5    0.026780    0.230721    0.468394    5.271802 ^ _344_/X (sky130_fd_sc_hd__and2b_2)
                                                         _179_ (net)
                      0.230721    0.000538    5.272340 ^ _351_/C (sky130_fd_sc_hd__and3_2)
     3    0.011424    0.141759    0.505180    5.777520 ^ _351_/X (sky130_fd_sc_hd__and3_2)
                                                         _182_ (net)
                      0.141759    0.000126    5.777647 ^ _360_/A_N (sky130_fd_sc_hd__and3b_2)
     1    0.002929    0.072077    0.467133    6.244779 v _360_/X (sky130_fd_sc_hd__and3b_2)
                                                         _161_ (net)
                      0.072077    0.000037    6.244816 v _686_/D (sky130_fd_sc_hd__dfrtp_2)
                                              6.244816   data arrival time

                                 25.000000   25.000000   clock wb_clk_i (rise edge)
                                  0.000000   25.000000   clock source latency
     2    0.147424    1.063065    0.746587   25.746586 ^ wb_clk_i (in)
                                                         wb_clk_i (net)
                      1.073527    0.000000   25.746586 ^ clkbuf_0_wb_clk_i/A (sky130_fd_sc_hd__clkbuf_16)
    17    0.074001    0.154063    0.612493   26.359079 ^ clkbuf_0_wb_clk_i/X (sky130_fd_sc_hd__clkbuf_16)
                                                         clknet_0_wb_clk_i (net)
                      0.154096    0.002039   26.361118 ^ clkbuf_3_5_0_wb_clk_i/A (sky130_fd_sc_hd__clkbuf_8)
    11    0.036399    0.121134    0.294202   26.655321 ^ clkbuf_3_5_0_wb_clk_i/X (sky130_fd_sc_hd__clkbuf_8)
                                                         clknet_3_5_0_wb_clk_i (net)
                      0.121134    0.000208   26.655529 ^ _686_/CLK (sky130_fd_sc_hd__dfrtp_2)
                                 -0.250000   26.405529   clock uncertainty
                                  0.143061   26.548590   clock reconvergence pessimism
                                 -0.263848   26.284742   library setup time
                                             26.284742   data required time
---------------------------------------------------------------------------------------------
                                             26.284742   data required time
                                             -6.244816   data arrival time
---------------------------------------------------------------------------------------------
                                             20.039927   slack (MET)


Startpoint: _697_ (rising edge-triggered flip-flop clocked by wb_clk_i)
Endpoint: _699_ (rising edge-triggered flip-flop clocked by wb_clk_i)
Path Group: wb_clk_i
Path Type: max

Fanout         Cap        Slew       Delay        Time   Description
---------------------------------------------------------------------------------------------
                                  0.000000    0.000000   clock wb_clk_i (rise edge)
                                  0.000000    0.000000   clock source latency
     2    0.147424    1.063065    0.825174    0.825174 ^ wb_clk_i (in)
                                                         wb_clk_i (net)
                      1.073527    0.000000    0.825174 ^ clkbuf_0_wb_clk_i/A (sky130_fd_sc_hd__clkbuf_16)
    17    0.074001    0.154063    0.676967    1.502141 ^ clkbuf_0_wb_clk_i/X (sky130_fd_sc_hd__clkbuf_16)
                                                         clknet_0_wb_clk_i (net)
                      0.154089    0.002080    1.504221 ^ clkbuf_3_1_0_wb_clk_i/A (sky130_fd_sc_hd__clkbuf_8)
    11    0.035047    0.117914    0.322490    1.826712 ^ clkbuf_3_1_0_wb_clk_i/X (sky130_fd_sc_hd__clkbuf_8)
                                                         clknet_3_1_0_wb_clk_i (net)
                      0.117914    0.000264    1.826975 ^ _697_/CLK (sky130_fd_sc_hd__dfrtp_2)
     1    0.002257    0.071376    0.847931    2.674906 v _697_/Q (sky130_fd_sc_hd__dfrtp_2)
                                                         timer.scan_div[3] (net)
                      0.071376    0.000025    2.674931 v hold37/A (sky130_fd_sc_hd__dlygate4sd3_1)
     3    0.013640    0.203892    1.316907    3.991838 v hold37/X (sky130_fd_sc_hd__dlygate4sd3_1)
                                                         net37 (net)
                      0.203892    0.000075    3.991913 v _494_/C (sky130_fd_sc_hd__and4_2)
     6    0.017167    0.137971    0.643156    4.635069 v _494_/X (sky130_fd_sc_hd__and4_2)
                                                         _272_ (net)
                      0.137971    0.000359    4.635428 v _500_/A (sky130_fd_sc_hd__and2_2)
     2    0.009673    0.098780    0.441464    5.076893 v _500_/X (sky130_fd_sc_hd__and2_2)
                                                         _276_ (net)
                      0.098780    0.000020    5.076912 v _501_/B1 (sky130_fd_sc_hd__a21oi_2)
     1    0.002533    0.124259    0.170992    5.247904 ^ _501_/Y (sky130_fd_sc_hd__a21oi_2)
                                                         _028_ (net)
                      0.124259    0.000029    5.247933 ^ hold130/A (sky130_fd_sc_hd__dlygate4sd3_1)
     1    0.002197    0.087373    1.106056    6.353990 ^ hold130/X (sky130_fd_sc_hd__dlygate4sd3_1)
                                                         net130 (net)
                      0.087373    0.000020    6.354010 ^ _699_/D (sky130_fd_sc_hd__dfrtp_2)
                                              6.354010   data arrival time

                                 25.000000   25.000000   clock wb_clk_i (rise edge)
                                  0.000000   25.000000   clock source latency
     2    0.147424    1.063065    0.746587   25.746586 ^ wb_clk_i (in)
                                                         wb_clk_i (net)
                      1.073527    0.000000   25.746586 ^ clkbuf_0_wb_clk_i/A (sky130_fd_sc_hd__clkbuf_16)
    17    0.074001    0.154063    0.612493   26.359079 ^ clkbuf_0_wb_clk_i/X (sky130_fd_sc_hd__clkbuf_16)
                                                         clknet_0_wb_clk_i (net)
                      0.154075    0.001405   26.360485 ^ clkbuf_3_3_0_wb_clk_i/A (sky130_fd_sc_hd__clkbuf_8)
    11    0.035092    0.118021    0.291859   26.652344 ^ clkbuf_3_3_0_wb_clk_i/X (sky130_fd_sc_hd__clkbuf_8)
                                                         clknet_3_3_0_wb_clk_i (net)
                      0.118021    0.000449   26.652792 ^ _699_/CLK (sky130_fd_sc_hd__dfrtp_2)
                                 -0.250000   26.402794   clock uncertainty
                                  0.143061   26.545855   clock reconvergence pessimism
                                 -0.134317   26.411537   library setup time
                                             26.411537   data required time
---------------------------------------------------------------------------------------------
                                             26.411537   data required time
                                             -6.354010   data arrival time
---------------------------------------------------------------------------------------------
                                             20.057528   slack (MET)


Startpoint: _729_ (rising edge-triggered flip-flop clocked by wb_clk_i)
Endpoint: _751_ (rising edge-triggered flip-flop clocked by wb_clk_i)
Path Group: wb_clk_i
Path Type: max

Fanout         Cap        Slew       Delay        Time   Description
---------------------------------------------------------------------------------------------
                                  0.000000    0.000000   clock wb_clk_i (rise edge)
                                  0.000000    0.000000   clock source latency
     2    0.147424    1.063065    0.825174    0.825174 ^ wb_clk_i (in)
                                                         wb_clk_i (net)
                      1.073527    0.000000    0.825174 ^ clkbuf_0_wb_clk_i/A (sky130_fd_sc_hd__clkbuf_16)
    17    0.074001    0.154063    0.676967    1.502141 ^ clkbuf_0_wb_clk_i/X (sky130_fd_sc_hd__clkbuf_16)
                                                         clknet_0_wb_clk_i (net)
                      0.154090    0.002109    1.504251 ^ clkbuf_3_7_0_wb_clk_i/A (sky130_fd_sc_hd__clkbuf_8)
    12    0.034773    0.117264    0.321941    1.826191 ^ clkbuf_3_7_0_wb_clk_i/X (sky130_fd_sc_hd__clkbuf_8)
                                                         clknet_3_7_0_wb_clk_i (net)
                      0.117264    0.000370    1.826561 ^ _729_/CLK (sky130_fd_sc_hd__dfrtp_2)
     1    0.001992    0.070089    0.844856    2.671417 v _729_/Q (sky130_fd_sc_hd__dfrtp_2)
                                                         timer.sec_div[2] (net)
                      0.070089    0.000020    2.671437 v hold59/A (sky130_fd_sc_hd__dlygate4sd3_1)
     4    0.016717    0.228200    1.341887    4.013324 v hold59/X (sky130_fd_sc_hd__dlygate4sd3_1)
                                                         net59 (net)
                      0.228200    0.000133    4.013457 v _417_/D (sky130_fd_sc_hd__and4_2)
     8    0.025738    0.166893    0.714386    4.727843 v _417_/X (sky130_fd_sc_hd__and4_2)
                                                         _227_ (net)
                      0.166893    0.000719    4.728562 v _445_/A (sky130_fd_sc_hd__and4_2)
     9    0.031580    0.188812    0.579424    5.307986 v _445_/X (sky130_fd_sc_hd__and4_2)
                                                         _245_ (net)
                      0.188813    0.000947    5.308933 v _471_/A (sky130_fd_sc_hd__and3_2)
     4    0.020792    0.147189    0.539180    5.848113 v _471_/X (sky130_fd_sc_hd__and3_2)
                                                         _260_ (net)
                      0.147189    0.000576    5.848689 v _473_/B (sky130_fd_sc_hd__xor2_2)
     1    0.002098    0.080978    0.289652    6.138340 v _473_/X (sky130_fd_sc_hd__xor2_2)
                                                         _050_ (net)
                      0.080978    0.000019    6.138360 v _751_/D (sky130_fd_sc_hd__dfrtp_2)
                                              6.138360   data arrival time

                                 25.000000   25.000000   clock wb_clk_i (rise edge)
                                  0.000000   25.000000   clock source latency
     2    0.147424    1.063065    0.746587   25.746586 ^ wb_clk_i (in)
                                                         wb_clk_i (net)
                      1.073527    0.000000   25.746586 ^ clkbuf_0_wb_clk_i/A (sky130_fd_sc_hd__clkbuf_16)
    17    0.074001    0.154063    0.612493   26.359079 ^ clkbuf_0_wb_clk_i/X (sky130_fd_sc_hd__clkbuf_16)
                                                         clknet_0_wb_clk_i (net)
                      0.154070    0.001169   26.360249 ^ clkbuf_3_6_0_wb_clk_i/A (sky130_fd_sc_hd__clkbuf_8)
    12    0.036041    0.120291    0.293444   26.653692 ^ clkbuf_3_6_0_wb_clk_i/X (sky130_fd_sc_hd__clkbuf_8)
                                                         clknet_3_6_0_wb_clk_i (net)
                      0.120292    0.000620   26.654312 ^ _751_/CLK (sky130_fd_sc_hd__dfrtp_2)
                                 -0.250000   26.404312   clock uncertainty
                                  0.143061   26.547373   clock reconvergence pessimism
                                 -0.267788   26.279585   library setup time
                                             26.279585   data required time
---------------------------------------------------------------------------------------------
                                             26.279585   data required time
                                             -6.138360   data arrival time
---------------------------------------------------------------------------------------------
                                             20.141226   slack (MET)


Startpoint: _690_ (rising edge-triggered flip-flop clocked by wb_clk_i)
Endpoint: _691_ (rising edge-triggered flip-flop clocked by wb_clk_i)
Path Group: wb_clk_i
Path Type: max

Fanout         Cap        Slew       Delay        Time   Description
---------------------------------------------------------------------------------------------
                                  0.000000    0.000000   clock wb_clk_i (rise edge)
                                  0.000000    0.000000   clock source latency
     2    0.147424    1.063065    0.825174    0.825174 ^ wb_clk_i (in)
                                                         wb_clk_i (net)
                      1.073527    0.000000    0.825174 ^ clkbuf_0_wb_clk_i/A (sky130_fd_sc_hd__clkbuf_16)
    17    0.074001    0.154063    0.676967    1.502141 ^ clkbuf_0_wb_clk_i/X (sky130_fd_sc_hd__clkbuf_16)
                                                         clknet_0_wb_clk_i (net)
                      0.154090    0.002109    1.504251 ^ clkbuf_3_7_0_wb_clk_i/A (sky130_fd_sc_hd__clkbuf_8)
    12    0.034773    0.117264    0.321941    1.826191 ^ clkbuf_3_7_0_wb_clk_i/X (sky130_fd_sc_hd__clkbuf_8)
                                                         clknet_3_7_0_wb_clk_i (net)
                      0.117264    0.000555    1.826747 ^ _690_/CLK (sky130_fd_sc_hd__dfrtp_2)
     3    0.010706    0.111735    0.915027    2.741774 v _690_/Q (sky130_fd_sc_hd__dfrtp_2)
                                                         timer.sec_ones[1] (net)
                      0.111735    0.000054    2.741828 v hold156/A (sky130_fd_sc_hd__dlygate4sd3_1)
     4    0.009290    0.168190    1.287273    4.029101 v hold156/X (sky130_fd_sc_hd__dlygate4sd3_1)
                                                         net156 (net)
                      0.168190    0.000096    4.029198 v _341_/B (sky130_fd_sc_hd__and3_2)
     4    0.023546    0.157206    0.588136    4.617333 v _341_/X (sky130_fd_sc_hd__and3_2)
                                                         _176_ (net)
                      0.157206    0.000317    4.617651 v _346_/B (sky130_fd_sc_hd__xor2_2)
     1    0.003159    0.089727    0.301750    4.919400 v _346_/X (sky130_fd_sc_hd__xor2_2)
                                                         _166_ (net)
                      0.089727    0.000046    4.919446 v hold143/A (sky130_fd_sc_hd__dlygate4sd3_1)
     1    0.002572    0.107261    1.185031    6.104477 v hold143/X (sky130_fd_sc_hd__dlygate4sd3_1)
                                                         net143 (net)
                      0.107261    0.000018    6.104496 v _691_/D (sky130_fd_sc_hd__dfrtp_2)
                                              6.104496   data arrival time

                                 25.000000   25.000000   clock wb_clk_i (rise edge)
                                  0.000000   25.000000   clock source latency
     2    0.147424    1.063065    0.746587   25.746586 ^ wb_clk_i (in)
                                                         wb_clk_i (net)
                      1.073527    0.000000   25.746586 ^ clkbuf_0_wb_clk_i/A (sky130_fd_sc_hd__clkbuf_16)
    17    0.074001    0.154063    0.612493   26.359079 ^ clkbuf_0_wb_clk_i/X (sky130_fd_sc_hd__clkbuf_16)
                                                         clknet_0_wb_clk_i (net)
                      0.154090    0.001908   26.360987 ^ clkbuf_3_7_0_wb_clk_i/A (sky130_fd_sc_hd__clkbuf_8)
    12    0.034773    0.117264    0.291280   26.652267 ^ clkbuf_3_7_0_wb_clk_i/X (sky130_fd_sc_hd__clkbuf_8)
                                                         clknet_3_7_0_wb_clk_i (net)
                      0.117264    0.000247   26.652514 ^ _691_/CLK (sky130_fd_sc_hd__dfrtp_2)
                                 -0.250000   26.402515   clock uncertainty
                                  0.173923   26.576437   clock reconvergence pessimism
                                 -0.279567   26.296871   library setup time
                                             26.296871   data required time
---------------------------------------------------------------------------------------------
                                             26.296871   data required time
                                             -6.104496   data arrival time
---------------------------------------------------------------------------------------------
                                             20.192377   slack (MET)


Startpoint: _729_ (rising edge-triggered flip-flop clocked by wb_clk_i)
Endpoint: _743_ (rising edge-triggered flip-flop clocked by wb_clk_i)
Path Group: wb_clk_i
Path Type: max

Fanout         Cap        Slew       Delay        Time   Description
---------------------------------------------------------------------------------------------
                                  0.000000    0.000000   clock wb_clk_i (rise edge)
                                  0.000000    0.000000   clock source latency
     2    0.147424    1.063065    0.825174    0.825174 ^ wb_clk_i (in)
                                                         wb_clk_i (net)
                      1.073527    0.000000    0.825174 ^ clkbuf_0_wb_clk_i/A (sky130_fd_sc_hd__clkbuf_16)
    17    0.074001    0.154063    0.676967    1.502141 ^ clkbuf_0_wb_clk_i/X (sky130_fd_sc_hd__clkbuf_16)
                                                         clknet_0_wb_clk_i (net)
                      0.154090    0.002109    1.504251 ^ clkbuf_3_7_0_wb_clk_i/A (sky130_fd_sc_hd__clkbuf_8)
    12    0.034773    0.117264    0.321941    1.826191 ^ clkbuf_3_7_0_wb_clk_i/X (sky130_fd_sc_hd__clkbuf_8)
                                                         clknet_3_7_0_wb_clk_i (net)
                      0.117264    0.000370    1.826561 ^ _729_/CLK (sky130_fd_sc_hd__dfrtp_2)
     1    0.001992    0.070089    0.844856    2.671417 v _729_/Q (sky130_fd_sc_hd__dfrtp_2)
                                                         timer.sec_div[2] (net)
                      0.070089    0.000020    2.671437 v hold59/A (sky130_fd_sc_hd__dlygate4sd3_1)
     4    0.016717    0.228200    1.341887    4.013324 v hold59/X (sky130_fd_sc_hd__dlygate4sd3_1)
                                                         net59 (net)
                      0.228200    0.000133    4.013457 v _417_/D (sky130_fd_sc_hd__and4_2)
     8    0.025738    0.166893    0.714386    4.727843 v _417_/X (sky130_fd_sc_hd__and4_2)
                                                         _227_ (net)
                      0.166893    0.000719    4.728562 v _445_/A (sky130_fd_sc_hd__and4_2)
     9    0.031580    0.188812    0.579424    5.307986 v _445_/X (sky130_fd_sc_hd__and4_2)
                                                         _245_ (net)
                      0.188812    0.000758    5.308744 v _450_/A (sky130_fd_sc_hd__and2_2)
     2    0.009571    0.098416    0.466617    5.775361 v _450_/X (sky130_fd_sc_hd__and2_2)
                                                         _248_ (net)
                      0.098416    0.000059    5.775419 v _453_/B (sky130_fd_sc_hd__nor2_2)
     1    0.004905    0.139077    0.164295    5.939714 ^ _453_/Y (sky130_fd_sc_hd__nor2_2)
                                                         _250_ (net)
                      0.139077    0.000024    5.939738 ^ _454_/B (sky130_fd_sc_hd__nor2_2)
     1    0.002501    0.046989    0.082371    6.022108 v _454_/Y (sky130_fd_sc_hd__nor2_2)
                                                         _041_ (net)
                      0.046989    0.000026    6.022134 v _743_/D (sky130_fd_sc_hd__dfrtp_2)
                                              6.022134   data arrival time

                                 25.000000   25.000000   clock wb_clk_i (rise edge)
                                  0.000000   25.000000   clock source latency
     2    0.147424    1.063065    0.746587   25.746586 ^ wb_clk_i (in)
                                                         wb_clk_i (net)
                      1.073527    0.000000   25.746586 ^ clkbuf_0_wb_clk_i/A (sky130_fd_sc_hd__clkbuf_16)
    17    0.074001    0.154063    0.612493   26.359079 ^ clkbuf_0_wb_clk_i/X (sky130_fd_sc_hd__clkbuf_16)
                                                         clknet_0_wb_clk_i (net)
                      0.154075    0.001428   26.360508 ^ clkbuf_3_4_0_wb_clk_i/A (sky130_fd_sc_hd__clkbuf_8)
    11    0.035340    0.118617    0.292269   26.652777 ^ clkbuf_3_4_0_wb_clk_i/X (sky130_fd_sc_hd__clkbuf_8)
                                                         clknet_3_4_0_wb_clk_i (net)
                      0.118617    0.000433   26.653210 ^ _743_/CLK (sky130_fd_sc_hd__dfrtp_2)
                                 -0.250000   26.403212   clock uncertainty
                                  0.143061   26.546272   clock reconvergence pessimism
                                 -0.254047   26.292225   library setup time
                                             26.292225   data required time
---------------------------------------------------------------------------------------------
                                             26.292225   data required time
                                             -6.022134   data arrival time
---------------------------------------------------------------------------------------------
                                             20.270090   slack (MET)


Startpoint: _695_ (rising edge-triggered flip-flop clocked by wb_clk_i)
Endpoint: _697_ (rising edge-triggered flip-flop clocked by wb_clk_i)
Path Group: wb_clk_i
Path Type: max

Fanout         Cap        Slew       Delay        Time   Description
---------------------------------------------------------------------------------------------
                                  0.000000    0.000000   clock wb_clk_i (rise edge)
                                  0.000000    0.000000   clock source latency
     2    0.147424    1.063065    0.825174    0.825174 ^ wb_clk_i (in)
                                                         wb_clk_i (net)
                      1.073527    0.000000    0.825174 ^ clkbuf_0_wb_clk_i/A (sky130_fd_sc_hd__clkbuf_16)
    17    0.074001    0.154063    0.676967    1.502141 ^ clkbuf_0_wb_clk_i/X (sky130_fd_sc_hd__clkbuf_16)
                                                         clknet_0_wb_clk_i (net)
                      0.154089    0.002080    1.504221 ^ clkbuf_3_1_0_wb_clk_i/A (sky130_fd_sc_hd__clkbuf_8)
    11    0.035047    0.117914    0.322490    1.826712 ^ clkbuf_3_1_0_wb_clk_i/X (sky130_fd_sc_hd__clkbuf_8)
                                                         clknet_3_1_0_wb_clk_i (net)
                      0.117914    0.000249    1.826960 ^ _695_/CLK (sky130_fd_sc_hd__dfrtp_2)
     1    0.001968    0.069976    0.844927    2.671887 v _695_/Q (sky130_fd_sc_hd__dfrtp_2)
                                                         timer.scan_div[1] (net)
                      0.069976    0.000018    2.671905 v hold121/A (sky130_fd_sc_hd__dlygate4sd3_1)
     3    0.010023    0.175451    1.275168    3.947073 v hold121/X (sky130_fd_sc_hd__dlygate4sd3_1)
                                                         net121 (net)
                      0.175451    0.000095    3.947168 v _489_/B (sky130_fd_sc_hd__and2_2)
     3    0.011261    0.105547    0.518560    4.465728 v _489_/X (sky130_fd_sc_hd__and2_2)
                                                         _269_ (net)
                      0.105547    0.000149    4.465877 v _492_/B (sky130_fd_sc_hd__nand2_2)
     2    0.010895    0.116876    0.162827    4.628703 ^ _492_/Y (sky130_fd_sc_hd__nand2_2)
                                                         _271_ (net)
                      0.116876    0.000110    4.628813 ^ _495_/B (sky130_fd_sc_hd__xnor2_2)
     1    0.001889    0.077840    0.120366    4.749179 v _495_/Y (sky130_fd_sc_hd__xnor2_2)
                                                         _026_ (net)
                      0.077840    0.000018    4.749197 v hold38/A (sky130_fd_sc_hd__dlygate4sd3_1)
     1    0.002569    0.107189    1.178990    5.928187 v hold38/X (sky130_fd_sc_hd__dlygate4sd3_1)
                                                         net38 (net)
                      0.107189    0.000028    5.928216 v _697_/D (sky130_fd_sc_hd__dfrtp_2)
                                              5.928216   data arrival time

                                 25.000000   25.000000   clock wb_clk_i (rise edge)
                                  0.000000   25.000000   clock source latency
     2    0.147424    1.063065    0.746587   25.746586 ^ wb_clk_i (in)
                                                         wb_clk_i (net)
                      1.073527    0.000000   25.746586 ^ clkbuf_0_wb_clk_i/A (sky130_fd_sc_hd__clkbuf_16)
    17    0.074001    0.154063    0.612493   26.359079 ^ clkbuf_0_wb_clk_i/X (sky130_fd_sc_hd__clkbuf_16)
                                                         clknet_0_wb_clk_i (net)
                      0.154089    0.001883   26.360962 ^ clkbuf_3_1_0_wb_clk_i/A (sky130_fd_sc_hd__clkbuf_8)
    11    0.035047    0.117914    0.291775   26.652739 ^ clkbuf_3_1_0_wb_clk_i/X (sky130_fd_sc_hd__clkbuf_8)
                                                         clknet_3_1_0_wb_clk_i (net)
                      0.117914    0.000240   26.652977 ^ _697_/CLK (sky130_fd_sc_hd__dfrtp_2)
                                 -0.250000   26.402979   clock uncertainty
                                  0.173972   26.576952   clock reconvergence pessimism
                                 -0.279363   26.297586   library setup time
                                             26.297586   data required time
---------------------------------------------------------------------------------------------
                                             26.297586   data required time
                                             -5.928216   data arrival time
---------------------------------------------------------------------------------------------
                                             20.369371   slack (MET)


Startpoint: _727_ (rising edge-triggered flip-flop clocked by wb_clk_i)
Endpoint: _729_ (rising edge-triggered flip-flop clocked by wb_clk_i)
Path Group: wb_clk_i
Path Type: max

Fanout         Cap        Slew       Delay        Time   Description
---------------------------------------------------------------------------------------------
                                  0.000000    0.000000   clock wb_clk_i (rise edge)
                                  0.000000    0.000000   clock source latency
     2    0.147424    1.063065    0.825174    0.825174 ^ wb_clk_i (in)
                                                         wb_clk_i (net)
                      1.073527    0.000000    0.825174 ^ clkbuf_0_wb_clk_i/A (sky130_fd_sc_hd__clkbuf_16)
    17    0.074001    0.154063    0.676967    1.502141 ^ clkbuf_0_wb_clk_i/X (sky130_fd_sc_hd__clkbuf_16)
                                                         clknet_0_wb_clk_i (net)
                      0.154090    0.002109    1.504251 ^ clkbuf_3_7_0_wb_clk_i/A (sky130_fd_sc_hd__clkbuf_8)
    12    0.034773    0.117264    0.321941    1.826191 ^ clkbuf_3_7_0_wb_clk_i/X (sky130_fd_sc_hd__clkbuf_8)
                                                         clknet_3_7_0_wb_clk_i (net)
                      0.117264    0.000507    1.826698 ^ _727_/CLK (sky130_fd_sc_hd__dfrtp_2)
     1    0.001791    0.069099    0.842758    2.669457 v _727_/Q (sky130_fd_sc_hd__dfrtp_2)
                                                         timer.sec_div[0] (net)
                      0.069099    0.000016    2.669473 v hold27/A (sky130_fd_sc_hd__dlygate4sd3_1)
     5    0.017674    0.235916    1.349370    4.018843 v hold27/X (sky130_fd_sc_hd__dlygate4sd3_1)
                                                         net27 (net)
                      0.235916    0.000147    4.018991 v _414_/A (sky130_fd_sc_hd__nand2_2)
     2    0.010725    0.120062    0.209489    4.228480 ^ _414_/Y (sky130_fd_sc_hd__nand2_2)
                                                         _226_ (net)
                      0.120062    0.000123    4.228603 ^ _416_/B (sky130_fd_sc_hd__xnor2_2)
     1    0.002488    0.086863    0.126280    4.354883 v _416_/Y (sky130_fd_sc_hd__xnor2_2)
                                                         _056_ (net)
                      0.086863    0.000020    4.354904 v hold60/A (sky130_fd_sc_hd__dlygate4sd3_1)
     1    0.003070    0.107834    1.192410    5.547313 v hold60/X (sky130_fd_sc_hd__dlygate4sd3_1)
                                                         net60 (net)
                      0.107834    0.000038    5.547351 v _729_/D (sky130_fd_sc_hd__dfrtp_2)
                                              5.547351   data arrival time

                                 25.000000   25.000000   clock wb_clk_i (rise edge)
                                  0.000000   25.000000   clock source latency
     2    0.147424    1.063065    0.746587   25.746586 ^ wb_clk_i (in)
                                                         wb_clk_i (net)
                      1.073527    0.000000   25.746586 ^ clkbuf_0_wb_clk_i/A (sky130_fd_sc_hd__clkbuf_16)
    17    0.074001    0.154063    0.612493   26.359079 ^ clkbuf_0_wb_clk_i/X (sky130_fd_sc_hd__clkbuf_16)
                                                         clknet_0_wb_clk_i (net)
                      0.154090    0.001908   26.360987 ^ clkbuf_3_7_0_wb_clk_i/A (sky130_fd_sc_hd__clkbuf_8)
    12    0.034773    0.117264    0.291280   26.652267 ^ clkbuf_3_7_0_wb_clk_i/X (sky130_fd_sc_hd__clkbuf_8)
                                                         clknet_3_7_0_wb_clk_i (net)
                      0.117264    0.000336   26.652603 ^ _729_/CLK (sky130_fd_sc_hd__dfrtp_2)
                                 -0.250000   26.402603   clock uncertainty
                                  0.173923   26.576527   clock reconvergence pessimism
                                 -0.279806   26.296721   library setup time
                                             26.296721   data required time
---------------------------------------------------------------------------------------------
                                             26.296721   data required time
                                             -5.547351   data arrival time
---------------------------------------------------------------------------------------------
                                             20.749369   slack (MET)


Startpoint: _726_ (rising edge-triggered flip-flop clocked by wb_clk_i)
Endpoint: _675_ (rising edge-triggered flip-flop clocked by wb_clk_i)
Path Group: wb_clk_i
Path Type: max

Fanout         Cap        Slew       Delay        Time   Description
---------------------------------------------------------------------------------------------
                                  0.000000    0.000000   clock wb_clk_i (rise edge)
                                  0.000000    0.000000   clock source latency
     2    0.147424    1.063065    0.825174    0.825174 ^ wb_clk_i (in)
                                                         wb_clk_i (net)
                      1.073527    0.000000    0.825174 ^ clkbuf_0_wb_clk_i/A (sky130_fd_sc_hd__clkbuf_16)
    17    0.074001    0.154063    0.676967    1.502141 ^ clkbuf_0_wb_clk_i/X (sky130_fd_sc_hd__clkbuf_16)
                                                         clknet_0_wb_clk_i (net)
                      0.154075    0.001578    1.503719 ^ clkbuf_3_4_0_wb_clk_i/A (sky130_fd_sc_hd__clkbuf_8)
    11    0.035340    0.118617    0.323034    1.826753 ^ clkbuf_3_4_0_wb_clk_i/X (sky130_fd_sc_hd__clkbuf_8)
                                                         clknet_3_4_0_wb_clk_i (net)
                      0.118617    0.000436    1.827189 ^ _726_/CLK (sky130_fd_sc_hd__dfrtp_2)
     1    0.002304    0.071611    0.848770    2.675959 v _726_/Q (sky130_fd_sc_hd__dfrtp_2)
                                                         timer.scan (net)
                      0.071611    0.000029    2.675988 v hold43/A (sky130_fd_sc_hd__dlygate4sd3_1)
     2    0.013533    0.203074    1.316111    3.992099 v hold43/X (sky130_fd_sc_hd__dlygate4sd3_1)
                                                         net43 (net)
                      0.203074    0.000181    3.992280 v _388_/A (sky130_fd_sc_hd__xor2_2)
     1    0.002011    0.097399    0.361646    4.353926 v _388_/X (sky130_fd_sc_hd__xor2_2)
                                                         _150_ (net)
                      0.097399    0.000022    4.353948 v hold44/A (sky130_fd_sc_hd__dlygate4sd3_1)
     1    0.002345    0.104705    1.184923    5.538871 v hold44/X (sky130_fd_sc_hd__dlygate4sd3_1)
                                                         net44 (net)
                      0.104705    0.000024    5.538894 v _675_/D (sky130_fd_sc_hd__dfrtp_2)
                                              5.538894   data arrival time

                                 25.000000   25.000000   clock wb_clk_i (rise edge)
                                  0.000000   25.000000   clock source latency
     2    0.147424    1.063065    0.746587   25.746586 ^ wb_clk_i (in)
                                                         wb_clk_i (net)
                      1.073527    0.000000   25.746586 ^ clkbuf_0_wb_clk_i/A (sky130_fd_sc_hd__clkbuf_16)
    17    0.074001    0.154063    0.612493   26.359079 ^ clkbuf_0_wb_clk_i/X (sky130_fd_sc_hd__clkbuf_16)
                                                         clknet_0_wb_clk_i (net)
                      0.154075    0.001428   26.360508 ^ clkbuf_3_4_0_wb_clk_i/A (sky130_fd_sc_hd__clkbuf_8)
    11    0.035340    0.118617    0.292269   26.652777 ^ clkbuf_3_4_0_wb_clk_i/X (sky130_fd_sc_hd__clkbuf_8)
                                                         clknet_3_4_0_wb_clk_i (net)
                      0.118617    0.000449   26.653227 ^ _675_/CLK (sky130_fd_sc_hd__dfrtp_2)
                                 -0.250000   26.403227   clock uncertainty
                                  0.173976   26.577204   clock reconvergence pessimism
                                 -0.278139   26.299065   library setup time
                                             26.299065   data required time
---------------------------------------------------------------------------------------------
                                             26.299065   data required time
                                             -5.538894   data arrival time
---------------------------------------------------------------------------------------------
                                             20.760172   slack (MET)


Startpoint: _727_ (rising edge-triggered flip-flop clocked by wb_clk_i)
Endpoint: _728_ (rising edge-triggered flip-flop clocked by wb_clk_i)
Path Group: wb_clk_i
Path Type: max

Fanout         Cap        Slew       Delay        Time   Description
---------------------------------------------------------------------------------------------
                                  0.000000    0.000000   clock wb_clk_i (rise edge)
                                  0.000000    0.000000   clock source latency
     2    0.147424    1.063065    0.825174    0.825174 ^ wb_clk_i (in)
                                                         wb_clk_i (net)
                      1.073527    0.000000    0.825174 ^ clkbuf_0_wb_clk_i/A (sky130_fd_sc_hd__clkbuf_16)
    17    0.074001    0.154063    0.676967    1.502141 ^ clkbuf_0_wb_clk_i/X (sky130_fd_sc_hd__clkbuf_16)
                                                         clknet_0_wb_clk_i (net)
                      0.154090    0.002109    1.504251 ^ clkbuf_3_7_0_wb_clk_i/A (sky130_fd_sc_hd__clkbuf_8)
    12    0.034773    0.117264    0.321941    1.826191 ^ clkbuf_3_7_0_wb_clk_i/X (sky130_fd_sc_hd__clkbuf_8)
                                                         clknet_3_7_0_wb_clk_i (net)
                      0.117264    0.000507    1.826698 ^ _727_/CLK (sky130_fd_sc_hd__dfrtp_2)
     1    0.001791    0.069099    0.842758    2.669457 v _727_/Q (sky130_fd_sc_hd__dfrtp_2)
                                                         timer.sec_div[0] (net)
                      0.069099    0.000016    2.669473 v hold27/A (sky130_fd_sc_hd__dlygate4sd3_1)
     5    0.017674    0.235916    1.349370    4.018843 v hold27/X (sky130_fd_sc_hd__dlygate4sd3_1)
                                                         net27 (net)
                      0.235916    0.000116    4.018959 v _406_/A (sky130_fd_sc_hd__or2_2)
     2    0.004778    0.121998    0.783926    4.802885 v _406_/X (sky130_fd_sc_hd__or2_2)
                                                         _220_ (net)
                      0.121998    0.000041    4.802926 v _415_/A (sky130_fd_sc_hd__and2_2)
     1    0.002517    0.068859    0.386137    5.189063 v _415_/X (sky130_fd_sc_hd__and2_2)
                                                         _045_ (net)
                      0.068859    0.000027    5.189090 v _728_/D (sky130_fd_sc_hd__dfrtp_2)
                                              5.189090   data arrival time

                                 25.000000   25.000000   clock wb_clk_i (rise edge)
                                  0.000000   25.000000   clock source latency
     2    0.147424    1.063065    0.746587   25.746586 ^ wb_clk_i (in)
                                                         wb_clk_i (net)
                      1.073527    0.000000   25.746586 ^ clkbuf_0_wb_clk_i/A (sky130_fd_sc_hd__clkbuf_16)
    17    0.074001    0.154063    0.612493   26.359079 ^ clkbuf_0_wb_clk_i/X (sky130_fd_sc_hd__clkbuf_16)
                                                         clknet_0_wb_clk_i (net)
                      0.154090    0.001908   26.360987 ^ clkbuf_3_7_0_wb_clk_i/A (sky130_fd_sc_hd__clkbuf_8)
    12    0.034773    0.117264    0.291280   26.652267 ^ clkbuf_3_7_0_wb_clk_i/X (sky130_fd_sc_hd__clkbuf_8)
                                                         clknet_3_7_0_wb_clk_i (net)
                      0.117264    0.000224   26.652491 ^ _728_/CLK (sky130_fd_sc_hd__dfrtp_2)
                                 -0.250000   26.402493   clock uncertainty
                                  0.173923   26.576414   clock reconvergence pessimism
                                 -0.263536   26.312878   library setup time
                                             26.312878   data required time
---------------------------------------------------------------------------------------------
                                             26.312878   data required time
                                             -5.189090   data arrival time
---------------------------------------------------------------------------------------------
                                             21.123787   slack (MET)



