
===========================================================================
report_checks -path_delay min (Hold)
============================================================================
======================= min_ss_100C_1v60 Corner ===================================

Startpoint: _678_ (rising edge-triggered flip-flop clocked by wb_clk_i)
Endpoint: _679_ (rising edge-triggered flip-flop clocked by wb_clk_i)
Path Group: wb_clk_i
Path Type: min

Fanout         Cap        Slew       Delay        Time   Description
---------------------------------------------------------------------------------------------
                                  0.000000    0.000000   clock wb_clk_i (rise edge)
                                  0.000000    0.000000   clock source latency
     2    0.147424    1.063065    0.746586    0.746586 ^ wb_clk_i (in)
                                                         wb_clk_i (net)
                      1.073527    0.000000    0.746586 ^ clkbuf_0_wb_clk_i/A (sky130_fd_sc_hd__clkbuf_16)
    17    0.074001    0.154063    0.612494    1.359080 ^ clkbuf_0_wb_clk_i/X (sky130_fd_sc_hd__clkbuf_16)
                                                         clknet_0_wb_clk_i (net)
                      0.154096    0.002040    1.361120 ^ clkbuf_3_5_0_wb_clk_i/A (sky130_fd_sc_hd__clkbuf_8)
    11    0.036399    0.121134    0.294202    1.655322 ^ clkbuf_3_5_0_wb_clk_i/X (sky130_fd_sc_hd__clkbuf_8)
                                                         clknet_3_5_0_wb_clk_i (net)
                      0.121134    0.000265    1.655587 ^ _678_/CLK (sky130_fd_sc_hd__dfrtp_2)
     4    0.011989    0.132103    0.729637    2.385224 ^ _678_/Q (sky130_fd_sc_hd__dfrtp_2)
                                                         timer.min_tens[1] (net)
                      0.132103    0.000150    2.385374 ^ _377_/A1 (sky130_fd_sc_hd__a21oi_2)
     1    0.004617    0.075534    0.121259    2.506634 v _377_/Y (sky130_fd_sc_hd__a21oi_2)
                                                         _199_ (net)
                      0.075534    0.000042    2.506675 v _380_/B1 (sky130_fd_sc_hd__a21oi_2)
     1    0.001780    0.096774    0.136106    2.642781 ^ _380_/Y (sky130_fd_sc_hd__a21oi_2)
                                                         _154_ (net)
                      0.096774    0.000007    2.642788 ^ hold34/A (sky130_fd_sc_hd__dlygate4sd3_1)
     1    0.002675    0.090249    0.997370    3.640157 ^ hold34/X (sky130_fd_sc_hd__dlygate4sd3_1)
                                                         net34 (net)
                      0.090249    0.000027    3.640184 ^ _679_/D (sky130_fd_sc_hd__dfrtp_2)
                                              3.640184   data arrival time

                                  0.000000    0.000000   clock wb_clk_i (rise edge)
                                  0.000000    0.000000   clock source latency
     2    0.147424    1.063065    0.825174    0.825174 ^ wb_clk_i (in)
                                                         wb_clk_i (net)
                      1.073527    0.000000    0.825174 ^ clkbuf_0_wb_clk_i/A (sky130_fd_sc_hd__clkbuf_16)
    17    0.074001    0.154063    0.676967    1.502141 ^ clkbuf_0_wb_clk_i/X (sky130_fd_sc_hd__clkbuf_16)
                                                         clknet_0_wb_clk_i (net)
                      0.154096    0.002254    1.504396 ^ clkbuf_3_5_0_wb_clk_i/A (sky130_fd_sc_hd__clkbuf_8)
    11    0.036399    0.121134    0.325170    1.829566 ^ clkbuf_3_5_0_wb_clk_i/X (sky130_fd_sc_hd__clkbuf_8)
                                                         clknet_3_5_0_wb_clk_i (net)
                      0.121134    0.000248    1.829815 ^ _679_/CLK (sky130_fd_sc_hd__dfrtp_2)
                                  0.250000    2.079815   clock uncertainty
                                 -0.174244    1.905570   clock reconvergence pessimism
                                 -0.073111    1.832460   library hold time
                                              1.832460   data required time
---------------------------------------------------------------------------------------------
                                              1.832460   data required time
                                             -3.640184   data arrival time
---------------------------------------------------------------------------------------------
                                              1.807725   slack (MET)


Startpoint: _747_ (rising edge-triggered flip-flop clocked by wb_clk_i)
Endpoint: _748_ (rising edge-triggered flip-flop clocked by wb_clk_i)
Path Group: wb_clk_i
Path Type: min

Fanout         Cap        Slew       Delay        Time   Description
---------------------------------------------------------------------------------------------
                                  0.000000    0.000000   clock wb_clk_i (rise edge)
                                  0.000000    0.000000   clock source latency
     2    0.147424    1.063065    0.746586    0.746586 ^ wb_clk_i (in)
                                                         wb_clk_i (net)
                      1.073527    0.000000    0.746586 ^ clkbuf_0_wb_clk_i/A (sky130_fd_sc_hd__clkbuf_16)
    17    0.074001    0.154063    0.612494    1.359080 ^ clkbuf_0_wb_clk_i/X (sky130_fd_sc_hd__clkbuf_16)
                                                         clknet_0_wb_clk_i (net)
                      0.154089    0.001882    1.360962 ^ clkbuf_3_1_0_wb_clk_i/A (sky130_fd_sc_hd__clkbuf_8)
    11    0.035047    0.117914    0.291777    1.652739 ^ clkbuf_3_1_0_wb_clk_i/X (sky130_fd_sc_hd__clkbuf_8)
                                                         clknet_3_1_0_wb_clk_i (net)
                      0.117915    0.000633    1.653372 ^ _747_/CLK (sky130_fd_sc_hd__dfrtp_2)
     4    0.011344    0.127585    0.724017    2.377389 ^ _747_/Q (sky130_fd_sc_hd__dfrtp_2)
                                                         timer.sec_div[20] (net)
                      0.127585    0.000128    2.377517 ^ _462_/A (sky130_fd_sc_hd__nand2_2)
     1    0.009121    0.099726    0.131546    2.509062 v _462_/Y (sky130_fd_sc_hd__nand2_2)
                                                         _255_ (net)
                      0.099726    0.000114    2.509176 v _465_/B (sky130_fd_sc_hd__xnor2_2)
     1    0.002103    0.053091    0.169017    2.678194 ^ _465_/Y (sky130_fd_sc_hd__xnor2_2)
                                                         _047_ (net)
                      0.053091    0.000019    2.678212 ^ hold66/A (sky130_fd_sc_hd__dlygate4sd3_1)
     1    0.002748    0.090975    0.981041    3.659253 ^ hold66/X (sky130_fd_sc_hd__dlygate4sd3_1)
                                                         net66 (net)
                      0.090975    0.000029    3.659282 ^ _748_/D (sky130_fd_sc_hd__dfrtp_2)
                                              3.659282   data arrival time

                                  0.000000    0.000000   clock wb_clk_i (rise edge)
                                  0.000000    0.000000   clock source latency
     2    0.147424    1.063065    0.825174    0.825174 ^ wb_clk_i (in)
                                                         wb_clk_i (net)
                      1.073527    0.000000    0.825174 ^ clkbuf_0_wb_clk_i/A (sky130_fd_sc_hd__clkbuf_16)
    17    0.074001    0.154063    0.676967    1.502141 ^ clkbuf_0_wb_clk_i/X (sky130_fd_sc_hd__clkbuf_16)
                                                         clknet_0_wb_clk_i (net)
                      0.154089    0.002080    1.504221 ^ clkbuf_3_1_0_wb_clk_i/A (sky130_fd_sc_hd__clkbuf_8)
    11    0.035047    0.117914    0.322490    1.826712 ^ clkbuf_3_1_0_wb_clk_i/X (sky130_fd_sc_hd__clkbuf_8)
                                                         clknet_3_1_0_wb_clk_i (net)
                      0.117915    0.000638    1.827349 ^ _748_/CLK (sky130_fd_sc_hd__dfrtp_2)
                                  0.250000    2.077349   clock uncertainty
                                 -0.173972    1.903377   clock reconvergence pessimism
                                 -0.073804    1.829573   library hold time
                                              1.829573   data required time
---------------------------------------------------------------------------------------------
                                              1.829573   data required time
                                             -3.659282   data arrival time
---------------------------------------------------------------------------------------------
                                              1.829709   slack (MET)


Startpoint: _751_ (rising edge-triggered flip-flop clocked by wb_clk_i)
Endpoint: _752_ (rising edge-triggered flip-flop clocked by wb_clk_i)
Path Group: wb_clk_i
Path Type: min

Fanout         Cap        Slew       Delay        Time   Description
---------------------------------------------------------------------------------------------
                                  0.000000    0.000000   clock wb_clk_i (rise edge)
                                  0.000000    0.000000   clock source latency
     2    0.147424    1.063065    0.746586    0.746586 ^ wb_clk_i (in)
                                                         wb_clk_i (net)
                      1.073527    0.000000    0.746586 ^ clkbuf_0_wb_clk_i/A (sky130_fd_sc_hd__clkbuf_16)
    17    0.074001    0.154063    0.612494    1.359080 ^ clkbuf_0_wb_clk_i/X (sky130_fd_sc_hd__clkbuf_16)
                                                         clknet_0_wb_clk_i (net)
                      0.154070    0.001168    1.360249 ^ clkbuf_3_6_0_wb_clk_i/A (sky130_fd_sc_hd__clkbuf_8)
    12    0.036041    0.120291    0.293444    1.653693 ^ clkbuf_3_6_0_wb_clk_i/X (sky130_fd_sc_hd__clkbuf_8)
                                                         clknet_3_6_0_wb_clk_i (net)
                      0.120292    0.000619    1.654312 ^ _751_/CLK (sky130_fd_sc_hd__dfrtp_2)
     4    0.012355    0.134676    0.731658    2.385969 ^ _751_/Q (sky130_fd_sc_hd__dfrtp_2)
                                                         timer.sec_div[24] (net)
                      0.134676    0.000093    2.386062 ^ _472_/A (sky130_fd_sc_hd__nand2_2)
     1    0.008372    0.098370    0.129803    2.515865 v _472_/Y (sky130_fd_sc_hd__nand2_2)
                                                         _261_ (net)
                      0.098370    0.000032    2.515897 v _475_/B (sky130_fd_sc_hd__xnor2_2)
     1    0.002557    0.055989    0.174610    2.690507 ^ _475_/Y (sky130_fd_sc_hd__xnor2_2)
                                                         _051_ (net)
                      0.055989    0.000027    2.690535 ^ hold80/A (sky130_fd_sc_hd__dlygate4sd3_1)
     1    0.002283    0.088527    0.975456    3.665991 ^ hold80/X (sky130_fd_sc_hd__dlygate4sd3_1)
                                                         net80 (net)
                      0.088527    0.000019    3.666010 ^ _752_/D (sky130_fd_sc_hd__dfrtp_2)
                                              3.666010   data arrival time

                                  0.000000    0.000000   clock wb_clk_i (rise edge)
                                  0.000000    0.000000   clock source latency
     2    0.147424    1.063065    0.825174    0.825174 ^ wb_clk_i (in)
                                                         wb_clk_i (net)
                      1.073527    0.000000    0.825174 ^ clkbuf_0_wb_clk_i/A (sky130_fd_sc_hd__clkbuf_16)
    17    0.074001    0.154063    0.676967    1.502141 ^ clkbuf_0_wb_clk_i/X (sky130_fd_sc_hd__clkbuf_16)
                                                         clknet_0_wb_clk_i (net)
                      0.154070    0.001291    1.503433 ^ clkbuf_3_6_0_wb_clk_i/A (sky130_fd_sc_hd__clkbuf_8)
    12    0.036041    0.120291    0.324333    1.827766 ^ clkbuf_3_6_0_wb_clk_i/X (sky130_fd_sc_hd__clkbuf_8)
                                                         clknet_3_6_0_wb_clk_i (net)
                      0.120297    0.000994    1.828759 ^ _752_/CLK (sky130_fd_sc_hd__dfrtp_2)
                                  0.250000    2.078759   clock uncertainty
                                 -0.174073    1.904687   clock reconvergence pessimism
                                 -0.072857    1.831830   library hold time
                                              1.831830   data required time
---------------------------------------------------------------------------------------------
                                              1.831830   data required time
                                             -3.666010   data arrival time
---------------------------------------------------------------------------------------------
                                              1.834180   slack (MET)


Startpoint: _718_ (rising edge-triggered flip-flop clocked by wb_clk_i)
Endpoint: _719_ (rising edge-triggered flip-flop clocked by wb_clk_i)
Path Group: wb_clk_i
Path Type: min

Fanout         Cap        Slew       Delay        Time   Description
---------------------------------------------------------------------------------------------
                                  0.000000    0.000000   clock wb_clk_i (rise edge)
                                  0.000000    0.000000   clock source latency
     2    0.147424    1.063065    0.746586    0.746586 ^ wb_clk_i (in)
                                                         wb_clk_i (net)
                      1.073527    0.000000    0.746586 ^ clkbuf_0_wb_clk_i/A (sky130_fd_sc_hd__clkbuf_16)
    17    0.074001    0.154063    0.612494    1.359080 ^ clkbuf_0_wb_clk_i/X (sky130_fd_sc_hd__clkbuf_16)
                                                         clknet_0_wb_clk_i (net)
                      0.154103    0.002223    1.361303 ^ clkbuf_3_2_0_wb_clk_i/A (sky130_fd_sc_hd__clkbuf_8)
    11    0.034623    0.116907    0.291034    1.652337 ^ clkbuf_3_2_0_wb_clk_i/X (sky130_fd_sc_hd__clkbuf_8)
                                                         clknet_3_2_0_wb_clk_i (net)
                      0.116907    0.000370    1.652707 ^ _718_/CLK (sky130_fd_sc_hd__dfrtp_2)
     4    0.013305    0.141467    0.736286    2.388993 ^ _718_/Q (sky130_fd_sc_hd__dfrtp_2)
                                                         timer.scan_div[24] (net)
                      0.141467    0.000128    2.389121 ^ _548_/A (sky130_fd_sc_hd__nand2_2)
     1    0.008982    0.100163    0.135926    2.525046 v _548_/Y (sky130_fd_sc_hd__nand2_2)
                                                         _305_ (net)
                      0.100163    0.000105    2.525151 v _551_/B (sky130_fd_sc_hd__xnor2_2)
     1    0.001788    0.051489    0.164942    2.690093 ^ _551_/Y (sky130_fd_sc_hd__xnor2_2)
                                                         _018_ (net)
                      0.051489    0.000007    2.690100 ^ hold76/A (sky130_fd_sc_hd__dlygate4sd3_1)
     1    0.002339    0.089296    0.974408    3.664509 ^ hold76/X (sky130_fd_sc_hd__dlygate4sd3_1)
                                                         net76 (net)
                      0.089296    0.000021    3.664530 ^ _719_/D (sky130_fd_sc_hd__dfrtp_2)
                                              3.664530   data arrival time

                                  0.000000    0.000000   clock wb_clk_i (rise edge)
                                  0.000000    0.000000   clock source latency
     2    0.147424    1.063065    0.825174    0.825174 ^ wb_clk_i (in)
                                                         wb_clk_i (net)
                      1.073527    0.000000    0.825174 ^ clkbuf_0_wb_clk_i/A (sky130_fd_sc_hd__clkbuf_16)
    17    0.074001    0.154063    0.676967    1.502141 ^ clkbuf_0_wb_clk_i/X (sky130_fd_sc_hd__clkbuf_16)
                                                         clknet_0_wb_clk_i (net)
                      0.154103    0.002457    1.504598 ^ clkbuf_3_2_0_wb_clk_i/A (sky130_fd_sc_hd__clkbuf_8)
    11    0.034623    0.116907    0.321669    1.826267 ^ clkbuf_3_2_0_wb_clk_i/X (sky130_fd_sc_hd__clkbuf_8)
                                                         clknet_3_2_0_wb_clk_i (net)
                      0.116907    0.000493    1.826760 ^ _719_/CLK (sky130_fd_sc_hd__dfrtp_2)
                                  0.250000    2.076760   clock uncertainty
                                 -0.173930    1.902830   clock reconvergence pessimism
                                 -0.073588    1.829242   library hold time
                                              1.829242   data required time
---------------------------------------------------------------------------------------------
                                              1.829242   data required time
                                             -3.664530   data arrival time
---------------------------------------------------------------------------------------------
                                              1.835288   slack (MET)


Startpoint: _743_ (rising edge-triggered flip-flop clocked by wb_clk_i)
Endpoint: _743_ (rising edge-triggered flip-flop clocked by wb_clk_i)
Path Group: wb_clk_i
Path Type: min

Fanout         Cap        Slew       Delay        Time   Description
---------------------------------------------------------------------------------------------
                                  0.000000    0.000000   clock wb_clk_i (rise edge)
                                  0.000000    0.000000   clock source latency
     2    0.147424    1.063065    0.746586    0.746586 ^ wb_clk_i (in)
                                                         wb_clk_i (net)
                      1.073527    0.000000    0.746586 ^ clkbuf_0_wb_clk_i/A (sky130_fd_sc_hd__clkbuf_16)
    17    0.074001    0.154063    0.612494    1.359080 ^ clkbuf_0_wb_clk_i/X (sky130_fd_sc_hd__clkbuf_16)
                                                         clknet_0_wb_clk_i (net)
                      0.154075    0.001428    1.360508 ^ clkbuf_3_4_0_wb_clk_i/A (sky130_fd_sc_hd__clkbuf_8)
    11    0.035340    0.118617    0.292269    1.652777 ^ clkbuf_3_4_0_wb_clk_i/X (sky130_fd_sc_hd__clkbuf_8)
                                                         clknet_3_4_0_wb_clk_i (net)
                      0.118617    0.000435    1.653211 ^ _743_/CLK (sky130_fd_sc_hd__dfrtp_2)
     2    0.005719    0.090112    0.687751    2.340962 ^ _743_/Q (sky130_fd_sc_hd__dfrtp_2)
                                                         timer.sec_div[16] (net)
                      0.090112    0.000043    2.341005 ^ hold126/A (sky130_fd_sc_hd__dlygate4sd3_1)
     4    0.013049    0.228277    1.118661    3.459666 ^ hold126/X (sky130_fd_sc_hd__dlygate4sd3_1)
                                                         net126 (net)
                      0.228277    0.000016    3.459682 ^ _453_/A (sky130_fd_sc_hd__nor2_2)
     1    0.004404    0.039428    0.128688    3.588369 v _453_/Y (sky130_fd_sc_hd__nor2_2)
                                                         _250_ (net)
                      0.039428    0.000019    3.588388 v _454_/B (sky130_fd_sc_hd__nor2_2)
     1    0.002516    0.095783    0.099323    3.687711 ^ _454_/Y (sky130_fd_sc_hd__nor2_2)
                                                         _041_ (net)
                      0.095783    0.000024    3.687734 ^ _743_/D (sky130_fd_sc_hd__dfrtp_2)
                                              3.687734   data arrival time

                                  0.000000    0.000000   clock wb_clk_i (rise edge)
                                  0.000000    0.000000   clock source latency
     2    0.147424    1.063065    0.825174    0.825174 ^ wb_clk_i (in)
                                                         wb_clk_i (net)
                      1.073527    0.000000    0.825174 ^ clkbuf_0_wb_clk_i/A (sky130_fd_sc_hd__clkbuf_16)
    17    0.074001    0.154063    0.676967    1.502141 ^ clkbuf_0_wb_clk_i/X (sky130_fd_sc_hd__clkbuf_16)
                                                         clknet_0_wb_clk_i (net)
                      0.154075    0.001578    1.503719 ^ clkbuf_3_4_0_wb_clk_i/A (sky130_fd_sc_hd__clkbuf_8)
    11    0.035340    0.118617    0.323034    1.826753 ^ clkbuf_3_4_0_wb_clk_i/X (sky130_fd_sc_hd__clkbuf_8)
                                                         clknet_3_4_0_wb_clk_i (net)
                      0.118617    0.000480    1.827233 ^ _743_/CLK (sky130_fd_sc_hd__dfrtp_2)
                                  0.250000    2.077233   clock uncertainty
                                 -0.174022    1.903211   clock reconvergence pessimism
                                 -0.074782    1.828429   library hold time
                                              1.828429   data required time
---------------------------------------------------------------------------------------------
                                              1.828429   data required time
                                             -3.687734   data arrival time
---------------------------------------------------------------------------------------------
                                              1.859305   slack (MET)


Startpoint: _751_ (rising edge-triggered flip-flop clocked by wb_clk_i)
Endpoint: _751_ (rising edge-triggered flip-flop clocked by wb_clk_i)
Path Group: wb_clk_i
Path Type: min

Fanout         Cap        Slew       Delay        Time   Description
---------------------------------------------------------------------------------------------
                                  0.000000    0.000000   clock wb_clk_i (rise edge)
                                  0.000000    0.000000   clock source latency
     2    0.147424    1.063065    0.746586    0.746586 ^ wb_clk_i (in)
                                                         wb_clk_i (net)
                      1.073527    0.000000    0.746586 ^ clkbuf_0_wb_clk_i/A (sky130_fd_sc_hd__clkbuf_16)
    17    0.074001    0.154063    0.612494    1.359080 ^ clkbuf_0_wb_clk_i/X (sky130_fd_sc_hd__clkbuf_16)
                                                         clknet_0_wb_clk_i (net)
                      0.154070    0.001168    1.360249 ^ clkbuf_3_6_0_wb_clk_i/A (sky130_fd_sc_hd__clkbuf_8)
    12    0.036041    0.120291    0.293444    1.653693 ^ clkbuf_3_6_0_wb_clk_i/X (sky130_fd_sc_hd__clkbuf_8)
                                                         clknet_3_6_0_wb_clk_i (net)
                      0.120292    0.000619    1.654312 ^ _751_/CLK (sky130_fd_sc_hd__dfrtp_2)
     4    0.012355    0.134676    0.731658    2.385969 ^ _751_/Q (sky130_fd_sc_hd__dfrtp_2)
                                                         timer.sec_div[24] (net)
                      0.134676    0.000078    2.386048 ^ hold141/A (sky130_fd_sc_hd__dlygate4sd3_1)
     3    0.016011    0.270193    1.165066    3.551114 ^ hold141/X (sky130_fd_sc_hd__dlygate4sd3_1)
                                                         net141 (net)
                      0.270193    0.000127    3.551242 ^ _473_/A (sky130_fd_sc_hd__xor2_2)
     1    0.002098    0.050543    0.175233    3.726475 v _473_/X (sky130_fd_sc_hd__xor2_2)
                                                         _050_ (net)
                      0.050543    0.000017    3.726492 v _751_/D (sky130_fd_sc_hd__dfrtp_2)
                                              3.726492   data arrival time

                                  0.000000    0.000000   clock wb_clk_i (rise edge)
                                  0.000000    0.000000   clock source latency
     2    0.147424    1.063065    0.825174    0.825174 ^ wb_clk_i (in)
                                                         wb_clk_i (net)
                      1.073527    0.000000    0.825174 ^ clkbuf_0_wb_clk_i/A (sky130_fd_sc_hd__clkbuf_16)
    17    0.074001    0.154063    0.676967    1.502141 ^ clkbuf_0_wb_clk_i/X (sky130_fd_sc_hd__clkbuf_16)
                                                         clknet_0_wb_clk_i (net)
                      0.154070    0.001291    1.503433 ^ clkbuf_3_6_0_wb_clk_i/A (sky130_fd_sc_hd__clkbuf_8)
    12    0.036041    0.120291    0.324333    1.827766 ^ clkbuf_3_6_0_wb_clk_i/X (sky130_fd_sc_hd__clkbuf_8)
                                                         clknet_3_6_0_wb_clk_i (net)
                      0.120292    0.000684    1.828450 ^ _751_/CLK (sky130_fd_sc_hd__dfrtp_2)
                                  0.250000    2.078450   clock uncertainty
                                 -0.174138    1.904312   clock reconvergence pessimism
                                 -0.070333    1.833978   library hold time
                                              1.833978   data required time
---------------------------------------------------------------------------------------------
                                              1.833978   data required time
                                             -3.726492   data arrival time
---------------------------------------------------------------------------------------------
                                              1.892514   slack (MET)


Startpoint: _710_ (rising edge-triggered flip-flop clocked by wb_clk_i)
Endpoint: _715_ (rising edge-triggered flip-flop clocked by wb_clk_i)
Path Group: wb_clk_i
Path Type: min

Fanout         Cap        Slew       Delay        Time   Description
---------------------------------------------------------------------------------------------
                                  0.000000    0.000000   clock wb_clk_i (rise edge)
                                  0.000000    0.000000   clock source latency
     2    0.147424    1.063065    0.746586    0.746586 ^ wb_clk_i (in)
                                                         wb_clk_i (net)
                      1.073527    0.000000    0.746586 ^ clkbuf_0_wb_clk_i/A (sky130_fd_sc_hd__clkbuf_16)
    17    0.074001    0.154063    0.612494    1.359080 ^ clkbuf_0_wb_clk_i/X (sky130_fd_sc_hd__clkbuf_16)
                                                         clknet_0_wb_clk_i (net)
                      0.154112    0.002399    1.361480 ^ clkbuf_3_0_0_wb_clk_i/A (sky130_fd_sc_hd__clkbuf_8)
    11    0.033860    0.115090    0.289709    1.651188 ^ clkbuf_3_0_0_wb_clk_i/X (sky130_fd_sc_hd__clkbuf_8)
                                                         clknet_3_0_0_wb_clk_i (net)
                      0.115090    0.000230    1.651419 ^ _710_/CLK (sky130_fd_sc_hd__dfrtp_2)
     3    0.007269    0.095509    0.807032    2.458451 v _710_/Q (sky130_fd_sc_hd__dfrtp_2)
                                                         timer.scan_div[16] (net)
                      0.095509    0.000077    2.458528 v _534_/A (sky130_fd_sc_hd__and4_2)
     3    0.008960    0.092457    0.398588    2.857115 v _534_/X (sky130_fd_sc_hd__and4_2)
                                                         _296_ (net)
                      0.092457    0.000059    2.857174 v _537_/D (sky130_fd_sc_hd__and4_2)
     3    0.012729    0.109179    0.524977    3.382151 v _537_/X (sky130_fd_sc_hd__and4_2)
                                                         _298_ (net)
                      0.109179    0.000156    3.382307 v _540_/B (sky130_fd_sc_hd__nand2_2)
     2    0.011686    0.122901    0.153295    3.535602 ^ _540_/Y (sky130_fd_sc_hd__nand2_2)
                                                         _300_ (net)
                      0.122901    0.000053    3.535655 ^ _541_/B (sky130_fd_sc_hd__and2b_2)
     1    0.003123    0.065165    0.270272    3.805926 ^ _541_/X (sky130_fd_sc_hd__and2b_2)
                                                         _014_ (net)
                      0.065165    0.000039    3.805965 ^ _715_/D (sky130_fd_sc_hd__dfrtp_2)
                                              3.805965   data arrival time

                                  0.000000    0.000000   clock wb_clk_i (rise edge)
                                  0.000000    0.000000   clock source latency
     2    0.147424    1.063065    0.825174    0.825174 ^ wb_clk_i (in)
                                                         wb_clk_i (net)
                      1.073527    0.000000    0.825174 ^ clkbuf_0_wb_clk_i/A (sky130_fd_sc_hd__clkbuf_16)
    17    0.074001    0.154063    0.676967    1.502141 ^ clkbuf_0_wb_clk_i/X (sky130_fd_sc_hd__clkbuf_16)
                                                         clknet_0_wb_clk_i (net)
                      0.154103    0.002457    1.504598 ^ clkbuf_3_2_0_wb_clk_i/A (sky130_fd_sc_hd__clkbuf_8)
    11    0.034623    0.116907    0.321669    1.826267 ^ clkbuf_3_2_0_wb_clk_i/X (sky130_fd_sc_hd__clkbuf_8)
                                                         clknet_3_2_0_wb_clk_i (net)
                      0.116907    0.000387    1.826654 ^ _715_/CLK (sky130_fd_sc_hd__dfrtp_2)
                                  0.250000    2.076654   clock uncertainty
                                 -0.143061    1.933593   clock reconvergence pessimism
                                 -0.068102    1.865491   library hold time
                                              1.865491   data required time
---------------------------------------------------------------------------------------------
                                              1.865491   data required time
                                             -3.805965   data arrival time
---------------------------------------------------------------------------------------------
                                              1.940475   slack (MET)


Startpoint: _754_ (rising edge-triggered flip-flop clocked by wb_clk_i)
Endpoint: _754_ (rising edge-triggered flip-flop clocked by wb_clk_i)
Path Group: wb_clk_i
Path Type: min

Fanout         Cap        Slew       Delay        Time   Description
---------------------------------------------------------------------------------------------
                                  0.000000    0.000000   clock wb_clk_i (rise edge)
                                  0.000000    0.000000   clock source latency
     2    0.147424    1.063065    0.746586    0.746586 ^ wb_clk_i (in)
                                                         wb_clk_i (net)
                      1.073527    0.000000    0.746586 ^ clkbuf_0_wb_clk_i/A (sky130_fd_sc_hd__clkbuf_16)
    17    0.074001    0.154063    0.612494    1.359080 ^ clkbuf_0_wb_clk_i/X (sky130_fd_sc_hd__clkbuf_16)
                                                         clknet_0_wb_clk_i (net)
                      0.154070    0.001168    1.360249 ^ clkbuf_3_6_0_wb_clk_i/A (sky130_fd_sc_hd__clkbuf_8)
    12    0.036041    0.120291    0.293444    1.653693 ^ clkbuf_3_6_0_wb_clk_i/X (sky130_fd_sc_hd__clkbuf_8)
                                                         clknet_3_6_0_wb_clk_i (net)
                      0.120294    0.000780    1.654473 ^ _754_/CLK (sky130_fd_sc_hd__dfrtp_2)
     1    0.001982    0.064376    0.653593    2.308066 ^ _754_/Q (sky130_fd_sc_hd__dfrtp_2)
                                                         timer.sec_div[27] (net)
                      0.064376    0.000016    2.308082 ^ hold165/A (sky130_fd_sc_hd__dlygate4sd3_1)
     3    0.007604    0.161436    1.046345    3.354427 ^ hold165/X (sky130_fd_sc_hd__dlygate4sd3_1)
                                                         net165 (net)
                      0.161436    0.000054    3.354481 ^ _479_/B1 (sky130_fd_sc_hd__a41o_2)
     1    0.003572    0.055019    0.192631    3.547112 ^ _479_/X (sky130_fd_sc_hd__a41o_2)
                                                         _265_ (net)
                      0.055019    0.000055    3.547168 ^ _480_/B (sky130_fd_sc_hd__and2b_2)
     1    0.002045    0.058137    0.236850    3.784018 ^ _480_/X (sky130_fd_sc_hd__and2b_2)
                                                         _053_ (net)
                      0.058137    0.000016    3.784034 ^ _754_/D (sky130_fd_sc_hd__dfrtp_2)
                                              3.784034   data arrival time

                                  0.000000    0.000000   clock wb_clk_i (rise edge)
                                  0.000000    0.000000   clock source latency
     2    0.147424    1.063065    0.825174    0.825174 ^ wb_clk_i (in)
                                                         wb_clk_i (net)
                      1.073527    0.000000    0.825174 ^ clkbuf_0_wb_clk_i/A (sky130_fd_sc_hd__clkbuf_16)
    17    0.074001    0.154063    0.676967    1.502141 ^ clkbuf_0_wb_clk_i/X (sky130_fd_sc_hd__clkbuf_16)
                                                         clknet_0_wb_clk_i (net)
                      0.154070    0.001291    1.503433 ^ clkbuf_3_6_0_wb_clk_i/A (sky130_fd_sc_hd__clkbuf_8)
    12    0.036041    0.120291    0.324333    1.827766 ^ clkbuf_3_6_0_wb_clk_i/X (sky130_fd_sc_hd__clkbuf_8)
                                                         clknet_3_6_0_wb_clk_i (net)
                      0.120294    0.000862    1.828628 ^ _754_/CLK (sky130_fd_sc_hd__dfrtp_2)
                                  0.250000    2.078628   clock uncertainty
                                 -0.174155    1.904473   clock reconvergence pessimism
                                 -0.065948    1.838524   library hold time
                                              1.838524   data required time
---------------------------------------------------------------------------------------------
                                              1.838524   data required time
                                             -3.784034   data arrival time
---------------------------------------------------------------------------------------------
                                              1.945509   slack (MET)


Startpoint: _675_ (rising edge-triggered flip-flop clocked by wb_clk_i)
Endpoint: _675_ (rising edge-triggered flip-flop clocked by wb_clk_i)
Path Group: wb_clk_i
Path Type: min

Fanout         Cap        Slew       Delay        Time   Description
---------------------------------------------------------------------------------------------
                                  0.000000    0.000000   clock wb_clk_i (rise edge)
                                  0.000000    0.000000   clock source latency
     2    0.147424    1.063065    0.746586    0.746586 ^ wb_clk_i (in)
                                                         wb_clk_i (net)
                      1.073527    0.000000    0.746586 ^ clkbuf_0_wb_clk_i/A (sky130_fd_sc_hd__clkbuf_16)
    17    0.074001    0.154063    0.612494    1.359080 ^ clkbuf_0_wb_clk_i/X (sky130_fd_sc_hd__clkbuf_16)
                                                         clknet_0_wb_clk_i (net)
                      0.154075    0.001428    1.360508 ^ clkbuf_3_4_0_wb_clk_i/A (sky130_fd_sc_hd__clkbuf_8)
    11    0.035340    0.118617    0.292269    1.652777 ^ clkbuf_3_4_0_wb_clk_i/X (sky130_fd_sc_hd__clkbuf_8)
                                                         clknet_3_4_0_wb_clk_i (net)
                      0.118617    0.000450    1.653227 ^ _675_/CLK (sky130_fd_sc_hd__dfrtp_2)
     9    0.042263    0.337309    0.891613    2.544840 ^ _675_/Q (sky130_fd_sc_hd__dfrtp_2)
                                                         timer.dig_cnt[0] (net)
                      0.337309    0.000186    2.545026 ^ _388_/B (sky130_fd_sc_hd__xor2_2)
     1    0.002011    0.050326    0.183124    2.728150 v _388_/X (sky130_fd_sc_hd__xor2_2)
                                                         _150_ (net)
                      0.050326    0.000020    2.728169 v hold44/A (sky130_fd_sc_hd__dlygate4sd3_1)
     1    0.002345    0.104890    1.051924    3.780094 v hold44/X (sky130_fd_sc_hd__dlygate4sd3_1)
                                                         net44 (net)
                      0.104890    0.000021    3.780115 v _675_/D (sky130_fd_sc_hd__dfrtp_2)
                                              3.780115   data arrival time

                                  0.000000    0.000000   clock wb_clk_i (rise edge)
                                  0.000000    0.000000   clock source latency
     2    0.147424    1.063065    0.825174    0.825174 ^ wb_clk_i (in)
                                                         wb_clk_i (net)
                      1.073527    0.000000    0.825174 ^ clkbuf_0_wb_clk_i/A (sky130_fd_sc_hd__clkbuf_16)
    17    0.074001    0.154063    0.676967    1.502141 ^ clkbuf_0_wb_clk_i/X (sky130_fd_sc_hd__clkbuf_16)
                                                         clknet_0_wb_clk_i (net)
                      0.154075    0.001578    1.503719 ^ clkbuf_3_4_0_wb_clk_i/A (sky130_fd_sc_hd__clkbuf_8)
    11    0.035340    0.118617    0.323034    1.826753 ^ clkbuf_3_4_0_wb_clk_i/X (sky130_fd_sc_hd__clkbuf_8)
                                                         clknet_3_4_0_wb_clk_i (net)
                      0.118617    0.000497    1.827250 ^ _675_/CLK (sky130_fd_sc_hd__dfrtp_2)
                                  0.250000    2.077250   clock uncertainty
                                 -0.174024    1.903227   clock reconvergence pessimism
                                 -0.090647    1.812580   library hold time
                                              1.812580   data required time
---------------------------------------------------------------------------------------------
                                              1.812580   data required time
                                             -3.780115   data arrival time
---------------------------------------------------------------------------------------------
                                              1.967535   slack (MET)


Startpoint: _681_ (rising edge-triggered flip-flop clocked by wb_clk_i)
Endpoint: _682_ (rising edge-triggered flip-flop clocked by wb_clk_i)
Path Group: wb_clk_i
Path Type: min

Fanout         Cap        Slew       Delay        Time   Description
---------------------------------------------------------------------------------------------
                                  0.000000    0.000000   clock wb_clk_i (rise edge)
                                  0.000000    0.000000   clock source latency
     2    0.147424    1.063065    0.746586    0.746586 ^ wb_clk_i (in)
                                                         wb_clk_i (net)
                      1.073527    0.000000    0.746586 ^ clkbuf_0_wb_clk_i/A (sky130_fd_sc_hd__clkbuf_16)
    17    0.074001    0.154063    0.612494    1.359080 ^ clkbuf_0_wb_clk_i/X (sky130_fd_sc_hd__clkbuf_16)
                                                         clknet_0_wb_clk_i (net)
                      0.154090    0.001908    1.360989 ^ clkbuf_3_7_0_wb_clk_i/A (sky130_fd_sc_hd__clkbuf_8)
    12    0.034773    0.117264    0.291280    1.652268 ^ clkbuf_3_7_0_wb_clk_i/X (sky130_fd_sc_hd__clkbuf_8)
                                                         clknet_3_7_0_wb_clk_i (net)
                      0.117264    0.000507    1.652776 ^ _681_/CLK (sky130_fd_sc_hd__dfrtp_2)
     3    0.012250    0.119352    0.836873    2.489649 v _681_/Q (sky130_fd_sc_hd__dfrtp_2)
                                                         timer.min_ones[0] (net)
                      0.119352    0.000151    2.489799 v _362_/A (sky130_fd_sc_hd__nand2_2)
     1    0.002892    0.053751    0.093964    2.583763 ^ _362_/Y (sky130_fd_sc_hd__nand2_2)
                                                         _189_ (net)
                      0.053751    0.000015    2.583778 ^ _372_/A2 (sky130_fd_sc_hd__a22o_2)
     1    0.002425    0.058342    0.258445    2.842223 ^ _372_/X (sky130_fd_sc_hd__a22o_2)
                                                         _157_ (net)
                      0.058342    0.000024    2.842247 ^ hold140/A (sky130_fd_sc_hd__dlygate4sd3_1)
     1    0.002288    0.088593    0.976497    3.818744 ^ hold140/X (sky130_fd_sc_hd__dlygate4sd3_1)
                                                         net140 (net)
                      0.088593    0.000020    3.818764 ^ _682_/D (sky130_fd_sc_hd__dfrtp_2)
                                              3.818764   data arrival time

                                  0.000000    0.000000   clock wb_clk_i (rise edge)
                                  0.000000    0.000000   clock source latency
     2    0.147424    1.063065    0.825174    0.825174 ^ wb_clk_i (in)
                                                         wb_clk_i (net)
                      1.073527    0.000000    0.825174 ^ clkbuf_0_wb_clk_i/A (sky130_fd_sc_hd__clkbuf_16)
    17    0.074001    0.154063    0.676967    1.502141 ^ clkbuf_0_wb_clk_i/X (sky130_fd_sc_hd__clkbuf_16)
                                                         clknet_0_wb_clk_i (net)
                      0.154090    0.002109    1.504251 ^ clkbuf_3_7_0_wb_clk_i/A (sky130_fd_sc_hd__clkbuf_8)
    12    0.034773    0.117264    0.321941    1.826191 ^ clkbuf_3_7_0_wb_clk_i/X (sky130_fd_sc_hd__clkbuf_8)
                                                         clknet_3_7_0_wb_clk_i (net)
                      0.117264    0.000572    1.826763 ^ _682_/CLK (sky130_fd_sc_hd__dfrtp_2)
                                  0.250000    2.076763   clock uncertainty
                                 -0.173923    1.902840   clock reconvergence pessimism
                                 -0.073370    1.829470   library hold time
                                              1.829470   data required time
---------------------------------------------------------------------------------------------
                                              1.829470   data required time
                                             -3.818764   data arrival time
---------------------------------------------------------------------------------------------
                                              1.989294   slack (MET)


Startpoint: _723_ (rising edge-triggered flip-flop clocked by wb_clk_i)
Endpoint: _723_ (rising edge-triggered flip-flop clocked by wb_clk_i)
Path Group: wb_clk_i
Path Type: min

Fanout         Cap        Slew       Delay        Time   Description
---------------------------------------------------------------------------------------------
                                  0.000000    0.000000   clock wb_clk_i (rise edge)
                                  0.000000    0.000000   clock source latency
     2    0.147424    1.063065    0.746586    0.746586 ^ wb_clk_i (in)
                                                         wb_clk_i (net)
                      1.073527    0.000000    0.746586 ^ clkbuf_0_wb_clk_i/A (sky130_fd_sc_hd__clkbuf_16)
    17    0.074001    0.154063    0.612494    1.359080 ^ clkbuf_0_wb_clk_i/X (sky130_fd_sc_hd__clkbuf_16)
                                                         clknet_0_wb_clk_i (net)
                      0.154112    0.002399    1.361480 ^ clkbuf_3_0_0_wb_clk_i/A (sky130_fd_sc_hd__clkbuf_8)
    11    0.033860    0.115090    0.289709    1.651188 ^ clkbuf_3_0_0_wb_clk_i/X (sky130_fd_sc_hd__clkbuf_8)
                                                         clknet_3_0_0_wb_clk_i (net)
                      0.115091    0.000553    1.651741 ^ _723_/CLK (sky130_fd_sc_hd__dfrtp_2)
     2    0.004245    0.079516    0.672702    2.324443 ^ _723_/Q (sky130_fd_sc_hd__dfrtp_2)
                                                         timer.scan_div[29] (net)
                      0.079516    0.000034    2.324477 ^ hold169/A (sky130_fd_sc_hd__dlygate4sd3_1)
     3    0.011350    0.208261    1.095273    3.419749 ^ hold169/X (sky130_fd_sc_hd__dlygate4sd3_1)
                                                         net169 (net)
                      0.208261    0.000115    3.419865 ^ _559_/B1 (sky130_fd_sc_hd__a21o_2)
     1    0.002864    0.046512    0.196752    3.616617 ^ _559_/X (sky130_fd_sc_hd__a21o_2)
                                                         _311_ (net)
                      0.046512    0.000036    3.616653 ^ _560_/B (sky130_fd_sc_hd__and2_2)
     1    0.002166    0.062628    0.231218    3.847871 ^ _560_/X (sky130_fd_sc_hd__and2_2)
                                                         _022_ (net)
                      0.062628    0.000017    3.847888 ^ _723_/D (sky130_fd_sc_hd__dfrtp_2)
                                              3.847888   data arrival time

                                  0.000000    0.000000   clock wb_clk_i (rise edge)
                                  0.000000    0.000000   clock source latency
     2    0.147424    1.063065    0.825174    0.825174 ^ wb_clk_i (in)
                                                         wb_clk_i (net)
                      1.073527    0.000000    0.825174 ^ clkbuf_0_wb_clk_i/A (sky130_fd_sc_hd__clkbuf_16)
    17    0.074001    0.154063    0.676967    1.502141 ^ clkbuf_0_wb_clk_i/X (sky130_fd_sc_hd__clkbuf_16)
                                                         clknet_0_wb_clk_i (net)
                      0.154112    0.002652    1.504793 ^ clkbuf_3_0_0_wb_clk_i/A (sky130_fd_sc_hd__clkbuf_8)
    11    0.033860    0.115090    0.320204    1.824997 ^ clkbuf_3_0_0_wb_clk_i/X (sky130_fd_sc_hd__clkbuf_8)
                                                         clknet_3_0_0_wb_clk_i (net)
                      0.115091    0.000611    1.825608 ^ _723_/CLK (sky130_fd_sc_hd__dfrtp_2)
                                  0.250000    2.075608   clock uncertainty
                                 -0.173867    1.901741   clock reconvergence pessimism
                                 -0.067823    1.833918   library hold time
                                              1.833918   data required time
---------------------------------------------------------------------------------------------
                                              1.833918   data required time
                                             -3.847888   data arrival time
---------------------------------------------------------------------------------------------
                                              2.013970   slack (MET)


Startpoint: _735_ (rising edge-triggered flip-flop clocked by wb_clk_i)
Endpoint: _742_ (rising edge-triggered flip-flop clocked by wb_clk_i)
Path Group: wb_clk_i
Path Type: min

Fanout         Cap        Slew       Delay        Time   Description
---------------------------------------------------------------------------------------------
                                  0.000000    0.000000   clock wb_clk_i (rise edge)
                                  0.000000    0.000000   clock source latency
     2    0.147424    1.063065    0.746586    0.746586 ^ wb_clk_i (in)
                                                         wb_clk_i (net)
                      1.073527    0.000000    0.746586 ^ clkbuf_0_wb_clk_i/A (sky130_fd_sc_hd__clkbuf_16)
    17    0.074001    0.154063    0.612494    1.359080 ^ clkbuf_0_wb_clk_i/X (sky130_fd_sc_hd__clkbuf_16)
                                                         clknet_0_wb_clk_i (net)
                      0.154096    0.002040    1.361120 ^ clkbuf_3_5_0_wb_clk_i/A (sky130_fd_sc_hd__clkbuf_8)
    11    0.036399    0.121134    0.294202    1.655322 ^ clkbuf_3_5_0_wb_clk_i/X (sky130_fd_sc_hd__clkbuf_8)
                                                         clknet_3_5_0_wb_clk_i (net)
                      0.121134    0.000274    1.655596 ^ _735_/CLK (sky130_fd_sc_hd__dfrtp_2)
     3    0.007650    0.102665    0.701428    2.357024 ^ _735_/Q (sky130_fd_sc_hd__dfrtp_2)
                                                         timer.sec_div[8] (net)
                      0.102665    0.000096    2.357120 ^ _438_/A (sky130_fd_sc_hd__and4_2)
     2    0.004426    0.114034    0.417199    2.774319 ^ _438_/X (sky130_fd_sc_hd__and4_2)
                                                         _240_ (net)
                      0.114034    0.000036    2.774356 ^ _445_/C (sky130_fd_sc_hd__and4_2)
     9    0.032773    0.319627    0.662616    3.436972 ^ _445_/X (sky130_fd_sc_hd__and4_2)
                                                         _245_ (net)
                      0.319627    0.000712    3.437684 ^ _450_/A (sky130_fd_sc_hd__and2_2)
     2    0.010573    0.121516    0.389509    3.827193 ^ _450_/X (sky130_fd_sc_hd__and2_2)
                                                         _248_ (net)
                      0.121516    0.000022    3.827215 ^ _451_/B (sky130_fd_sc_hd__nor2_2)
     1    0.002847    0.034396    0.071177    3.898392 v _451_/Y (sky130_fd_sc_hd__nor2_2)
                                                         _040_ (net)
                      0.034396    0.000034    3.898426 v _742_/D (sky130_fd_sc_hd__dfrtp_2)
                                              3.898426   data arrival time

                                  0.000000    0.000000   clock wb_clk_i (rise edge)
                                  0.000000    0.000000   clock source latency
     2    0.147424    1.063065    0.825174    0.825174 ^ wb_clk_i (in)
                                                         wb_clk_i (net)
                      1.073527    0.000000    0.825174 ^ clkbuf_0_wb_clk_i/A (sky130_fd_sc_hd__clkbuf_16)
    17    0.074001    0.154063    0.676967    1.502141 ^ clkbuf_0_wb_clk_i/X (sky130_fd_sc_hd__clkbuf_16)
                                                         clknet_0_wb_clk_i (net)
                      0.154075    0.001578    1.503719 ^ clkbuf_3_4_0_wb_clk_i/A (sky130_fd_sc_hd__clkbuf_8)
    11    0.035340    0.118617    0.323034    1.826753 ^ clkbuf_3_4_0_wb_clk_i/X (sky130_fd_sc_hd__clkbuf_8)
                                                         clknet_3_4_0_wb_clk_i (net)
                      0.118617    0.000419    1.827172 ^ _742_/CLK (sky130_fd_sc_hd__dfrtp_2)
                                  0.250000    2.077172   clock uncertainty
                                 -0.143061    1.934111   clock reconvergence pessimism
                                 -0.064825    1.869286   library hold time
                                              1.869286   data required time
---------------------------------------------------------------------------------------------
                                              1.869286   data required time
                                             -3.898426   data arrival time
---------------------------------------------------------------------------------------------
                                              2.029140   slack (MET)


Startpoint: _708_ (rising edge-triggered flip-flop clocked by wb_clk_i)
Endpoint: _711_ (rising edge-triggered flip-flop clocked by wb_clk_i)
Path Group: wb_clk_i
Path Type: min

Fanout         Cap        Slew       Delay        Time   Description
---------------------------------------------------------------------------------------------
                                  0.000000    0.000000   clock wb_clk_i (rise edge)
                                  0.000000    0.000000   clock source latency
     2    0.147424    1.063065    0.746586    0.746586 ^ wb_clk_i (in)
                                                         wb_clk_i (net)
                      1.073527    0.000000    0.746586 ^ clkbuf_0_wb_clk_i/A (sky130_fd_sc_hd__clkbuf_16)
    17    0.074001    0.154063    0.612494    1.359080 ^ clkbuf_0_wb_clk_i/X (sky130_fd_sc_hd__clkbuf_16)
                                                         clknet_0_wb_clk_i (net)
                      0.154089    0.001882    1.360962 ^ clkbuf_3_1_0_wb_clk_i/A (sky130_fd_sc_hd__clkbuf_8)
    11    0.035047    0.117914    0.291777    1.652739 ^ clkbuf_3_1_0_wb_clk_i/X (sky130_fd_sc_hd__clkbuf_8)
                                                         clknet_3_1_0_wb_clk_i (net)
                      0.117914    0.000332    1.653071 ^ _708_/CLK (sky130_fd_sc_hd__dfrtp_2)
     2    0.004576    0.084998    0.677117    2.330188 ^ _708_/Q (sky130_fd_sc_hd__dfrtp_2)
                                                         timer.scan_div[14] (net)
                      0.084998    0.000026    2.330214 ^ _525_/C (sky130_fd_sc_hd__and4_2)
     4    0.011876    0.167969    0.515515    2.845729 ^ _525_/X (sky130_fd_sc_hd__and4_2)
                                                         _291_ (net)
                      0.167969    0.000120    2.845849 ^ _526_/B (sky130_fd_sc_hd__and2_2)
     6    0.034122    0.294639    0.467114    3.312963 ^ _526_/X (sky130_fd_sc_hd__and2_2)
                                                         _292_ (net)
                      0.294639    0.000841    3.313804 ^ _530_/C (sky130_fd_sc_hd__and3_2)
     2    0.015406    0.171504    0.503559    3.817363 ^ _530_/X (sky130_fd_sc_hd__and3_2)
                                                         _294_ (net)
                      0.171504    0.000192    3.817555 ^ _531_/B (sky130_fd_sc_hd__nor2_2)
     1    0.002543    0.039953    0.083874    3.901429 v _531_/Y (sky130_fd_sc_hd__nor2_2)
                                                         _009_ (net)
                      0.039953    0.000023    3.901452 v _711_/D (sky130_fd_sc_hd__dfrtp_2)
                                              3.901452   data arrival time

                                  0.000000    0.000000   clock wb_clk_i (rise edge)
                                  0.000000    0.000000   clock source latency
     2    0.147424    1.063065    0.825174    0.825174 ^ wb_clk_i (in)
                                                         wb_clk_i (net)
                      1.073527    0.000000    0.825174 ^ clkbuf_0_wb_clk_i/A (sky130_fd_sc_hd__clkbuf_16)
    17    0.074001    0.154063    0.676967    1.502141 ^ clkbuf_0_wb_clk_i/X (sky130_fd_sc_hd__clkbuf_16)
                                                         clknet_0_wb_clk_i (net)
                      0.154112    0.002652    1.504793 ^ clkbuf_3_0_0_wb_clk_i/A (sky130_fd_sc_hd__clkbuf_8)
    11    0.033860    0.115090    0.320204    1.824997 ^ clkbuf_3_0_0_wb_clk_i/X (sky130_fd_sc_hd__clkbuf_8)
                                                         clknet_3_0_0_wb_clk_i (net)
                      0.115090    0.000311    1.825309 ^ _711_/CLK (sky130_fd_sc_hd__dfrtp_2)
                                  0.250000    2.075309   clock uncertainty
                                 -0.143061    1.932248   clock reconvergence pessimism
                                 -0.067715    1.864533   library hold time
                                              1.864533   data required time
---------------------------------------------------------------------------------------------
                                              1.864533   data required time
                                             -3.901452   data arrival time
---------------------------------------------------------------------------------------------
                                              2.036919   slack (MET)


Startpoint: _731_ (rising edge-triggered flip-flop clocked by wb_clk_i)
Endpoint: _734_ (rising edge-triggered flip-flop clocked by wb_clk_i)
Path Group: wb_clk_i
Path Type: min

Fanout         Cap        Slew       Delay        Time   Description
---------------------------------------------------------------------------------------------
                                  0.000000    0.000000   clock wb_clk_i (rise edge)
                                  0.000000    0.000000   clock source latency
     2    0.147424    1.063065    0.746586    0.746586 ^ wb_clk_i (in)
                                                         wb_clk_i (net)
                      1.073527    0.000000    0.746586 ^ clkbuf_0_wb_clk_i/A (sky130_fd_sc_hd__clkbuf_16)
    17    0.074001    0.154063    0.612494    1.359080 ^ clkbuf_0_wb_clk_i/X (sky130_fd_sc_hd__clkbuf_16)
                                                         clknet_0_wb_clk_i (net)
                      0.154070    0.001168    1.360249 ^ clkbuf_3_6_0_wb_clk_i/A (sky130_fd_sc_hd__clkbuf_8)
    12    0.036041    0.120291    0.293444    1.653693 ^ clkbuf_3_6_0_wb_clk_i/X (sky130_fd_sc_hd__clkbuf_8)
                                                         clknet_3_6_0_wb_clk_i (net)
                      0.120291    0.000082    1.653775 ^ _731_/CLK (sky130_fd_sc_hd__dfrtp_2)
     4    0.014271    0.129906    0.849840    2.503615 v _731_/Q (sky130_fd_sc_hd__dfrtp_2)
                                                         timer.sec_div[4] (net)
                      0.129906    0.000323    2.503938 v _425_/B (sky130_fd_sc_hd__nand4_2)
     2    0.007160    0.119358    0.167731    2.671669 ^ _425_/Y (sky130_fd_sc_hd__nand4_2)
                                                         _232_ (net)
                      0.119358    0.000035    2.671704 ^ _429_/A2 (sky130_fd_sc_hd__a211oi_2)
     1    0.002335    0.048904    0.132491    2.804195 v _429_/Y (sky130_fd_sc_hd__a211oi_2)
                                                         _063_ (net)
                      0.048904    0.000024    2.804218 v hold149/A (sky130_fd_sc_hd__dlygate4sd3_1)
     1    0.002142    0.102642    1.048082    3.852300 v hold149/X (sky130_fd_sc_hd__dlygate4sd3_1)
                                                         net149 (net)
                      0.102642    0.000010    3.852310 v _734_/D (sky130_fd_sc_hd__dfrtp_2)
                                              3.852310   data arrival time

                                  0.000000    0.000000   clock wb_clk_i (rise edge)
                                  0.000000    0.000000   clock source latency
     2    0.147424    1.063065    0.825174    0.825174 ^ wb_clk_i (in)
                                                         wb_clk_i (net)
                      1.073527    0.000000    0.825174 ^ clkbuf_0_wb_clk_i/A (sky130_fd_sc_hd__clkbuf_16)
    17    0.074001    0.154063    0.676967    1.502141 ^ clkbuf_0_wb_clk_i/X (sky130_fd_sc_hd__clkbuf_16)
                                                         clknet_0_wb_clk_i (net)
                      0.154070    0.001291    1.503433 ^ clkbuf_3_6_0_wb_clk_i/A (sky130_fd_sc_hd__clkbuf_8)
    12    0.036041    0.120291    0.324333    1.827766 ^ clkbuf_3_6_0_wb_clk_i/X (sky130_fd_sc_hd__clkbuf_8)
                                                         clknet_3_6_0_wb_clk_i (net)
                      0.120291    0.000354    1.828120 ^ _734_/CLK (sky130_fd_sc_hd__dfrtp_2)
                                  0.250000    2.078120   clock uncertainty
                                 -0.174073    1.904047   clock reconvergence pessimism
                                 -0.089418    1.814630   library hold time
                                              1.814630   data required time
---------------------------------------------------------------------------------------------
                                              1.814630   data required time
                                             -3.852310   data arrival time
---------------------------------------------------------------------------------------------
                                              2.037681   slack (MET)


Startpoint: _728_ (rising edge-triggered flip-flop clocked by wb_clk_i)
Endpoint: _728_ (rising edge-triggered flip-flop clocked by wb_clk_i)
Path Group: wb_clk_i
Path Type: min

Fanout         Cap        Slew       Delay        Time   Description
---------------------------------------------------------------------------------------------
                                  0.000000    0.000000   clock wb_clk_i (rise edge)
                                  0.000000    0.000000   clock source latency
     2    0.147424    1.063065    0.746586    0.746586 ^ wb_clk_i (in)
                                                         wb_clk_i (net)
                      1.073527    0.000000    0.746586 ^ clkbuf_0_wb_clk_i/A (sky130_fd_sc_hd__clkbuf_16)
    17    0.074001    0.154063    0.612494    1.359080 ^ clkbuf_0_wb_clk_i/X (sky130_fd_sc_hd__clkbuf_16)
                                                         clknet_0_wb_clk_i (net)
                      0.154090    0.001908    1.360989 ^ clkbuf_3_7_0_wb_clk_i/A (sky130_fd_sc_hd__clkbuf_8)
    12    0.034773    0.117264    0.291280    1.652268 ^ clkbuf_3_7_0_wb_clk_i/X (sky130_fd_sc_hd__clkbuf_8)
                                                         clknet_3_7_0_wb_clk_i (net)
                      0.117264    0.000223    1.652491 ^ _728_/CLK (sky130_fd_sc_hd__dfrtp_2)
     2    0.005537    0.089026    0.685905    2.338396 ^ _728_/Q (sky130_fd_sc_hd__dfrtp_2)
                                                         timer.sec_div[1] (net)
                      0.089026    0.000051    2.338446 ^ hold180/A (sky130_fd_sc_hd__dlygate4sd3_1)
     3    0.009714    0.190026    1.080237    3.418684 ^ hold180/X (sky130_fd_sc_hd__dlygate4sd3_1)
                                                         net180 (net)
                      0.190026    0.000076    3.418760 ^ _406_/B (sky130_fd_sc_hd__or2_2)
     2    0.004986    0.064145    0.231131    3.649890 ^ _406_/X (sky130_fd_sc_hd__or2_2)
                                                         _220_ (net)
                      0.064145    0.000038    3.649929 ^ _415_/A (sky130_fd_sc_hd__and2_2)
     1    0.002532    0.065277    0.230909    3.880838 ^ _415_/X (sky130_fd_sc_hd__and2_2)
                                                         _045_ (net)
                      0.065277    0.000024    3.880862 ^ _728_/D (sky130_fd_sc_hd__dfrtp_2)
                                              3.880862   data arrival time

                                  0.000000    0.000000   clock wb_clk_i (rise edge)
                                  0.000000    0.000000   clock source latency
     2    0.147424    1.063065    0.825174    0.825174 ^ wb_clk_i (in)
                                                         wb_clk_i (net)
                      1.073527    0.000000    0.825174 ^ clkbuf_0_wb_clk_i/A (sky130_fd_sc_hd__clkbuf_16)
    17    0.074001    0.154063    0.676967    1.502141 ^ clkbuf_0_wb_clk_i/X (sky130_fd_sc_hd__clkbuf_16)
                                                         clknet_0_wb_clk_i (net)
                      0.154090    0.002109    1.504251 ^ clkbuf_3_7_0_wb_clk_i/A (sky130_fd_sc_hd__clkbuf_8)
    12    0.034773    0.117264    0.321941    1.826191 ^ clkbuf_3_7_0_wb_clk_i/X (sky130_fd_sc_hd__clkbuf_8)
                                                         clknet_3_7_0_wb_clk_i (net)
                      0.117264    0.000246    1.826437 ^ _728_/CLK (sky130_fd_sc_hd__dfrtp_2)
                                  0.250000    2.076437   clock uncertainty
                                 -0.173946    1.902491   clock reconvergence pessimism
                                 -0.068069    1.834422   library hold time
                                              1.834422   data required time
---------------------------------------------------------------------------------------------
                                              1.834422   data required time
                                             -3.880862   data arrival time
---------------------------------------------------------------------------------------------
                                              2.046440   slack (MET)


Startpoint: _705_ (rising edge-triggered flip-flop clocked by wb_clk_i)
Endpoint: _726_ (rising edge-triggered flip-flop clocked by wb_clk_i)
Path Group: wb_clk_i
Path Type: min

Fanout         Cap        Slew       Delay        Time   Description
---------------------------------------------------------------------------------------------
                                  0.000000    0.000000   clock wb_clk_i (rise edge)
                                  0.000000    0.000000   clock source latency
     2    0.147424    1.063065    0.746586    0.746586 ^ wb_clk_i (in)
                                                         wb_clk_i (net)
                      1.073527    0.000000    0.746586 ^ clkbuf_0_wb_clk_i/A (sky130_fd_sc_hd__clkbuf_16)
    17    0.074001    0.154063    0.612494    1.359080 ^ clkbuf_0_wb_clk_i/X (sky130_fd_sc_hd__clkbuf_16)
                                                         clknet_0_wb_clk_i (net)
                      0.154075    0.001405    1.360486 ^ clkbuf_3_3_0_wb_clk_i/A (sky130_fd_sc_hd__clkbuf_8)
    11    0.035092    0.118021    0.291858    1.652343 ^ clkbuf_3_3_0_wb_clk_i/X (sky130_fd_sc_hd__clkbuf_8)
                                                         clknet_3_3_0_wb_clk_i (net)
                      0.118021    0.000287    1.652631 ^ _705_/CLK (sky130_fd_sc_hd__dfrtp_2)
     1    0.001978    0.064347    0.652546    2.305176 ^ _705_/Q (sky130_fd_sc_hd__dfrtp_2)
                                                         timer.scan_div[11] (net)
                      0.064347    0.000016    2.305193 ^ hold83/A (sky130_fd_sc_hd__dlygate4sd3_1)
     3    0.007684    0.157198    1.047210    3.352402 ^ hold83/X (sky130_fd_sc_hd__dlygate4sd3_1)
                                                         net83 (net)
                      0.157198    0.000056    3.352458 ^ _398_/D (sky130_fd_sc_hd__or4_2)
     1    0.003462    0.053430    0.215783    3.568241 ^ _398_/X (sky130_fd_sc_hd__or4_2)
                                                         _213_ (net)
                      0.053430    0.000054    3.568295 ^ _399_/D (sky130_fd_sc_hd__or4_2)
     4    0.016275    0.144661    0.243078    3.811373 ^ _399_/X (sky130_fd_sc_hd__or4_2)
                                                         _214_ (net)
                      0.144661    0.000377    3.811750 ^ _400_/A (sky130_fd_sc_hd__inv_2)
     1    0.009895    0.059498    0.101818    3.913568 v _400_/Y (sky130_fd_sc_hd__inv_2)
                                                         _000_ (net)
                      0.059500    0.000407    3.913975 v _726_/D (sky130_fd_sc_hd__dfrtp_2)
                                              3.913975   data arrival time

                                  0.000000    0.000000   clock wb_clk_i (rise edge)
                                  0.000000    0.000000   clock source latency
     2    0.147424    1.063065    0.825174    0.825174 ^ wb_clk_i (in)
                                                         wb_clk_i (net)
                      1.073527    0.000000    0.825174 ^ clkbuf_0_wb_clk_i/A (sky130_fd_sc_hd__clkbuf_16)
    17    0.074001    0.154063    0.676967    1.502141 ^ clkbuf_0_wb_clk_i/X (sky130_fd_sc_hd__clkbuf_16)
                                                         clknet_0_wb_clk_i (net)
                      0.154075    0.001578    1.503719 ^ clkbuf_3_4_0_wb_clk_i/A (sky130_fd_sc_hd__clkbuf_8)
    11    0.035340    0.118617    0.323034    1.826753 ^ clkbuf_3_4_0_wb_clk_i/X (sky130_fd_sc_hd__clkbuf_8)
                                                         clknet_3_4_0_wb_clk_i (net)
                      0.118617    0.000436    1.827189 ^ _726_/CLK (sky130_fd_sc_hd__dfrtp_2)
                                  0.250000    2.077189   clock uncertainty
                                 -0.143061    1.934128   clock reconvergence pessimism
                                 -0.074021    1.860107   library hold time
                                              1.860107   data required time
---------------------------------------------------------------------------------------------
                                              1.860107   data required time
                                             -3.913975   data arrival time
---------------------------------------------------------------------------------------------
                                              2.053868   slack (MET)


Startpoint: _715_ (rising edge-triggered flip-flop clocked by wb_clk_i)
Endpoint: _717_ (rising edge-triggered flip-flop clocked by wb_clk_i)
Path Group: wb_clk_i
Path Type: min

Fanout         Cap        Slew       Delay        Time   Description
---------------------------------------------------------------------------------------------
                                  0.000000    0.000000   clock wb_clk_i (rise edge)
                                  0.000000    0.000000   clock source latency
     2    0.147424    1.063065    0.746586    0.746586 ^ wb_clk_i (in)
                                                         wb_clk_i (net)
                      1.073527    0.000000    0.746586 ^ clkbuf_0_wb_clk_i/A (sky130_fd_sc_hd__clkbuf_16)
    17    0.074001    0.154063    0.612494    1.359080 ^ clkbuf_0_wb_clk_i/X (sky130_fd_sc_hd__clkbuf_16)
                                                         clknet_0_wb_clk_i (net)
                      0.154103    0.002223    1.361303 ^ clkbuf_3_2_0_wb_clk_i/A (sky130_fd_sc_hd__clkbuf_8)
    11    0.034623    0.116907    0.291034    1.652337 ^ clkbuf_3_2_0_wb_clk_i/X (sky130_fd_sc_hd__clkbuf_8)
                                                         clknet_3_2_0_wb_clk_i (net)
                      0.116907    0.000350    1.652687 ^ _715_/CLK (sky130_fd_sc_hd__dfrtp_2)
     3    0.007348    0.100736    0.697587    2.350274 ^ _715_/Q (sky130_fd_sc_hd__dfrtp_2)
                                                         timer.scan_div[21] (net)
                      0.100736    0.000091    2.350365 ^ _542_/A (sky130_fd_sc_hd__and3_2)
     1    0.003759    0.086392    0.329882    2.680247 ^ _542_/X (sky130_fd_sc_hd__and3_2)
                                                         _301_ (net)
                      0.086392    0.000047    2.680294 ^ _547_/A2 (sky130_fd_sc_hd__o21ba_2)
     1    0.002566    0.057671    0.232654    2.912948 ^ _547_/X (sky130_fd_sc_hd__o21ba_2)
                                                         _016_ (net)
                      0.057671    0.000028    2.912977 ^ hold86/A (sky130_fd_sc_hd__dlygate4sd3_1)
     1    0.002050    0.085289    0.972752    3.885728 ^ hold86/X (sky130_fd_sc_hd__dlygate4sd3_1)
                                                         net86 (net)
                      0.085289    0.000016    3.885744 ^ _717_/D (sky130_fd_sc_hd__dfrtp_2)
                                              3.885744   data arrival time

                                  0.000000    0.000000   clock wb_clk_i (rise edge)
                                  0.000000    0.000000   clock source latency
     2    0.147424    1.063065    0.825174    0.825174 ^ wb_clk_i (in)
                                                         wb_clk_i (net)
                      1.073527    0.000000    0.825174 ^ clkbuf_0_wb_clk_i/A (sky130_fd_sc_hd__clkbuf_16)
    17    0.074001    0.154063    0.676967    1.502141 ^ clkbuf_0_wb_clk_i/X (sky130_fd_sc_hd__clkbuf_16)
                                                         clknet_0_wb_clk_i (net)
                      0.154103    0.002457    1.504598 ^ clkbuf_3_2_0_wb_clk_i/A (sky130_fd_sc_hd__clkbuf_8)
    11    0.034623    0.116907    0.321669    1.826267 ^ clkbuf_3_2_0_wb_clk_i/X (sky130_fd_sc_hd__clkbuf_8)
                                                         clknet_3_2_0_wb_clk_i (net)
                      0.116907    0.000258    1.826525 ^ _717_/CLK (sky130_fd_sc_hd__dfrtp_2)
                                  0.250000    2.076524   clock uncertainty
                                 -0.173930    1.902595   clock reconvergence pessimism
                                 -0.072677    1.829917   library hold time
                                              1.829917   data required time
---------------------------------------------------------------------------------------------
                                              1.829917   data required time
                                             -3.885744   data arrival time
---------------------------------------------------------------------------------------------
                                              2.055827   slack (MET)


Startpoint: _689_ (rising edge-triggered flip-flop clocked by wb_clk_i)
Endpoint: _689_ (rising edge-triggered flip-flop clocked by wb_clk_i)
Path Group: wb_clk_i
Path Type: min

Fanout         Cap        Slew       Delay        Time   Description
---------------------------------------------------------------------------------------------
                                  0.000000    0.000000   clock wb_clk_i (rise edge)
                                  0.000000    0.000000   clock source latency
     2    0.147424    1.063065    0.746586    0.746586 ^ wb_clk_i (in)
                                                         wb_clk_i (net)
                      1.073527    0.000000    0.746586 ^ clkbuf_0_wb_clk_i/A (sky130_fd_sc_hd__clkbuf_16)
    17    0.074001    0.154063    0.612494    1.359080 ^ clkbuf_0_wb_clk_i/X (sky130_fd_sc_hd__clkbuf_16)
                                                         clknet_0_wb_clk_i (net)
                      0.154090    0.001908    1.360989 ^ clkbuf_3_7_0_wb_clk_i/A (sky130_fd_sc_hd__clkbuf_8)
    12    0.034773    0.117264    0.291280    1.652268 ^ clkbuf_3_7_0_wb_clk_i/X (sky130_fd_sc_hd__clkbuf_8)
                                                         clknet_3_7_0_wb_clk_i (net)
                      0.117264    0.000375    1.652643 ^ _689_/CLK (sky130_fd_sc_hd__dfrtp_2)
     5    0.017742    0.172026    0.765260    2.417903 ^ _689_/Q (sky130_fd_sc_hd__dfrtp_2)
                                                         timer.sec_ones[0] (net)
                      0.172026    0.000162    2.418065 ^ _340_/B (sky130_fd_sc_hd__and2_2)
     2    0.008768    0.108675    0.325309    2.743374 ^ _340_/X (sky130_fd_sc_hd__and2_2)
                                                         _175_ (net)
                      0.108675    0.000079    2.743454 ^ _350_/A (sky130_fd_sc_hd__nor2_2)
     1    0.002385    0.033544    0.075958    2.819412 v _350_/Y (sky130_fd_sc_hd__nor2_2)
                                                         _164_ (net)
                      0.033544    0.000025    2.819437 v hold107/A (sky130_fd_sc_hd__dlygate4sd3_1)
     1    0.002546    0.107234    1.048310    3.867746 v hold107/X (sky130_fd_sc_hd__dlygate4sd3_1)
                                                         net107 (net)
                      0.107234    0.000023    3.867769 v _689_/D (sky130_fd_sc_hd__dfrtp_2)
                                              3.867769   data arrival time

                                  0.000000    0.000000   clock wb_clk_i (rise edge)
                                  0.000000    0.000000   clock source latency
     2    0.147424    1.063065    0.825174    0.825174 ^ wb_clk_i (in)
                                                         wb_clk_i (net)
                      1.073527    0.000000    0.825174 ^ clkbuf_0_wb_clk_i/A (sky130_fd_sc_hd__clkbuf_16)
    17    0.074001    0.154063    0.676967    1.502141 ^ clkbuf_0_wb_clk_i/X (sky130_fd_sc_hd__clkbuf_16)
                                                         clknet_0_wb_clk_i (net)
                      0.154090    0.002109    1.504251 ^ clkbuf_3_7_0_wb_clk_i/A (sky130_fd_sc_hd__clkbuf_8)
    12    0.034773    0.117264    0.321941    1.826191 ^ clkbuf_3_7_0_wb_clk_i/X (sky130_fd_sc_hd__clkbuf_8)
                                                         clknet_3_7_0_wb_clk_i (net)
                      0.117264    0.000414    1.826605 ^ _689_/CLK (sky130_fd_sc_hd__dfrtp_2)
                                  0.250000    2.076605   clock uncertainty
                                 -0.173962    1.902643   clock reconvergence pessimism
                                 -0.091833    1.810809   library hold time
                                              1.810809   data required time
---------------------------------------------------------------------------------------------
                                              1.810809   data required time
                                             -3.867769   data arrival time
---------------------------------------------------------------------------------------------
                                              2.056960   slack (MET)


Startpoint: _691_ (rising edge-triggered flip-flop clocked by wb_clk_i)
Endpoint: _692_ (rising edge-triggered flip-flop clocked by wb_clk_i)
Path Group: wb_clk_i
Path Type: min

Fanout         Cap        Slew       Delay        Time   Description
---------------------------------------------------------------------------------------------
                                  0.000000    0.000000   clock wb_clk_i (rise edge)
                                  0.000000    0.000000   clock source latency
     2    0.147424    1.063065    0.746586    0.746586 ^ wb_clk_i (in)
                                                         wb_clk_i (net)
                      1.073527    0.000000    0.746586 ^ clkbuf_0_wb_clk_i/A (sky130_fd_sc_hd__clkbuf_16)
    17    0.074001    0.154063    0.612494    1.359080 ^ clkbuf_0_wb_clk_i/X (sky130_fd_sc_hd__clkbuf_16)
                                                         clknet_0_wb_clk_i (net)
                      0.154090    0.001908    1.360989 ^ clkbuf_3_7_0_wb_clk_i/A (sky130_fd_sc_hd__clkbuf_8)
    12    0.034773    0.117264    0.291280    1.652268 ^ clkbuf_3_7_0_wb_clk_i/X (sky130_fd_sc_hd__clkbuf_8)
                                                         clknet_3_7_0_wb_clk_i (net)
                      0.117264    0.000247    1.652515 ^ _691_/CLK (sky130_fd_sc_hd__dfrtp_2)
     4    0.012830    0.122273    0.840277    2.492792 v _691_/Q (sky130_fd_sc_hd__dfrtp_2)
                                                         timer.sec_ones[2] (net)
                      0.122273    0.000121    2.492913 v _342_/A1 (sky130_fd_sc_hd__a21oi_2)
     1    0.005819    0.163188    0.230772    2.723685 ^ _342_/Y (sky130_fd_sc_hd__a21oi_2)
                                                         _177_ (net)
                      0.163188    0.000074    2.723758 ^ _345_/B1 (sky130_fd_sc_hd__a311oi_2)
     1    0.002409    0.061564    0.103157    2.826916 v _345_/Y (sky130_fd_sc_hd__a311oi_2)
                                                         _167_ (net)
                      0.061564    0.000025    2.826940 v hold113/A (sky130_fd_sc_hd__dlygate4sd3_1)
     1    0.002227    0.103469    1.054592    3.881532 v hold113/X (sky130_fd_sc_hd__dlygate4sd3_1)
                                                         net113 (net)
                      0.103469    0.000019    3.881550 v _692_/D (sky130_fd_sc_hd__dfrtp_2)
                                              3.881550   data arrival time

                                  0.000000    0.000000   clock wb_clk_i (rise edge)
                                  0.000000    0.000000   clock source latency
     2    0.147424    1.063065    0.825174    0.825174 ^ wb_clk_i (in)
                                                         wb_clk_i (net)
                      1.073527    0.000000    0.825174 ^ clkbuf_0_wb_clk_i/A (sky130_fd_sc_hd__clkbuf_16)
    17    0.074001    0.154063    0.676967    1.502141 ^ clkbuf_0_wb_clk_i/X (sky130_fd_sc_hd__clkbuf_16)
                                                         clknet_0_wb_clk_i (net)
                      0.154090    0.002109    1.504251 ^ clkbuf_3_7_0_wb_clk_i/A (sky130_fd_sc_hd__clkbuf_8)
    12    0.034773    0.117264    0.321941    1.826191 ^ clkbuf_3_7_0_wb_clk_i/X (sky130_fd_sc_hd__clkbuf_8)
                                                         clknet_3_7_0_wb_clk_i (net)
                      0.117264    0.000324    1.826516 ^ _692_/CLK (sky130_fd_sc_hd__dfrtp_2)
                                  0.250000    2.076515   clock uncertainty
                                 -0.173923    1.902593   clock reconvergence pessimism
                                 -0.090454    1.812138   library hold time
                                              1.812138   data required time
---------------------------------------------------------------------------------------------
                                              1.812138   data required time
                                             -3.881550   data arrival time
---------------------------------------------------------------------------------------------
                                              2.069412   slack (MET)


Startpoint: _698_ (rising edge-triggered flip-flop clocked by wb_clk_i)
Endpoint: _707_ (rising edge-triggered flip-flop clocked by wb_clk_i)
Path Group: wb_clk_i
Path Type: min

Fanout         Cap        Slew       Delay        Time   Description
---------------------------------------------------------------------------------------------
                                  0.000000    0.000000   clock wb_clk_i (rise edge)
                                  0.000000    0.000000   clock source latency
     2    0.147424    1.063065    0.746586    0.746586 ^ wb_clk_i (in)
                                                         wb_clk_i (net)
                      1.073527    0.000000    0.746586 ^ clkbuf_0_wb_clk_i/A (sky130_fd_sc_hd__clkbuf_16)
    17    0.074001    0.154063    0.612494    1.359080 ^ clkbuf_0_wb_clk_i/X (sky130_fd_sc_hd__clkbuf_16)
                                                         clknet_0_wb_clk_i (net)
                      0.154089    0.001882    1.360962 ^ clkbuf_3_1_0_wb_clk_i/A (sky130_fd_sc_hd__clkbuf_8)
    11    0.035047    0.117914    0.291777    1.652739 ^ clkbuf_3_1_0_wb_clk_i/X (sky130_fd_sc_hd__clkbuf_8)
                                                         clknet_3_1_0_wb_clk_i (net)
                      0.117914    0.000406    1.653145 ^ _698_/CLK (sky130_fd_sc_hd__dfrtp_2)
     2    0.005687    0.089938    0.687232    2.340377 ^ _698_/Q (sky130_fd_sc_hd__dfrtp_2)
                                                         timer.scan_div[4] (net)
                      0.089938    0.000080    2.340457 ^ _499_/B (sky130_fd_sc_hd__and2_2)
     4    0.009403    0.113215    0.299857    2.640315 ^ _499_/X (sky130_fd_sc_hd__and2_2)
                                                         _275_ (net)
                      0.113215    0.000035    2.640349 ^ _516_/B (sky130_fd_sc_hd__and4_2)
     8    0.033658    0.326023    0.654041    3.294390 ^ _516_/X (sky130_fd_sc_hd__and4_2)
                                                         _286_ (net)
                      0.326023    0.000788    3.295179 ^ _520_/C (sky130_fd_sc_hd__and3_2)
     3    0.017432    0.185071    0.526953    3.822132 ^ _520_/X (sky130_fd_sc_hd__and3_2)
                                                         _288_ (net)
                      0.185071    0.000132    3.822263 ^ _521_/B (sky130_fd_sc_hd__nor2_2)
     1    0.002044    0.037878    0.084700    3.906964 v _521_/Y (sky130_fd_sc_hd__nor2_2)
                                                         _005_ (net)
                      0.037878    0.000016    3.906979 v _707_/D (sky130_fd_sc_hd__dfrtp_2)
                                              3.906979   data arrival time

                                  0.000000    0.000000   clock wb_clk_i (rise edge)
                                  0.000000    0.000000   clock source latency
     2    0.147424    1.063065    0.825174    0.825174 ^ wb_clk_i (in)
                                                         wb_clk_i (net)
                      1.073527    0.000000    0.825174 ^ clkbuf_0_wb_clk_i/A (sky130_fd_sc_hd__clkbuf_16)
    17    0.074001    0.154063    0.676967    1.502141 ^ clkbuf_0_wb_clk_i/X (sky130_fd_sc_hd__clkbuf_16)
                                                         clknet_0_wb_clk_i (net)
                      0.154089    0.002080    1.504221 ^ clkbuf_3_1_0_wb_clk_i/A (sky130_fd_sc_hd__clkbuf_8)
    11    0.035047    0.117914    0.322490    1.826712 ^ clkbuf_3_1_0_wb_clk_i/X (sky130_fd_sc_hd__clkbuf_8)
                                                         clknet_3_1_0_wb_clk_i (net)
                      0.117914    0.000397    1.827109 ^ _707_/CLK (sky130_fd_sc_hd__dfrtp_2)
                                  0.250000    2.077109   clock uncertainty
                                 -0.173972    1.903136   clock reconvergence pessimism
                                 -0.066271    1.836865   library hold time
                                              1.836865   data required time
---------------------------------------------------------------------------------------------
                                              1.836865   data required time
                                             -3.906979   data arrival time
---------------------------------------------------------------------------------------------
                                              2.070114   slack (MET)


Startpoint: _748_ (rising edge-triggered flip-flop clocked by wb_clk_i)
Endpoint: _749_ (rising edge-triggered flip-flop clocked by wb_clk_i)
Path Group: wb_clk_i
Path Type: min

Fanout         Cap        Slew       Delay        Time   Description
---------------------------------------------------------------------------------------------
                                  0.000000    0.000000   clock wb_clk_i (rise edge)
                                  0.000000    0.000000   clock source latency
     2    0.147424    1.063065    0.746586    0.746586 ^ wb_clk_i (in)
                                                         wb_clk_i (net)
                      1.073527    0.000000    0.746586 ^ clkbuf_0_wb_clk_i/A (sky130_fd_sc_hd__clkbuf_16)
    17    0.074001    0.154063    0.612494    1.359080 ^ clkbuf_0_wb_clk_i/X (sky130_fd_sc_hd__clkbuf_16)
                                                         clknet_0_wb_clk_i (net)
                      0.154089    0.001882    1.360962 ^ clkbuf_3_1_0_wb_clk_i/A (sky130_fd_sc_hd__clkbuf_8)
    11    0.035047    0.117914    0.291777    1.652739 ^ clkbuf_3_1_0_wb_clk_i/X (sky130_fd_sc_hd__clkbuf_8)
                                                         clknet_3_1_0_wb_clk_i (net)
                      0.117915    0.000577    1.653316 ^ _748_/CLK (sky130_fd_sc_hd__dfrtp_2)
     3    0.006957    0.098289    0.695491    2.348807 ^ _748_/Q (sky130_fd_sc_hd__dfrtp_2)
                                                         timer.sec_div[21] (net)
                      0.098289    0.000071    2.348879 ^ _464_/A (sky130_fd_sc_hd__and3_2)
     1    0.009087    0.124761    0.372211    2.721089 ^ _464_/X (sky130_fd_sc_hd__and3_2)
                                                         _256_ (net)
                      0.124761    0.000073    2.721163 ^ _467_/B (sky130_fd_sc_hd__xor2_2)
     1    0.001949    0.049712    0.113654    2.834816 v _467_/X (sky130_fd_sc_hd__xor2_2)
                                                         _048_ (net)
                      0.049712    0.000018    2.834834 v hold64/A (sky130_fd_sc_hd__dlygate4sd3_1)
     1    0.002237    0.103692    1.049937    3.884771 v hold64/X (sky130_fd_sc_hd__dlygate4sd3_1)
                                                         net64 (net)
                      0.103692    0.000019    3.884790 v _749_/D (sky130_fd_sc_hd__dfrtp_2)
                                              3.884790   data arrival time

                                  0.000000    0.000000   clock wb_clk_i (rise edge)
                                  0.000000    0.000000   clock source latency
     2    0.147424    1.063065    0.825174    0.825174 ^ wb_clk_i (in)
                                                         wb_clk_i (net)
                      1.073527    0.000000    0.825174 ^ clkbuf_0_wb_clk_i/A (sky130_fd_sc_hd__clkbuf_16)
    17    0.074001    0.154063    0.676967    1.502141 ^ clkbuf_0_wb_clk_i/X (sky130_fd_sc_hd__clkbuf_16)
                                                         clknet_0_wb_clk_i (net)
                      0.154089    0.002080    1.504221 ^ clkbuf_3_1_0_wb_clk_i/A (sky130_fd_sc_hd__clkbuf_8)
    11    0.035047    0.117914    0.322490    1.826712 ^ clkbuf_3_1_0_wb_clk_i/X (sky130_fd_sc_hd__clkbuf_8)
                                                         clknet_3_1_0_wb_clk_i (net)
                      0.117914    0.000603    1.827314 ^ _749_/CLK (sky130_fd_sc_hd__dfrtp_2)
                                  0.250000    2.077314   clock uncertainty
                                 -0.173972    1.903342   clock reconvergence pessimism
                                 -0.090378    1.812964   library hold time
                                              1.812964   data required time
---------------------------------------------------------------------------------------------
                                              1.812964   data required time
                                             -3.884790   data arrival time
---------------------------------------------------------------------------------------------
                                              2.071827   slack (MET)


Startpoint: _752_ (rising edge-triggered flip-flop clocked by wb_clk_i)
Endpoint: _753_ (rising edge-triggered flip-flop clocked by wb_clk_i)
Path Group: wb_clk_i
Path Type: min

Fanout         Cap        Slew       Delay        Time   Description
---------------------------------------------------------------------------------------------
                                  0.000000    0.000000   clock wb_clk_i (rise edge)
                                  0.000000    0.000000   clock source latency
     2    0.147424    1.063065    0.746586    0.746586 ^ wb_clk_i (in)
                                                         wb_clk_i (net)
                      1.073527    0.000000    0.746586 ^ clkbuf_0_wb_clk_i/A (sky130_fd_sc_hd__clkbuf_16)
    17    0.074001    0.154063    0.612494    1.359080 ^ clkbuf_0_wb_clk_i/X (sky130_fd_sc_hd__clkbuf_16)
                                                         clknet_0_wb_clk_i (net)
                      0.154070    0.001168    1.360249 ^ clkbuf_3_6_0_wb_clk_i/A (sky130_fd_sc_hd__clkbuf_8)
    12    0.036041    0.120291    0.293444    1.653693 ^ clkbuf_3_6_0_wb_clk_i/X (sky130_fd_sc_hd__clkbuf_8)
                                                         clknet_3_6_0_wb_clk_i (net)
                      0.120297    0.000899    1.654592 ^ _752_/CLK (sky130_fd_sc_hd__dfrtp_2)
     2    0.005425    0.087853    0.686204    2.340796 ^ _752_/Q (sky130_fd_sc_hd__dfrtp_2)
                                                         timer.sec_div[25] (net)
                      0.087853    0.000035    2.340832 ^ _474_/A (sky130_fd_sc_hd__and3_2)
     1    0.009803    0.129806    0.373213    2.714045 ^ _474_/X (sky130_fd_sc_hd__and3_2)
                                                         _262_ (net)
                      0.129806    0.000115    2.714159 ^ _476_/B (sky130_fd_sc_hd__xor2_2)
     1    0.002481    0.052136    0.119298    2.833457 v _476_/X (sky130_fd_sc_hd__xor2_2)
                                                         _052_ (net)
                      0.052136    0.000028    2.833485 v hold56/A (sky130_fd_sc_hd__dlygate4sd3_1)
     1    0.002350    0.104926    1.052734    3.886219 v hold56/X (sky130_fd_sc_hd__dlygate4sd3_1)
                                                         net56 (net)
                      0.104926    0.000020    3.886240 v _753_/D (sky130_fd_sc_hd__dfrtp_2)
                                              3.886240   data arrival time

                                  0.000000    0.000000   clock wb_clk_i (rise edge)
                                  0.000000    0.000000   clock source latency
     2    0.147424    1.063065    0.825174    0.825174 ^ wb_clk_i (in)
                                                         wb_clk_i (net)
                      1.073527    0.000000    0.825174 ^ clkbuf_0_wb_clk_i/A (sky130_fd_sc_hd__clkbuf_16)
    17    0.074001    0.154063    0.676967    1.502141 ^ clkbuf_0_wb_clk_i/X (sky130_fd_sc_hd__clkbuf_16)
                                                         clknet_0_wb_clk_i (net)
                      0.154070    0.001291    1.503433 ^ clkbuf_3_6_0_wb_clk_i/A (sky130_fd_sc_hd__clkbuf_8)
    12    0.036041    0.120291    0.324333    1.827766 ^ clkbuf_3_6_0_wb_clk_i/X (sky130_fd_sc_hd__clkbuf_8)
                                                         clknet_3_6_0_wb_clk_i (net)
                      0.120296    0.000937    1.828702 ^ _753_/CLK (sky130_fd_sc_hd__dfrtp_2)
                                  0.250000    2.078702   clock uncertainty
                                 -0.174073    1.904629   clock reconvergence pessimism
                                 -0.090253    1.814376   library hold time
                                              1.814376   data required time
---------------------------------------------------------------------------------------------
                                              1.814376   data required time
                                             -3.886240   data arrival time
---------------------------------------------------------------------------------------------
                                              2.071863   slack (MET)


Startpoint: _719_ (rising edge-triggered flip-flop clocked by wb_clk_i)
Endpoint: _720_ (rising edge-triggered flip-flop clocked by wb_clk_i)
Path Group: wb_clk_i
Path Type: min

Fanout         Cap        Slew       Delay        Time   Description
---------------------------------------------------------------------------------------------
                                  0.000000    0.000000   clock wb_clk_i (rise edge)
                                  0.000000    0.000000   clock source latency
     2    0.147424    1.063065    0.746586    0.746586 ^ wb_clk_i (in)
                                                         wb_clk_i (net)
                      1.073527    0.000000    0.746586 ^ clkbuf_0_wb_clk_i/A (sky130_fd_sc_hd__clkbuf_16)
    17    0.074001    0.154063    0.612494    1.359080 ^ clkbuf_0_wb_clk_i/X (sky130_fd_sc_hd__clkbuf_16)
                                                         clknet_0_wb_clk_i (net)
                      0.154103    0.002223    1.361303 ^ clkbuf_3_2_0_wb_clk_i/A (sky130_fd_sc_hd__clkbuf_8)
    11    0.034623    0.116907    0.291034    1.652337 ^ clkbuf_3_2_0_wb_clk_i/X (sky130_fd_sc_hd__clkbuf_8)
                                                         clknet_3_2_0_wb_clk_i (net)
                      0.116907    0.000446    1.652783 ^ _719_/CLK (sky130_fd_sc_hd__dfrtp_2)
     2    0.005949    0.091374    0.688492    2.341275 ^ _719_/Q (sky130_fd_sc_hd__dfrtp_2)
                                                         timer.scan_div[25] (net)
                      0.091374    0.000051    2.341326 ^ _550_/B (sky130_fd_sc_hd__and3_2)
     1    0.009276    0.126097    0.384730    2.726056 ^ _550_/X (sky130_fd_sc_hd__and3_2)
                                                         _306_ (net)
                      0.126097    0.000097    2.726153 ^ _552_/B (sky130_fd_sc_hd__xor2_2)
     1    0.001758    0.048832    0.112859    2.839012 v _552_/X (sky130_fd_sc_hd__xor2_2)
                                                         _019_ (net)
                      0.048832    0.000008    2.839020 v hold71/A (sky130_fd_sc_hd__dlygate4sd3_1)
     1    0.002099    0.102167    1.047366    3.886386 v hold71/X (sky130_fd_sc_hd__dlygate4sd3_1)
                                                         net71 (net)
                      0.102167    0.000017    3.886403 v _720_/D (sky130_fd_sc_hd__dfrtp_2)
                                              3.886403   data arrival time

                                  0.000000    0.000000   clock wb_clk_i (rise edge)
                                  0.000000    0.000000   clock source latency
     2    0.147424    1.063065    0.825174    0.825174 ^ wb_clk_i (in)
                                                         wb_clk_i (net)
                      1.073527    0.000000    0.825174 ^ clkbuf_0_wb_clk_i/A (sky130_fd_sc_hd__clkbuf_16)
    17    0.074001    0.154063    0.676967    1.502141 ^ clkbuf_0_wb_clk_i/X (sky130_fd_sc_hd__clkbuf_16)
                                                         clknet_0_wb_clk_i (net)
                      0.154103    0.002457    1.504598 ^ clkbuf_3_2_0_wb_clk_i/A (sky130_fd_sc_hd__clkbuf_8)
    11    0.034623    0.116907    0.321669    1.826267 ^ clkbuf_3_2_0_wb_clk_i/X (sky130_fd_sc_hd__clkbuf_8)
                                                         clknet_3_2_0_wb_clk_i (net)
                      0.116907    0.000539    1.826806 ^ _720_/CLK (sky130_fd_sc_hd__dfrtp_2)
                                  0.250000    2.076805   clock uncertainty
                                 -0.173930    1.902875   clock reconvergence pessimism
                                 -0.090064    1.812812   library hold time
                                              1.812812   data required time
---------------------------------------------------------------------------------------------
                                              1.812812   data required time
                                             -3.886403   data arrival time
---------------------------------------------------------------------------------------------
                                              2.073591   slack (MET)


Startpoint: _685_ (rising edge-triggered flip-flop clocked by wb_clk_i)
Endpoint: _683_ (rising edge-triggered flip-flop clocked by wb_clk_i)
Path Group: wb_clk_i
Path Type: min

Fanout         Cap        Slew       Delay        Time   Description
---------------------------------------------------------------------------------------------
                                  0.000000    0.000000   clock wb_clk_i (rise edge)
                                  0.000000    0.000000   clock source latency
     2    0.147424    1.063065    0.746586    0.746586 ^ wb_clk_i (in)
                                                         wb_clk_i (net)
                      1.073527    0.000000    0.746586 ^ clkbuf_0_wb_clk_i/A (sky130_fd_sc_hd__clkbuf_16)
    17    0.074001    0.154063    0.612494    1.359080 ^ clkbuf_0_wb_clk_i/X (sky130_fd_sc_hd__clkbuf_16)
                                                         clknet_0_wb_clk_i (net)
                      0.154096    0.002040    1.361120 ^ clkbuf_3_5_0_wb_clk_i/A (sky130_fd_sc_hd__clkbuf_8)
    11    0.036399    0.121134    0.294202    1.655322 ^ clkbuf_3_5_0_wb_clk_i/X (sky130_fd_sc_hd__clkbuf_8)
                                                         clknet_3_5_0_wb_clk_i (net)
                      0.121134    0.000297    1.655619 ^ _685_/CLK (sky130_fd_sc_hd__dfrtp_2)
     2    0.003980    0.078731    0.784854    2.440473 v _685_/Q (sky130_fd_sc_hd__dfrtp_2)
                                                         timer.sec_tens[0] (net)
                      0.078731    0.000036    2.440509 v _356_/B (sky130_fd_sc_hd__and4b_2)
     6    0.026120    0.168818    0.530882    2.971391 v _356_/X (sky130_fd_sc_hd__and4b_2)
                                                         _186_ (net)
                      0.168818    0.000500    2.971892 v _363_/D (sky130_fd_sc_hd__and4_2)
     2    0.011649    0.104135    0.555574    3.527466 v _363_/X (sky130_fd_sc_hd__and4_2)
                                                         _190_ (net)
                      0.104135    0.000097    3.527562 v _370_/A_N (sky130_fd_sc_hd__and2b_2)
     1    0.002338    0.060018    0.393122    3.920684 ^ _370_/X (sky130_fd_sc_hd__and2b_2)
                                                         _158_ (net)
                      0.060018    0.000020    3.920704 ^ _683_/D (sky130_fd_sc_hd__dfrtp_2)
                                              3.920704   data arrival time

                                  0.000000    0.000000   clock wb_clk_i (rise edge)
                                  0.000000    0.000000   clock source latency
     2    0.147424    1.063065    0.825174    0.825174 ^ wb_clk_i (in)
                                                         wb_clk_i (net)
                      1.073527    0.000000    0.825174 ^ clkbuf_0_wb_clk_i/A (sky130_fd_sc_hd__clkbuf_16)
    17    0.074001    0.154063    0.676967    1.502141 ^ clkbuf_0_wb_clk_i/X (sky130_fd_sc_hd__clkbuf_16)
                                                         clknet_0_wb_clk_i (net)
                      0.154096    0.002254    1.504396 ^ clkbuf_3_5_0_wb_clk_i/A (sky130_fd_sc_hd__clkbuf_8)
    11    0.036399    0.121134    0.325170    1.829566 ^ clkbuf_3_5_0_wb_clk_i/X (sky130_fd_sc_hd__clkbuf_8)
                                                         clknet_3_5_0_wb_clk_i (net)
                      0.121134    0.000475    1.830041 ^ _683_/CLK (sky130_fd_sc_hd__dfrtp_2)
                                  0.250000    2.080041   clock uncertainty
                                 -0.174244    1.905797   clock reconvergence pessimism
                                 -0.066238    1.839559   library hold time
                                              1.839559   data required time
---------------------------------------------------------------------------------------------
                                              1.839559   data required time
                                             -3.920704   data arrival time
---------------------------------------------------------------------------------------------
                                              2.081146   slack (MET)


Startpoint: _708_ (rising edge-triggered flip-flop clocked by wb_clk_i)
Endpoint: _708_ (rising edge-triggered flip-flop clocked by wb_clk_i)
Path Group: wb_clk_i
Path Type: min

Fanout         Cap        Slew       Delay        Time   Description
---------------------------------------------------------------------------------------------
                                  0.000000    0.000000   clock wb_clk_i (rise edge)
                                  0.000000    0.000000   clock source latency
     2    0.147424    1.063065    0.746586    0.746586 ^ wb_clk_i (in)
                                                         wb_clk_i (net)
                      1.073527    0.000000    0.746586 ^ clkbuf_0_wb_clk_i/A (sky130_fd_sc_hd__clkbuf_16)
    17    0.074001    0.154063    0.612494    1.359080 ^ clkbuf_0_wb_clk_i/X (sky130_fd_sc_hd__clkbuf_16)
                                                         clknet_0_wb_clk_i (net)
                      0.154089    0.001882    1.360962 ^ clkbuf_3_1_0_wb_clk_i/A (sky130_fd_sc_hd__clkbuf_8)
    11    0.035047    0.117914    0.291777    1.652739 ^ clkbuf_3_1_0_wb_clk_i/X (sky130_fd_sc_hd__clkbuf_8)
                                                         clknet_3_1_0_wb_clk_i (net)
                      0.117914    0.000332    1.653071 ^ _708_/CLK (sky130_fd_sc_hd__dfrtp_2)
     2    0.004576    0.084998    0.677117    2.330188 ^ _708_/Q (sky130_fd_sc_hd__dfrtp_2)
                                                         timer.scan_div[14] (net)
                      0.084998    0.000016    2.330204 ^ hold176/A (sky130_fd_sc_hd__dlygate4sd3_1)
     3    0.013329    0.232222    1.119555    3.449759 ^ hold176/X (sky130_fd_sc_hd__dlygate4sd3_1)
                                                         net176 (net)
                      0.232222    0.000016    3.449775 ^ _522_/A (sky130_fd_sc_hd__nor2_2)
     1    0.002261    0.043452    0.118040    3.567815 v _522_/Y (sky130_fd_sc_hd__nor2_2)
                                                         _289_ (net)
                      0.043452    0.000024    3.567839 v _524_/A_N (sky130_fd_sc_hd__and2b_2)
     1    0.002071    0.058250    0.363899    3.931738 ^ _524_/X (sky130_fd_sc_hd__and2b_2)
                                                         _006_ (net)
                      0.058250    0.000016    3.931754 ^ _708_/D (sky130_fd_sc_hd__dfrtp_2)
                                              3.931754   data arrival time

                                  0.000000    0.000000   clock wb_clk_i (rise edge)
                                  0.000000    0.000000   clock source latency
     2    0.147424    1.063065    0.825174    0.825174 ^ wb_clk_i (in)
                                                         wb_clk_i (net)
                      1.073527    0.000000    0.825174 ^ clkbuf_0_wb_clk_i/A (sky130_fd_sc_hd__clkbuf_16)
    17    0.074001    0.154063    0.676967    1.502141 ^ clkbuf_0_wb_clk_i/X (sky130_fd_sc_hd__clkbuf_16)
                                                         clknet_0_wb_clk_i (net)
                      0.154089    0.002080    1.504221 ^ clkbuf_3_1_0_wb_clk_i/A (sky130_fd_sc_hd__clkbuf_8)
    11    0.035047    0.117914    0.322490    1.826712 ^ clkbuf_3_1_0_wb_clk_i/X (sky130_fd_sc_hd__clkbuf_8)
                                                         clknet_3_1_0_wb_clk_i (net)
                      0.117914    0.000367    1.827079 ^ _708_/CLK (sky130_fd_sc_hd__dfrtp_2)
                                  0.250000    2.077079   clock uncertainty
                                 -0.174007    1.903072   clock reconvergence pessimism
                                 -0.066365    1.836707   library hold time
                                              1.836707   data required time
---------------------------------------------------------------------------------------------
                                              1.836707   data required time
                                             -3.931754   data arrival time
---------------------------------------------------------------------------------------------
                                              2.095047   slack (MET)


Startpoint: _689_ (rising edge-triggered flip-flop clocked by wb_clk_i)
Endpoint: _686_ (rising edge-triggered flip-flop clocked by wb_clk_i)
Path Group: wb_clk_i
Path Type: min

Fanout         Cap        Slew       Delay        Time   Description
---------------------------------------------------------------------------------------------
                                  0.000000    0.000000   clock wb_clk_i (rise edge)
                                  0.000000    0.000000   clock source latency
     2    0.147424    1.063065    0.746586    0.746586 ^ wb_clk_i (in)
                                                         wb_clk_i (net)
                      1.073527    0.000000    0.746586 ^ clkbuf_0_wb_clk_i/A (sky130_fd_sc_hd__clkbuf_16)
    17    0.074001    0.154063    0.612494    1.359080 ^ clkbuf_0_wb_clk_i/X (sky130_fd_sc_hd__clkbuf_16)
                                                         clknet_0_wb_clk_i (net)
                      0.154090    0.001908    1.360989 ^ clkbuf_3_7_0_wb_clk_i/A (sky130_fd_sc_hd__clkbuf_8)
    12    0.034773    0.117264    0.291280    1.652268 ^ clkbuf_3_7_0_wb_clk_i/X (sky130_fd_sc_hd__clkbuf_8)
                                                         clknet_3_7_0_wb_clk_i (net)
                      0.117264    0.000375    1.652643 ^ _689_/CLK (sky130_fd_sc_hd__dfrtp_2)
     5    0.017742    0.172026    0.765260    2.417903 ^ _689_/Q (sky130_fd_sc_hd__dfrtp_2)
                                                         timer.sec_ones[0] (net)
                      0.172026    0.000240    2.418143 ^ _343_/B (sky130_fd_sc_hd__and4b_2)
     3    0.009818    0.152041    0.516927    2.935070 ^ _343_/X (sky130_fd_sc_hd__and4b_2)
                                                         _178_ (net)
                      0.152041    0.000069    2.935138 ^ _344_/B (sky130_fd_sc_hd__and2b_2)
     5    0.026780    0.230447    0.423476    3.358615 ^ _344_/X (sky130_fd_sc_hd__and2b_2)
                                                         _179_ (net)
                      0.230447    0.000501    3.359116 ^ _359_/A2 (sky130_fd_sc_hd__a21o_2)
     1    0.002074    0.041714    0.273386    3.632502 ^ _359_/X (sky130_fd_sc_hd__a21o_2)
                                                         _188_ (net)
                      0.041714    0.000018    3.632520 ^ _360_/C (sky130_fd_sc_hd__and3b_2)
     1    0.002944    0.081247    0.335378    3.967898 ^ _360_/X (sky130_fd_sc_hd__and3b_2)
                                                         _161_ (net)
                      0.081247    0.000034    3.967932 ^ _686_/D (sky130_fd_sc_hd__dfrtp_2)
                                              3.967932   data arrival time

                                  0.000000    0.000000   clock wb_clk_i (rise edge)
                                  0.000000    0.000000   clock source latency
     2    0.147424    1.063065    0.825174    0.825174 ^ wb_clk_i (in)
                                                         wb_clk_i (net)
                      1.073527    0.000000    0.825174 ^ clkbuf_0_wb_clk_i/A (sky130_fd_sc_hd__clkbuf_16)
    17    0.074001    0.154063    0.676967    1.502141 ^ clkbuf_0_wb_clk_i/X (sky130_fd_sc_hd__clkbuf_16)
                                                         clknet_0_wb_clk_i (net)
                      0.154096    0.002254    1.504396 ^ clkbuf_3_5_0_wb_clk_i/A (sky130_fd_sc_hd__clkbuf_8)
    11    0.036399    0.121134    0.325170    1.829566 ^ clkbuf_3_5_0_wb_clk_i/X (sky130_fd_sc_hd__clkbuf_8)
                                                         clknet_3_5_0_wb_clk_i (net)
                      0.121134    0.000229    1.829795 ^ _686_/CLK (sky130_fd_sc_hd__dfrtp_2)
                                  0.250000    2.079795   clock uncertainty
                                 -0.143061    1.936734   clock reconvergence pessimism
                                 -0.071064    1.865670   library hold time
                                              1.865670   data required time
---------------------------------------------------------------------------------------------
                                              1.865670   data required time
                                             -3.967932   data arrival time
---------------------------------------------------------------------------------------------
                                              2.102262   slack (MET)


Startpoint: _689_ (rising edge-triggered flip-flop clocked by wb_clk_i)
Endpoint: _690_ (rising edge-triggered flip-flop clocked by wb_clk_i)
Path Group: wb_clk_i
Path Type: min

Fanout         Cap        Slew       Delay        Time   Description
---------------------------------------------------------------------------------------------
                                  0.000000    0.000000   clock wb_clk_i (rise edge)
                                  0.000000    0.000000   clock source latency
     2    0.147424    1.063065    0.746586    0.746586 ^ wb_clk_i (in)
                                                         wb_clk_i (net)
                      1.073527    0.000000    0.746586 ^ clkbuf_0_wb_clk_i/A (sky130_fd_sc_hd__clkbuf_16)
    17    0.074001    0.154063    0.612494    1.359080 ^ clkbuf_0_wb_clk_i/X (sky130_fd_sc_hd__clkbuf_16)
                                                         clknet_0_wb_clk_i (net)
                      0.154090    0.001908    1.360989 ^ clkbuf_3_7_0_wb_clk_i/A (sky130_fd_sc_hd__clkbuf_8)
    12    0.034773    0.117264    0.291280    1.652268 ^ clkbuf_3_7_0_wb_clk_i/X (sky130_fd_sc_hd__clkbuf_8)
                                                         clknet_3_7_0_wb_clk_i (net)
                      0.117264    0.000375    1.652643 ^ _689_/CLK (sky130_fd_sc_hd__dfrtp_2)
     5    0.017742    0.172026    0.765260    2.417903 ^ _689_/Q (sky130_fd_sc_hd__dfrtp_2)
                                                         timer.sec_ones[0] (net)
                      0.172026    0.000162    2.418065 ^ _340_/B (sky130_fd_sc_hd__and2_2)
     2    0.008768    0.108675    0.325309    2.743374 ^ _340_/X (sky130_fd_sc_hd__and2_2)
                                                         _175_ (net)
                      0.108675    0.000058    2.743432 ^ _348_/A2 (sky130_fd_sc_hd__o21a_2)
     1    0.002531    0.052074    0.217797    2.961230 ^ _348_/X (sky130_fd_sc_hd__o21a_2)
                                                         _165_ (net)
                      0.052074    0.000026    2.961256 ^ hold157/A (sky130_fd_sc_hd__dlygate4sd3_1)
     1    0.002226    0.087720    0.972993    3.934249 ^ hold157/X (sky130_fd_sc_hd__dlygate4sd3_1)
                                                         net157 (net)
                      0.087720    0.000018    3.934267 ^ _690_/D (sky130_fd_sc_hd__dfrtp_2)
                                              3.934267   data arrival time

                                  0.000000    0.000000   clock wb_clk_i (rise edge)
                                  0.000000    0.000000   clock source latency
     2    0.147424    1.063065    0.825174    0.825174 ^ wb_clk_i (in)
                                                         wb_clk_i (net)
                      1.073527    0.000000    0.825174 ^ clkbuf_0_wb_clk_i/A (sky130_fd_sc_hd__clkbuf_16)
    17    0.074001    0.154063    0.676967    1.502141 ^ clkbuf_0_wb_clk_i/X (sky130_fd_sc_hd__clkbuf_16)
                                                         clknet_0_wb_clk_i (net)
                      0.154090    0.002109    1.504251 ^ clkbuf_3_7_0_wb_clk_i/A (sky130_fd_sc_hd__clkbuf_8)
    12    0.034773    0.117264    0.321941    1.826191 ^ clkbuf_3_7_0_wb_clk_i/X (sky130_fd_sc_hd__clkbuf_8)
                                                         clknet_3_7_0_wb_clk_i (net)
                      0.117264    0.000555    1.826747 ^ _690_/CLK (sky130_fd_sc_hd__dfrtp_2)
                                  0.250000    2.076747   clock uncertainty
                                 -0.173923    1.902824   clock reconvergence pessimism
                                 -0.073171    1.829653   library hold time
                                              1.829653   data required time
---------------------------------------------------------------------------------------------
                                              1.829653   data required time
                                             -3.934267   data arrival time
---------------------------------------------------------------------------------------------
                                              2.104614   slack (MET)


Startpoint: _710_ (rising edge-triggered flip-flop clocked by wb_clk_i)
Endpoint: _713_ (rising edge-triggered flip-flop clocked by wb_clk_i)
Path Group: wb_clk_i
Path Type: min

Fanout         Cap        Slew       Delay        Time   Description
---------------------------------------------------------------------------------------------
                                  0.000000    0.000000   clock wb_clk_i (rise edge)
                                  0.000000    0.000000   clock source latency
     2    0.147424    1.063065    0.746586    0.746586 ^ wb_clk_i (in)
                                                         wb_clk_i (net)
                      1.073527    0.000000    0.746586 ^ clkbuf_0_wb_clk_i/A (sky130_fd_sc_hd__clkbuf_16)
    17    0.074001    0.154063    0.612494    1.359080 ^ clkbuf_0_wb_clk_i/X (sky130_fd_sc_hd__clkbuf_16)
                                                         clknet_0_wb_clk_i (net)
                      0.154112    0.002399    1.361480 ^ clkbuf_3_0_0_wb_clk_i/A (sky130_fd_sc_hd__clkbuf_8)
    11    0.033860    0.115090    0.289709    1.651188 ^ clkbuf_3_0_0_wb_clk_i/X (sky130_fd_sc_hd__clkbuf_8)
                                                         clknet_3_0_0_wb_clk_i (net)
                      0.115090    0.000230    1.651419 ^ _710_/CLK (sky130_fd_sc_hd__dfrtp_2)
     3    0.007425    0.101234    0.697287    2.348706 ^ _710_/Q (sky130_fd_sc_hd__dfrtp_2)
                                                         timer.scan_div[16] (net)
                      0.101234    0.000057    2.348763 ^ _532_/A (sky130_fd_sc_hd__and4_2)
     1    0.003130    0.098767    0.400640    2.749402 ^ _532_/X (sky130_fd_sc_hd__and4_2)
                                                         _295_ (net)
                      0.098767    0.000029    2.749431 ^ _536_/A2 (sky130_fd_sc_hd__o21a_2)
     1    0.002069    0.048874    0.210576    2.960007 ^ _536_/X (sky130_fd_sc_hd__o21a_2)
                                                         _011_ (net)
                      0.048874    0.000018    2.960025 ^ hold62/A (sky130_fd_sc_hd__dlygate4sd3_1)
     1    0.002438    0.087502    0.974767    3.934792 ^ hold62/X (sky130_fd_sc_hd__dlygate4sd3_1)
                                                         net62 (net)
                      0.087502    0.000023    3.934815 ^ _713_/D (sky130_fd_sc_hd__dfrtp_2)
                                              3.934815   data arrival time

                                  0.000000    0.000000   clock wb_clk_i (rise edge)
                                  0.000000    0.000000   clock source latency
     2    0.147424    1.063065    0.825174    0.825174 ^ wb_clk_i (in)
                                                         wb_clk_i (net)
                      1.073527    0.000000    0.825174 ^ clkbuf_0_wb_clk_i/A (sky130_fd_sc_hd__clkbuf_16)
    17    0.074001    0.154063    0.676967    1.502141 ^ clkbuf_0_wb_clk_i/X (sky130_fd_sc_hd__clkbuf_16)
                                                         clknet_0_wb_clk_i (net)
                      0.154112    0.002652    1.504793 ^ clkbuf_3_0_0_wb_clk_i/A (sky130_fd_sc_hd__clkbuf_8)
    11    0.033860    0.115090    0.320204    1.824997 ^ clkbuf_3_0_0_wb_clk_i/X (sky130_fd_sc_hd__clkbuf_8)
                                                         clknet_3_0_0_wb_clk_i (net)
                      0.115090    0.000243    1.825241 ^ _713_/CLK (sky130_fd_sc_hd__dfrtp_2)
                                  0.250000    2.075241   clock uncertainty
                                 -0.173809    1.901432   clock reconvergence pessimism
                                 -0.073478    1.827953   library hold time
                                              1.827953   data required time
---------------------------------------------------------------------------------------------
                                              1.827953   data required time
                                             -3.934815   data arrival time
---------------------------------------------------------------------------------------------
                                              2.106862   slack (MET)


Startpoint: _722_ (rising edge-triggered flip-flop clocked by wb_clk_i)
Endpoint: _725_ (rising edge-triggered flip-flop clocked by wb_clk_i)
Path Group: wb_clk_i
Path Type: min

Fanout         Cap        Slew       Delay        Time   Description
---------------------------------------------------------------------------------------------
                                  0.000000    0.000000   clock wb_clk_i (rise edge)
                                  0.000000    0.000000   clock source latency
     2    0.147424    1.063065    0.746586    0.746586 ^ wb_clk_i (in)
                                                         wb_clk_i (net)
                      1.073527    0.000000    0.746586 ^ clkbuf_0_wb_clk_i/A (sky130_fd_sc_hd__clkbuf_16)
    17    0.074001    0.154063    0.612494    1.359080 ^ clkbuf_0_wb_clk_i/X (sky130_fd_sc_hd__clkbuf_16)
                                                         clknet_0_wb_clk_i (net)
                      0.154112    0.002399    1.361480 ^ clkbuf_3_0_0_wb_clk_i/A (sky130_fd_sc_hd__clkbuf_8)
    11    0.033860    0.115090    0.289709    1.651188 ^ clkbuf_3_0_0_wb_clk_i/X (sky130_fd_sc_hd__clkbuf_8)
                                                         clknet_3_0_0_wb_clk_i (net)
                      0.115091    0.000544    1.651732 ^ _722_/CLK (sky130_fd_sc_hd__dfrtp_2)
     2    0.005084    0.085701    0.680651    2.332383 ^ _722_/Q (sky130_fd_sc_hd__dfrtp_2)
                                                         timer.scan_div[28] (net)
                      0.085701    0.000048    2.332430 ^ _561_/A (sky130_fd_sc_hd__and4_2)
     1    0.008861    0.149654    0.451877    2.784307 ^ _561_/X (sky130_fd_sc_hd__and4_2)
                                                         _312_ (net)
                      0.149654    0.000026    2.784333 ^ _563_/B (sky130_fd_sc_hd__xor2_2)
     1    0.001777    0.048926    0.122225    2.906558 v _563_/X (sky130_fd_sc_hd__xor2_2)
                                                         _025_ (net)
                      0.048926    0.000008    2.906566 v hold30/A (sky130_fd_sc_hd__dlygate4sd3_1)
     1    0.002068    0.101825    1.046912    3.953478 v hold30/X (sky130_fd_sc_hd__dlygate4sd3_1)
                                                         net30 (net)
                      0.101825    0.000016    3.953495 v _725_/D (sky130_fd_sc_hd__dfrtp_2)
                                              3.953495   data arrival time

                                  0.000000    0.000000   clock wb_clk_i (rise edge)
                                  0.000000    0.000000   clock source latency
     2    0.147424    1.063065    0.825174    0.825174 ^ wb_clk_i (in)
                                                         wb_clk_i (net)
                      1.073527    0.000000    0.825174 ^ clkbuf_0_wb_clk_i/A (sky130_fd_sc_hd__clkbuf_16)
    17    0.074001    0.154063    0.676967    1.502141 ^ clkbuf_0_wb_clk_i/X (sky130_fd_sc_hd__clkbuf_16)
                                                         clknet_0_wb_clk_i (net)
                      0.154103    0.002457    1.504598 ^ clkbuf_3_2_0_wb_clk_i/A (sky130_fd_sc_hd__clkbuf_8)
    11    0.034623    0.116907    0.321669    1.826267 ^ clkbuf_3_2_0_wb_clk_i/X (sky130_fd_sc_hd__clkbuf_8)
                                                         clknet_3_2_0_wb_clk_i (net)
                      0.116907    0.000563    1.826830 ^ _725_/CLK (sky130_fd_sc_hd__dfrtp_2)
                                  0.250000    2.076830   clock uncertainty
                                 -0.143061    1.933769   clock reconvergence pessimism
                                 -0.089938    1.843830   library hold time
                                              1.843830   data required time
---------------------------------------------------------------------------------------------
                                              1.843830   data required time
                                             -3.953495   data arrival time
---------------------------------------------------------------------------------------------
                                              2.109664   slack (MET)


Startpoint: _696_ (rising edge-triggered flip-flop clocked by wb_clk_i)
Endpoint: _696_ (rising edge-triggered flip-flop clocked by wb_clk_i)
Path Group: wb_clk_i
Path Type: min

Fanout         Cap        Slew       Delay        Time   Description
---------------------------------------------------------------------------------------------
                                  0.000000    0.000000   clock wb_clk_i (rise edge)
                                  0.000000    0.000000   clock source latency
     2    0.147424    1.063065    0.746586    0.746586 ^ wb_clk_i (in)
                                                         wb_clk_i (net)
                      1.073527    0.000000    0.746586 ^ clkbuf_0_wb_clk_i/A (sky130_fd_sc_hd__clkbuf_16)
    17    0.074001    0.154063    0.612494    1.359080 ^ clkbuf_0_wb_clk_i/X (sky130_fd_sc_hd__clkbuf_16)
                                                         clknet_0_wb_clk_i (net)
                      0.154089    0.001882    1.360962 ^ clkbuf_3_1_0_wb_clk_i/A (sky130_fd_sc_hd__clkbuf_8)
    11    0.035047    0.117914    0.291777    1.652739 ^ clkbuf_3_1_0_wb_clk_i/X (sky130_fd_sc_hd__clkbuf_8)
                                                         clknet_3_1_0_wb_clk_i (net)
                      0.117914    0.000296    1.653035 ^ _696_/CLK (sky130_fd_sc_hd__dfrtp_2)
     2    0.005445    0.088042    0.685316    2.338351 ^ _696_/Q (sky130_fd_sc_hd__dfrtp_2)
                                                         timer.scan_div[2] (net)
                      0.088042    0.000067    2.338418 ^ hold189/A (sky130_fd_sc_hd__dlygate4sd3_1)
     3    0.010741    0.203926    1.091590    3.430009 ^ hold189/X (sky130_fd_sc_hd__dlygate4sd3_1)
                                                         net189 (net)
                      0.203926    0.000021    3.430030 ^ _491_/A (sky130_fd_sc_hd__or2_2)
     1    0.001809    0.042544    0.217689    3.647719 ^ _491_/X (sky130_fd_sc_hd__or2_2)
                                                         _270_ (net)
                      0.042544    0.000015    3.647733 ^ _493_/B (sky130_fd_sc_hd__and3_2)
     1    0.002349    0.075948    0.307618    3.955352 ^ _493_/X (sky130_fd_sc_hd__and3_2)
                                                         _023_ (net)
                      0.075948    0.000022    3.955374 ^ _696_/D (sky130_fd_sc_hd__dfrtp_2)
                                              3.955374   data arrival time

                                  0.000000    0.000000   clock wb_clk_i (rise edge)
                                  0.000000    0.000000   clock source latency
     2    0.147424    1.063065    0.825174    0.825174 ^ wb_clk_i (in)
                                                         wb_clk_i (net)
                      1.073527    0.000000    0.825174 ^ clkbuf_0_wb_clk_i/A (sky130_fd_sc_hd__clkbuf_16)
    17    0.074001    0.154063    0.676967    1.502141 ^ clkbuf_0_wb_clk_i/X (sky130_fd_sc_hd__clkbuf_16)
                                                         clknet_0_wb_clk_i (net)
                      0.154089    0.002080    1.504221 ^ clkbuf_3_1_0_wb_clk_i/A (sky130_fd_sc_hd__clkbuf_8)
    11    0.035047    0.117914    0.322490    1.826712 ^ clkbuf_3_1_0_wb_clk_i/X (sky130_fd_sc_hd__clkbuf_8)
                                                         clknet_3_1_0_wb_clk_i (net)
                      0.117914    0.000328    1.827039 ^ _696_/CLK (sky130_fd_sc_hd__dfrtp_2)
                                  0.250000    2.077039   clock uncertainty
                                 -0.174004    1.903036   clock reconvergence pessimism
                                 -0.070388    1.832647   library hold time
                                              1.832647   data required time
---------------------------------------------------------------------------------------------
                                              1.832647   data required time
                                             -3.955374   data arrival time
---------------------------------------------------------------------------------------------
                                              2.122726   slack (MET)


Startpoint: _748_ (rising edge-triggered flip-flop clocked by wb_clk_i)
Endpoint: _750_ (rising edge-triggered flip-flop clocked by wb_clk_i)
Path Group: wb_clk_i
Path Type: min

Fanout         Cap        Slew       Delay        Time   Description
---------------------------------------------------------------------------------------------
                                  0.000000    0.000000   clock wb_clk_i (rise edge)
                                  0.000000    0.000000   clock source latency
     2    0.147424    1.063065    0.746586    0.746586 ^ wb_clk_i (in)
                                                         wb_clk_i (net)
                      1.073527    0.000000    0.746586 ^ clkbuf_0_wb_clk_i/A (sky130_fd_sc_hd__clkbuf_16)
    17    0.074001    0.154063    0.612494    1.359080 ^ clkbuf_0_wb_clk_i/X (sky130_fd_sc_hd__clkbuf_16)
                                                         clknet_0_wb_clk_i (net)
                      0.154089    0.001882    1.360962 ^ clkbuf_3_1_0_wb_clk_i/A (sky130_fd_sc_hd__clkbuf_8)
    11    0.035047    0.117914    0.291777    1.652739 ^ clkbuf_3_1_0_wb_clk_i/X (sky130_fd_sc_hd__clkbuf_8)
                                                         clknet_3_1_0_wb_clk_i (net)
                      0.117915    0.000577    1.653316 ^ _748_/CLK (sky130_fd_sc_hd__dfrtp_2)
     3    0.006957    0.098289    0.695491    2.348807 ^ _748_/Q (sky130_fd_sc_hd__dfrtp_2)
                                                         timer.sec_div[21] (net)
                      0.098289    0.000074    2.348881 ^ _466_/A (sky130_fd_sc_hd__and4_2)
     1    0.008830    0.149323    0.456129    2.805011 ^ _466_/X (sky130_fd_sc_hd__and4_2)
                                                         _257_ (net)
                      0.149323    0.000025    2.805036 ^ _468_/B (sky130_fd_sc_hd__xor2_2)
     1    0.001830    0.049171    0.122466    2.927502 v _468_/X (sky130_fd_sc_hd__xor2_2)
                                                         _049_ (net)
                      0.049171    0.000008    2.927510 v hold40/A (sky130_fd_sc_hd__dlygate4sd3_1)
     1    0.002174    0.103002    1.048715    3.976225 v hold40/X (sky130_fd_sc_hd__dlygate4sd3_1)
                                                         net40 (net)
                      0.103002    0.000018    3.976243 v _750_/D (sky130_fd_sc_hd__dfrtp_2)
                                              3.976243   data arrival time

                                  0.000000    0.000000   clock wb_clk_i (rise edge)
                                  0.000000    0.000000   clock source latency
     2    0.147424    1.063065    0.825174    0.825174 ^ wb_clk_i (in)
                                                         wb_clk_i (net)
                      1.073527    0.000000    0.825174 ^ clkbuf_0_wb_clk_i/A (sky130_fd_sc_hd__clkbuf_16)
    17    0.074001    0.154063    0.676967    1.502141 ^ clkbuf_0_wb_clk_i/X (sky130_fd_sc_hd__clkbuf_16)
                                                         clknet_0_wb_clk_i (net)
                      0.154075    0.001553    1.503695 ^ clkbuf_3_3_0_wb_clk_i/A (sky130_fd_sc_hd__clkbuf_8)
    11    0.035092    0.118021    0.322579    1.826274 ^ clkbuf_3_3_0_wb_clk_i/X (sky130_fd_sc_hd__clkbuf_8)
                                                         clknet_3_3_0_wb_clk_i (net)
                      0.118021    0.000518    1.826792 ^ _750_/CLK (sky130_fd_sc_hd__dfrtp_2)
                                  0.250000    2.076792   clock uncertainty
                                 -0.143061    1.933731   clock reconvergence pessimism
                                 -0.090100    1.843631   library hold time
                                              1.843631   data required time
---------------------------------------------------------------------------------------------
                                              1.843631   data required time
                                             -3.976243   data arrival time
---------------------------------------------------------------------------------------------
                                              2.132612   slack (MET)


Startpoint: _678_ (rising edge-triggered flip-flop clocked by wb_clk_i)
Endpoint: _680_ (rising edge-triggered flip-flop clocked by wb_clk_i)
Path Group: wb_clk_i
Path Type: min

Fanout         Cap        Slew       Delay        Time   Description
---------------------------------------------------------------------------------------------
                                  0.000000    0.000000   clock wb_clk_i (rise edge)
                                  0.000000    0.000000   clock source latency
     2    0.147424    1.063065    0.746586    0.746586 ^ wb_clk_i (in)
                                                         wb_clk_i (net)
                      1.073527    0.000000    0.746586 ^ clkbuf_0_wb_clk_i/A (sky130_fd_sc_hd__clkbuf_16)
    17    0.074001    0.154063    0.612494    1.359080 ^ clkbuf_0_wb_clk_i/X (sky130_fd_sc_hd__clkbuf_16)
                                                         clknet_0_wb_clk_i (net)
                      0.154096    0.002040    1.361120 ^ clkbuf_3_5_0_wb_clk_i/A (sky130_fd_sc_hd__clkbuf_8)
    11    0.036399    0.121134    0.294202    1.655322 ^ clkbuf_3_5_0_wb_clk_i/X (sky130_fd_sc_hd__clkbuf_8)
                                                         clknet_3_5_0_wb_clk_i (net)
                      0.121134    0.000265    1.655587 ^ _678_/CLK (sky130_fd_sc_hd__dfrtp_2)
     4    0.011989    0.132103    0.729637    2.385224 ^ _678_/Q (sky130_fd_sc_hd__dfrtp_2)
                                                         timer.min_tens[1] (net)
                      0.132103    0.000103    2.385327 ^ _375_/B (sky130_fd_sc_hd__and3_2)
     1    0.009785    0.129674    0.402532    2.787859 ^ _375_/X (sky130_fd_sc_hd__and3_2)
                                                         _198_ (net)
                      0.129674    0.000116    2.787975 ^ _376_/B (sky130_fd_sc_hd__xor2_2)
     1    0.001898    0.049488    0.115232    2.903207 v _376_/X (sky130_fd_sc_hd__xor2_2)
                                                         _155_ (net)
                      0.049488    0.000010    2.903217 v hold46/A (sky130_fd_sc_hd__dlygate4sd3_1)
     1    0.002173    0.102985    1.048824    3.952041 v hold46/X (sky130_fd_sc_hd__dlygate4sd3_1)
                                                         net46 (net)
                      0.102985    0.000018    3.952058 v _680_/D (sky130_fd_sc_hd__dfrtp_2)
                                              3.952058   data arrival time

                                  0.000000    0.000000   clock wb_clk_i (rise edge)
                                  0.000000    0.000000   clock source latency
     2    0.147424    1.063065    0.825174    0.825174 ^ wb_clk_i (in)
                                                         wb_clk_i (net)
                      1.073527    0.000000    0.825174 ^ clkbuf_0_wb_clk_i/A (sky130_fd_sc_hd__clkbuf_16)
    17    0.074001    0.154063    0.676967    1.502141 ^ clkbuf_0_wb_clk_i/X (sky130_fd_sc_hd__clkbuf_16)
                                                         clknet_0_wb_clk_i (net)
                      0.154096    0.002254    1.504396 ^ clkbuf_3_5_0_wb_clk_i/A (sky130_fd_sc_hd__clkbuf_8)
    11    0.036399    0.121134    0.325170    1.829566 ^ clkbuf_3_5_0_wb_clk_i/X (sky130_fd_sc_hd__clkbuf_8)
                                                         clknet_3_5_0_wb_clk_i (net)
                      0.121134    0.000280    1.829846 ^ _680_/CLK (sky130_fd_sc_hd__dfrtp_2)
                                  0.250000    2.079846   clock uncertainty
                                 -0.174244    1.905602   clock reconvergence pessimism
                                 -0.089339    1.816263   library hold time
                                              1.816263   data required time
---------------------------------------------------------------------------------------------
                                              1.816263   data required time
                                             -3.952058   data arrival time
---------------------------------------------------------------------------------------------
                                              2.135796   slack (MET)


Startpoint: _740_ (rising edge-triggered flip-flop clocked by wb_clk_i)
Endpoint: _693_ (rising edge-triggered flip-flop clocked by wb_clk_i)
Path Group: wb_clk_i
Path Type: min

Fanout         Cap        Slew       Delay        Time   Description
---------------------------------------------------------------------------------------------
                                  0.000000    0.000000   clock wb_clk_i (rise edge)
                                  0.000000    0.000000   clock source latency
     2    0.147424    1.063065    0.746586    0.746586 ^ wb_clk_i (in)
                                                         wb_clk_i (net)
                      1.073527    0.000000    0.746586 ^ clkbuf_0_wb_clk_i/A (sky130_fd_sc_hd__clkbuf_16)
    17    0.074001    0.154063    0.612494    1.359080 ^ clkbuf_0_wb_clk_i/X (sky130_fd_sc_hd__clkbuf_16)
                                                         clknet_0_wb_clk_i (net)
                      0.154075    0.001428    1.360508 ^ clkbuf_3_4_0_wb_clk_i/A (sky130_fd_sc_hd__clkbuf_8)
    11    0.035340    0.118617    0.292269    1.652777 ^ clkbuf_3_4_0_wb_clk_i/X (sky130_fd_sc_hd__clkbuf_8)
                                                         clknet_3_4_0_wb_clk_i (net)
                      0.118617    0.000274    1.653051 ^ _740_/CLK (sky130_fd_sc_hd__dfrtp_2)
     1    0.002271    0.066265    0.655581    2.308632 ^ _740_/Q (sky130_fd_sc_hd__dfrtp_2)
                                                         timer.sec_div[13] (net)
                      0.066265    0.000023    2.308655 ^ hold94/A (sky130_fd_sc_hd__dlygate4sd3_1)
     3    0.007835    0.159251    1.049727    3.358382 ^ hold94/X (sky130_fd_sc_hd__dlygate4sd3_1)
                                                         net94 (net)
                      0.159251    0.000079    3.358461 ^ _409_/A (sky130_fd_sc_hd__or4_2)
     1    0.003738    0.055278    0.223885    3.582346 ^ _409_/X (sky130_fd_sc_hd__or4_2)
                                                         _223_ (net)
                      0.055278    0.000049    3.582395 ^ _411_/C (sky130_fd_sc_hd__or4_2)
     6    0.023095    0.193640    0.282047    3.864442 ^ _411_/X (sky130_fd_sc_hd__or4_2)
                                                         _225_ (net)
                      0.193640    0.000394    3.864836 ^ _412_/A (sky130_fd_sc_hd__inv_2)
     3    0.013139    0.078559    0.132979    3.997815 v _412_/Y (sky130_fd_sc_hd__inv_2)
                                                         _033_ (net)
                      0.078559    0.000127    3.997942 v _693_/D (sky130_fd_sc_hd__dfrtp_2)
                                              3.997942   data arrival time

                                  0.000000    0.000000   clock wb_clk_i (rise edge)
                                  0.000000    0.000000   clock source latency
     2    0.147424    1.063065    0.825174    0.825174 ^ wb_clk_i (in)
                                                         wb_clk_i (net)
                      1.073527    0.000000    0.825174 ^ clkbuf_0_wb_clk_i/A (sky130_fd_sc_hd__clkbuf_16)
    17    0.074001    0.154063    0.676967    1.502141 ^ clkbuf_0_wb_clk_i/X (sky130_fd_sc_hd__clkbuf_16)
                                                         clknet_0_wb_clk_i (net)
                      0.154090    0.002109    1.504251 ^ clkbuf_3_7_0_wb_clk_i/A (sky130_fd_sc_hd__clkbuf_8)
    12    0.034773    0.117264    0.321941    1.826191 ^ clkbuf_3_7_0_wb_clk_i/X (sky130_fd_sc_hd__clkbuf_8)
                                                         clknet_3_7_0_wb_clk_i (net)
                      0.117264    0.000473    1.826665 ^ _693_/CLK (sky130_fd_sc_hd__dfrtp_2)
                                  0.250000    2.076664   clock uncertainty
                                 -0.143061    1.933604   clock reconvergence pessimism
                                 -0.081330    1.852274   library hold time
                                              1.852274   data required time
---------------------------------------------------------------------------------------------
                                              1.852274   data required time
                                             -3.997942   data arrival time
---------------------------------------------------------------------------------------------
                                              2.145668   slack (MET)


Startpoint: _756_ (rising edge-triggered flip-flop clocked by wb_clk_i)
Endpoint: _758_ (rising edge-triggered flip-flop clocked by wb_clk_i)
Path Group: wb_clk_i
Path Type: min

Fanout         Cap        Slew       Delay        Time   Description
---------------------------------------------------------------------------------------------
                                  0.000000    0.000000   clock wb_clk_i (rise edge)
                                  0.000000    0.000000   clock source latency
     2    0.147424    1.063065    0.746586    0.746586 ^ wb_clk_i (in)
                                                         wb_clk_i (net)
                      1.073527    0.000000    0.746586 ^ clkbuf_0_wb_clk_i/A (sky130_fd_sc_hd__clkbuf_16)
    17    0.074001    0.154063    0.612494    1.359080 ^ clkbuf_0_wb_clk_i/X (sky130_fd_sc_hd__clkbuf_16)
                                                         clknet_0_wb_clk_i (net)
                      0.154075    0.001405    1.360486 ^ clkbuf_3_3_0_wb_clk_i/A (sky130_fd_sc_hd__clkbuf_8)
    11    0.035092    0.118021    0.291858    1.652343 ^ clkbuf_3_3_0_wb_clk_i/X (sky130_fd_sc_hd__clkbuf_8)
                                                         clknet_3_3_0_wb_clk_i (net)
                      0.118021    0.000423    1.652767 ^ _756_/CLK (sky130_fd_sc_hd__dfrtp_2)
     2    0.004833    0.083808    0.679573    2.332339 ^ _756_/Q (sky130_fd_sc_hd__dfrtp_2)
                                                         timer.sec_div[29] (net)
                      0.083808    0.000054    2.332393 ^ _485_/A (sky130_fd_sc_hd__and4_2)
     1    0.009286    0.147493    0.454670    2.787062 ^ _485_/X (sky130_fd_sc_hd__and4_2)
                                                         _268_ (net)
                      0.147493    0.000092    2.787154 ^ _487_/B (sky130_fd_sc_hd__xor2_2)
     1    0.002318    0.051395    0.125142    2.912296 v _487_/X (sky130_fd_sc_hd__xor2_2)
                                                         _058_ (net)
                      0.051395    0.000024    2.912320 v hold32/A (sky130_fd_sc_hd__dlygate4sd3_1)
     1    0.002046    0.101558    1.047567    3.959887 v hold32/X (sky130_fd_sc_hd__dlygate4sd3_1)
                                                         net32 (net)
                      0.101558    0.000016    3.959904 v _758_/D (sky130_fd_sc_hd__dfrtp_2)
                                              3.959904   data arrival time

                                  0.000000    0.000000   clock wb_clk_i (rise edge)
                                  0.000000    0.000000   clock source latency
     2    0.147424    1.063065    0.825174    0.825174 ^ wb_clk_i (in)
                                                         wb_clk_i (net)
                      1.073527    0.000000    0.825174 ^ clkbuf_0_wb_clk_i/A (sky130_fd_sc_hd__clkbuf_16)
    17    0.074001    0.154063    0.676967    1.502141 ^ clkbuf_0_wb_clk_i/X (sky130_fd_sc_hd__clkbuf_16)
                                                         clknet_0_wb_clk_i (net)
                      0.154075    0.001553    1.503695 ^ clkbuf_3_3_0_wb_clk_i/A (sky130_fd_sc_hd__clkbuf_8)
    11    0.035092    0.118021    0.322579    1.826274 ^ clkbuf_3_3_0_wb_clk_i/X (sky130_fd_sc_hd__clkbuf_8)
                                                         clknet_3_3_0_wb_clk_i (net)
                      0.118021    0.000500    1.826774 ^ _758_/CLK (sky130_fd_sc_hd__dfrtp_2)
                                  0.250000    2.076774   clock uncertainty
                                 -0.173931    1.902843   clock reconvergence pessimism
                                 -0.089571    1.813272   library hold time
                                              1.813272   data required time
---------------------------------------------------------------------------------------------
                                              1.813272   data required time
                                             -3.959904   data arrival time
---------------------------------------------------------------------------------------------
                                              2.146631   slack (MET)


Startpoint: _755_ (rising edge-triggered flip-flop clocked by wb_clk_i)
Endpoint: _756_ (rising edge-triggered flip-flop clocked by wb_clk_i)
Path Group: wb_clk_i
Path Type: min

Fanout         Cap        Slew       Delay        Time   Description
---------------------------------------------------------------------------------------------
                                  0.000000    0.000000   clock wb_clk_i (rise edge)
                                  0.000000    0.000000   clock source latency
     2    0.147424    1.063065    0.746586    0.746586 ^ wb_clk_i (in)
                                                         wb_clk_i (net)
                      1.073527    0.000000    0.746586 ^ clkbuf_0_wb_clk_i/A (sky130_fd_sc_hd__clkbuf_16)
    17    0.074001    0.154063    0.612494    1.359080 ^ clkbuf_0_wb_clk_i/X (sky130_fd_sc_hd__clkbuf_16)
                                                         clknet_0_wb_clk_i (net)
                      0.154075    0.001405    1.360486 ^ clkbuf_3_3_0_wb_clk_i/A (sky130_fd_sc_hd__clkbuf_8)
    11    0.035092    0.118021    0.291858    1.652343 ^ clkbuf_3_3_0_wb_clk_i/X (sky130_fd_sc_hd__clkbuf_8)
                                                         clknet_3_3_0_wb_clk_i (net)
                      0.118021    0.000466    1.652809 ^ _755_/CLK (sky130_fd_sc_hd__dfrtp_2)
     4    0.012403    0.135032    0.730951    2.383761 ^ _755_/Q (sky130_fd_sc_hd__dfrtp_2)
                                                         timer.sec_div[28] (net)
                      0.135032    0.000103    2.383864 ^ _482_/B (sky130_fd_sc_hd__and3_2)
     2    0.014491    0.164511    0.436723    2.820587 ^ _482_/X (sky130_fd_sc_hd__and3_2)
                                                         _266_ (net)
                      0.164511    0.000189    2.820775 ^ _484_/A (sky130_fd_sc_hd__nor2_2)
     1    0.002236    0.034051    0.095134    2.915909 v _484_/Y (sky130_fd_sc_hd__nor2_2)
                                                         _055_ (net)
                      0.034051    0.000022    2.915931 v hold74/A (sky130_fd_sc_hd__dlygate4sd3_1)
     1    0.002387    0.105489    1.045980    3.961911 v hold74/X (sky130_fd_sc_hd__dlygate4sd3_1)
                                                         net74 (net)
                      0.105489    0.000022    3.961933 v _756_/D (sky130_fd_sc_hd__dfrtp_2)
                                              3.961933   data arrival time

                                  0.000000    0.000000   clock wb_clk_i (rise edge)
                                  0.000000    0.000000   clock source latency
     2    0.147424    1.063065    0.825174    0.825174 ^ wb_clk_i (in)
                                                         wb_clk_i (net)
                      1.073527    0.000000    0.825174 ^ clkbuf_0_wb_clk_i/A (sky130_fd_sc_hd__clkbuf_16)
    17    0.074001    0.154063    0.676967    1.502141 ^ clkbuf_0_wb_clk_i/X (sky130_fd_sc_hd__clkbuf_16)
                                                         clknet_0_wb_clk_i (net)
                      0.154075    0.001553    1.503695 ^ clkbuf_3_3_0_wb_clk_i/A (sky130_fd_sc_hd__clkbuf_8)
    11    0.035092    0.118021    0.322579    1.826274 ^ clkbuf_3_3_0_wb_clk_i/X (sky130_fd_sc_hd__clkbuf_8)
                                                         clknet_3_3_0_wb_clk_i (net)
                      0.118021    0.000468    1.826742 ^ _756_/CLK (sky130_fd_sc_hd__dfrtp_2)
                                  0.250000    2.076742   clock uncertainty
                                 -0.173931    1.902811   clock reconvergence pessimism
                                 -0.091011    1.811800   library hold time
                                              1.811800   data required time
---------------------------------------------------------------------------------------------
                                              1.811800   data required time
                                             -3.961933   data arrival time
---------------------------------------------------------------------------------------------
                                              2.150133   slack (MET)


Startpoint: _731_ (rising edge-triggered flip-flop clocked by wb_clk_i)
Endpoint: _733_ (rising edge-triggered flip-flop clocked by wb_clk_i)
Path Group: wb_clk_i
Path Type: min

Fanout         Cap        Slew       Delay        Time   Description
---------------------------------------------------------------------------------------------
                                  0.000000    0.000000   clock wb_clk_i (rise edge)
                                  0.000000    0.000000   clock source latency
     2    0.147424    1.063065    0.746586    0.746586 ^ wb_clk_i (in)
                                                         wb_clk_i (net)
                      1.073527    0.000000    0.746586 ^ clkbuf_0_wb_clk_i/A (sky130_fd_sc_hd__clkbuf_16)
    17    0.074001    0.154063    0.612494    1.359080 ^ clkbuf_0_wb_clk_i/X (sky130_fd_sc_hd__clkbuf_16)
                                                         clknet_0_wb_clk_i (net)
                      0.154070    0.001168    1.360249 ^ clkbuf_3_6_0_wb_clk_i/A (sky130_fd_sc_hd__clkbuf_8)
    12    0.036041    0.120291    0.293444    1.653693 ^ clkbuf_3_6_0_wb_clk_i/X (sky130_fd_sc_hd__clkbuf_8)
                                                         clknet_3_6_0_wb_clk_i (net)
                      0.120291    0.000082    1.653775 ^ _731_/CLK (sky130_fd_sc_hd__dfrtp_2)
     4    0.014271    0.129906    0.849840    2.503615 v _731_/Q (sky130_fd_sc_hd__dfrtp_2)
                                                         timer.sec_div[4] (net)
                      0.129906    0.000323    2.503938 v _425_/B (sky130_fd_sc_hd__nand4_2)
     2    0.007160    0.119358    0.167731    2.671669 ^ _425_/Y (sky130_fd_sc_hd__nand4_2)
                                                         _232_ (net)
                      0.119358    0.000016    2.671685 ^ _426_/C (sky130_fd_sc_hd__and3_2)
     1    0.001776    0.072366    0.342027    3.013712 ^ _426_/X (sky130_fd_sc_hd__and3_2)
                                                         _062_ (net)
                      0.072366    0.000007    3.013719 ^ hold179/A (sky130_fd_sc_hd__dlygate4sd3_1)
     1    0.002372    0.089801    0.983544    3.997263 ^ hold179/X (sky130_fd_sc_hd__dlygate4sd3_1)
                                                         net179 (net)
                      0.089801    0.000021    3.997284 ^ _733_/D (sky130_fd_sc_hd__dfrtp_2)
                                              3.997284   data arrival time

                                  0.000000    0.000000   clock wb_clk_i (rise edge)
                                  0.000000    0.000000   clock source latency
     2    0.147424    1.063065    0.825174    0.825174 ^ wb_clk_i (in)
                                                         wb_clk_i (net)
                      1.073527    0.000000    0.825174 ^ clkbuf_0_wb_clk_i/A (sky130_fd_sc_hd__clkbuf_16)
    17    0.074001    0.154063    0.676967    1.502141 ^ clkbuf_0_wb_clk_i/X (sky130_fd_sc_hd__clkbuf_16)
                                                         clknet_0_wb_clk_i (net)
                      0.154070    0.001291    1.503433 ^ clkbuf_3_6_0_wb_clk_i/A (sky130_fd_sc_hd__clkbuf_8)
    12    0.036041    0.120291    0.324333    1.827766 ^ clkbuf_3_6_0_wb_clk_i/X (sky130_fd_sc_hd__clkbuf_8)
                                                         clknet_3_6_0_wb_clk_i (net)
                      0.120291    0.000304    1.828069 ^ _733_/CLK (sky130_fd_sc_hd__dfrtp_2)
                                  0.250000    2.078069   clock uncertainty
                                 -0.174073    1.903997   clock reconvergence pessimism
                                 -0.073147    1.830849   library hold time
                                              1.830849   data required time
---------------------------------------------------------------------------------------------
                                              1.830849   data required time
                                             -3.997284   data arrival time
---------------------------------------------------------------------------------------------
                                              2.166435   slack (MET)


Startpoint: _743_ (rising edge-triggered flip-flop clocked by wb_clk_i)
Endpoint: _745_ (rising edge-triggered flip-flop clocked by wb_clk_i)
Path Group: wb_clk_i
Path Type: min

Fanout         Cap        Slew       Delay        Time   Description
---------------------------------------------------------------------------------------------
                                  0.000000    0.000000   clock wb_clk_i (rise edge)
                                  0.000000    0.000000   clock source latency
     2    0.147424    1.063065    0.746586    0.746586 ^ wb_clk_i (in)
                                                         wb_clk_i (net)
                      1.073527    0.000000    0.746586 ^ clkbuf_0_wb_clk_i/A (sky130_fd_sc_hd__clkbuf_16)
    17    0.074001    0.154063    0.612494    1.359080 ^ clkbuf_0_wb_clk_i/X (sky130_fd_sc_hd__clkbuf_16)
                                                         clknet_0_wb_clk_i (net)
                      0.154075    0.001428    1.360508 ^ clkbuf_3_4_0_wb_clk_i/A (sky130_fd_sc_hd__clkbuf_8)
    11    0.035340    0.118617    0.292269    1.652777 ^ clkbuf_3_4_0_wb_clk_i/X (sky130_fd_sc_hd__clkbuf_8)
                                                         clknet_3_4_0_wb_clk_i (net)
                      0.118617    0.000435    1.653211 ^ _743_/CLK (sky130_fd_sc_hd__dfrtp_2)
     2    0.005719    0.090112    0.687751    2.340962 ^ _743_/Q (sky130_fd_sc_hd__dfrtp_2)
                                                         timer.sec_div[16] (net)
                      0.090112    0.000071    2.341033 ^ _455_/B (sky130_fd_sc_hd__and4_2)
     2    0.011179    0.162377    0.497360    2.838393 ^ _455_/X (sky130_fd_sc_hd__and4_2)
                                                         _251_ (net)
                      0.162377    0.000073    2.838466 ^ _458_/B (sky130_fd_sc_hd__xor2_2)
     1    0.001866    0.049358    0.127838    2.966305 v _458_/X (sky130_fd_sc_hd__xor2_2)
                                                         _043_ (net)
                      0.049358    0.000008    2.966313 v hold52/A (sky130_fd_sc_hd__dlygate4sd3_1)
     1    0.002088    0.102042    1.047408    4.013721 v hold52/X (sky130_fd_sc_hd__dlygate4sd3_1)
                                                         net52 (net)
                      0.102042    0.000016    4.013738 v _745_/D (sky130_fd_sc_hd__dfrtp_2)
                                              4.013738   data arrival time

                                  0.000000    0.000000   clock wb_clk_i (rise edge)
                                  0.000000    0.000000   clock source latency
     2    0.147424    1.063065    0.825174    0.825174 ^ wb_clk_i (in)
                                                         wb_clk_i (net)
                      1.073527    0.000000    0.825174 ^ clkbuf_0_wb_clk_i/A (sky130_fd_sc_hd__clkbuf_16)
    17    0.074001    0.154063    0.676967    1.502141 ^ clkbuf_0_wb_clk_i/X (sky130_fd_sc_hd__clkbuf_16)
                                                         clknet_0_wb_clk_i (net)
                      0.154070    0.001291    1.503433 ^ clkbuf_3_6_0_wb_clk_i/A (sky130_fd_sc_hd__clkbuf_8)
    12    0.036041    0.120291    0.324333    1.827766 ^ clkbuf_3_6_0_wb_clk_i/X (sky130_fd_sc_hd__clkbuf_8)
                                                         clknet_3_6_0_wb_clk_i (net)
                      0.120293    0.000785    1.828551 ^ _745_/CLK (sky130_fd_sc_hd__dfrtp_2)
                                  0.250000    2.078551   clock uncertainty
                                 -0.143061    1.935490   clock reconvergence pessimism
                                 -0.089197    1.846292   library hold time
                                              1.846292   data required time
---------------------------------------------------------------------------------------------
                                              1.846292   data required time
                                             -4.013738   data arrival time
---------------------------------------------------------------------------------------------
                                              2.167445   slack (MET)


Startpoint: _755_ (rising edge-triggered flip-flop clocked by wb_clk_i)
Endpoint: _757_ (rising edge-triggered flip-flop clocked by wb_clk_i)
Path Group: wb_clk_i
Path Type: min

Fanout         Cap        Slew       Delay        Time   Description
---------------------------------------------------------------------------------------------
                                  0.000000    0.000000   clock wb_clk_i (rise edge)
                                  0.000000    0.000000   clock source latency
     2    0.147424    1.063065    0.746586    0.746586 ^ wb_clk_i (in)
                                                         wb_clk_i (net)
                      1.073527    0.000000    0.746586 ^ clkbuf_0_wb_clk_i/A (sky130_fd_sc_hd__clkbuf_16)
    17    0.074001    0.154063    0.612494    1.359080 ^ clkbuf_0_wb_clk_i/X (sky130_fd_sc_hd__clkbuf_16)
                                                         clknet_0_wb_clk_i (net)
                      0.154075    0.001405    1.360486 ^ clkbuf_3_3_0_wb_clk_i/A (sky130_fd_sc_hd__clkbuf_8)
    11    0.035092    0.118021    0.291858    1.652343 ^ clkbuf_3_3_0_wb_clk_i/X (sky130_fd_sc_hd__clkbuf_8)
                                                         clknet_3_3_0_wb_clk_i (net)
                      0.118021    0.000466    1.652809 ^ _755_/CLK (sky130_fd_sc_hd__dfrtp_2)
     4    0.012403    0.135032    0.730951    2.383761 ^ _755_/Q (sky130_fd_sc_hd__dfrtp_2)
                                                         timer.sec_div[28] (net)
                      0.135032    0.000103    2.383864 ^ _482_/B (sky130_fd_sc_hd__and3_2)
     2    0.014491    0.164511    0.436723    2.820587 ^ _482_/X (sky130_fd_sc_hd__and3_2)
                                                         _266_ (net)
                      0.164511    0.000169    2.820755 ^ _486_/B (sky130_fd_sc_hd__xor2_2)
     1    0.002180    0.050834    0.130870    2.951625 v _486_/X (sky130_fd_sc_hd__xor2_2)
                                                         _057_ (net)
                      0.050834    0.000022    2.951647 v hold42/A (sky130_fd_sc_hd__dlygate4sd3_1)
     1    0.002141    0.102620    1.048863    4.000511 v hold42/X (sky130_fd_sc_hd__dlygate4sd3_1)
                                                         net42 (net)
                      0.102620    0.000017    4.000528 v _757_/D (sky130_fd_sc_hd__dfrtp_2)
                                              4.000528   data arrival time

                                  0.000000    0.000000   clock wb_clk_i (rise edge)
                                  0.000000    0.000000   clock source latency
     2    0.147424    1.063065    0.825174    0.825174 ^ wb_clk_i (in)
                                                         wb_clk_i (net)
                      1.073527    0.000000    0.825174 ^ clkbuf_0_wb_clk_i/A (sky130_fd_sc_hd__clkbuf_16)
    17    0.074001    0.154063    0.676967    1.502141 ^ clkbuf_0_wb_clk_i/X (sky130_fd_sc_hd__clkbuf_16)
                                                         clknet_0_wb_clk_i (net)
                      0.154075    0.001553    1.503695 ^ clkbuf_3_3_0_wb_clk_i/A (sky130_fd_sc_hd__clkbuf_8)
    11    0.035092    0.118021    0.322579    1.826274 ^ clkbuf_3_3_0_wb_clk_i/X (sky130_fd_sc_hd__clkbuf_8)
                                                         clknet_3_3_0_wb_clk_i (net)
                      0.118021    0.000426    1.826700 ^ _757_/CLK (sky130_fd_sc_hd__dfrtp_2)
                                  0.250000    2.076700   clock uncertainty
                                 -0.173931    1.902770   clock reconvergence pessimism
                                 -0.089960    1.812809   library hold time
                                              1.812809   data required time
---------------------------------------------------------------------------------------------
                                              1.812809   data required time
                                             -4.000528   data arrival time
---------------------------------------------------------------------------------------------
                                              2.187719   slack (MET)


Startpoint: _731_ (rising edge-triggered flip-flop clocked by wb_clk_i)
Endpoint: _731_ (rising edge-triggered flip-flop clocked by wb_clk_i)
Path Group: wb_clk_i
Path Type: min

Fanout         Cap        Slew       Delay        Time   Description
---------------------------------------------------------------------------------------------
                                  0.000000    0.000000   clock wb_clk_i (rise edge)
                                  0.000000    0.000000   clock source latency
     2    0.147424    1.063065    0.746586    0.746586 ^ wb_clk_i (in)
                                                         wb_clk_i (net)
                      1.073527    0.000000    0.746586 ^ clkbuf_0_wb_clk_i/A (sky130_fd_sc_hd__clkbuf_16)
    17    0.074001    0.154063    0.612494    1.359080 ^ clkbuf_0_wb_clk_i/X (sky130_fd_sc_hd__clkbuf_16)
                                                         clknet_0_wb_clk_i (net)
                      0.154070    0.001168    1.360249 ^ clkbuf_3_6_0_wb_clk_i/A (sky130_fd_sc_hd__clkbuf_8)
    12    0.036041    0.120291    0.293444    1.653693 ^ clkbuf_3_6_0_wb_clk_i/X (sky130_fd_sc_hd__clkbuf_8)
                                                         clknet_3_6_0_wb_clk_i (net)
                      0.120291    0.000082    1.653775 ^ _731_/CLK (sky130_fd_sc_hd__dfrtp_2)
     4    0.014805    0.152296    0.747465    2.401241 ^ _731_/Q (sky130_fd_sc_hd__dfrtp_2)
                                                         timer.sec_div[4] (net)
                      0.152296    0.000103    2.401344 ^ hold193/A (sky130_fd_sc_hd__dlygate4sd3_1)
     3    0.010384    0.194721    1.111527    3.512871 ^ hold193/X (sky130_fd_sc_hd__dlygate4sd3_1)
                                                         net193 (net)
                      0.194721    0.000056    3.512927 ^ _421_/A (sky130_fd_sc_hd__or2_2)
     1    0.001972    0.043642    0.214688    3.727615 ^ _421_/X (sky130_fd_sc_hd__or2_2)
                                                         _230_ (net)
                      0.043642    0.000017    3.727632 ^ _422_/C (sky130_fd_sc_hd__and3_2)
     1    0.002525    0.077153    0.323977    4.051610 ^ _422_/X (sky130_fd_sc_hd__and3_2)
                                                         _060_ (net)
                      0.077153    0.000024    4.051633 ^ _731_/D (sky130_fd_sc_hd__dfrtp_2)
                                              4.051633   data arrival time

                                  0.000000    0.000000   clock wb_clk_i (rise edge)
                                  0.000000    0.000000   clock source latency
     2    0.147424    1.063065    0.825174    0.825174 ^ wb_clk_i (in)
                                                         wb_clk_i (net)
                      1.073527    0.000000    0.825174 ^ clkbuf_0_wb_clk_i/A (sky130_fd_sc_hd__clkbuf_16)
    17    0.074001    0.154063    0.676967    1.502141 ^ clkbuf_0_wb_clk_i/X (sky130_fd_sc_hd__clkbuf_16)
                                                         clknet_0_wb_clk_i (net)
                      0.154070    0.001291    1.503433 ^ clkbuf_3_6_0_wb_clk_i/A (sky130_fd_sc_hd__clkbuf_8)
    12    0.036041    0.120291    0.324333    1.827766 ^ clkbuf_3_6_0_wb_clk_i/X (sky130_fd_sc_hd__clkbuf_8)
                                                         clknet_3_6_0_wb_clk_i (net)
                      0.120291    0.000091    1.827857 ^ _731_/CLK (sky130_fd_sc_hd__dfrtp_2)
                                  0.250000    2.077857   clock uncertainty
                                 -0.174081    1.903775   clock reconvergence pessimism
                                 -0.070272    1.833503   library hold time
                                              1.833503   data required time
---------------------------------------------------------------------------------------------
                                              1.833503   data required time
                                             -4.051633   data arrival time
---------------------------------------------------------------------------------------------
                                              2.218130   slack (MET)


Startpoint: _698_ (rising edge-triggered flip-flop clocked by wb_clk_i)
Endpoint: _699_ (rising edge-triggered flip-flop clocked by wb_clk_i)
Path Group: wb_clk_i
Path Type: min

Fanout         Cap        Slew       Delay        Time   Description
---------------------------------------------------------------------------------------------
                                  0.000000    0.000000   clock wb_clk_i (rise edge)
                                  0.000000    0.000000   clock source latency
     2    0.147424    1.063065    0.746586    0.746586 ^ wb_clk_i (in)
                                                         wb_clk_i (net)
                      1.073527    0.000000    0.746586 ^ clkbuf_0_wb_clk_i/A (sky130_fd_sc_hd__clkbuf_16)
    17    0.074001    0.154063    0.612494    1.359080 ^ clkbuf_0_wb_clk_i/X (sky130_fd_sc_hd__clkbuf_16)
                                                         clknet_0_wb_clk_i (net)
                      0.154089    0.001882    1.360962 ^ clkbuf_3_1_0_wb_clk_i/A (sky130_fd_sc_hd__clkbuf_8)
    11    0.035047    0.117914    0.291777    1.652739 ^ clkbuf_3_1_0_wb_clk_i/X (sky130_fd_sc_hd__clkbuf_8)
                                                         clknet_3_1_0_wb_clk_i (net)
                      0.117914    0.000406    1.653145 ^ _698_/CLK (sky130_fd_sc_hd__dfrtp_2)
     2    0.005687    0.089938    0.687232    2.340377 ^ _698_/Q (sky130_fd_sc_hd__dfrtp_2)
                                                         timer.scan_div[4] (net)
                      0.089938    0.000080    2.340457 ^ _499_/B (sky130_fd_sc_hd__and2_2)
     4    0.009403    0.113215    0.299857    2.640315 ^ _499_/X (sky130_fd_sc_hd__and2_2)
                                                         _275_ (net)
                      0.113215    0.000078    2.640393 ^ _500_/B (sky130_fd_sc_hd__and2_2)
     2    0.010673    0.122275    0.316154    2.956546 ^ _500_/X (sky130_fd_sc_hd__and2_2)
                                                         _276_ (net)
                      0.122275    0.000020    2.956566 ^ _501_/B1 (sky130_fd_sc_hd__a21oi_2)
     1    0.002415    0.040137    0.068018    3.024584 v _501_/Y (sky130_fd_sc_hd__a21oi_2)
                                                         _028_ (net)
                      0.040137    0.000025    3.024609 v hold130/A (sky130_fd_sc_hd__dlygate4sd3_1)
     1    0.002182    0.103177    1.045171    4.069779 v hold130/X (sky130_fd_sc_hd__dlygate4sd3_1)
                                                         net130 (net)
                      0.103177    0.000018    4.069797 v _699_/D (sky130_fd_sc_hd__dfrtp_2)
                                              4.069797   data arrival time

                                  0.000000    0.000000   clock wb_clk_i (rise edge)
                                  0.000000    0.000000   clock source latency
     2    0.147424    1.063065    0.825174    0.825174 ^ wb_clk_i (in)
                                                         wb_clk_i (net)
                      1.073527    0.000000    0.825174 ^ clkbuf_0_wb_clk_i/A (sky130_fd_sc_hd__clkbuf_16)
    17    0.074001    0.154063    0.676967    1.502141 ^ clkbuf_0_wb_clk_i/X (sky130_fd_sc_hd__clkbuf_16)
                                                         clknet_0_wb_clk_i (net)
                      0.154075    0.001553    1.503695 ^ clkbuf_3_3_0_wb_clk_i/A (sky130_fd_sc_hd__clkbuf_8)
    11    0.035092    0.118021    0.322579    1.826274 ^ clkbuf_3_3_0_wb_clk_i/X (sky130_fd_sc_hd__clkbuf_8)
                                                         clknet_3_3_0_wb_clk_i (net)
                      0.118021    0.000497    1.826771 ^ _699_/CLK (sky130_fd_sc_hd__dfrtp_2)
                                  0.250000    2.076771   clock uncertainty
                                 -0.143061    1.933710   clock reconvergence pessimism
                                 -0.090164    1.843546   library hold time
                                              1.843546   data required time
---------------------------------------------------------------------------------------------
                                              1.843546   data required time
                                             -4.069797   data arrival time
---------------------------------------------------------------------------------------------
                                              2.226251   slack (MET)


Startpoint: _685_ (rising edge-triggered flip-flop clocked by wb_clk_i)
Endpoint: _681_ (rising edge-triggered flip-flop clocked by wb_clk_i)
Path Group: wb_clk_i
Path Type: min

Fanout         Cap        Slew       Delay        Time   Description
---------------------------------------------------------------------------------------------
                                  0.000000    0.000000   clock wb_clk_i (rise edge)
                                  0.000000    0.000000   clock source latency
     2    0.147424    1.063065    0.746586    0.746586 ^ wb_clk_i (in)
                                                         wb_clk_i (net)
                      1.073527    0.000000    0.746586 ^ clkbuf_0_wb_clk_i/A (sky130_fd_sc_hd__clkbuf_16)
    17    0.074001    0.154063    0.612494    1.359080 ^ clkbuf_0_wb_clk_i/X (sky130_fd_sc_hd__clkbuf_16)
                                                         clknet_0_wb_clk_i (net)
                      0.154096    0.002040    1.361120 ^ clkbuf_3_5_0_wb_clk_i/A (sky130_fd_sc_hd__clkbuf_8)
    11    0.036399    0.121134    0.294202    1.655322 ^ clkbuf_3_5_0_wb_clk_i/X (sky130_fd_sc_hd__clkbuf_8)
                                                         clknet_3_5_0_wb_clk_i (net)
                      0.121134    0.000297    1.655619 ^ _685_/CLK (sky130_fd_sc_hd__dfrtp_2)
     2    0.003980    0.078731    0.784854    2.440473 v _685_/Q (sky130_fd_sc_hd__dfrtp_2)
                                                         timer.sec_tens[0] (net)
                      0.078731    0.000036    2.440509 v _356_/B (sky130_fd_sc_hd__and4b_2)
     6    0.026120    0.168818    0.530882    2.971391 v _356_/X (sky130_fd_sc_hd__and4b_2)
                                                         _186_ (net)
                      0.168818    0.000405    2.971796 v _373_/B (sky130_fd_sc_hd__xor2_2)
     1    0.001822    0.093859    0.197059    3.168855 ^ _373_/X (sky130_fd_sc_hd__xor2_2)
                                                         _156_ (net)
                      0.093859    0.000008    3.168863 ^ hold145/A (sky130_fd_sc_hd__dlygate4sd3_1)
     1    0.002183    0.087178    0.989122    4.157985 ^ hold145/X (sky130_fd_sc_hd__dlygate4sd3_1)
                                                         net145 (net)
                      0.087178    0.000018    4.158003 ^ _681_/D (sky130_fd_sc_hd__dfrtp_2)
                                              4.158003   data arrival time

                                  0.000000    0.000000   clock wb_clk_i (rise edge)
                                  0.000000    0.000000   clock source latency
     2    0.147424    1.063065    0.825174    0.825174 ^ wb_clk_i (in)
                                                         wb_clk_i (net)
                      1.073527    0.000000    0.825174 ^ clkbuf_0_wb_clk_i/A (sky130_fd_sc_hd__clkbuf_16)
    17    0.074001    0.154063    0.676967    1.502141 ^ clkbuf_0_wb_clk_i/X (sky130_fd_sc_hd__clkbuf_16)
                                                         clknet_0_wb_clk_i (net)
                      0.154090    0.002109    1.504251 ^ clkbuf_3_7_0_wb_clk_i/A (sky130_fd_sc_hd__clkbuf_8)
    12    0.034773    0.117264    0.321941    1.826191 ^ clkbuf_3_7_0_wb_clk_i/X (sky130_fd_sc_hd__clkbuf_8)
                                                         clknet_3_7_0_wb_clk_i (net)
                      0.117264    0.000561    1.826752 ^ _681_/CLK (sky130_fd_sc_hd__dfrtp_2)
                                  0.250000    2.076752   clock uncertainty
                                 -0.143061    1.933691   clock reconvergence pessimism
                                 -0.073048    1.860643   library hold time
                                              1.860643   data required time
---------------------------------------------------------------------------------------------
                                              1.860643   data required time
                                             -4.158003   data arrival time
---------------------------------------------------------------------------------------------
                                              2.297360   slack (MET)


Startpoint: _710_ (rising edge-triggered flip-flop clocked by wb_clk_i)
Endpoint: _714_ (rising edge-triggered flip-flop clocked by wb_clk_i)
Path Group: wb_clk_i
Path Type: min

Fanout         Cap        Slew       Delay        Time   Description
---------------------------------------------------------------------------------------------
                                  0.000000    0.000000   clock wb_clk_i (rise edge)
                                  0.000000    0.000000   clock source latency
     2    0.147424    1.063065    0.746586    0.746586 ^ wb_clk_i (in)
                                                         wb_clk_i (net)
                      1.073527    0.000000    0.746586 ^ clkbuf_0_wb_clk_i/A (sky130_fd_sc_hd__clkbuf_16)
    17    0.074001    0.154063    0.612494    1.359080 ^ clkbuf_0_wb_clk_i/X (sky130_fd_sc_hd__clkbuf_16)
                                                         clknet_0_wb_clk_i (net)
                      0.154112    0.002399    1.361480 ^ clkbuf_3_0_0_wb_clk_i/A (sky130_fd_sc_hd__clkbuf_8)
    11    0.033860    0.115090    0.289709    1.651188 ^ clkbuf_3_0_0_wb_clk_i/X (sky130_fd_sc_hd__clkbuf_8)
                                                         clknet_3_0_0_wb_clk_i (net)
                      0.115090    0.000230    1.651419 ^ _710_/CLK (sky130_fd_sc_hd__dfrtp_2)
     3    0.007425    0.101234    0.697287    2.348706 ^ _710_/Q (sky130_fd_sc_hd__dfrtp_2)
                                                         timer.scan_div[16] (net)
                      0.101234    0.000078    2.348784 ^ _534_/A (sky130_fd_sc_hd__and4_2)
     3    0.009474    0.149110    0.462487    2.811271 ^ _534_/X (sky130_fd_sc_hd__and4_2)
                                                         _296_ (net)
                      0.149110    0.000058    2.811329 ^ _535_/B (sky130_fd_sc_hd__nand2_2)
     2    0.013602    0.131971    0.176114    2.987443 v _535_/Y (sky130_fd_sc_hd__nand2_2)
                                                         _297_ (net)
                      0.131971    0.000140    2.987583 v _538_/B (sky130_fd_sc_hd__xnor2_2)
     1    0.002427    0.055435    0.185878    3.173460 ^ _538_/Y (sky130_fd_sc_hd__xnor2_2)
                                                         _013_ (net)
                      0.055435    0.000026    3.173486 ^ hold48/A (sky130_fd_sc_hd__dlygate4sd3_1)
     1    0.002477    0.091216    0.978053    4.151539 ^ hold48/X (sky130_fd_sc_hd__dlygate4sd3_1)
                                                         net48 (net)
                      0.091216    0.000022    4.151561 ^ _714_/D (sky130_fd_sc_hd__dfrtp_2)
                                              4.151561   data arrival time

                                  0.000000    0.000000   clock wb_clk_i (rise edge)
                                  0.000000    0.000000   clock source latency
     2    0.147424    1.063065    0.825174    0.825174 ^ wb_clk_i (in)
                                                         wb_clk_i (net)
                      1.073527    0.000000    0.825174 ^ clkbuf_0_wb_clk_i/A (sky130_fd_sc_hd__clkbuf_16)
    17    0.074001    0.154063    0.676967    1.502141 ^ clkbuf_0_wb_clk_i/X (sky130_fd_sc_hd__clkbuf_16)
                                                         clknet_0_wb_clk_i (net)
                      0.154112    0.002652    1.504793 ^ clkbuf_3_0_0_wb_clk_i/A (sky130_fd_sc_hd__clkbuf_8)
    11    0.033860    0.115090    0.320204    1.824997 ^ clkbuf_3_0_0_wb_clk_i/X (sky130_fd_sc_hd__clkbuf_8)
                                                         clknet_3_0_0_wb_clk_i (net)
                      0.115090    0.000279    1.825277 ^ _714_/CLK (sky130_fd_sc_hd__dfrtp_2)
                                  0.250000    2.075277   clock uncertainty
                                 -0.173809    1.901467   clock reconvergence pessimism
                                 -0.074323    1.827145   library hold time
                                              1.827145   data required time
---------------------------------------------------------------------------------------------
                                              1.827145   data required time
                                             -4.151561   data arrival time
---------------------------------------------------------------------------------------------
                                              2.324416   slack (MET)


Startpoint: _698_ (rising edge-triggered flip-flop clocked by wb_clk_i)
Endpoint: _700_ (rising edge-triggered flip-flop clocked by wb_clk_i)
Path Group: wb_clk_i
Path Type: min

Fanout         Cap        Slew       Delay        Time   Description
---------------------------------------------------------------------------------------------
                                  0.000000    0.000000   clock wb_clk_i (rise edge)
                                  0.000000    0.000000   clock source latency
     2    0.147424    1.063065    0.746586    0.746586 ^ wb_clk_i (in)
                                                         wb_clk_i (net)
                      1.073527    0.000000    0.746586 ^ clkbuf_0_wb_clk_i/A (sky130_fd_sc_hd__clkbuf_16)
    17    0.074001    0.154063    0.612494    1.359080 ^ clkbuf_0_wb_clk_i/X (sky130_fd_sc_hd__clkbuf_16)
                                                         clknet_0_wb_clk_i (net)
                      0.154089    0.001882    1.360962 ^ clkbuf_3_1_0_wb_clk_i/A (sky130_fd_sc_hd__clkbuf_8)
    11    0.035047    0.117914    0.291777    1.652739 ^ clkbuf_3_1_0_wb_clk_i/X (sky130_fd_sc_hd__clkbuf_8)
                                                         clknet_3_1_0_wb_clk_i (net)
                      0.117914    0.000406    1.653145 ^ _698_/CLK (sky130_fd_sc_hd__dfrtp_2)
     2    0.005687    0.089938    0.687232    2.340377 ^ _698_/Q (sky130_fd_sc_hd__dfrtp_2)
                                                         timer.scan_div[4] (net)
                      0.089938    0.000080    2.340457 ^ _499_/B (sky130_fd_sc_hd__and2_2)
     4    0.009403    0.113215    0.299857    2.640315 ^ _499_/X (sky130_fd_sc_hd__and2_2)
                                                         _275_ (net)
                      0.113215    0.000069    2.640383 ^ _502_/C (sky130_fd_sc_hd__and3_2)
     2    0.009765    0.129500    0.408361    3.048744 ^ _502_/X (sky130_fd_sc_hd__and3_2)
                                                         _277_ (net)
                      0.129500    0.000103    3.048848 ^ _504_/A (sky130_fd_sc_hd__nor2_2)
     1    0.002492    0.034123    0.083783    3.132630 v _504_/Y (sky130_fd_sc_hd__nor2_2)
                                                         _029_ (net)
                      0.034123    0.000024    3.132655 v hold91/A (sky130_fd_sc_hd__dlygate4sd3_1)
     1    0.002185    0.103261    1.042765    4.175420 v hold91/X (sky130_fd_sc_hd__dlygate4sd3_1)
                                                         net91 (net)
                      0.103261    0.000018    4.175437 v _700_/D (sky130_fd_sc_hd__dfrtp_2)
                                              4.175437   data arrival time

                                  0.000000    0.000000   clock wb_clk_i (rise edge)
                                  0.000000    0.000000   clock source latency
     2    0.147424    1.063065    0.825174    0.825174 ^ wb_clk_i (in)
                                                         wb_clk_i (net)
                      1.073527    0.000000    0.825174 ^ clkbuf_0_wb_clk_i/A (sky130_fd_sc_hd__clkbuf_16)
    17    0.074001    0.154063    0.676967    1.502141 ^ clkbuf_0_wb_clk_i/X (sky130_fd_sc_hd__clkbuf_16)
                                                         clknet_0_wb_clk_i (net)
                      0.154075    0.001553    1.503695 ^ clkbuf_3_3_0_wb_clk_i/A (sky130_fd_sc_hd__clkbuf_8)
    11    0.035092    0.118021    0.322579    1.826274 ^ clkbuf_3_3_0_wb_clk_i/X (sky130_fd_sc_hd__clkbuf_8)
                                                         clknet_3_3_0_wb_clk_i (net)
                      0.118021    0.000329    1.826604 ^ _700_/CLK (sky130_fd_sc_hd__dfrtp_2)
                                  0.250000    2.076603   clock uncertainty
                                 -0.143061    1.933542   clock reconvergence pessimism
                                 -0.090194    1.843348   library hold time
                                              1.843348   data required time
---------------------------------------------------------------------------------------------
                                              1.843348   data required time
                                             -4.175437   data arrival time
---------------------------------------------------------------------------------------------
                                              2.332090   slack (MET)


Startpoint: _689_ (rising edge-triggered flip-flop clocked by wb_clk_i)
Endpoint: _691_ (rising edge-triggered flip-flop clocked by wb_clk_i)
Path Group: wb_clk_i
Path Type: min

Fanout         Cap        Slew       Delay        Time   Description
---------------------------------------------------------------------------------------------
                                  0.000000    0.000000   clock wb_clk_i (rise edge)
                                  0.000000    0.000000   clock source latency
     2    0.147424    1.063065    0.746586    0.746586 ^ wb_clk_i (in)
                                                         wb_clk_i (net)
                      1.073527    0.000000    0.746586 ^ clkbuf_0_wb_clk_i/A (sky130_fd_sc_hd__clkbuf_16)
    17    0.074001    0.154063    0.612494    1.359080 ^ clkbuf_0_wb_clk_i/X (sky130_fd_sc_hd__clkbuf_16)
                                                         clknet_0_wb_clk_i (net)
                      0.154090    0.001908    1.360989 ^ clkbuf_3_7_0_wb_clk_i/A (sky130_fd_sc_hd__clkbuf_8)
    12    0.034773    0.117264    0.291280    1.652268 ^ clkbuf_3_7_0_wb_clk_i/X (sky130_fd_sc_hd__clkbuf_8)
                                                         clknet_3_7_0_wb_clk_i (net)
                      0.117264    0.000375    1.652643 ^ _689_/CLK (sky130_fd_sc_hd__dfrtp_2)
     5    0.017742    0.172026    0.765260    2.417903 ^ _689_/Q (sky130_fd_sc_hd__dfrtp_2)
                                                         timer.sec_ones[0] (net)
                      0.172026    0.000222    2.418125 ^ _341_/C (sky130_fd_sc_hd__and3_2)
     4    0.025167    0.236143    0.524084    2.942208 ^ _341_/X (sky130_fd_sc_hd__and3_2)
                                                         _176_ (net)
                      0.236143    0.000306    2.942514 ^ _346_/B (sky130_fd_sc_hd__xor2_2)
     1    0.003159    0.055140    0.164667    3.107182 v _346_/X (sky130_fd_sc_hd__xor2_2)
                                                         _166_ (net)
                      0.055140    0.000041    3.107223 v hold143/A (sky130_fd_sc_hd__dlygate4sd3_1)
     1    0.002572    0.107375    1.057515    4.164738 v hold143/X (sky130_fd_sc_hd__dlygate4sd3_1)
                                                         net143 (net)
                      0.107375    0.000016    4.164754 v _691_/D (sky130_fd_sc_hd__dfrtp_2)
                                              4.164754   data arrival time

                                  0.000000    0.000000   clock wb_clk_i (rise edge)
                                  0.000000    0.000000   clock source latency
     2    0.147424    1.063065    0.825174    0.825174 ^ wb_clk_i (in)
                                                         wb_clk_i (net)
                      1.073527    0.000000    0.825174 ^ clkbuf_0_wb_clk_i/A (sky130_fd_sc_hd__clkbuf_16)
    17    0.074001    0.154063    0.676967    1.502141 ^ clkbuf_0_wb_clk_i/X (sky130_fd_sc_hd__clkbuf_16)
                                                         clknet_0_wb_clk_i (net)
                      0.154090    0.002109    1.504251 ^ clkbuf_3_7_0_wb_clk_i/A (sky130_fd_sc_hd__clkbuf_8)
    12    0.034773    0.117264    0.321941    1.826191 ^ clkbuf_3_7_0_wb_clk_i/X (sky130_fd_sc_hd__clkbuf_8)
                                                         clknet_3_7_0_wb_clk_i (net)
                      0.117264    0.000273    1.826464 ^ _691_/CLK (sky130_fd_sc_hd__dfrtp_2)
                                  0.250000    2.076464   clock uncertainty
                                 -0.173923    1.902541   clock reconvergence pessimism
                                 -0.091885    1.810656   library hold time
                                              1.810656   data required time
---------------------------------------------------------------------------------------------
                                              1.810656   data required time
                                             -4.164754   data arrival time
---------------------------------------------------------------------------------------------
                                              2.354099   slack (MET)


Startpoint: _698_ (rising edge-triggered flip-flop clocked by wb_clk_i)
Endpoint: _701_ (rising edge-triggered flip-flop clocked by wb_clk_i)
Path Group: wb_clk_i
Path Type: min

Fanout         Cap        Slew       Delay        Time   Description
---------------------------------------------------------------------------------------------
                                  0.000000    0.000000   clock wb_clk_i (rise edge)
                                  0.000000    0.000000   clock source latency
     2    0.147424    1.063065    0.746586    0.746586 ^ wb_clk_i (in)
                                                         wb_clk_i (net)
                      1.073527    0.000000    0.746586 ^ clkbuf_0_wb_clk_i/A (sky130_fd_sc_hd__clkbuf_16)
    17    0.074001    0.154063    0.612494    1.359080 ^ clkbuf_0_wb_clk_i/X (sky130_fd_sc_hd__clkbuf_16)
                                                         clknet_0_wb_clk_i (net)
                      0.154089    0.001882    1.360962 ^ clkbuf_3_1_0_wb_clk_i/A (sky130_fd_sc_hd__clkbuf_8)
    11    0.035047    0.117914    0.291777    1.652739 ^ clkbuf_3_1_0_wb_clk_i/X (sky130_fd_sc_hd__clkbuf_8)
                                                         clknet_3_1_0_wb_clk_i (net)
                      0.117914    0.000406    1.653145 ^ _698_/CLK (sky130_fd_sc_hd__dfrtp_2)
     2    0.005687    0.089938    0.687232    2.340377 ^ _698_/Q (sky130_fd_sc_hd__dfrtp_2)
                                                         timer.scan_div[4] (net)
                      0.089938    0.000080    2.340457 ^ _499_/B (sky130_fd_sc_hd__and2_2)
     4    0.009403    0.113215    0.299857    2.640315 ^ _499_/X (sky130_fd_sc_hd__and2_2)
                                                         _275_ (net)
                      0.113215    0.000069    2.640383 ^ _502_/C (sky130_fd_sc_hd__and3_2)
     2    0.009765    0.129500    0.408361    3.048744 ^ _502_/X (sky130_fd_sc_hd__and3_2)
                                                         _277_ (net)
                      0.129500    0.000070    3.048815 ^ _507_/A2 (sky130_fd_sc_hd__o21ba_2)
     1    0.002757    0.058975    0.248846    3.297660 ^ _507_/X (sky130_fd_sc_hd__o21ba_2)
                                                         _030_ (net)
                      0.058975    0.000033    3.297693 ^ hold93/A (sky130_fd_sc_hd__dlygate4sd3_1)
     1    0.002155    0.086741    0.974814    4.272507 ^ hold93/X (sky130_fd_sc_hd__dlygate4sd3_1)
                                                         net93 (net)
                      0.086741    0.000018    4.272525 ^ _701_/D (sky130_fd_sc_hd__dfrtp_2)
                                              4.272525   data arrival time

                                  0.000000    0.000000   clock wb_clk_i (rise edge)
                                  0.000000    0.000000   clock source latency
     2    0.147424    1.063065    0.825174    0.825174 ^ wb_clk_i (in)
                                                         wb_clk_i (net)
                      1.073527    0.000000    0.825174 ^ clkbuf_0_wb_clk_i/A (sky130_fd_sc_hd__clkbuf_16)
    17    0.074001    0.154063    0.676967    1.502141 ^ clkbuf_0_wb_clk_i/X (sky130_fd_sc_hd__clkbuf_16)
                                                         clknet_0_wb_clk_i (net)
                      0.154075    0.001553    1.503695 ^ clkbuf_3_3_0_wb_clk_i/A (sky130_fd_sc_hd__clkbuf_8)
    11    0.035092    0.118021    0.322579    1.826274 ^ clkbuf_3_3_0_wb_clk_i/X (sky130_fd_sc_hd__clkbuf_8)
                                                         clknet_3_3_0_wb_clk_i (net)
                      0.118021    0.000212    1.826486 ^ _701_/CLK (sky130_fd_sc_hd__dfrtp_2)
                                  0.250000    2.076486   clock uncertainty
                                 -0.143061    1.933425   clock reconvergence pessimism
                                 -0.072824    1.860601   library hold time
                                              1.860601   data required time
---------------------------------------------------------------------------------------------
                                              1.860601   data required time
                                             -4.272525   data arrival time
---------------------------------------------------------------------------------------------
                                              2.411924   slack (MET)


Startpoint: _735_ (rising edge-triggered flip-flop clocked by wb_clk_i)
Endpoint: _738_ (rising edge-triggered flip-flop clocked by wb_clk_i)
Path Group: wb_clk_i
Path Type: min

Fanout         Cap        Slew       Delay        Time   Description
---------------------------------------------------------------------------------------------
                                  0.000000    0.000000   clock wb_clk_i (rise edge)
                                  0.000000    0.000000   clock source latency
     2    0.147424    1.063065    0.746586    0.746586 ^ wb_clk_i (in)
                                                         wb_clk_i (net)
                      1.073527    0.000000    0.746586 ^ clkbuf_0_wb_clk_i/A (sky130_fd_sc_hd__clkbuf_16)
    17    0.074001    0.154063    0.612494    1.359080 ^ clkbuf_0_wb_clk_i/X (sky130_fd_sc_hd__clkbuf_16)
                                                         clknet_0_wb_clk_i (net)
                      0.154096    0.002040    1.361120 ^ clkbuf_3_5_0_wb_clk_i/A (sky130_fd_sc_hd__clkbuf_8)
    11    0.036399    0.121134    0.294202    1.655322 ^ clkbuf_3_5_0_wb_clk_i/X (sky130_fd_sc_hd__clkbuf_8)
                                                         clknet_3_5_0_wb_clk_i (net)
                      0.121134    0.000274    1.655596 ^ _735_/CLK (sky130_fd_sc_hd__dfrtp_2)
     3    0.007650    0.102665    0.701428    2.357024 ^ _735_/Q (sky130_fd_sc_hd__dfrtp_2)
                                                         timer.sec_div[8] (net)
                      0.102665    0.000096    2.357120 ^ _438_/A (sky130_fd_sc_hd__and4_2)
     2    0.004426    0.114034    0.417199    2.774319 ^ _438_/X (sky130_fd_sc_hd__and4_2)
                                                         _240_ (net)
                      0.114034    0.000033    2.774352 ^ _439_/C (sky130_fd_sc_hd__and3_2)
     3    0.014819    0.167001    0.444306    3.218658 ^ _439_/X (sky130_fd_sc_hd__and3_2)
                                                         _241_ (net)
                      0.167001    0.000172    3.218831 ^ _440_/B1 (sky130_fd_sc_hd__a21oi_2)
     1    0.001799    0.048438    0.076731    3.295561 v _440_/Y (sky130_fd_sc_hd__a21oi_2)
                                                         _036_ (net)
                      0.048438    0.000014    3.295576 v hold136/A (sky130_fd_sc_hd__dlygate4sd3_1)
     1    0.002332    0.104762    1.050949    4.346525 v hold136/X (sky130_fd_sc_hd__dlygate4sd3_1)
                                                         net136 (net)
                      0.104762    0.000020    4.346545 v _738_/D (sky130_fd_sc_hd__dfrtp_2)
                                              4.346545   data arrival time

                                  0.000000    0.000000   clock wb_clk_i (rise edge)
                                  0.000000    0.000000   clock source latency
     2    0.147424    1.063065    0.825174    0.825174 ^ wb_clk_i (in)
                                                         wb_clk_i (net)
                      1.073527    0.000000    0.825174 ^ clkbuf_0_wb_clk_i/A (sky130_fd_sc_hd__clkbuf_16)
    17    0.074001    0.154063    0.676967    1.502141 ^ clkbuf_0_wb_clk_i/X (sky130_fd_sc_hd__clkbuf_16)
                                                         clknet_0_wb_clk_i (net)
                      0.154070    0.001291    1.503433 ^ clkbuf_3_6_0_wb_clk_i/A (sky130_fd_sc_hd__clkbuf_8)
    12    0.036041    0.120291    0.324333    1.827766 ^ clkbuf_3_6_0_wb_clk_i/X (sky130_fd_sc_hd__clkbuf_8)
                                                         clknet_3_6_0_wb_clk_i (net)
                      0.120291    0.000505    1.828271 ^ _738_/CLK (sky130_fd_sc_hd__dfrtp_2)
                                  0.250000    2.078271   clock uncertainty
                                 -0.143061    1.935210   clock reconvergence pessimism
                                 -0.090194    1.845015   library hold time
                                              1.845015   data required time
---------------------------------------------------------------------------------------------
                                              1.845015   data required time
                                             -4.346545   data arrival time
---------------------------------------------------------------------------------------------
                                              2.501530   slack (MET)


Startpoint: _743_ (rising edge-triggered flip-flop clocked by wb_clk_i)
Endpoint: _746_ (rising edge-triggered flip-flop clocked by wb_clk_i)
Path Group: wb_clk_i
Path Type: min

Fanout         Cap        Slew       Delay        Time   Description
---------------------------------------------------------------------------------------------
                                  0.000000    0.000000   clock wb_clk_i (rise edge)
                                  0.000000    0.000000   clock source latency
     2    0.147424    1.063065    0.746586    0.746586 ^ wb_clk_i (in)
                                                         wb_clk_i (net)
                      1.073527    0.000000    0.746586 ^ clkbuf_0_wb_clk_i/A (sky130_fd_sc_hd__clkbuf_16)
    17    0.074001    0.154063    0.612494    1.359080 ^ clkbuf_0_wb_clk_i/X (sky130_fd_sc_hd__clkbuf_16)
                                                         clknet_0_wb_clk_i (net)
                      0.154075    0.001428    1.360508 ^ clkbuf_3_4_0_wb_clk_i/A (sky130_fd_sc_hd__clkbuf_8)
    11    0.035340    0.118617    0.292269    1.652777 ^ clkbuf_3_4_0_wb_clk_i/X (sky130_fd_sc_hd__clkbuf_8)
                                                         clknet_3_4_0_wb_clk_i (net)
                      0.118617    0.000435    1.653211 ^ _743_/CLK (sky130_fd_sc_hd__dfrtp_2)
     2    0.005719    0.090112    0.687751    2.340962 ^ _743_/Q (sky130_fd_sc_hd__dfrtp_2)
                                                         timer.sec_div[16] (net)
                      0.090112    0.000071    2.341033 ^ _455_/B (sky130_fd_sc_hd__and4_2)
     2    0.011179    0.162377    0.497360    2.838393 ^ _455_/X (sky130_fd_sc_hd__and4_2)
                                                         _251_ (net)
                      0.162377    0.000053    2.838446 ^ _457_/B (sky130_fd_sc_hd__and2_2)
     1    0.004391    0.077938    0.292270    3.130716 ^ _457_/X (sky130_fd_sc_hd__and2_2)
                                                         _252_ (net)
                      0.077938    0.000070    3.130786 ^ _461_/A2 (sky130_fd_sc_hd__o21ba_2)
     1    0.002451    0.056830    0.228719    3.359505 ^ _461_/X (sky130_fd_sc_hd__o21ba_2)
                                                         _044_ (net)
                      0.056830    0.000025    3.359530 ^ hold82/A (sky130_fd_sc_hd__dlygate4sd3_1)
     1    0.002150    0.086678    0.973862    4.333392 ^ hold82/X (sky130_fd_sc_hd__dlygate4sd3_1)
                                                         net82 (net)
                      0.086678    0.000017    4.333409 ^ _746_/D (sky130_fd_sc_hd__dfrtp_2)
                                              4.333409   data arrival time

                                  0.000000    0.000000   clock wb_clk_i (rise edge)
                                  0.000000    0.000000   clock source latency
     2    0.147424    1.063065    0.825174    0.825174 ^ wb_clk_i (in)
                                                         wb_clk_i (net)
                      1.073527    0.000000    0.825174 ^ clkbuf_0_wb_clk_i/A (sky130_fd_sc_hd__clkbuf_16)
    17    0.074001    0.154063    0.676967    1.502141 ^ clkbuf_0_wb_clk_i/X (sky130_fd_sc_hd__clkbuf_16)
                                                         clknet_0_wb_clk_i (net)
                      0.154075    0.001578    1.503719 ^ clkbuf_3_4_0_wb_clk_i/A (sky130_fd_sc_hd__clkbuf_8)
    11    0.035340    0.118617    0.323034    1.826753 ^ clkbuf_3_4_0_wb_clk_i/X (sky130_fd_sc_hd__clkbuf_8)
                                                         clknet_3_4_0_wb_clk_i (net)
                      0.118618    0.000671    1.827425 ^ _746_/CLK (sky130_fd_sc_hd__dfrtp_2)
                                  0.250000    2.077425   clock uncertainty
                                 -0.173976    1.903448   clock reconvergence pessimism
                                 -0.072712    1.830736   library hold time
                                              1.830736   data required time
---------------------------------------------------------------------------------------------
                                              1.830736   data required time
                                             -4.333409   data arrival time
---------------------------------------------------------------------------------------------
                                              2.502673   slack (MET)


Startpoint: _683_ (rising edge-triggered flip-flop clocked by wb_clk_i)
Endpoint: _684_ (rising edge-triggered flip-flop clocked by wb_clk_i)
Path Group: wb_clk_i
Path Type: min

Fanout         Cap        Slew       Delay        Time   Description
---------------------------------------------------------------------------------------------
                                  0.000000    0.000000   clock wb_clk_i (rise edge)
                                  0.000000    0.000000   clock source latency
     2    0.147424    1.063065    0.746586    0.746586 ^ wb_clk_i (in)
                                                         wb_clk_i (net)
                      1.073527    0.000000    0.746586 ^ clkbuf_0_wb_clk_i/A (sky130_fd_sc_hd__clkbuf_16)
    17    0.074001    0.154063    0.612494    1.359080 ^ clkbuf_0_wb_clk_i/X (sky130_fd_sc_hd__clkbuf_16)
                                                         clknet_0_wb_clk_i (net)
                      0.154096    0.002040    1.361120 ^ clkbuf_3_5_0_wb_clk_i/A (sky130_fd_sc_hd__clkbuf_8)
    11    0.036399    0.121134    0.294202    1.655322 ^ clkbuf_3_5_0_wb_clk_i/X (sky130_fd_sc_hd__clkbuf_8)
                                                         clknet_3_5_0_wb_clk_i (net)
                      0.121134    0.000430    1.655752 ^ _683_/CLK (sky130_fd_sc_hd__dfrtp_2)
     3    0.012896    0.138581    0.735445    2.391197 ^ _683_/Q (sky130_fd_sc_hd__dfrtp_2)
                                                         timer.min_ones[2] (net)
                      0.138581    0.000208    2.391404 ^ _364_/A_N (sky130_fd_sc_hd__and2b_2)
     3    0.009725    0.098119    0.484084    2.875489 v _364_/X (sky130_fd_sc_hd__and2b_2)
                                                         _191_ (net)
                      0.098119    0.000048    2.875537 v _367_/B (sky130_fd_sc_hd__and3_2)
     2    0.011272    0.102913    0.443534    3.319071 v _367_/X (sky130_fd_sc_hd__and3_2)
                                                         _194_ (net)
                      0.102913    0.000138    3.319209 v _368_/B (sky130_fd_sc_hd__nor2_2)
     1    0.002033    0.090396    0.115543    3.434752 ^ _368_/Y (sky130_fd_sc_hd__nor2_2)
                                                         _159_ (net)
                      0.090396    0.000018    3.434769 ^ hold160/A (sky130_fd_sc_hd__dlygate4sd3_1)
     1    0.002716    0.090713    0.995573    4.430343 ^ hold160/X (sky130_fd_sc_hd__dlygate4sd3_1)
                                                         net160 (net)
                      0.090713    0.000028    4.430370 ^ _684_/D (sky130_fd_sc_hd__dfrtp_2)
                                              4.430370   data arrival time

                                  0.000000    0.000000   clock wb_clk_i (rise edge)
                                  0.000000    0.000000   clock source latency
     2    0.147424    1.063065    0.825174    0.825174 ^ wb_clk_i (in)
                                                         wb_clk_i (net)
                      1.073527    0.000000    0.825174 ^ clkbuf_0_wb_clk_i/A (sky130_fd_sc_hd__clkbuf_16)
    17    0.074001    0.154063    0.676967    1.502141 ^ clkbuf_0_wb_clk_i/X (sky130_fd_sc_hd__clkbuf_16)
                                                         clknet_0_wb_clk_i (net)
                      0.154096    0.002254    1.504396 ^ clkbuf_3_5_0_wb_clk_i/A (sky130_fd_sc_hd__clkbuf_8)
    11    0.036399    0.121134    0.325170    1.829566 ^ clkbuf_3_5_0_wb_clk_i/X (sky130_fd_sc_hd__clkbuf_8)
                                                         clknet_3_5_0_wb_clk_i (net)
                      0.121134    0.000472    1.830038 ^ _684_/CLK (sky130_fd_sc_hd__dfrtp_2)
                                  0.250000    2.080038   clock uncertainty
                                 -0.174244    1.905794   clock reconvergence pessimism
                                 -0.073216    1.832577   library hold time
                                              1.832577   data required time
---------------------------------------------------------------------------------------------
                                              1.832577   data required time
                                             -4.430370   data arrival time
---------------------------------------------------------------------------------------------
                                              2.597793   slack (MET)


Startpoint: _708_ (rising edge-triggered flip-flop clocked by wb_clk_i)
Endpoint: _709_ (rising edge-triggered flip-flop clocked by wb_clk_i)
Path Group: wb_clk_i
Path Type: min

Fanout         Cap        Slew       Delay        Time   Description
---------------------------------------------------------------------------------------------
                                  0.000000    0.000000   clock wb_clk_i (rise edge)
                                  0.000000    0.000000   clock source latency
     2    0.147424    1.063065    0.746586    0.746586 ^ wb_clk_i (in)
                                                         wb_clk_i (net)
                      1.073527    0.000000    0.746586 ^ clkbuf_0_wb_clk_i/A (sky130_fd_sc_hd__clkbuf_16)
    17    0.074001    0.154063    0.612494    1.359080 ^ clkbuf_0_wb_clk_i/X (sky130_fd_sc_hd__clkbuf_16)
                                                         clknet_0_wb_clk_i (net)
                      0.154089    0.001882    1.360962 ^ clkbuf_3_1_0_wb_clk_i/A (sky130_fd_sc_hd__clkbuf_8)
    11    0.035047    0.117914    0.291777    1.652739 ^ clkbuf_3_1_0_wb_clk_i/X (sky130_fd_sc_hd__clkbuf_8)
                                                         clknet_3_1_0_wb_clk_i (net)
                      0.117914    0.000332    1.653071 ^ _708_/CLK (sky130_fd_sc_hd__dfrtp_2)
     2    0.004576    0.084998    0.677117    2.330188 ^ _708_/Q (sky130_fd_sc_hd__dfrtp_2)
                                                         timer.scan_div[14] (net)
                      0.084998    0.000026    2.330214 ^ _525_/C (sky130_fd_sc_hd__and4_2)
     4    0.011876    0.167969    0.515515    2.845729 ^ _525_/X (sky130_fd_sc_hd__and4_2)
                                                         _291_ (net)
                      0.167969    0.000120    2.845849 ^ _526_/B (sky130_fd_sc_hd__and2_2)
     6    0.034122    0.294639    0.467114    3.312963 ^ _526_/X (sky130_fd_sc_hd__and2_2)
                                                         _292_ (net)
                      0.294639    0.000510    3.313473 ^ _527_/B1 (sky130_fd_sc_hd__a21oi_2)
     1    0.002256    0.056902    0.105102    3.418575 v _527_/Y (sky130_fd_sc_hd__a21oi_2)
                                                         _007_ (net)
                      0.056902    0.000014    3.418589 v hold120/A (sky130_fd_sc_hd__dlygate4sd3_1)
     1    0.002180    0.102992    1.051949    4.470538 v hold120/X (sky130_fd_sc_hd__dlygate4sd3_1)
                                                         net120 (net)
                      0.102992    0.000017    4.470556 v _709_/D (sky130_fd_sc_hd__dfrtp_2)
                                              4.470556   data arrival time

                                  0.000000    0.000000   clock wb_clk_i (rise edge)
                                  0.000000    0.000000   clock source latency
     2    0.147424    1.063065    0.825174    0.825174 ^ wb_clk_i (in)
                                                         wb_clk_i (net)
                      1.073527    0.000000    0.825174 ^ clkbuf_0_wb_clk_i/A (sky130_fd_sc_hd__clkbuf_16)
    17    0.074001    0.154063    0.676967    1.502141 ^ clkbuf_0_wb_clk_i/X (sky130_fd_sc_hd__clkbuf_16)
                                                         clknet_0_wb_clk_i (net)
                      0.154112    0.002652    1.504793 ^ clkbuf_3_0_0_wb_clk_i/A (sky130_fd_sc_hd__clkbuf_8)
    11    0.033860    0.115090    0.320204    1.824997 ^ clkbuf_3_0_0_wb_clk_i/X (sky130_fd_sc_hd__clkbuf_8)
                                                         clknet_3_0_0_wb_clk_i (net)
                      0.115090    0.000304    1.825302 ^ _709_/CLK (sky130_fd_sc_hd__dfrtp_2)
                                  0.250000    2.075302   clock uncertainty
                                 -0.143061    1.932241   clock reconvergence pessimism
                                 -0.090806    1.841435   library hold time
                                              1.841435   data required time
---------------------------------------------------------------------------------------------
                                              1.841435   data required time
                                             -4.470556   data arrival time
---------------------------------------------------------------------------------------------
                                              2.629121   slack (MET)


Startpoint: _696_ (rising edge-triggered flip-flop clocked by wb_clk_i)
Endpoint: _698_ (rising edge-triggered flip-flop clocked by wb_clk_i)
Path Group: wb_clk_i
Path Type: min

Fanout         Cap        Slew       Delay        Time   Description
---------------------------------------------------------------------------------------------
                                  0.000000    0.000000   clock wb_clk_i (rise edge)
                                  0.000000    0.000000   clock source latency
     2    0.147424    1.063065    0.746586    0.746586 ^ wb_clk_i (in)
                                                         wb_clk_i (net)
                      1.073527    0.000000    0.746586 ^ clkbuf_0_wb_clk_i/A (sky130_fd_sc_hd__clkbuf_16)
    17    0.074001    0.154063    0.612494    1.359080 ^ clkbuf_0_wb_clk_i/X (sky130_fd_sc_hd__clkbuf_16)
                                                         clknet_0_wb_clk_i (net)
                      0.154089    0.001882    1.360962 ^ clkbuf_3_1_0_wb_clk_i/A (sky130_fd_sc_hd__clkbuf_8)
    11    0.035047    0.117914    0.291777    1.652739 ^ clkbuf_3_1_0_wb_clk_i/X (sky130_fd_sc_hd__clkbuf_8)
                                                         clknet_3_1_0_wb_clk_i (net)
                      0.117914    0.000296    1.653035 ^ _696_/CLK (sky130_fd_sc_hd__dfrtp_2)
     2    0.005237    0.086587    0.795293    2.448329 v _696_/Q (sky130_fd_sc_hd__dfrtp_2)
                                                         timer.scan_div[2] (net)
                      0.086587    0.000082    2.448411 v _494_/D (sky130_fd_sc_hd__and4_2)
     6    0.017167    0.127530    0.546581    2.994992 v _494_/X (sky130_fd_sc_hd__and4_2)
                                                         _272_ (net)
                      0.127530    0.000351    2.995343 v _497_/B (sky130_fd_sc_hd__nand2_2)
     2    0.007194    0.089205    0.137378    3.132721 ^ _497_/Y (sky130_fd_sc_hd__nand2_2)
                                                         _274_ (net)
                      0.089205    0.000057    3.132778 ^ _498_/C (sky130_fd_sc_hd__and3_2)
     1    0.002894    0.079881    0.343955    3.476733 ^ _498_/X (sky130_fd_sc_hd__and3_2)
                                                         _027_ (net)
                      0.079881    0.000036    3.476770 ^ hold188/A (sky130_fd_sc_hd__dlygate4sd3_1)
     1    0.002763    0.091246    0.992307    4.469077 ^ hold188/X (sky130_fd_sc_hd__dlygate4sd3_1)
                                                         net188 (net)
                      0.091246    0.000028    4.469106 ^ _698_/D (sky130_fd_sc_hd__dfrtp_2)
                                              4.469106   data arrival time

                                  0.000000    0.000000   clock wb_clk_i (rise edge)
                                  0.000000    0.000000   clock source latency
     2    0.147424    1.063065    0.825174    0.825174 ^ wb_clk_i (in)
                                                         wb_clk_i (net)
                      1.073527    0.000000    0.825174 ^ clkbuf_0_wb_clk_i/A (sky130_fd_sc_hd__clkbuf_16)
    17    0.074001    0.154063    0.676967    1.502141 ^ clkbuf_0_wb_clk_i/X (sky130_fd_sc_hd__clkbuf_16)
                                                         clknet_0_wb_clk_i (net)
                      0.154089    0.002080    1.504221 ^ clkbuf_3_1_0_wb_clk_i/A (sky130_fd_sc_hd__clkbuf_8)
    11    0.035047    0.117914    0.322490    1.826712 ^ clkbuf_3_1_0_wb_clk_i/X (sky130_fd_sc_hd__clkbuf_8)
                                                         clknet_3_1_0_wb_clk_i (net)
                      0.117914    0.000449    1.827160 ^ _698_/CLK (sky130_fd_sc_hd__dfrtp_2)
                                  0.250000    2.077160   clock uncertainty
                                 -0.173972    1.903188   clock reconvergence pessimism
                                 -0.073866    1.829322   library hold time
                                              1.829322   data required time
---------------------------------------------------------------------------------------------
                                              1.829322   data required time
                                             -4.469106   data arrival time
---------------------------------------------------------------------------------------------
                                              2.639784   slack (MET)


Startpoint: _733_ (rising edge-triggered flip-flop clocked by wb_clk_i)
Endpoint: _735_ (rising edge-triggered flip-flop clocked by wb_clk_i)
Path Group: wb_clk_i
Path Type: min

Fanout         Cap        Slew       Delay        Time   Description
---------------------------------------------------------------------------------------------
                                  0.000000    0.000000   clock wb_clk_i (rise edge)
                                  0.000000    0.000000   clock source latency
     2    0.147424    1.063065    0.746586    0.746586 ^ wb_clk_i (in)
                                                         wb_clk_i (net)
                      1.073527    0.000000    0.746586 ^ clkbuf_0_wb_clk_i/A (sky130_fd_sc_hd__clkbuf_16)
    17    0.074001    0.154063    0.612494    1.359080 ^ clkbuf_0_wb_clk_i/X (sky130_fd_sc_hd__clkbuf_16)
                                                         clknet_0_wb_clk_i (net)
                      0.154070    0.001168    1.360249 ^ clkbuf_3_6_0_wb_clk_i/A (sky130_fd_sc_hd__clkbuf_8)
    12    0.036041    0.120291    0.293444    1.653693 ^ clkbuf_3_6_0_wb_clk_i/X (sky130_fd_sc_hd__clkbuf_8)
                                                         clknet_3_6_0_wb_clk_i (net)
                      0.120291    0.000275    1.653968 ^ _733_/CLK (sky130_fd_sc_hd__dfrtp_2)
     2    0.005791    0.090506    0.688964    2.342932 ^ _733_/Q (sky130_fd_sc_hd__dfrtp_2)
                                                         timer.sec_div[6] (net)
                      0.090506    0.000082    2.343014 ^ _427_/C (sky130_fd_sc_hd__and4_2)
     3    0.007154    0.132071    0.478476    2.821490 ^ _427_/X (sky130_fd_sc_hd__and4_2)
                                                         _233_ (net)
                      0.132071    0.000071    2.821561 ^ _428_/B (sky130_fd_sc_hd__and2_2)
     4    0.016198    0.163069    0.357435    3.178996 ^ _428_/X (sky130_fd_sc_hd__and2_2)
                                                         _234_ (net)
                      0.163069    0.000096    3.179092 ^ _431_/A2 (sky130_fd_sc_hd__o211a_2)
     1    0.002096    0.071389    0.351914    3.531007 ^ _431_/X (sky130_fd_sc_hd__o211a_2)
                                                         _064_ (net)
                      0.071389    0.000019    3.531026 ^ hold162/A (sky130_fd_sc_hd__dlygate4sd3_1)
     1    0.002285    0.088574    0.981858    4.512884 ^ hold162/X (sky130_fd_sc_hd__dlygate4sd3_1)
                                                         net162 (net)
                      0.088574    0.000020    4.512904 ^ _735_/D (sky130_fd_sc_hd__dfrtp_2)
                                              4.512904   data arrival time

                                  0.000000    0.000000   clock wb_clk_i (rise edge)
                                  0.000000    0.000000   clock source latency
     2    0.147424    1.063065    0.825174    0.825174 ^ wb_clk_i (in)
                                                         wb_clk_i (net)
                      1.073527    0.000000    0.825174 ^ clkbuf_0_wb_clk_i/A (sky130_fd_sc_hd__clkbuf_16)
    17    0.074001    0.154063    0.676967    1.502141 ^ clkbuf_0_wb_clk_i/X (sky130_fd_sc_hd__clkbuf_16)
                                                         clknet_0_wb_clk_i (net)
                      0.154096    0.002254    1.504396 ^ clkbuf_3_5_0_wb_clk_i/A (sky130_fd_sc_hd__clkbuf_8)
    11    0.036399    0.121134    0.325170    1.829566 ^ clkbuf_3_5_0_wb_clk_i/X (sky130_fd_sc_hd__clkbuf_8)
                                                         clknet_3_5_0_wb_clk_i (net)
                      0.121134    0.000303    1.829869 ^ _735_/CLK (sky130_fd_sc_hd__dfrtp_2)
                                  0.250000    2.079869   clock uncertainty
                                 -0.143061    1.936808   clock reconvergence pessimism
                                 -0.072730    1.864078   library hold time
                                              1.864078   data required time
---------------------------------------------------------------------------------------------
                                              1.864078   data required time
                                             -4.512904   data arrival time
---------------------------------------------------------------------------------------------
                                              2.648826   slack (MET)


Startpoint: _698_ (rising edge-triggered flip-flop clocked by wb_clk_i)
Endpoint: _706_ (rising edge-triggered flip-flop clocked by wb_clk_i)
Path Group: wb_clk_i
Path Type: min

Fanout         Cap        Slew       Delay        Time   Description
---------------------------------------------------------------------------------------------
                                  0.000000    0.000000   clock wb_clk_i (rise edge)
                                  0.000000    0.000000   clock source latency
     2    0.147424    1.063065    0.746586    0.746586 ^ wb_clk_i (in)
                                                         wb_clk_i (net)
                      1.073527    0.000000    0.746586 ^ clkbuf_0_wb_clk_i/A (sky130_fd_sc_hd__clkbuf_16)
    17    0.074001    0.154063    0.612494    1.359080 ^ clkbuf_0_wb_clk_i/X (sky130_fd_sc_hd__clkbuf_16)
                                                         clknet_0_wb_clk_i (net)
                      0.154089    0.001882    1.360962 ^ clkbuf_3_1_0_wb_clk_i/A (sky130_fd_sc_hd__clkbuf_8)
    11    0.035047    0.117914    0.291777    1.652739 ^ clkbuf_3_1_0_wb_clk_i/X (sky130_fd_sc_hd__clkbuf_8)
                                                         clknet_3_1_0_wb_clk_i (net)
                      0.117914    0.000406    1.653145 ^ _698_/CLK (sky130_fd_sc_hd__dfrtp_2)
     2    0.005687    0.089938    0.687232    2.340377 ^ _698_/Q (sky130_fd_sc_hd__dfrtp_2)
                                                         timer.scan_div[4] (net)
                      0.089938    0.000080    2.340457 ^ _499_/B (sky130_fd_sc_hd__and2_2)
     4    0.009403    0.113215    0.299857    2.640315 ^ _499_/X (sky130_fd_sc_hd__and2_2)
                                                         _275_ (net)
                      0.113215    0.000035    2.640349 ^ _516_/B (sky130_fd_sc_hd__and4_2)
     8    0.033658    0.326023    0.654041    3.294390 ^ _516_/X (sky130_fd_sc_hd__and4_2)
                                                         _286_ (net)
                      0.326023    0.000848    3.295239 ^ _518_/B (sky130_fd_sc_hd__xor2_2)
     1    0.001937    0.049948    0.179503    3.474741 v _518_/X (sky130_fd_sc_hd__xor2_2)
                                                         _004_ (net)
                      0.049948    0.000010    3.474751 v hold100/A (sky130_fd_sc_hd__dlygate4sd3_1)
     1    0.002391    0.105406    1.052510    4.527261 v hold100/X (sky130_fd_sc_hd__dlygate4sd3_1)
                                                         net100 (net)
                      0.105406    0.000021    4.527282 v _706_/D (sky130_fd_sc_hd__dfrtp_2)
                                              4.527282   data arrival time

                                  0.000000    0.000000   clock wb_clk_i (rise edge)
                                  0.000000    0.000000   clock source latency
     2    0.147424    1.063065    0.825174    0.825174 ^ wb_clk_i (in)
                                                         wb_clk_i (net)
                      1.073527    0.000000    0.825174 ^ clkbuf_0_wb_clk_i/A (sky130_fd_sc_hd__clkbuf_16)
    17    0.074001    0.154063    0.676967    1.502141 ^ clkbuf_0_wb_clk_i/X (sky130_fd_sc_hd__clkbuf_16)
                                                         clknet_0_wb_clk_i (net)
                      0.154103    0.002457    1.504598 ^ clkbuf_3_2_0_wb_clk_i/A (sky130_fd_sc_hd__clkbuf_8)
    11    0.034623    0.116907    0.321669    1.826267 ^ clkbuf_3_2_0_wb_clk_i/X (sky130_fd_sc_hd__clkbuf_8)
                                                         clknet_3_2_0_wb_clk_i (net)
                      0.116907    0.000448    1.826715 ^ _706_/CLK (sky130_fd_sc_hd__dfrtp_2)
                                  0.250000    2.076715   clock uncertainty
                                 -0.143061    1.933654   clock reconvergence pessimism
                                 -0.091250    1.842404   library hold time
                                              1.842404   data required time
---------------------------------------------------------------------------------------------
                                              1.842404   data required time
                                             -4.527282   data arrival time
---------------------------------------------------------------------------------------------
                                              2.684879   slack (MET)


Startpoint: _708_ (rising edge-triggered flip-flop clocked by wb_clk_i)
Endpoint: _710_ (rising edge-triggered flip-flop clocked by wb_clk_i)
Path Group: wb_clk_i
Path Type: min

Fanout         Cap        Slew       Delay        Time   Description
---------------------------------------------------------------------------------------------
                                  0.000000    0.000000   clock wb_clk_i (rise edge)
                                  0.000000    0.000000   clock source latency
     2    0.147424    1.063065    0.746586    0.746586 ^ wb_clk_i (in)
                                                         wb_clk_i (net)
                      1.073527    0.000000    0.746586 ^ clkbuf_0_wb_clk_i/A (sky130_fd_sc_hd__clkbuf_16)
    17    0.074001    0.154063    0.612494    1.359080 ^ clkbuf_0_wb_clk_i/X (sky130_fd_sc_hd__clkbuf_16)
                                                         clknet_0_wb_clk_i (net)
                      0.154089    0.001882    1.360962 ^ clkbuf_3_1_0_wb_clk_i/A (sky130_fd_sc_hd__clkbuf_8)
    11    0.035047    0.117914    0.291777    1.652739 ^ clkbuf_3_1_0_wb_clk_i/X (sky130_fd_sc_hd__clkbuf_8)
                                                         clknet_3_1_0_wb_clk_i (net)
                      0.117914    0.000332    1.653071 ^ _708_/CLK (sky130_fd_sc_hd__dfrtp_2)
     2    0.004576    0.084998    0.677117    2.330188 ^ _708_/Q (sky130_fd_sc_hd__dfrtp_2)
                                                         timer.scan_div[14] (net)
                      0.084998    0.000026    2.330214 ^ _525_/C (sky130_fd_sc_hd__and4_2)
     4    0.011876    0.167969    0.515515    2.845729 ^ _525_/X (sky130_fd_sc_hd__and4_2)
                                                         _291_ (net)
                      0.167969    0.000120    2.845849 ^ _526_/B (sky130_fd_sc_hd__and2_2)
     6    0.034122    0.294639    0.467114    3.312963 ^ _526_/X (sky130_fd_sc_hd__and2_2)
                                                         _292_ (net)
                      0.294639    0.000619    3.313581 ^ _528_/B (sky130_fd_sc_hd__xor2_2)
     1    0.001612    0.048820    0.168562    3.482143 v _528_/X (sky130_fd_sc_hd__xor2_2)
                                                         _008_ (net)
                      0.048820    0.000006    3.482149 v hold132/A (sky130_fd_sc_hd__dlygate4sd3_1)
     1    0.002321    0.104636    1.050926    4.533075 v hold132/X (sky130_fd_sc_hd__dlygate4sd3_1)
                                                         net132 (net)
                      0.104636    0.000020    4.533096 v _710_/D (sky130_fd_sc_hd__dfrtp_2)
                                              4.533096   data arrival time

                                  0.000000    0.000000   clock wb_clk_i (rise edge)
                                  0.000000    0.000000   clock source latency
     2    0.147424    1.063065    0.825174    0.825174 ^ wb_clk_i (in)
                                                         wb_clk_i (net)
                      1.073527    0.000000    0.825174 ^ clkbuf_0_wb_clk_i/A (sky130_fd_sc_hd__clkbuf_16)
    17    0.074001    0.154063    0.676967    1.502141 ^ clkbuf_0_wb_clk_i/X (sky130_fd_sc_hd__clkbuf_16)
                                                         clknet_0_wb_clk_i (net)
                      0.154112    0.002652    1.504793 ^ clkbuf_3_0_0_wb_clk_i/A (sky130_fd_sc_hd__clkbuf_8)
    11    0.033860    0.115090    0.320204    1.824997 ^ clkbuf_3_0_0_wb_clk_i/X (sky130_fd_sc_hd__clkbuf_8)
                                                         clknet_3_0_0_wb_clk_i (net)
                      0.115090    0.000255    1.825252 ^ _710_/CLK (sky130_fd_sc_hd__dfrtp_2)
                                  0.250000    2.075252   clock uncertainty
                                 -0.143061    1.932191   clock reconvergence pessimism
                                 -0.091408    1.840783   library hold time
                                              1.840783   data required time
---------------------------------------------------------------------------------------------
                                              1.840783   data required time
                                             -4.533096   data arrival time
---------------------------------------------------------------------------------------------
                                              2.692313   slack (MET)


Startpoint: _689_ (rising edge-triggered flip-flop clocked by wb_clk_i)
Endpoint: _685_ (rising edge-triggered flip-flop clocked by wb_clk_i)
Path Group: wb_clk_i
Path Type: min

Fanout         Cap        Slew       Delay        Time   Description
---------------------------------------------------------------------------------------------
                                  0.000000    0.000000   clock wb_clk_i (rise edge)
                                  0.000000    0.000000   clock source latency
     2    0.147424    1.063065    0.746586    0.746586 ^ wb_clk_i (in)
                                                         wb_clk_i (net)
                      1.073527    0.000000    0.746586 ^ clkbuf_0_wb_clk_i/A (sky130_fd_sc_hd__clkbuf_16)
    17    0.074001    0.154063    0.612494    1.359080 ^ clkbuf_0_wb_clk_i/X (sky130_fd_sc_hd__clkbuf_16)
                                                         clknet_0_wb_clk_i (net)
                      0.154090    0.001908    1.360989 ^ clkbuf_3_7_0_wb_clk_i/A (sky130_fd_sc_hd__clkbuf_8)
    12    0.034773    0.117264    0.291280    1.652268 ^ clkbuf_3_7_0_wb_clk_i/X (sky130_fd_sc_hd__clkbuf_8)
                                                         clknet_3_7_0_wb_clk_i (net)
                      0.117264    0.000375    1.652643 ^ _689_/CLK (sky130_fd_sc_hd__dfrtp_2)
     5    0.017742    0.172026    0.765260    2.417903 ^ _689_/Q (sky130_fd_sc_hd__dfrtp_2)
                                                         timer.sec_ones[0] (net)
                      0.172026    0.000240    2.418143 ^ _343_/B (sky130_fd_sc_hd__and4b_2)
     3    0.009818    0.152041    0.516927    2.935070 ^ _343_/X (sky130_fd_sc_hd__and4b_2)
                                                         _178_ (net)
                      0.152041    0.000069    2.935138 ^ _344_/B (sky130_fd_sc_hd__and2b_2)
     5    0.026780    0.230447    0.423476    3.358615 ^ _344_/X (sky130_fd_sc_hd__and2b_2)
                                                         _179_ (net)
                      0.230447    0.000449    3.359063 ^ _361_/B (sky130_fd_sc_hd__xnor2_2)
     1    0.002117    0.053137    0.227106    3.586169 ^ _361_/Y (sky130_fd_sc_hd__xnor2_2)
                                                         _160_ (net)
                      0.053137    0.000011    3.586180 ^ hold175/A (sky130_fd_sc_hd__dlygate4sd3_1)
     1    0.002489    0.088066    0.977270    4.563450 ^ hold175/X (sky130_fd_sc_hd__dlygate4sd3_1)
                                                         net175 (net)
                      0.088066    0.000024    4.563475 ^ _685_/D (sky130_fd_sc_hd__dfrtp_2)
                                              4.563475   data arrival time

                                  0.000000    0.000000   clock wb_clk_i (rise edge)
                                  0.000000    0.000000   clock source latency
     2    0.147424    1.063065    0.825174    0.825174 ^ wb_clk_i (in)
                                                         wb_clk_i (net)
                      1.073527    0.000000    0.825174 ^ clkbuf_0_wb_clk_i/A (sky130_fd_sc_hd__clkbuf_16)
    17    0.074001    0.154063    0.676967    1.502141 ^ clkbuf_0_wb_clk_i/X (sky130_fd_sc_hd__clkbuf_16)
                                                         clknet_0_wb_clk_i (net)
                      0.154096    0.002254    1.504396 ^ clkbuf_3_5_0_wb_clk_i/A (sky130_fd_sc_hd__clkbuf_8)
    11    0.036399    0.121134    0.325170    1.829566 ^ clkbuf_3_5_0_wb_clk_i/X (sky130_fd_sc_hd__clkbuf_8)
                                                         clknet_3_5_0_wb_clk_i (net)
                      0.121134    0.000328    1.829894 ^ _685_/CLK (sky130_fd_sc_hd__dfrtp_2)
                                  0.250000    2.079894   clock uncertainty
                                 -0.143061    1.936833   clock reconvergence pessimism
                                 -0.072614    1.864219   library hold time
                                              1.864219   data required time
---------------------------------------------------------------------------------------------
                                              1.864219   data required time
                                             -4.563475   data arrival time
---------------------------------------------------------------------------------------------
                                              2.699255   slack (MET)


Startpoint: _708_ (rising edge-triggered flip-flop clocked by wb_clk_i)
Endpoint: _718_ (rising edge-triggered flip-flop clocked by wb_clk_i)
Path Group: wb_clk_i
Path Type: min

Fanout         Cap        Slew       Delay        Time   Description
---------------------------------------------------------------------------------------------
                                  0.000000    0.000000   clock wb_clk_i (rise edge)
                                  0.000000    0.000000   clock source latency
     2    0.147424    1.063065    0.746586    0.746586 ^ wb_clk_i (in)
                                                         wb_clk_i (net)
                      1.073527    0.000000    0.746586 ^ clkbuf_0_wb_clk_i/A (sky130_fd_sc_hd__clkbuf_16)
    17    0.074001    0.154063    0.612494    1.359080 ^ clkbuf_0_wb_clk_i/X (sky130_fd_sc_hd__clkbuf_16)
                                                         clknet_0_wb_clk_i (net)
                      0.154089    0.001882    1.360962 ^ clkbuf_3_1_0_wb_clk_i/A (sky130_fd_sc_hd__clkbuf_8)
    11    0.035047    0.117914    0.291777    1.652739 ^ clkbuf_3_1_0_wb_clk_i/X (sky130_fd_sc_hd__clkbuf_8)
                                                         clknet_3_1_0_wb_clk_i (net)
                      0.117914    0.000332    1.653071 ^ _708_/CLK (sky130_fd_sc_hd__dfrtp_2)
     2    0.004576    0.084998    0.677117    2.330188 ^ _708_/Q (sky130_fd_sc_hd__dfrtp_2)
                                                         timer.scan_div[14] (net)
                      0.084998    0.000026    2.330214 ^ _525_/C (sky130_fd_sc_hd__and4_2)
     4    0.011876    0.167969    0.515515    2.845729 ^ _525_/X (sky130_fd_sc_hd__and4_2)
                                                         _291_ (net)
                      0.167969    0.000341    2.846070 ^ _546_/B (sky130_fd_sc_hd__and3_2)
     5    0.022895    0.220030    0.499664    3.345734 ^ _546_/X (sky130_fd_sc_hd__and3_2)
                                                         _304_ (net)
                      0.220030    0.000235    3.345969 ^ _549_/B (sky130_fd_sc_hd__xor2_2)
     1    0.001903    0.049671    0.150712    3.496681 v _549_/X (sky130_fd_sc_hd__xor2_2)
                                                         _017_ (net)
                      0.049671    0.000016    3.496697 v hold134/A (sky130_fd_sc_hd__dlygate4sd3_1)
     1    0.002394    0.105442    1.052446    4.549143 v hold134/X (sky130_fd_sc_hd__dlygate4sd3_1)
                                                         net134 (net)
                      0.105442    0.000021    4.549164 v _718_/D (sky130_fd_sc_hd__dfrtp_2)
                                              4.549164   data arrival time

                                  0.000000    0.000000   clock wb_clk_i (rise edge)
                                  0.000000    0.000000   clock source latency
     2    0.147424    1.063065    0.825174    0.825174 ^ wb_clk_i (in)
                                                         wb_clk_i (net)
                      1.073527    0.000000    0.825174 ^ clkbuf_0_wb_clk_i/A (sky130_fd_sc_hd__clkbuf_16)
    17    0.074001    0.154063    0.676967    1.502141 ^ clkbuf_0_wb_clk_i/X (sky130_fd_sc_hd__clkbuf_16)
                                                         clknet_0_wb_clk_i (net)
                      0.154103    0.002457    1.504598 ^ clkbuf_3_2_0_wb_clk_i/A (sky130_fd_sc_hd__clkbuf_8)
    11    0.034623    0.116907    0.321669    1.826267 ^ clkbuf_3_2_0_wb_clk_i/X (sky130_fd_sc_hd__clkbuf_8)
                                                         clknet_3_2_0_wb_clk_i (net)
                      0.116907    0.000409    1.826676 ^ _718_/CLK (sky130_fd_sc_hd__dfrtp_2)
                                  0.250000    2.076676   clock uncertainty
                                 -0.143061    1.933615   clock reconvergence pessimism
                                 -0.091263    1.842352   library hold time
                                              1.842352   data required time
---------------------------------------------------------------------------------------------
                                              1.842352   data required time
                                             -4.549164   data arrival time
---------------------------------------------------------------------------------------------
                                              2.706813   slack (MET)


Startpoint: _733_ (rising edge-triggered flip-flop clocked by wb_clk_i)
Endpoint: _736_ (rising edge-triggered flip-flop clocked by wb_clk_i)
Path Group: wb_clk_i
Path Type: min

Fanout         Cap        Slew       Delay        Time   Description
---------------------------------------------------------------------------------------------
                                  0.000000    0.000000   clock wb_clk_i (rise edge)
                                  0.000000    0.000000   clock source latency
     2    0.147424    1.063065    0.746586    0.746586 ^ wb_clk_i (in)
                                                         wb_clk_i (net)
                      1.073527    0.000000    0.746586 ^ clkbuf_0_wb_clk_i/A (sky130_fd_sc_hd__clkbuf_16)
    17    0.074001    0.154063    0.612494    1.359080 ^ clkbuf_0_wb_clk_i/X (sky130_fd_sc_hd__clkbuf_16)
                                                         clknet_0_wb_clk_i (net)
                      0.154070    0.001168    1.360249 ^ clkbuf_3_6_0_wb_clk_i/A (sky130_fd_sc_hd__clkbuf_8)
    12    0.036041    0.120291    0.293444    1.653693 ^ clkbuf_3_6_0_wb_clk_i/X (sky130_fd_sc_hd__clkbuf_8)
                                                         clknet_3_6_0_wb_clk_i (net)
                      0.120291    0.000275    1.653968 ^ _733_/CLK (sky130_fd_sc_hd__dfrtp_2)
     2    0.005791    0.090506    0.688964    2.342932 ^ _733_/Q (sky130_fd_sc_hd__dfrtp_2)
                                                         timer.sec_div[6] (net)
                      0.090506    0.000082    2.343014 ^ _427_/C (sky130_fd_sc_hd__and4_2)
     3    0.007154    0.132071    0.478476    2.821490 ^ _427_/X (sky130_fd_sc_hd__and4_2)
                                                         _233_ (net)
                      0.132071    0.000071    2.821561 ^ _428_/B (sky130_fd_sc_hd__and2_2)
     4    0.016198    0.163069    0.357435    3.178996 ^ _428_/X (sky130_fd_sc_hd__and2_2)
                                                         _234_ (net)
                      0.163069    0.000031    3.179026 ^ _430_/B (sky130_fd_sc_hd__nand2_2)
     3    0.013281    0.129977    0.179214    3.358240 v _430_/Y (sky130_fd_sc_hd__nand2_2)
                                                         _235_ (net)
                      0.129977    0.000128    3.358368 v _434_/A2 (sky130_fd_sc_hd__a21oi_2)
     1    0.003226    0.118705    0.224328    3.582696 ^ _434_/Y (sky130_fd_sc_hd__a21oi_2)
                                                         _065_ (net)
                      0.118705    0.000041    3.582737 ^ hold155/A (sky130_fd_sc_hd__dlygate4sd3_1)
     1    0.002704    0.090573    1.006003    4.588740 ^ hold155/X (sky130_fd_sc_hd__dlygate4sd3_1)
                                                         net155 (net)
                      0.090573    0.000027    4.588767 ^ _736_/D (sky130_fd_sc_hd__dfrtp_2)
                                              4.588767   data arrival time

                                  0.000000    0.000000   clock wb_clk_i (rise edge)
                                  0.000000    0.000000   clock source latency
     2    0.147424    1.063065    0.825174    0.825174 ^ wb_clk_i (in)
                                                         wb_clk_i (net)
                      1.073527    0.000000    0.825174 ^ clkbuf_0_wb_clk_i/A (sky130_fd_sc_hd__clkbuf_16)
    17    0.074001    0.154063    0.676967    1.502141 ^ clkbuf_0_wb_clk_i/X (sky130_fd_sc_hd__clkbuf_16)
                                                         clknet_0_wb_clk_i (net)
                      0.154075    0.001578    1.503719 ^ clkbuf_3_4_0_wb_clk_i/A (sky130_fd_sc_hd__clkbuf_8)
    11    0.035340    0.118617    0.323034    1.826753 ^ clkbuf_3_4_0_wb_clk_i/X (sky130_fd_sc_hd__clkbuf_8)
                                                         clknet_3_4_0_wb_clk_i (net)
                      0.118617    0.000480    1.827233 ^ _736_/CLK (sky130_fd_sc_hd__dfrtp_2)
                                  0.250000    2.077233   clock uncertainty
                                 -0.143061    1.934172   clock reconvergence pessimism
                                 -0.073598    1.860574   library hold time
                                              1.860574   data required time
---------------------------------------------------------------------------------------------
                                              1.860574   data required time
                                             -4.588767   data arrival time
---------------------------------------------------------------------------------------------
                                              2.728193   slack (MET)


Startpoint: _735_ (rising edge-triggered flip-flop clocked by wb_clk_i)
Endpoint: _741_ (rising edge-triggered flip-flop clocked by wb_clk_i)
Path Group: wb_clk_i
Path Type: min

Fanout         Cap        Slew       Delay        Time   Description
---------------------------------------------------------------------------------------------
                                  0.000000    0.000000   clock wb_clk_i (rise edge)
                                  0.000000    0.000000   clock source latency
     2    0.147424    1.063065    0.746586    0.746586 ^ wb_clk_i (in)
                                                         wb_clk_i (net)
                      1.073527    0.000000    0.746586 ^ clkbuf_0_wb_clk_i/A (sky130_fd_sc_hd__clkbuf_16)
    17    0.074001    0.154063    0.612494    1.359080 ^ clkbuf_0_wb_clk_i/X (sky130_fd_sc_hd__clkbuf_16)
                                                         clknet_0_wb_clk_i (net)
                      0.154096    0.002040    1.361120 ^ clkbuf_3_5_0_wb_clk_i/A (sky130_fd_sc_hd__clkbuf_8)
    11    0.036399    0.121134    0.294202    1.655322 ^ clkbuf_3_5_0_wb_clk_i/X (sky130_fd_sc_hd__clkbuf_8)
                                                         clknet_3_5_0_wb_clk_i (net)
                      0.121134    0.000274    1.655596 ^ _735_/CLK (sky130_fd_sc_hd__dfrtp_2)
     3    0.007464    0.097278    0.810808    2.466403 v _735_/Q (sky130_fd_sc_hd__dfrtp_2)
                                                         timer.sec_div[8] (net)
                      0.097278    0.000095    2.466499 v _438_/A (sky130_fd_sc_hd__and4_2)
     2    0.004265    0.072196    0.371714    2.838212 v _438_/X (sky130_fd_sc_hd__and4_2)
                                                         _240_ (net)
                      0.072196    0.000035    2.838247 v _445_/C (sky130_fd_sc_hd__and4_2)
     9    0.031580    0.177901    0.570504    3.408751 v _445_/X (sky130_fd_sc_hd__and4_2)
                                                         _245_ (net)
                      0.177902    0.000794    3.409545 v _447_/B (sky130_fd_sc_hd__xor2_2)
     1    0.001788    0.093367    0.200267    3.609813 ^ _447_/X (sky130_fd_sc_hd__xor2_2)
                                                         _039_ (net)
                      0.093367    0.000007    3.609820 ^ hold88/A (sky130_fd_sc_hd__dlygate4sd3_1)
     1    0.002344    0.089414    0.991272    4.601092 ^ hold88/X (sky130_fd_sc_hd__dlygate4sd3_1)
                                                         net88 (net)
                      0.089414    0.000020    4.601112 ^ _741_/D (sky130_fd_sc_hd__dfrtp_2)
                                              4.601112   data arrival time

                                  0.000000    0.000000   clock wb_clk_i (rise edge)
                                  0.000000    0.000000   clock source latency
     2    0.147424    1.063065    0.825174    0.825174 ^ wb_clk_i (in)
                                                         wb_clk_i (net)
                      1.073527    0.000000    0.825174 ^ clkbuf_0_wb_clk_i/A (sky130_fd_sc_hd__clkbuf_16)
    17    0.074001    0.154063    0.676967    1.502141 ^ clkbuf_0_wb_clk_i/X (sky130_fd_sc_hd__clkbuf_16)
                                                         clknet_0_wb_clk_i (net)
                      0.154070    0.001291    1.503433 ^ clkbuf_3_6_0_wb_clk_i/A (sky130_fd_sc_hd__clkbuf_8)
    12    0.036041    0.120291    0.324333    1.827766 ^ clkbuf_3_6_0_wb_clk_i/X (sky130_fd_sc_hd__clkbuf_8)
                                                         clknet_3_6_0_wb_clk_i (net)
                      0.120292    0.000621    1.828386 ^ _741_/CLK (sky130_fd_sc_hd__dfrtp_2)
                                  0.250000    2.078386   clock uncertainty
                                 -0.143061    1.935325   clock reconvergence pessimism
                                 -0.073059    1.862266   library hold time
                                              1.862266   data required time
---------------------------------------------------------------------------------------------
                                              1.862266   data required time
                                             -4.601112   data arrival time
---------------------------------------------------------------------------------------------
                                              2.738846   slack (MET)


Startpoint: _698_ (rising edge-triggered flip-flop clocked by wb_clk_i)
Endpoint: _702_ (rising edge-triggered flip-flop clocked by wb_clk_i)
Path Group: wb_clk_i
Path Type: min

Fanout         Cap        Slew       Delay        Time   Description
---------------------------------------------------------------------------------------------
                                  0.000000    0.000000   clock wb_clk_i (rise edge)
                                  0.000000    0.000000   clock source latency
     2    0.147424    1.063065    0.746586    0.746586 ^ wb_clk_i (in)
                                                         wb_clk_i (net)
                      1.073527    0.000000    0.746586 ^ clkbuf_0_wb_clk_i/A (sky130_fd_sc_hd__clkbuf_16)
    17    0.074001    0.154063    0.612494    1.359080 ^ clkbuf_0_wb_clk_i/X (sky130_fd_sc_hd__clkbuf_16)
                                                         clknet_0_wb_clk_i (net)
                      0.154089    0.001882    1.360962 ^ clkbuf_3_1_0_wb_clk_i/A (sky130_fd_sc_hd__clkbuf_8)
    11    0.035047    0.117914    0.291777    1.652739 ^ clkbuf_3_1_0_wb_clk_i/X (sky130_fd_sc_hd__clkbuf_8)
                                                         clknet_3_1_0_wb_clk_i (net)
                      0.117914    0.000406    1.653145 ^ _698_/CLK (sky130_fd_sc_hd__dfrtp_2)
     2    0.005687    0.089938    0.687232    2.340377 ^ _698_/Q (sky130_fd_sc_hd__dfrtp_2)
                                                         timer.scan_div[4] (net)
                      0.089938    0.000080    2.340457 ^ _499_/B (sky130_fd_sc_hd__and2_2)
     4    0.009403    0.113215    0.299857    2.640315 ^ _499_/X (sky130_fd_sc_hd__and2_2)
                                                         _275_ (net)
                      0.113215    0.000061    2.640375 ^ _506_/B (sky130_fd_sc_hd__and3_2)
     4    0.012220    0.147389    0.413128    3.053503 ^ _506_/X (sky130_fd_sc_hd__and3_2)
                                                         _280_ (net)
                      0.147389    0.000113    3.053616 ^ _508_/B (sky130_fd_sc_hd__and2_2)
     3    0.021010    0.195811    0.390127    3.443743 ^ _508_/X (sky130_fd_sc_hd__and2_2)
                                                         _281_ (net)
                      0.195811    0.000108    3.443851 ^ _510_/A (sky130_fd_sc_hd__nor2_2)
     1    0.001746    0.033109    0.103725    3.547576 v _510_/Y (sky130_fd_sc_hd__nor2_2)
                                                         _031_ (net)
                      0.033109    0.000008    3.547583 v hold116/A (sky130_fd_sc_hd__dlygate4sd3_1)
     1    0.002689    0.108805    1.050416    4.598000 v hold116/X (sky130_fd_sc_hd__dlygate4sd3_1)
                                                         net116 (net)
                      0.108805    0.000027    4.598026 v _702_/D (sky130_fd_sc_hd__dfrtp_2)
                                              4.598026   data arrival time

                                  0.000000    0.000000   clock wb_clk_i (rise edge)
                                  0.000000    0.000000   clock source latency
     2    0.147424    1.063065    0.825174    0.825174 ^ wb_clk_i (in)
                                                         wb_clk_i (net)
                      1.073527    0.000000    0.825174 ^ clkbuf_0_wb_clk_i/A (sky130_fd_sc_hd__clkbuf_16)
    17    0.074001    0.154063    0.676967    1.502141 ^ clkbuf_0_wb_clk_i/X (sky130_fd_sc_hd__clkbuf_16)
                                                         clknet_0_wb_clk_i (net)
                      0.154075    0.001553    1.503695 ^ clkbuf_3_3_0_wb_clk_i/A (sky130_fd_sc_hd__clkbuf_8)
    11    0.035092    0.118021    0.322579    1.826274 ^ clkbuf_3_3_0_wb_clk_i/X (sky130_fd_sc_hd__clkbuf_8)
                                                         clknet_3_3_0_wb_clk_i (net)
                      0.118021    0.000256    1.826530 ^ _702_/CLK (sky130_fd_sc_hd__dfrtp_2)
                                  0.250000    2.076530   clock uncertainty
                                 -0.143061    1.933469   clock reconvergence pessimism
                                 -0.092225    1.841244   library hold time
                                              1.841244   data required time
---------------------------------------------------------------------------------------------
                                              1.841244   data required time
                                             -4.598026   data arrival time
---------------------------------------------------------------------------------------------
                                              2.756783   slack (MET)


Startpoint: _683_ (rising edge-triggered flip-flop clocked by wb_clk_i)
Endpoint: _677_ (rising edge-triggered flip-flop clocked by wb_clk_i)
Path Group: wb_clk_i
Path Type: min

Fanout         Cap        Slew       Delay        Time   Description
---------------------------------------------------------------------------------------------
                                  0.000000    0.000000   clock wb_clk_i (rise edge)
                                  0.000000    0.000000   clock source latency
     2    0.147424    1.063065    0.746586    0.746586 ^ wb_clk_i (in)
                                                         wb_clk_i (net)
                      1.073527    0.000000    0.746586 ^ clkbuf_0_wb_clk_i/A (sky130_fd_sc_hd__clkbuf_16)
    17    0.074001    0.154063    0.612494    1.359080 ^ clkbuf_0_wb_clk_i/X (sky130_fd_sc_hd__clkbuf_16)
                                                         clknet_0_wb_clk_i (net)
                      0.154096    0.002040    1.361120 ^ clkbuf_3_5_0_wb_clk_i/A (sky130_fd_sc_hd__clkbuf_8)
    11    0.036399    0.121134    0.294202    1.655322 ^ clkbuf_3_5_0_wb_clk_i/X (sky130_fd_sc_hd__clkbuf_8)
                                                         clknet_3_5_0_wb_clk_i (net)
                      0.121134    0.000430    1.655752 ^ _683_/CLK (sky130_fd_sc_hd__dfrtp_2)
     3    0.012896    0.138581    0.735445    2.391197 ^ _683_/Q (sky130_fd_sc_hd__dfrtp_2)
                                                         timer.min_ones[2] (net)
                      0.138581    0.000208    2.391404 ^ _364_/A_N (sky130_fd_sc_hd__and2b_2)
     3    0.009725    0.098119    0.484084    2.875489 v _364_/X (sky130_fd_sc_hd__and2b_2)
                                                         _191_ (net)
                      0.098119    0.000077    2.875566 v _374_/C (sky130_fd_sc_hd__and4_2)
     5    0.020294    0.136705    0.542969    3.418535 v _374_/X (sky130_fd_sc_hd__and4_2)
                                                         _197_ (net)
                      0.136705    0.000137    3.418671 v _383_/A (sky130_fd_sc_hd__nor2_2)
     1    0.003442    0.111804    0.183173    3.601845 ^ _383_/Y (sky130_fd_sc_hd__nor2_2)
                                                         _152_ (net)
                      0.111804    0.000047    3.601891 ^ hold69/A (sky130_fd_sc_hd__dlygate4sd3_1)
     1    0.002380    0.089921    0.998710    4.600602 ^ hold69/X (sky130_fd_sc_hd__dlygate4sd3_1)
                                                         net69 (net)
                      0.089921    0.000021    4.600623 ^ _677_/D (sky130_fd_sc_hd__dfrtp_2)
                                              4.600623   data arrival time

                                  0.000000    0.000000   clock wb_clk_i (rise edge)
                                  0.000000    0.000000   clock source latency
     2    0.147424    1.063065    0.825174    0.825174 ^ wb_clk_i (in)
                                                         wb_clk_i (net)
                      1.073527    0.000000    0.825174 ^ clkbuf_0_wb_clk_i/A (sky130_fd_sc_hd__clkbuf_16)
    17    0.074001    0.154063    0.676967    1.502141 ^ clkbuf_0_wb_clk_i/X (sky130_fd_sc_hd__clkbuf_16)
                                                         clknet_0_wb_clk_i (net)
                      0.154096    0.002254    1.504396 ^ clkbuf_3_5_0_wb_clk_i/A (sky130_fd_sc_hd__clkbuf_8)
    11    0.036399    0.121134    0.325170    1.829566 ^ clkbuf_3_5_0_wb_clk_i/X (sky130_fd_sc_hd__clkbuf_8)
                                                         clknet_3_5_0_wb_clk_i (net)
                      0.121134    0.000449    1.830016 ^ _677_/CLK (sky130_fd_sc_hd__dfrtp_2)
                                  0.250000    2.080016   clock uncertainty
                                 -0.174244    1.905771   clock reconvergence pessimism
                                 -0.073036    1.832735   library hold time
                                              1.832735   data required time
---------------------------------------------------------------------------------------------
                                              1.832735   data required time
                                             -4.600623   data arrival time
---------------------------------------------------------------------------------------------
                                              2.767888   slack (MET)


Startpoint: _705_ (rising edge-triggered flip-flop clocked by wb_clk_i)
Endpoint: _705_ (rising edge-triggered flip-flop clocked by wb_clk_i)
Path Group: wb_clk_i
Path Type: min

Fanout         Cap        Slew       Delay        Time   Description
---------------------------------------------------------------------------------------------
                                  0.000000    0.000000   clock wb_clk_i (rise edge)
                                  0.000000    0.000000   clock source latency
     2    0.147424    1.063065    0.746586    0.746586 ^ wb_clk_i (in)
                                                         wb_clk_i (net)
                      1.073527    0.000000    0.746586 ^ clkbuf_0_wb_clk_i/A (sky130_fd_sc_hd__clkbuf_16)
    17    0.074001    0.154063    0.612494    1.359080 ^ clkbuf_0_wb_clk_i/X (sky130_fd_sc_hd__clkbuf_16)
                                                         clknet_0_wb_clk_i (net)
                      0.154075    0.001405    1.360486 ^ clkbuf_3_3_0_wb_clk_i/A (sky130_fd_sc_hd__clkbuf_8)
    11    0.035092    0.118021    0.291858    1.652343 ^ clkbuf_3_3_0_wb_clk_i/X (sky130_fd_sc_hd__clkbuf_8)
                                                         clknet_3_3_0_wb_clk_i (net)
                      0.118021    0.000287    1.652631 ^ _705_/CLK (sky130_fd_sc_hd__dfrtp_2)
     1    0.001978    0.064347    0.652546    2.305176 ^ _705_/Q (sky130_fd_sc_hd__dfrtp_2)
                                                         timer.scan_div[11] (net)
                      0.064347    0.000016    2.305193 ^ hold83/A (sky130_fd_sc_hd__dlygate4sd3_1)
     3    0.007684    0.157198    1.047210    3.352402 ^ hold83/X (sky130_fd_sc_hd__dlygate4sd3_1)
                                                         net83 (net)
                      0.157198    0.000069    3.352471 ^ _517_/A1 (sky130_fd_sc_hd__o21ba_2)
     1    0.002343    0.055832    0.284878    3.637350 ^ _517_/X (sky130_fd_sc_hd__o21ba_2)
                                                         _003_ (net)
                      0.055832    0.000022    3.637372 ^ hold84/A (sky130_fd_sc_hd__dlygate4sd3_1)
     1    0.002219    0.087626    0.974446    4.611818 ^ hold84/X (sky130_fd_sc_hd__dlygate4sd3_1)
                                                         net84 (net)
                      0.087626    0.000019    4.611837 ^ _705_/D (sky130_fd_sc_hd__dfrtp_2)
                                              4.611837   data arrival time

                                  0.000000    0.000000   clock wb_clk_i (rise edge)
                                  0.000000    0.000000   clock source latency
     2    0.147424    1.063065    0.825174    0.825174 ^ wb_clk_i (in)
                                                         wb_clk_i (net)
                      1.073527    0.000000    0.825174 ^ clkbuf_0_wb_clk_i/A (sky130_fd_sc_hd__clkbuf_16)
    17    0.074001    0.154063    0.676967    1.502141 ^ clkbuf_0_wb_clk_i/X (sky130_fd_sc_hd__clkbuf_16)
                                                         clknet_0_wb_clk_i (net)
                      0.154075    0.001553    1.503695 ^ clkbuf_3_3_0_wb_clk_i/A (sky130_fd_sc_hd__clkbuf_8)
    11    0.035092    0.118021    0.322579    1.826274 ^ clkbuf_3_3_0_wb_clk_i/X (sky130_fd_sc_hd__clkbuf_8)
                                                         clknet_3_3_0_wb_clk_i (net)
                      0.118021    0.000317    1.826591 ^ _705_/CLK (sky130_fd_sc_hd__dfrtp_2)
                                  0.250000    2.076591   clock uncertainty
                                 -0.173961    1.902631   clock reconvergence pessimism
                                 -0.073026    1.829605   library hold time
                                              1.829605   data required time
---------------------------------------------------------------------------------------------
                                              1.829605   data required time
                                             -4.611837   data arrival time
---------------------------------------------------------------------------------------------
                                              2.782232   slack (MET)


Startpoint: _740_ (rising edge-triggered flip-flop clocked by wb_clk_i)
Endpoint: _740_ (rising edge-triggered flip-flop clocked by wb_clk_i)
Path Group: wb_clk_i
Path Type: min

Fanout         Cap        Slew       Delay        Time   Description
---------------------------------------------------------------------------------------------
                                  0.000000    0.000000   clock wb_clk_i (rise edge)
                                  0.000000    0.000000   clock source latency
     2    0.147424    1.063065    0.746586    0.746586 ^ wb_clk_i (in)
                                                         wb_clk_i (net)
                      1.073527    0.000000    0.746586 ^ clkbuf_0_wb_clk_i/A (sky130_fd_sc_hd__clkbuf_16)
    17    0.074001    0.154063    0.612494    1.359080 ^ clkbuf_0_wb_clk_i/X (sky130_fd_sc_hd__clkbuf_16)
                                                         clknet_0_wb_clk_i (net)
                      0.154075    0.001428    1.360508 ^ clkbuf_3_4_0_wb_clk_i/A (sky130_fd_sc_hd__clkbuf_8)
    11    0.035340    0.118617    0.292269    1.652777 ^ clkbuf_3_4_0_wb_clk_i/X (sky130_fd_sc_hd__clkbuf_8)
                                                         clknet_3_4_0_wb_clk_i (net)
                      0.118617    0.000274    1.653051 ^ _740_/CLK (sky130_fd_sc_hd__dfrtp_2)
     1    0.002271    0.066265    0.655581    2.308632 ^ _740_/Q (sky130_fd_sc_hd__dfrtp_2)
                                                         timer.sec_div[13] (net)
                      0.066265    0.000023    2.308655 ^ hold94/A (sky130_fd_sc_hd__dlygate4sd3_1)
     3    0.007835    0.159251    1.049727    3.358382 ^ hold94/X (sky130_fd_sc_hd__dlygate4sd3_1)
                                                         net94 (net)
                      0.159251    0.000018    3.358400 ^ _446_/A1 (sky130_fd_sc_hd__o21ba_2)
     1    0.002461    0.056818    0.286629    3.645029 ^ _446_/X (sky130_fd_sc_hd__o21ba_2)
                                                         _038_ (net)
                      0.056818    0.000025    3.645054 ^ hold95/A (sky130_fd_sc_hd__dlygate4sd3_1)
     1    0.002114    0.086170    0.973324    4.618378 ^ hold95/X (sky130_fd_sc_hd__dlygate4sd3_1)
                                                         net95 (net)
                      0.086170    0.000018    4.618396 ^ _740_/D (sky130_fd_sc_hd__dfrtp_2)
                                              4.618396   data arrival time

                                  0.000000    0.000000   clock wb_clk_i (rise edge)
                                  0.000000    0.000000   clock source latency
     2    0.147424    1.063065    0.825174    0.825174 ^ wb_clk_i (in)
                                                         wb_clk_i (net)
                      1.073527    0.000000    0.825174 ^ clkbuf_0_wb_clk_i/A (sky130_fd_sc_hd__clkbuf_16)
    17    0.074001    0.154063    0.676967    1.502141 ^ clkbuf_0_wb_clk_i/X (sky130_fd_sc_hd__clkbuf_16)
                                                         clknet_0_wb_clk_i (net)
                      0.154075    0.001578    1.503719 ^ clkbuf_3_4_0_wb_clk_i/A (sky130_fd_sc_hd__clkbuf_8)
    11    0.035340    0.118617    0.323034    1.826753 ^ clkbuf_3_4_0_wb_clk_i/X (sky130_fd_sc_hd__clkbuf_8)
                                                         clknet_3_4_0_wb_clk_i (net)
                      0.118617    0.000302    1.827056 ^ _740_/CLK (sky130_fd_sc_hd__dfrtp_2)
                                  0.250000    2.077055   clock uncertainty
                                 -0.174005    1.903050   clock reconvergence pessimism
                                 -0.072597    1.830454   library hold time
                                              1.830454   data required time
---------------------------------------------------------------------------------------------
                                              1.830454   data required time
                                             -4.618396   data arrival time
---------------------------------------------------------------------------------------------
                                              2.787942   slack (MET)


Startpoint: _718_ (rising edge-triggered flip-flop clocked by wb_clk_i)
Endpoint: _722_ (rising edge-triggered flip-flop clocked by wb_clk_i)
Path Group: wb_clk_i
Path Type: min

Fanout         Cap        Slew       Delay        Time   Description
---------------------------------------------------------------------------------------------
                                  0.000000    0.000000   clock wb_clk_i (rise edge)
                                  0.000000    0.000000   clock source latency
     2    0.147424    1.063065    0.746586    0.746586 ^ wb_clk_i (in)
                                                         wb_clk_i (net)
                      1.073527    0.000000    0.746586 ^ clkbuf_0_wb_clk_i/A (sky130_fd_sc_hd__clkbuf_16)
    17    0.074001    0.154063    0.612494    1.359080 ^ clkbuf_0_wb_clk_i/X (sky130_fd_sc_hd__clkbuf_16)
                                                         clknet_0_wb_clk_i (net)
                      0.154103    0.002223    1.361303 ^ clkbuf_3_2_0_wb_clk_i/A (sky130_fd_sc_hd__clkbuf_8)
    11    0.034623    0.116907    0.291034    1.652337 ^ clkbuf_3_2_0_wb_clk_i/X (sky130_fd_sc_hd__clkbuf_8)
                                                         clknet_3_2_0_wb_clk_i (net)
                      0.116907    0.000370    1.652707 ^ _718_/CLK (sky130_fd_sc_hd__dfrtp_2)
     4    0.012925    0.122811    0.840616    2.493323 v _718_/Q (sky130_fd_sc_hd__dfrtp_2)
                                                         timer.scan_div[24] (net)
                      0.122811    0.000205    2.493528 v _553_/A (sky130_fd_sc_hd__and4_2)
     1    0.003399    0.068210    0.376566    2.870095 v _553_/X (sky130_fd_sc_hd__and4_2)
                                                         _307_ (net)
                      0.068210    0.000059    2.870154 v _554_/D (sky130_fd_sc_hd__and4_2)
     5    0.026429    0.158763    0.572284    3.442438 v _554_/X (sky130_fd_sc_hd__and4_2)
                                                         _308_ (net)
                      0.158763    0.000562    3.443000 v _557_/B (sky130_fd_sc_hd__xor2_2)
     1    0.003006    0.112344    0.208185    3.651185 ^ _557_/X (sky130_fd_sc_hd__xor2_2)
                                                         _021_ (net)
                      0.112344    0.000038    3.651222 ^ hold118/A (sky130_fd_sc_hd__dlygate4sd3_1)
     1    0.002309    0.088938    0.997886    4.649109 ^ hold118/X (sky130_fd_sc_hd__dlygate4sd3_1)
                                                         net118 (net)
                      0.088938    0.000020    4.649129 ^ _722_/D (sky130_fd_sc_hd__dfrtp_2)
                                              4.649129   data arrival time

                                  0.000000    0.000000   clock wb_clk_i (rise edge)
                                  0.000000    0.000000   clock source latency
     2    0.147424    1.063065    0.825174    0.825174 ^ wb_clk_i (in)
                                                         wb_clk_i (net)
                      1.073527    0.000000    0.825174 ^ clkbuf_0_wb_clk_i/A (sky130_fd_sc_hd__clkbuf_16)
    17    0.074001    0.154063    0.676967    1.502141 ^ clkbuf_0_wb_clk_i/X (sky130_fd_sc_hd__clkbuf_16)
                                                         clknet_0_wb_clk_i (net)
                      0.154112    0.002652    1.504793 ^ clkbuf_3_0_0_wb_clk_i/A (sky130_fd_sc_hd__clkbuf_8)
    11    0.033860    0.115090    0.320204    1.824997 ^ clkbuf_3_0_0_wb_clk_i/X (sky130_fd_sc_hd__clkbuf_8)
                                                         clknet_3_0_0_wb_clk_i (net)
                      0.115091    0.000601    1.825598 ^ _722_/CLK (sky130_fd_sc_hd__dfrtp_2)
                                  0.250000    2.075598   clock uncertainty
                                 -0.143061    1.932537   clock reconvergence pessimism
                                 -0.073805    1.858733   library hold time
                                              1.858733   data required time
---------------------------------------------------------------------------------------------
                                              1.858733   data required time
                                             -4.649129   data arrival time
---------------------------------------------------------------------------------------------
                                              2.790396   slack (MET)


Startpoint: _698_ (rising edge-triggered flip-flop clocked by wb_clk_i)
Endpoint: _703_ (rising edge-triggered flip-flop clocked by wb_clk_i)
Path Group: wb_clk_i
Path Type: min

Fanout         Cap        Slew       Delay        Time   Description
---------------------------------------------------------------------------------------------
                                  0.000000    0.000000   clock wb_clk_i (rise edge)
                                  0.000000    0.000000   clock source latency
     2    0.147424    1.063065    0.746586    0.746586 ^ wb_clk_i (in)
                                                         wb_clk_i (net)
                      1.073527    0.000000    0.746586 ^ clkbuf_0_wb_clk_i/A (sky130_fd_sc_hd__clkbuf_16)
    17    0.074001    0.154063    0.612494    1.359080 ^ clkbuf_0_wb_clk_i/X (sky130_fd_sc_hd__clkbuf_16)
                                                         clknet_0_wb_clk_i (net)
                      0.154089    0.001882    1.360962 ^ clkbuf_3_1_0_wb_clk_i/A (sky130_fd_sc_hd__clkbuf_8)
    11    0.035047    0.117914    0.291777    1.652739 ^ clkbuf_3_1_0_wb_clk_i/X (sky130_fd_sc_hd__clkbuf_8)
                                                         clknet_3_1_0_wb_clk_i (net)
                      0.117914    0.000406    1.653145 ^ _698_/CLK (sky130_fd_sc_hd__dfrtp_2)
     2    0.005687    0.089938    0.687232    2.340377 ^ _698_/Q (sky130_fd_sc_hd__dfrtp_2)
                                                         timer.scan_div[4] (net)
                      0.089938    0.000080    2.340457 ^ _499_/B (sky130_fd_sc_hd__and2_2)
     4    0.009403    0.113215    0.299857    2.640315 ^ _499_/X (sky130_fd_sc_hd__and2_2)
                                                         _275_ (net)
                      0.113215    0.000061    2.640375 ^ _506_/B (sky130_fd_sc_hd__and3_2)
     4    0.012220    0.147389    0.413128    3.053503 ^ _506_/X (sky130_fd_sc_hd__and3_2)
                                                         _280_ (net)
                      0.147389    0.000113    3.053616 ^ _508_/B (sky130_fd_sc_hd__and2_2)
     3    0.021010    0.195811    0.390127    3.443743 ^ _508_/X (sky130_fd_sc_hd__and2_2)
                                                         _281_ (net)
                      0.195811    0.000191    3.443933 ^ _511_/B (sky130_fd_sc_hd__xor2_2)
     1    0.001991    0.050039    0.141833    3.585766 v _511_/X (sky130_fd_sc_hd__xor2_2)
                                                         _032_ (net)
                      0.050039    0.000018    3.585784 v hold111/A (sky130_fd_sc_hd__dlygate4sd3_1)
     1    0.002372    0.105194    1.052243    4.638027 v hold111/X (sky130_fd_sc_hd__dlygate4sd3_1)
                                                         net111 (net)
                      0.105194    0.000022    4.638049 v _703_/D (sky130_fd_sc_hd__dfrtp_2)
                                              4.638049   data arrival time

                                  0.000000    0.000000   clock wb_clk_i (rise edge)
                                  0.000000    0.000000   clock source latency
     2    0.147424    1.063065    0.825174    0.825174 ^ wb_clk_i (in)
                                                         wb_clk_i (net)
                      1.073527    0.000000    0.825174 ^ clkbuf_0_wb_clk_i/A (sky130_fd_sc_hd__clkbuf_16)
    17    0.074001    0.154063    0.676967    1.502141 ^ clkbuf_0_wb_clk_i/X (sky130_fd_sc_hd__clkbuf_16)
                                                         clknet_0_wb_clk_i (net)
                      0.154103    0.002457    1.504598 ^ clkbuf_3_2_0_wb_clk_i/A (sky130_fd_sc_hd__clkbuf_8)
    11    0.034623    0.116907    0.321669    1.826267 ^ clkbuf_3_2_0_wb_clk_i/X (sky130_fd_sc_hd__clkbuf_8)
                                                         clknet_3_2_0_wb_clk_i (net)
                      0.116907    0.000506    1.826773 ^ _703_/CLK (sky130_fd_sc_hd__dfrtp_2)
                                  0.250000    2.076773   clock uncertainty
                                 -0.143061    1.933711   clock reconvergence pessimism
                                 -0.091173    1.842539   library hold time
                                              1.842539   data required time
---------------------------------------------------------------------------------------------
                                              1.842539   data required time
                                             -4.638049   data arrival time
---------------------------------------------------------------------------------------------
                                              2.795510   slack (MET)


Startpoint: _751_ (rising edge-triggered flip-flop clocked by wb_clk_i)
Endpoint: _755_ (rising edge-triggered flip-flop clocked by wb_clk_i)
Path Group: wb_clk_i
Path Type: min

Fanout         Cap        Slew       Delay        Time   Description
---------------------------------------------------------------------------------------------
                                  0.000000    0.000000   clock wb_clk_i (rise edge)
                                  0.000000    0.000000   clock source latency
     2    0.147424    1.063065    0.746586    0.746586 ^ wb_clk_i (in)
                                                         wb_clk_i (net)
                      1.073527    0.000000    0.746586 ^ clkbuf_0_wb_clk_i/A (sky130_fd_sc_hd__clkbuf_16)
    17    0.074001    0.154063    0.612494    1.359080 ^ clkbuf_0_wb_clk_i/X (sky130_fd_sc_hd__clkbuf_16)
                                                         clknet_0_wb_clk_i (net)
                      0.154070    0.001168    1.360249 ^ clkbuf_3_6_0_wb_clk_i/A (sky130_fd_sc_hd__clkbuf_8)
    12    0.036041    0.120291    0.293444    1.653693 ^ clkbuf_3_6_0_wb_clk_i/X (sky130_fd_sc_hd__clkbuf_8)
                                                         clknet_3_6_0_wb_clk_i (net)
                      0.120292    0.000619    1.654312 ^ _751_/CLK (sky130_fd_sc_hd__dfrtp_2)
     4    0.011932    0.117721    0.836384    2.490695 v _751_/Q (sky130_fd_sc_hd__dfrtp_2)
                                                         timer.sec_div[24] (net)
                      0.117721    0.000091    2.490787 v _477_/B (sky130_fd_sc_hd__and4_2)
     1    0.004159    0.071692    0.434937    2.925724 v _477_/X (sky130_fd_sc_hd__and4_2)
                                                         _263_ (net)
                      0.071692    0.000060    2.925784 v _478_/D (sky130_fd_sc_hd__and4_2)
     5    0.021551    0.141204    0.556502    3.482285 v _478_/X (sky130_fd_sc_hd__and4_2)
                                                         _264_ (net)
                      0.141204    0.000442    3.482728 v _481_/B (sky130_fd_sc_hd__xor2_2)
     1    0.002215    0.099110    0.191034    3.673761 ^ _481_/X (sky130_fd_sc_hd__xor2_2)
                                                         _054_ (net)
                      0.099110    0.000021    3.673782 ^ hold102/A (sky130_fd_sc_hd__dlygate4sd3_1)
     1    0.002150    0.086716    0.990608    4.664391 ^ hold102/X (sky130_fd_sc_hd__dlygate4sd3_1)
                                                         net102 (net)
                      0.086716    0.000009    4.664399 ^ _755_/D (sky130_fd_sc_hd__dfrtp_2)
                                              4.664399   data arrival time

                                  0.000000    0.000000   clock wb_clk_i (rise edge)
                                  0.000000    0.000000   clock source latency
     2    0.147424    1.063065    0.825174    0.825174 ^ wb_clk_i (in)
                                                         wb_clk_i (net)
                      1.073527    0.000000    0.825174 ^ clkbuf_0_wb_clk_i/A (sky130_fd_sc_hd__clkbuf_16)
    17    0.074001    0.154063    0.676967    1.502141 ^ clkbuf_0_wb_clk_i/X (sky130_fd_sc_hd__clkbuf_16)
                                                         clknet_0_wb_clk_i (net)
                      0.154075    0.001553    1.503695 ^ clkbuf_3_3_0_wb_clk_i/A (sky130_fd_sc_hd__clkbuf_8)
    11    0.035092    0.118021    0.322579    1.826274 ^ clkbuf_3_3_0_wb_clk_i/X (sky130_fd_sc_hd__clkbuf_8)
                                                         clknet_3_3_0_wb_clk_i (net)
                      0.118021    0.000515    1.826789 ^ _755_/CLK (sky130_fd_sc_hd__dfrtp_2)
                                  0.250000    2.076789   clock uncertainty
                                 -0.143061    1.933728   clock reconvergence pessimism
                                 -0.072819    1.860909   library hold time
                                              1.860909   data required time
---------------------------------------------------------------------------------------------
                                              1.860909   data required time
                                             -4.664399   data arrival time
---------------------------------------------------------------------------------------------
                                              2.803490   slack (MET)


Startpoint: _697_ (rising edge-triggered flip-flop clocked by wb_clk_i)
Endpoint: _697_ (rising edge-triggered flip-flop clocked by wb_clk_i)
Path Group: wb_clk_i
Path Type: min

Fanout         Cap        Slew       Delay        Time   Description
---------------------------------------------------------------------------------------------
                                  0.000000    0.000000   clock wb_clk_i (rise edge)
                                  0.000000    0.000000   clock source latency
     2    0.147424    1.063065    0.746586    0.746586 ^ wb_clk_i (in)
                                                         wb_clk_i (net)
                      1.073527    0.000000    0.746586 ^ clkbuf_0_wb_clk_i/A (sky130_fd_sc_hd__clkbuf_16)
    17    0.074001    0.154063    0.612494    1.359080 ^ clkbuf_0_wb_clk_i/X (sky130_fd_sc_hd__clkbuf_16)
                                                         clknet_0_wb_clk_i (net)
                      0.154089    0.001882    1.360962 ^ clkbuf_3_1_0_wb_clk_i/A (sky130_fd_sc_hd__clkbuf_8)
    11    0.035047    0.117914    0.291777    1.652739 ^ clkbuf_3_1_0_wb_clk_i/X (sky130_fd_sc_hd__clkbuf_8)
                                                         clknet_3_1_0_wb_clk_i (net)
                      0.117914    0.000239    1.652978 ^ _697_/CLK (sky130_fd_sc_hd__dfrtp_2)
     1    0.002375    0.066940    0.656250    2.309228 ^ _697_/Q (sky130_fd_sc_hd__dfrtp_2)
                                                         timer.scan_div[3] (net)
                      0.066940    0.000024    2.309252 ^ hold37/A (sky130_fd_sc_hd__dlygate4sd3_1)
     3    0.014446    0.248042    1.123422    3.432674 ^ hold37/X (sky130_fd_sc_hd__dlygate4sd3_1)
                                                         net37 (net)
                      0.248042    0.000144    3.432817 ^ _495_/A (sky130_fd_sc_hd__xnor2_2)
     1    0.002007    0.052585    0.238453    3.671270 ^ _495_/Y (sky130_fd_sc_hd__xnor2_2)
                                                         _026_ (net)
                      0.052585    0.000017    3.671287 ^ hold38/A (sky130_fd_sc_hd__dlygate4sd3_1)
     1    0.002584    0.089110    0.978428    4.649715 ^ hold38/X (sky130_fd_sc_hd__dlygate4sd3_1)
                                                         net38 (net)
                      0.089110    0.000026    4.649741 ^ _697_/D (sky130_fd_sc_hd__dfrtp_2)
                                              4.649741   data arrival time

                                  0.000000    0.000000   clock wb_clk_i (rise edge)
                                  0.000000    0.000000   clock source latency
     2    0.147424    1.063065    0.825174    0.825174 ^ wb_clk_i (in)
                                                         wb_clk_i (net)
                      1.073527    0.000000    0.825174 ^ clkbuf_0_wb_clk_i/A (sky130_fd_sc_hd__clkbuf_16)
    17    0.074001    0.154063    0.676967    1.502141 ^ clkbuf_0_wb_clk_i/X (sky130_fd_sc_hd__clkbuf_16)
                                                         clknet_0_wb_clk_i (net)
                      0.154089    0.002080    1.504221 ^ clkbuf_3_1_0_wb_clk_i/A (sky130_fd_sc_hd__clkbuf_8)
    11    0.035047    0.117914    0.322490    1.826712 ^ clkbuf_3_1_0_wb_clk_i/X (sky130_fd_sc_hd__clkbuf_8)
                                                         clknet_3_1_0_wb_clk_i (net)
                      0.117914    0.000264    1.826975 ^ _697_/CLK (sky130_fd_sc_hd__dfrtp_2)
                                  0.250000    2.076975   clock uncertainty
                                 -0.173997    1.902978   clock reconvergence pessimism
                                 -0.073381    1.829597   library hold time
                                              1.829597   data required time
---------------------------------------------------------------------------------------------
                                              1.829597   data required time
                                             -4.649741   data arrival time
---------------------------------------------------------------------------------------------
                                              2.820144   slack (MET)


Startpoint: _724_ (rising edge-triggered flip-flop clocked by wb_clk_i)
Endpoint: _724_ (rising edge-triggered flip-flop clocked by wb_clk_i)
Path Group: wb_clk_i
Path Type: min

Fanout         Cap        Slew       Delay        Time   Description
---------------------------------------------------------------------------------------------
                                  0.000000    0.000000   clock wb_clk_i (rise edge)
                                  0.000000    0.000000   clock source latency
     2    0.147424    1.063065    0.746586    0.746586 ^ wb_clk_i (in)
                                                         wb_clk_i (net)
                      1.073527    0.000000    0.746586 ^ clkbuf_0_wb_clk_i/A (sky130_fd_sc_hd__clkbuf_16)
    17    0.074001    0.154063    0.612494    1.359080 ^ clkbuf_0_wb_clk_i/X (sky130_fd_sc_hd__clkbuf_16)
                                                         clknet_0_wb_clk_i (net)
                      0.154112    0.002399    1.361480 ^ clkbuf_3_0_0_wb_clk_i/A (sky130_fd_sc_hd__clkbuf_8)
    11    0.033860    0.115090    0.289709    1.651188 ^ clkbuf_3_0_0_wb_clk_i/X (sky130_fd_sc_hd__clkbuf_8)
                                                         clknet_3_0_0_wb_clk_i (net)
                      0.115091    0.000474    1.651663 ^ _724_/CLK (sky130_fd_sc_hd__dfrtp_2)
     2    0.005132    0.086094    0.681109    2.332771 ^ _724_/Q (sky130_fd_sc_hd__dfrtp_2)
                                                         timer.scan_div[30] (net)
                      0.086094    0.000035    2.332806 ^ hold35/A (sky130_fd_sc_hd__dlygate4sd3_1)
     2    0.012177    0.223366    1.107254    3.440061 ^ hold35/X (sky130_fd_sc_hd__dlygate4sd3_1)
                                                         net35 (net)
                      0.223366    0.000060    3.440121 ^ _562_/A (sky130_fd_sc_hd__xnor2_2)
     1    0.002645    0.056803    0.235786    3.675907 ^ _562_/Y (sky130_fd_sc_hd__xnor2_2)
                                                         _024_ (net)
                      0.056803    0.000028    3.675935 ^ hold36/A (sky130_fd_sc_hd__dlygate4sd3_1)
     1    0.002181    0.087102    0.974296    4.650231 ^ hold36/X (sky130_fd_sc_hd__dlygate4sd3_1)
                                                         net36 (net)
                      0.087102    0.000018    4.650249 ^ _724_/D (sky130_fd_sc_hd__dfrtp_2)
                                              4.650249   data arrival time

                                  0.000000    0.000000   clock wb_clk_i (rise edge)
                                  0.000000    0.000000   clock source latency
     2    0.147424    1.063065    0.825174    0.825174 ^ wb_clk_i (in)
                                                         wb_clk_i (net)
                      1.073527    0.000000    0.825174 ^ clkbuf_0_wb_clk_i/A (sky130_fd_sc_hd__clkbuf_16)
    17    0.074001    0.154063    0.676967    1.502141 ^ clkbuf_0_wb_clk_i/X (sky130_fd_sc_hd__clkbuf_16)
                                                         clknet_0_wb_clk_i (net)
                      0.154112    0.002652    1.504793 ^ clkbuf_3_0_0_wb_clk_i/A (sky130_fd_sc_hd__clkbuf_8)
    11    0.033860    0.115090    0.320204    1.824997 ^ clkbuf_3_0_0_wb_clk_i/X (sky130_fd_sc_hd__clkbuf_8)
                                                         clknet_3_0_0_wb_clk_i (net)
                      0.115091    0.000524    1.825522 ^ _724_/CLK (sky130_fd_sc_hd__dfrtp_2)
                                  0.250000    2.075522   clock uncertainty
                                 -0.173859    1.901662   clock reconvergence pessimism
                                 -0.073387    1.828275   library hold time
                                              1.828275   data required time
---------------------------------------------------------------------------------------------
                                              1.828275   data required time
                                             -4.650249   data arrival time
---------------------------------------------------------------------------------------------
                                              2.821974   slack (MET)


Startpoint: _735_ (rising edge-triggered flip-flop clocked by wb_clk_i)
Endpoint: _739_ (rising edge-triggered flip-flop clocked by wb_clk_i)
Path Group: wb_clk_i
Path Type: min

Fanout         Cap        Slew       Delay        Time   Description
---------------------------------------------------------------------------------------------
                                  0.000000    0.000000   clock wb_clk_i (rise edge)
                                  0.000000    0.000000   clock source latency
     2    0.147424    1.063065    0.746586    0.746586 ^ wb_clk_i (in)
                                                         wb_clk_i (net)
                      1.073527    0.000000    0.746586 ^ clkbuf_0_wb_clk_i/A (sky130_fd_sc_hd__clkbuf_16)
    17    0.074001    0.154063    0.612494    1.359080 ^ clkbuf_0_wb_clk_i/X (sky130_fd_sc_hd__clkbuf_16)
                                                         clknet_0_wb_clk_i (net)
                      0.154096    0.002040    1.361120 ^ clkbuf_3_5_0_wb_clk_i/A (sky130_fd_sc_hd__clkbuf_8)
    11    0.036399    0.121134    0.294202    1.655322 ^ clkbuf_3_5_0_wb_clk_i/X (sky130_fd_sc_hd__clkbuf_8)
                                                         clknet_3_5_0_wb_clk_i (net)
                      0.121134    0.000274    1.655596 ^ _735_/CLK (sky130_fd_sc_hd__dfrtp_2)
     3    0.007650    0.102665    0.701428    2.357024 ^ _735_/Q (sky130_fd_sc_hd__dfrtp_2)
                                                         timer.sec_div[8] (net)
                      0.102665    0.000096    2.357120 ^ _438_/A (sky130_fd_sc_hd__and4_2)
     2    0.004426    0.114034    0.417199    2.774319 ^ _438_/X (sky130_fd_sc_hd__and4_2)
                                                         _240_ (net)
                      0.114034    0.000033    2.774352 ^ _439_/C (sky130_fd_sc_hd__and3_2)
     3    0.014819    0.167001    0.444306    3.218658 ^ _439_/X (sky130_fd_sc_hd__and3_2)
                                                         _241_ (net)
                      0.167001    0.000137    3.218795 ^ _441_/B (sky130_fd_sc_hd__and2_2)
     2    0.009138    0.111291    0.325792    3.544588 ^ _441_/X (sky130_fd_sc_hd__and2_2)
                                                         _242_ (net)
                      0.111291    0.000141    3.544729 ^ _443_/A (sky130_fd_sc_hd__nor2_2)
     1    0.001594    0.032042    0.074016    3.618745 v _443_/Y (sky130_fd_sc_hd__nor2_2)
                                                         _037_ (net)
                      0.032042    0.000006    3.618751 v hold98/A (sky130_fd_sc_hd__dlygate4sd3_1)
     1    0.002811    0.105879    1.051922    4.670672 v hold98/X (sky130_fd_sc_hd__dlygate4sd3_1)
                                                         net98 (net)
                      0.105879    0.000032    4.670704 v _739_/D (sky130_fd_sc_hd__dfrtp_2)
                                              4.670704   data arrival time

                                  0.000000    0.000000   clock wb_clk_i (rise edge)
                                  0.000000    0.000000   clock source latency
     2    0.147424    1.063065    0.825174    0.825174 ^ wb_clk_i (in)
                                                         wb_clk_i (net)
                      1.073527    0.000000    0.825174 ^ clkbuf_0_wb_clk_i/A (sky130_fd_sc_hd__clkbuf_16)
    17    0.074001    0.154063    0.676967    1.502141 ^ clkbuf_0_wb_clk_i/X (sky130_fd_sc_hd__clkbuf_16)
                                                         clknet_0_wb_clk_i (net)
                      0.154075    0.001578    1.503719 ^ clkbuf_3_4_0_wb_clk_i/A (sky130_fd_sc_hd__clkbuf_8)
    11    0.035340    0.118617    0.323034    1.826753 ^ clkbuf_3_4_0_wb_clk_i/X (sky130_fd_sc_hd__clkbuf_8)
                                                         clknet_3_4_0_wb_clk_i (net)
                      0.118617    0.000109    1.826862 ^ _739_/CLK (sky130_fd_sc_hd__dfrtp_2)
                                  0.250000    2.076862   clock uncertainty
                                 -0.143061    1.933801   clock reconvergence pessimism
                                 -0.091009    1.842792   library hold time
                                              1.842792   data required time
---------------------------------------------------------------------------------------------
                                              1.842792   data required time
                                             -4.670704   data arrival time
---------------------------------------------------------------------------------------------
                                              2.827912   slack (MET)


Startpoint: _704_ (rising edge-triggered flip-flop clocked by wb_clk_i)
Endpoint: _704_ (rising edge-triggered flip-flop clocked by wb_clk_i)
Path Group: wb_clk_i
Path Type: min

Fanout         Cap        Slew       Delay        Time   Description
---------------------------------------------------------------------------------------------
                                  0.000000    0.000000   clock wb_clk_i (rise edge)
                                  0.000000    0.000000   clock source latency
     2    0.147424    1.063065    0.746586    0.746586 ^ wb_clk_i (in)
                                                         wb_clk_i (net)
                      1.073527    0.000000    0.746586 ^ clkbuf_0_wb_clk_i/A (sky130_fd_sc_hd__clkbuf_16)
    17    0.074001    0.154063    0.612494    1.359080 ^ clkbuf_0_wb_clk_i/X (sky130_fd_sc_hd__clkbuf_16)
                                                         clknet_0_wb_clk_i (net)
                      0.154103    0.002223    1.361303 ^ clkbuf_3_2_0_wb_clk_i/A (sky130_fd_sc_hd__clkbuf_8)
    11    0.034623    0.116907    0.291034    1.652337 ^ clkbuf_3_2_0_wb_clk_i/X (sky130_fd_sc_hd__clkbuf_8)
                                                         clknet_3_2_0_wb_clk_i (net)
                      0.116907    0.000471    1.652808 ^ _704_/CLK (sky130_fd_sc_hd__dfrtp_2)
     2    0.006453    0.095217    0.691759    2.344567 ^ _704_/Q (sky130_fd_sc_hd__dfrtp_2)
                                                         timer.scan_div[10] (net)
                      0.095217    0.000056    2.344623 ^ hold137/A (sky130_fd_sc_hd__dlygate4sd3_1)
     3    0.009554    0.183149    1.080689    3.425312 ^ hold137/X (sky130_fd_sc_hd__dlygate4sd3_1)
                                                         net137 (net)
                      0.183149    0.000080    3.425392 ^ _512_/B1 (sky130_fd_sc_hd__a21oi_2)
     1    0.004765    0.060505    0.096882    3.522274 v _512_/Y (sky130_fd_sc_hd__a21oi_2)
                                                         _283_ (net)
                      0.060505    0.000044    3.522318 v _514_/A (sky130_fd_sc_hd__nor2_2)
     1    0.002614    0.097940    0.142120    3.664439 ^ _514_/Y (sky130_fd_sc_hd__nor2_2)
                                                         _002_ (net)
                      0.097940    0.000028    3.664467 ^ hold138/A (sky130_fd_sc_hd__dlygate4sd3_1)
     1    0.002360    0.089636    0.993217    4.657684 ^ hold138/X (sky130_fd_sc_hd__dlygate4sd3_1)
                                                         net138 (net)
                      0.089636    0.000020    4.657704 ^ _704_/D (sky130_fd_sc_hd__dfrtp_2)
                                              4.657704   data arrival time

                                  0.000000    0.000000   clock wb_clk_i (rise edge)
                                  0.000000    0.000000   clock source latency
     2    0.147424    1.063065    0.825174    0.825174 ^ wb_clk_i (in)
                                                         wb_clk_i (net)
                      1.073527    0.000000    0.825174 ^ clkbuf_0_wb_clk_i/A (sky130_fd_sc_hd__clkbuf_16)
    17    0.074001    0.154063    0.676967    1.502141 ^ clkbuf_0_wb_clk_i/X (sky130_fd_sc_hd__clkbuf_16)
                                                         clknet_0_wb_clk_i (net)
                      0.154103    0.002457    1.504598 ^ clkbuf_3_2_0_wb_clk_i/A (sky130_fd_sc_hd__clkbuf_8)
    11    0.034623    0.116907    0.321669    1.826267 ^ clkbuf_3_2_0_wb_clk_i/X (sky130_fd_sc_hd__clkbuf_8)
                                                         clknet_3_2_0_wb_clk_i (net)
                      0.116907    0.000521    1.826788 ^ _704_/CLK (sky130_fd_sc_hd__dfrtp_2)
                                  0.250000    2.076788   clock uncertainty
                                 -0.173980    1.902808   clock reconvergence pessimism
                                 -0.073665    1.829143   library hold time
                                              1.829143   data required time
---------------------------------------------------------------------------------------------
                                              1.829143   data required time
                                             -4.657704   data arrival time
---------------------------------------------------------------------------------------------
                                              2.828562   slack (MET)


Startpoint: _727_ (rising edge-triggered flip-flop clocked by wb_clk_i)
Endpoint: _727_ (rising edge-triggered flip-flop clocked by wb_clk_i)
Path Group: wb_clk_i
Path Type: min

Fanout         Cap        Slew       Delay        Time   Description
---------------------------------------------------------------------------------------------
                                  0.000000    0.000000   clock wb_clk_i (rise edge)
                                  0.000000    0.000000   clock source latency
     2    0.147424    1.063065    0.746586    0.746586 ^ wb_clk_i (in)
                                                         wb_clk_i (net)
                      1.073527    0.000000    0.746586 ^ clkbuf_0_wb_clk_i/A (sky130_fd_sc_hd__clkbuf_16)
    17    0.074001    0.154063    0.612494    1.359080 ^ clkbuf_0_wb_clk_i/X (sky130_fd_sc_hd__clkbuf_16)
                                                         clknet_0_wb_clk_i (net)
                      0.154090    0.001908    1.360989 ^ clkbuf_3_7_0_wb_clk_i/A (sky130_fd_sc_hd__clkbuf_8)
    12    0.034773    0.117264    0.291280    1.652268 ^ clkbuf_3_7_0_wb_clk_i/X (sky130_fd_sc_hd__clkbuf_8)
                                                         clknet_3_7_0_wb_clk_i (net)
                      0.117264    0.000459    1.652727 ^ _727_/CLK (sky130_fd_sc_hd__dfrtp_2)
     1    0.001909    0.063889    0.651552    2.304280 ^ _727_/Q (sky130_fd_sc_hd__dfrtp_2)
                                                         timer.sec_div[0] (net)
                      0.063889    0.000015    2.304295 ^ hold27/A (sky130_fd_sc_hd__dlygate4sd3_1)
     5    0.018497    0.305514    1.162826    3.467121 ^ hold27/X (sky130_fd_sc_hd__dlygate4sd3_1)
                                                         net27 (net)
                      0.305514    0.000042    3.467163 ^ _413_/A (sky130_fd_sc_hd__nor2_2)
     1    0.001985    0.036821    0.132526    3.599689 v _413_/Y (sky130_fd_sc_hd__nor2_2)
                                                         _034_ (net)
                      0.036821    0.000018    3.599707 v hold28/A (sky130_fd_sc_hd__dlygate4sd3_1)
     1    0.002202    0.103424    1.044136    4.643843 v hold28/X (sky130_fd_sc_hd__dlygate4sd3_1)
                                                         net28 (net)
                      0.103424    0.000018    4.643861 v _727_/D (sky130_fd_sc_hd__dfrtp_2)
                                              4.643861   data arrival time

                                  0.000000    0.000000   clock wb_clk_i (rise edge)
                                  0.000000    0.000000   clock source latency
     2    0.147424    1.063065    0.825174    0.825174 ^ wb_clk_i (in)
                                                         wb_clk_i (net)
                      1.073527    0.000000    0.825174 ^ clkbuf_0_wb_clk_i/A (sky130_fd_sc_hd__clkbuf_16)
    17    0.074001    0.154063    0.676967    1.502141 ^ clkbuf_0_wb_clk_i/X (sky130_fd_sc_hd__clkbuf_16)
                                                         clknet_0_wb_clk_i (net)
                      0.154090    0.002109    1.504251 ^ clkbuf_3_7_0_wb_clk_i/A (sky130_fd_sc_hd__clkbuf_8)
    12    0.034773    0.117264    0.321941    1.826191 ^ clkbuf_3_7_0_wb_clk_i/X (sky130_fd_sc_hd__clkbuf_8)
                                                         clknet_3_7_0_wb_clk_i (net)
                      0.117264    0.000507    1.826698 ^ _727_/CLK (sky130_fd_sc_hd__dfrtp_2)
                                  0.250000    2.076699   clock uncertainty
                                 -0.173971    1.902727   clock reconvergence pessimism
                                 -0.090438    1.812290   library hold time
                                              1.812290   data required time
---------------------------------------------------------------------------------------------
                                              1.812290   data required time
                                             -4.643861   data arrival time
---------------------------------------------------------------------------------------------
                                              2.831572   slack (MET)


Startpoint: _710_ (rising edge-triggered flip-flop clocked by wb_clk_i)
Endpoint: _716_ (rising edge-triggered flip-flop clocked by wb_clk_i)
Path Group: wb_clk_i
Path Type: min

Fanout         Cap        Slew       Delay        Time   Description
---------------------------------------------------------------------------------------------
                                  0.000000    0.000000   clock wb_clk_i (rise edge)
                                  0.000000    0.000000   clock source latency
     2    0.147424    1.063065    0.746586    0.746586 ^ wb_clk_i (in)
                                                         wb_clk_i (net)
                      1.073527    0.000000    0.746586 ^ clkbuf_0_wb_clk_i/A (sky130_fd_sc_hd__clkbuf_16)
    17    0.074001    0.154063    0.612494    1.359080 ^ clkbuf_0_wb_clk_i/X (sky130_fd_sc_hd__clkbuf_16)
                                                         clknet_0_wb_clk_i (net)
                      0.154112    0.002399    1.361480 ^ clkbuf_3_0_0_wb_clk_i/A (sky130_fd_sc_hd__clkbuf_8)
    11    0.033860    0.115090    0.289709    1.651188 ^ clkbuf_3_0_0_wb_clk_i/X (sky130_fd_sc_hd__clkbuf_8)
                                                         clknet_3_0_0_wb_clk_i (net)
                      0.115090    0.000230    1.651419 ^ _710_/CLK (sky130_fd_sc_hd__dfrtp_2)
     3    0.007269    0.095509    0.807032    2.458451 v _710_/Q (sky130_fd_sc_hd__dfrtp_2)
                                                         timer.scan_div[16] (net)
                      0.095509    0.000077    2.458528 v _534_/A (sky130_fd_sc_hd__and4_2)
     3    0.008960    0.092457    0.398588    2.857115 v _534_/X (sky130_fd_sc_hd__and4_2)
                                                         _296_ (net)
                      0.092457    0.000059    2.857174 v _537_/D (sky130_fd_sc_hd__and4_2)
     3    0.012729    0.109179    0.524977    3.382151 v _537_/X (sky130_fd_sc_hd__and4_2)
                                                         _298_ (net)
                      0.109179    0.000156    3.382307 v _540_/B (sky130_fd_sc_hd__nand2_2)
     2    0.011686    0.122901    0.153295    3.535602 ^ _540_/Y (sky130_fd_sc_hd__nand2_2)
                                                         _300_ (net)
                      0.122901    0.000040    3.535642 ^ _543_/B (sky130_fd_sc_hd__xnor2_2)
     1    0.002302    0.054545    0.188162    3.723804 ^ _543_/Y (sky130_fd_sc_hd__xnor2_2)
                                                         _015_ (net)
                      0.054545    0.000023    3.723827 ^ hold50/A (sky130_fd_sc_hd__dlygate4sd3_1)
     1    0.002278    0.088457    0.974787    4.698614 ^ hold50/X (sky130_fd_sc_hd__dlygate4sd3_1)
                                                         net50 (net)
                      0.088457    0.000019    4.698633 ^ _716_/D (sky130_fd_sc_hd__dfrtp_2)
                                              4.698633   data arrival time

                                  0.000000    0.000000   clock wb_clk_i (rise edge)
                                  0.000000    0.000000   clock source latency
     2    0.147424    1.063065    0.825174    0.825174 ^ wb_clk_i (in)
                                                         wb_clk_i (net)
                      1.073527    0.000000    0.825174 ^ clkbuf_0_wb_clk_i/A (sky130_fd_sc_hd__clkbuf_16)
    17    0.074001    0.154063    0.676967    1.502141 ^ clkbuf_0_wb_clk_i/X (sky130_fd_sc_hd__clkbuf_16)
                                                         clknet_0_wb_clk_i (net)
                      0.154103    0.002457    1.504598 ^ clkbuf_3_2_0_wb_clk_i/A (sky130_fd_sc_hd__clkbuf_8)
    11    0.034623    0.116907    0.321669    1.826267 ^ clkbuf_3_2_0_wb_clk_i/X (sky130_fd_sc_hd__clkbuf_8)
                                                         clknet_3_2_0_wb_clk_i (net)
                      0.116907    0.000182    1.826449 ^ _716_/CLK (sky130_fd_sc_hd__dfrtp_2)
                                  0.250000    2.076449   clock uncertainty
                                 -0.143061    1.933388   clock reconvergence pessimism
                                 -0.073397    1.859991   library hold time
                                              1.859991   data required time
---------------------------------------------------------------------------------------------
                                              1.859991   data required time
                                             -4.698633   data arrival time
---------------------------------------------------------------------------------------------
                                              2.838643   slack (MET)


Startpoint: _694_ (rising edge-triggered flip-flop clocked by wb_clk_i)
Endpoint: _695_ (rising edge-triggered flip-flop clocked by wb_clk_i)
Path Group: wb_clk_i
Path Type: min

Fanout         Cap        Slew       Delay        Time   Description
---------------------------------------------------------------------------------------------
                                  0.000000    0.000000   clock wb_clk_i (rise edge)
                                  0.000000    0.000000   clock source latency
     2    0.147424    1.063065    0.746586    0.746586 ^ wb_clk_i (in)
                                                         wb_clk_i (net)
                      1.073527    0.000000    0.746586 ^ clkbuf_0_wb_clk_i/A (sky130_fd_sc_hd__clkbuf_16)
    17    0.074001    0.154063    0.612494    1.359080 ^ clkbuf_0_wb_clk_i/X (sky130_fd_sc_hd__clkbuf_16)
                                                         clknet_0_wb_clk_i (net)
                      0.154089    0.001882    1.360962 ^ clkbuf_3_1_0_wb_clk_i/A (sky130_fd_sc_hd__clkbuf_8)
    11    0.035047    0.117914    0.291777    1.652739 ^ clkbuf_3_1_0_wb_clk_i/X (sky130_fd_sc_hd__clkbuf_8)
                                                         clknet_3_1_0_wb_clk_i (net)
                      0.117914    0.000344    1.653083 ^ _694_/CLK (sky130_fd_sc_hd__dfrtp_2)
     2    0.007258    0.100166    0.697451    2.350534 ^ _694_/Q (sky130_fd_sc_hd__dfrtp_2)
                                                         timer.scan_div[0] (net)
                      0.100166    0.000070    2.350605 ^ _395_/A (sky130_fd_sc_hd__nor2_2)
     1    0.001915    0.033816    0.071315    2.421920 v _395_/Y (sky130_fd_sc_hd__nor2_2)
                                                         _210_ (net)
                      0.033816    0.000017    2.421936 v hold122/A (sky130_fd_sc_hd__dlygate4sd3_1)
     2    0.007393    0.149857    1.110219    3.532155 v hold122/X (sky130_fd_sc_hd__dlygate4sd3_1)
                                                         net122 (net)
                      0.149857    0.000087    3.532242 v _490_/A (sky130_fd_sc_hd__nor2_2)
     1    0.002574    0.098820    0.177967    3.710208 ^ _490_/Y (sky130_fd_sc_hd__nor2_2)
                                                         _012_ (net)
                      0.098820    0.000029    3.710237 ^ hold123/A (sky130_fd_sc_hd__dlygate4sd3_1)
     1    0.002094    0.085932    0.989680    4.699917 ^ hold123/X (sky130_fd_sc_hd__dlygate4sd3_1)
                                                         net123 (net)
                      0.085932    0.000017    4.699934 ^ _695_/D (sky130_fd_sc_hd__dfrtp_2)
                                              4.699934   data arrival time

                                  0.000000    0.000000   clock wb_clk_i (rise edge)
                                  0.000000    0.000000   clock source latency
     2    0.147424    1.063065    0.825174    0.825174 ^ wb_clk_i (in)
                                                         wb_clk_i (net)
                      1.073527    0.000000    0.825174 ^ clkbuf_0_wb_clk_i/A (sky130_fd_sc_hd__clkbuf_16)
    17    0.074001    0.154063    0.676967    1.502141 ^ clkbuf_0_wb_clk_i/X (sky130_fd_sc_hd__clkbuf_16)
                                                         clknet_0_wb_clk_i (net)
                      0.154089    0.002080    1.504221 ^ clkbuf_3_1_0_wb_clk_i/A (sky130_fd_sc_hd__clkbuf_8)
    11    0.035047    0.117914    0.322490    1.826712 ^ clkbuf_3_1_0_wb_clk_i/X (sky130_fd_sc_hd__clkbuf_8)
                                                         clknet_3_1_0_wb_clk_i (net)
                      0.117914    0.000249    1.826960 ^ _695_/CLK (sky130_fd_sc_hd__dfrtp_2)
                                  0.250000    2.076960   clock uncertainty
                                 -0.173972    1.902988   clock reconvergence pessimism
                                 -0.072658    1.830330   library hold time
                                              1.830330   data required time
---------------------------------------------------------------------------------------------
                                              1.830330   data required time
                                             -4.699934   data arrival time
---------------------------------------------------------------------------------------------
                                              2.869605   slack (MET)


Startpoint: _675_ (rising edge-triggered flip-flop clocked by wb_clk_i)
Endpoint: _676_ (rising edge-triggered flip-flop clocked by wb_clk_i)
Path Group: wb_clk_i
Path Type: min

Fanout         Cap        Slew       Delay        Time   Description
---------------------------------------------------------------------------------------------
                                  0.000000    0.000000   clock wb_clk_i (rise edge)
                                  0.000000    0.000000   clock source latency
     2    0.147424    1.063065    0.746586    0.746586 ^ wb_clk_i (in)
                                                         wb_clk_i (net)
                      1.073527    0.000000    0.746586 ^ clkbuf_0_wb_clk_i/A (sky130_fd_sc_hd__clkbuf_16)
    17    0.074001    0.154063    0.612494    1.359080 ^ clkbuf_0_wb_clk_i/X (sky130_fd_sc_hd__clkbuf_16)
                                                         clknet_0_wb_clk_i (net)
                      0.154075    0.001428    1.360508 ^ clkbuf_3_4_0_wb_clk_i/A (sky130_fd_sc_hd__clkbuf_8)
    11    0.035340    0.118617    0.292269    1.652777 ^ clkbuf_3_4_0_wb_clk_i/X (sky130_fd_sc_hd__clkbuf_8)
                                                         clknet_3_4_0_wb_clk_i (net)
                      0.118617    0.000450    1.653227 ^ _675_/CLK (sky130_fd_sc_hd__dfrtp_2)
     9    0.042263    0.337309    0.891613    2.544840 ^ _675_/Q (sky130_fd_sc_hd__dfrtp_2)
                                                         timer.dig_cnt[0] (net)
                      0.337309    0.000221    2.545061 ^ _384_/B (sky130_fd_sc_hd__nand2b_2)
    11    0.097217    0.751144    0.673787    3.218848 v _384_/Y (sky130_fd_sc_hd__nand2b_2)
                                                         net4 (net)
                      0.751149    0.001685    3.220533 v _386_/A (sky130_fd_sc_hd__nand2_2)
     1    0.003185    0.140224    0.255937    3.476470 ^ _386_/Y (sky130_fd_sc_hd__nand2_2)
                                                         _203_ (net)
                      0.140224    0.000041    3.476511 ^ _387_/A1 (sky130_fd_sc_hd__mux2_1)
     1    0.002838    0.072689    0.246736    3.723247 ^ _387_/X (sky130_fd_sc_hd__mux2_1)
                                                         _151_ (net)
                      0.072689    0.000034    3.723280 ^ hold151/A (sky130_fd_sc_hd__dlygate4sd3_1)
     1    0.002169    0.086960    0.980707    4.703987 ^ hold151/X (sky130_fd_sc_hd__dlygate4sd3_1)
                                                         net151 (net)
                      0.086960    0.000018    4.704005 ^ _676_/D (sky130_fd_sc_hd__dfrtp_2)
                                              4.704005   data arrival time

                                  0.000000    0.000000   clock wb_clk_i (rise edge)
                                  0.000000    0.000000   clock source latency
     2    0.147424    1.063065    0.825174    0.825174 ^ wb_clk_i (in)
                                                         wb_clk_i (net)
                      1.073527    0.000000    0.825174 ^ clkbuf_0_wb_clk_i/A (sky130_fd_sc_hd__clkbuf_16)
    17    0.074001    0.154063    0.676967    1.502141 ^ clkbuf_0_wb_clk_i/X (sky130_fd_sc_hd__clkbuf_16)
                                                         clknet_0_wb_clk_i (net)
                      0.154075    0.001578    1.503719 ^ clkbuf_3_4_0_wb_clk_i/A (sky130_fd_sc_hd__clkbuf_8)
    11    0.035340    0.118617    0.323034    1.826753 ^ clkbuf_3_4_0_wb_clk_i/X (sky130_fd_sc_hd__clkbuf_8)
                                                         clknet_3_4_0_wb_clk_i (net)
                      0.118617    0.000408    1.827161 ^ _676_/CLK (sky130_fd_sc_hd__dfrtp_2)
                                  0.250000    2.077161   clock uncertainty
                                 -0.173976    1.903185   clock reconvergence pessimism
                                 -0.072776    1.830408   library hold time
                                              1.830408   data required time
---------------------------------------------------------------------------------------------
                                              1.830408   data required time
                                             -4.704005   data arrival time
---------------------------------------------------------------------------------------------
                                              2.873597   slack (MET)


Startpoint: _729_ (rising edge-triggered flip-flop clocked by wb_clk_i)
Endpoint: _729_ (rising edge-triggered flip-flop clocked by wb_clk_i)
Path Group: wb_clk_i
Path Type: min

Fanout         Cap        Slew       Delay        Time   Description
---------------------------------------------------------------------------------------------
                                  0.000000    0.000000   clock wb_clk_i (rise edge)
                                  0.000000    0.000000   clock source latency
     2    0.147424    1.063065    0.746586    0.746586 ^ wb_clk_i (in)
                                                         wb_clk_i (net)
                      1.073527    0.000000    0.746586 ^ clkbuf_0_wb_clk_i/A (sky130_fd_sc_hd__clkbuf_16)
    17    0.074001    0.154063    0.612494    1.359080 ^ clkbuf_0_wb_clk_i/X (sky130_fd_sc_hd__clkbuf_16)
                                                         clknet_0_wb_clk_i (net)
                      0.154090    0.001908    1.360989 ^ clkbuf_3_7_0_wb_clk_i/A (sky130_fd_sc_hd__clkbuf_8)
    12    0.034773    0.117264    0.291280    1.652268 ^ clkbuf_3_7_0_wb_clk_i/X (sky130_fd_sc_hd__clkbuf_8)
                                                         clknet_3_7_0_wb_clk_i (net)
                      0.117264    0.000335    1.652603 ^ _729_/CLK (sky130_fd_sc_hd__dfrtp_2)
     1    0.002110    0.065209    0.653457    2.306060 ^ _729_/Q (sky130_fd_sc_hd__dfrtp_2)
                                                         timer.sec_div[2] (net)
                      0.065209    0.000019    2.306078 ^ hold59/A (sky130_fd_sc_hd__dlygate4sd3_1)
     4    0.017757    0.301991    1.156018    3.462096 ^ hold59/X (sky130_fd_sc_hd__dlygate4sd3_1)
                                                         net59 (net)
                      0.301991    0.000073    3.462170 ^ _416_/A (sky130_fd_sc_hd__xnor2_2)
     1    0.002606    0.056474    0.257600    3.719770 ^ _416_/Y (sky130_fd_sc_hd__xnor2_2)
                                                         _056_ (net)
                      0.056474    0.000020    3.719790 ^ hold60/A (sky130_fd_sc_hd__dlygate4sd3_1)
     1    0.003085    0.094982    0.987356    4.707146 ^ hold60/X (sky130_fd_sc_hd__dlygate4sd3_1)
                                                         net60 (net)
                      0.094982    0.000034    4.707180 ^ _729_/D (sky130_fd_sc_hd__dfrtp_2)
                                              4.707180   data arrival time

                                  0.000000    0.000000   clock wb_clk_i (rise edge)
                                  0.000000    0.000000   clock source latency
     2    0.147424    1.063065    0.825174    0.825174 ^ wb_clk_i (in)
                                                         wb_clk_i (net)
                      1.073527    0.000000    0.825174 ^ clkbuf_0_wb_clk_i/A (sky130_fd_sc_hd__clkbuf_16)
    17    0.074001    0.154063    0.676967    1.502141 ^ clkbuf_0_wb_clk_i/X (sky130_fd_sc_hd__clkbuf_16)
                                                         clknet_0_wb_clk_i (net)
                      0.154090    0.002109    1.504251 ^ clkbuf_3_7_0_wb_clk_i/A (sky130_fd_sc_hd__clkbuf_8)
    12    0.034773    0.117264    0.321941    1.826191 ^ clkbuf_3_7_0_wb_clk_i/X (sky130_fd_sc_hd__clkbuf_8)
                                                         clknet_3_7_0_wb_clk_i (net)
                      0.117264    0.000370    1.826561 ^ _729_/CLK (sky130_fd_sc_hd__dfrtp_2)
                                  0.250000    2.076561   clock uncertainty
                                 -0.173958    1.902603   clock reconvergence pessimism
                                 -0.074822    1.827781   library hold time
                                              1.827781   data required time
---------------------------------------------------------------------------------------------
                                              1.827781   data required time
                                             -4.707180   data arrival time
---------------------------------------------------------------------------------------------
                                              2.879399   slack (MET)


Startpoint: _744_ (rising edge-triggered flip-flop clocked by wb_clk_i)
Endpoint: _744_ (rising edge-triggered flip-flop clocked by wb_clk_i)
Path Group: wb_clk_i
Path Type: min

Fanout         Cap        Slew       Delay        Time   Description
---------------------------------------------------------------------------------------------
                                  0.000000    0.000000   clock wb_clk_i (rise edge)
                                  0.000000    0.000000   clock source latency
     2    0.147424    1.063065    0.746586    0.746586 ^ wb_clk_i (in)
                                                         wb_clk_i (net)
                      1.073527    0.000000    0.746586 ^ clkbuf_0_wb_clk_i/A (sky130_fd_sc_hd__clkbuf_16)
    17    0.074001    0.154063    0.612494    1.359080 ^ clkbuf_0_wb_clk_i/X (sky130_fd_sc_hd__clkbuf_16)
                                                         clknet_0_wb_clk_i (net)
                      0.154075    0.001428    1.360508 ^ clkbuf_3_4_0_wb_clk_i/A (sky130_fd_sc_hd__clkbuf_8)
    11    0.035340    0.118617    0.292269    1.652777 ^ clkbuf_3_4_0_wb_clk_i/X (sky130_fd_sc_hd__clkbuf_8)
                                                         clknet_3_4_0_wb_clk_i (net)
                      0.118617    0.000536    1.653313 ^ _744_/CLK (sky130_fd_sc_hd__dfrtp_2)
     1    0.002104    0.065173    0.654002    2.307314 ^ _744_/Q (sky130_fd_sc_hd__dfrtp_2)
                                                         timer.sec_div[17] (net)
                      0.065173    0.000019    2.307333 ^ hold53/A (sky130_fd_sc_hd__dlygate4sd3_1)
     4    0.017834    0.296109    1.156661    3.463994 ^ hold53/X (sky130_fd_sc_hd__dlygate4sd3_1)
                                                         net53 (net)
                      0.296109    0.000180    3.464174 ^ _456_/A (sky130_fd_sc_hd__xor2_2)
     1    0.002662    0.106600    0.257408    3.721582 ^ _456_/X (sky130_fd_sc_hd__xor2_2)
                                                         _042_ (net)
                      0.106600    0.000030    3.721611 ^ hold54/A (sky130_fd_sc_hd__dlygate4sd3_1)
     1    0.002143    0.086613    0.993307    4.714919 ^ hold54/X (sky130_fd_sc_hd__dlygate4sd3_1)
                                                         net54 (net)
                      0.086613    0.000009    4.714928 ^ _744_/D (sky130_fd_sc_hd__dfrtp_2)
                                              4.714928   data arrival time

                                  0.000000    0.000000   clock wb_clk_i (rise edge)
                                  0.000000    0.000000   clock source latency
     2    0.147424    1.063065    0.825174    0.825174 ^ wb_clk_i (in)
                                                         wb_clk_i (net)
                      1.073527    0.000000    0.825174 ^ clkbuf_0_wb_clk_i/A (sky130_fd_sc_hd__clkbuf_16)
    17    0.074001    0.154063    0.676967    1.502141 ^ clkbuf_0_wb_clk_i/X (sky130_fd_sc_hd__clkbuf_16)
                                                         clknet_0_wb_clk_i (net)
                      0.154075    0.001578    1.503719 ^ clkbuf_3_4_0_wb_clk_i/A (sky130_fd_sc_hd__clkbuf_8)
    11    0.035340    0.118617    0.323034    1.826753 ^ clkbuf_3_4_0_wb_clk_i/X (sky130_fd_sc_hd__clkbuf_8)
                                                         clknet_3_4_0_wb_clk_i (net)
                      0.118617    0.000592    1.827345 ^ _744_/CLK (sky130_fd_sc_hd__dfrtp_2)
                                  0.250000    2.077345   clock uncertainty
                                 -0.174033    1.903313   clock reconvergence pessimism
                                 -0.072697    1.830615   library hold time
                                              1.830615   data required time
---------------------------------------------------------------------------------------------
                                              1.830615   data required time
                                             -4.714928   data arrival time
---------------------------------------------------------------------------------------------
                                              2.884313   slack (MET)


Startpoint: _678_ (rising edge-triggered flip-flop clocked by wb_clk_i)
Endpoint: _678_ (rising edge-triggered flip-flop clocked by wb_clk_i)
Path Group: wb_clk_i
Path Type: min

Fanout         Cap        Slew       Delay        Time   Description
---------------------------------------------------------------------------------------------
                                  0.000000    0.000000   clock wb_clk_i (rise edge)
                                  0.000000    0.000000   clock source latency
     2    0.147424    1.063065    0.746586    0.746586 ^ wb_clk_i (in)
                                                         wb_clk_i (net)
                      1.073527    0.000000    0.746586 ^ clkbuf_0_wb_clk_i/A (sky130_fd_sc_hd__clkbuf_16)
    17    0.074001    0.154063    0.612494    1.359080 ^ clkbuf_0_wb_clk_i/X (sky130_fd_sc_hd__clkbuf_16)
                                                         clknet_0_wb_clk_i (net)
                      0.154096    0.002040    1.361120 ^ clkbuf_3_5_0_wb_clk_i/A (sky130_fd_sc_hd__clkbuf_8)
    11    0.036399    0.121134    0.294202    1.655322 ^ clkbuf_3_5_0_wb_clk_i/X (sky130_fd_sc_hd__clkbuf_8)
                                                         clknet_3_5_0_wb_clk_i (net)
                      0.121134    0.000265    1.655587 ^ _678_/CLK (sky130_fd_sc_hd__dfrtp_2)
     4    0.011989    0.132103    0.729637    2.385224 ^ _678_/Q (sky130_fd_sc_hd__dfrtp_2)
                                                         timer.min_tens[1] (net)
                      0.132103    0.000057    2.385281 ^ hold152/A (sky130_fd_sc_hd__dlygate4sd3_1)
     2    0.007369    0.152985    1.069578    3.454859 ^ hold152/X (sky130_fd_sc_hd__dlygate4sd3_1)
                                                         net152 (net)
                      0.152985    0.000064    3.454923 ^ _381_/A1 (sky130_fd_sc_hd__o21ba_2)
     1    0.003102    0.061542    0.290022    3.744945 ^ _381_/X (sky130_fd_sc_hd__o21ba_2)
                                                         _153_ (net)
                      0.061542    0.000036    3.744981 ^ hold153/A (sky130_fd_sc_hd__dlygate4sd3_1)
     1    0.002110    0.086126    0.975229    4.720210 ^ hold153/X (sky130_fd_sc_hd__dlygate4sd3_1)
                                                         net153 (net)
                      0.086126    0.000017    4.720227 ^ _678_/D (sky130_fd_sc_hd__dfrtp_2)
                                              4.720227   data arrival time

                                  0.000000    0.000000   clock wb_clk_i (rise edge)
                                  0.000000    0.000000   clock source latency
     2    0.147424    1.063065    0.825174    0.825174 ^ wb_clk_i (in)
                                                         wb_clk_i (net)
                      1.073527    0.000000    0.825174 ^ clkbuf_0_wb_clk_i/A (sky130_fd_sc_hd__clkbuf_16)
    17    0.074001    0.154063    0.676967    1.502141 ^ clkbuf_0_wb_clk_i/X (sky130_fd_sc_hd__clkbuf_16)
                                                         clknet_0_wb_clk_i (net)
                      0.154096    0.002254    1.504396 ^ clkbuf_3_5_0_wb_clk_i/A (sky130_fd_sc_hd__clkbuf_8)
    11    0.036399    0.121134    0.325170    1.829566 ^ clkbuf_3_5_0_wb_clk_i/X (sky130_fd_sc_hd__clkbuf_8)
                                                         clknet_3_5_0_wb_clk_i (net)
                      0.121134    0.000293    1.829859 ^ _678_/CLK (sky130_fd_sc_hd__dfrtp_2)
                                  0.250000    2.079859   clock uncertainty
                                 -0.174272    1.905587   clock reconvergence pessimism
                                 -0.072173    1.833414   library hold time
                                              1.833414   data required time
---------------------------------------------------------------------------------------------
                                              1.833414   data required time
                                             -4.720227   data arrival time
---------------------------------------------------------------------------------------------
                                              2.886813   slack (MET)


Startpoint: _712_ (rising edge-triggered flip-flop clocked by wb_clk_i)
Endpoint: _712_ (rising edge-triggered flip-flop clocked by wb_clk_i)
Path Group: wb_clk_i
Path Type: min

Fanout         Cap        Slew       Delay        Time   Description
---------------------------------------------------------------------------------------------
                                  0.000000    0.000000   clock wb_clk_i (rise edge)
                                  0.000000    0.000000   clock source latency
     2    0.147424    1.063065    0.746586    0.746586 ^ wb_clk_i (in)
                                                         wb_clk_i (net)
                      1.073527    0.000000    0.746586 ^ clkbuf_0_wb_clk_i/A (sky130_fd_sc_hd__clkbuf_16)
    17    0.074001    0.154063    0.612494    1.359080 ^ clkbuf_0_wb_clk_i/X (sky130_fd_sc_hd__clkbuf_16)
                                                         clknet_0_wb_clk_i (net)
                      0.154112    0.002399    1.361480 ^ clkbuf_3_0_0_wb_clk_i/A (sky130_fd_sc_hd__clkbuf_8)
    11    0.033860    0.115090    0.289709    1.651188 ^ clkbuf_3_0_0_wb_clk_i/X (sky130_fd_sc_hd__clkbuf_8)
                                                         clknet_3_0_0_wb_clk_i (net)
                      0.115090    0.000310    1.651498 ^ _712_/CLK (sky130_fd_sc_hd__dfrtp_2)
     1    0.002447    0.067411    0.655686    2.307185 ^ _712_/Q (sky130_fd_sc_hd__dfrtp_2)
                                                         timer.scan_div[18] (net)
                      0.067411    0.000025    2.307209 ^ hold57/A (sky130_fd_sc_hd__dlygate4sd3_1)
     4    0.017846    0.303253    1.157834    3.465043 ^ hold57/X (sky130_fd_sc_hd__dlygate4sd3_1)
                                                         net57 (net)
                      0.303253    0.000108    3.465151 ^ _533_/A (sky130_fd_sc_hd__xor2_2)
     1    0.002476    0.103600    0.257078    3.722229 ^ _533_/X (sky130_fd_sc_hd__xor2_2)
                                                         _010_ (net)
                      0.103600    0.000026    3.722255 ^ hold58/A (sky130_fd_sc_hd__dlygate4sd3_1)
     1    0.002748    0.091085    1.000993    4.723248 ^ hold58/X (sky130_fd_sc_hd__dlygate4sd3_1)
                                                         net58 (net)
                      0.091085    0.000028    4.723276 ^ _712_/D (sky130_fd_sc_hd__dfrtp_2)
                                              4.723276   data arrival time

                                  0.000000    0.000000   clock wb_clk_i (rise edge)
                                  0.000000    0.000000   clock source latency
     2    0.147424    1.063065    0.825174    0.825174 ^ wb_clk_i (in)
                                                         wb_clk_i (net)
                      1.073527    0.000000    0.825174 ^ clkbuf_0_wb_clk_i/A (sky130_fd_sc_hd__clkbuf_16)
    17    0.074001    0.154063    0.676967    1.502141 ^ clkbuf_0_wb_clk_i/X (sky130_fd_sc_hd__clkbuf_16)
                                                         clknet_0_wb_clk_i (net)
                      0.154112    0.002652    1.504793 ^ clkbuf_3_0_0_wb_clk_i/A (sky130_fd_sc_hd__clkbuf_8)
    11    0.033860    0.115090    0.320204    1.824997 ^ clkbuf_3_0_0_wb_clk_i/X (sky130_fd_sc_hd__clkbuf_8)
                                                         clknet_3_0_0_wb_clk_i (net)
                      0.115090    0.000343    1.825340 ^ _712_/CLK (sky130_fd_sc_hd__dfrtp_2)
                                  0.250000    2.075340   clock uncertainty
                                 -0.173842    1.901498   clock reconvergence pessimism
                                 -0.074293    1.827205   library hold time
                                              1.827205   data required time
---------------------------------------------------------------------------------------------
                                              1.827205   data required time
                                             -4.723276   data arrival time
---------------------------------------------------------------------------------------------
                                              2.896070   slack (MET)


Startpoint: _688_ (rising edge-triggered flip-flop clocked by wb_clk_i)
Endpoint: _688_ (rising edge-triggered flip-flop clocked by wb_clk_i)
Path Group: wb_clk_i
Path Type: min

Fanout         Cap        Slew       Delay        Time   Description
---------------------------------------------------------------------------------------------
                                  0.000000    0.000000   clock wb_clk_i (rise edge)
                                  0.000000    0.000000   clock source latency
     2    0.147424    1.063065    0.746586    0.746586 ^ wb_clk_i (in)
                                                         wb_clk_i (net)
                      1.073527    0.000000    0.746586 ^ clkbuf_0_wb_clk_i/A (sky130_fd_sc_hd__clkbuf_16)
    17    0.074001    0.154063    0.612494    1.359080 ^ clkbuf_0_wb_clk_i/X (sky130_fd_sc_hd__clkbuf_16)
                                                         clknet_0_wb_clk_i (net)
                      0.154090    0.001908    1.360989 ^ clkbuf_3_7_0_wb_clk_i/A (sky130_fd_sc_hd__clkbuf_8)
    12    0.034773    0.117264    0.291280    1.652268 ^ clkbuf_3_7_0_wb_clk_i/X (sky130_fd_sc_hd__clkbuf_8)
                                                         clknet_3_7_0_wb_clk_i (net)
                      0.117264    0.000469    1.652737 ^ _688_/CLK (sky130_fd_sc_hd__dfrtp_2)
     2    0.005527    0.088934    0.685829    2.338566 ^ _688_/Q (sky130_fd_sc_hd__dfrtp_2)
                                                         timer.sec_tens[3] (net)
                      0.088934    0.000026    2.338592 ^ hold77/A (sky130_fd_sc_hd__dlygate4sd3_1)
     2    0.017916    0.297272    1.166954    3.505546 ^ hold77/X (sky130_fd_sc_hd__dlygate4sd3_1)
                                                         net77 (net)
                      0.297272    0.000259    3.505805 ^ _353_/A (sky130_fd_sc_hd__xnor2_2)
     1    0.001713    0.051088    0.250227    3.756032 ^ _353_/Y (sky130_fd_sc_hd__xnor2_2)
                                                         _163_ (net)
                      0.051088    0.000006    3.756037 ^ hold78/A (sky130_fd_sc_hd__dlygate4sd3_1)
     1    0.002389    0.089988    0.974971    4.731009 ^ hold78/X (sky130_fd_sc_hd__dlygate4sd3_1)
                                                         net78 (net)
                      0.089988    0.000021    4.731030 ^ _688_/D (sky130_fd_sc_hd__dfrtp_2)
                                              4.731030   data arrival time

                                  0.000000    0.000000   clock wb_clk_i (rise edge)
                                  0.000000    0.000000   clock source latency
     2    0.147424    1.063065    0.825174    0.825174 ^ wb_clk_i (in)
                                                         wb_clk_i (net)
                      1.073527    0.000000    0.825174 ^ clkbuf_0_wb_clk_i/A (sky130_fd_sc_hd__clkbuf_16)
    17    0.074001    0.154063    0.676967    1.502141 ^ clkbuf_0_wb_clk_i/X (sky130_fd_sc_hd__clkbuf_16)
                                                         clknet_0_wb_clk_i (net)
                      0.154090    0.002109    1.504251 ^ clkbuf_3_7_0_wb_clk_i/A (sky130_fd_sc_hd__clkbuf_8)
    12    0.034773    0.117264    0.321941    1.826191 ^ clkbuf_3_7_0_wb_clk_i/X (sky130_fd_sc_hd__clkbuf_8)
                                                         clknet_3_7_0_wb_clk_i (net)
                      0.117264    0.000518    1.826709 ^ _688_/CLK (sky130_fd_sc_hd__dfrtp_2)
                                  0.250000    2.076709   clock uncertainty
                                 -0.173972    1.902737   clock reconvergence pessimism
                                 -0.073687    1.829050   library hold time
                                              1.829050   data required time
---------------------------------------------------------------------------------------------
                                              1.829050   data required time
                                             -4.731030   data arrival time
---------------------------------------------------------------------------------------------
                                              2.901980   slack (MET)


Startpoint: _721_ (rising edge-triggered flip-flop clocked by wb_clk_i)
Endpoint: _721_ (rising edge-triggered flip-flop clocked by wb_clk_i)
Path Group: wb_clk_i
Path Type: min

Fanout         Cap        Slew       Delay        Time   Description
---------------------------------------------------------------------------------------------
                                  0.000000    0.000000   clock wb_clk_i (rise edge)
                                  0.000000    0.000000   clock source latency
     2    0.147424    1.063065    0.746586    0.746586 ^ wb_clk_i (in)
                                                         wb_clk_i (net)
                      1.073527    0.000000    0.746586 ^ clkbuf_0_wb_clk_i/A (sky130_fd_sc_hd__clkbuf_16)
    17    0.074001    0.154063    0.612494    1.359080 ^ clkbuf_0_wb_clk_i/X (sky130_fd_sc_hd__clkbuf_16)
                                                         clknet_0_wb_clk_i (net)
                      0.154112    0.002399    1.361480 ^ clkbuf_3_0_0_wb_clk_i/A (sky130_fd_sc_hd__clkbuf_8)
    11    0.033860    0.115090    0.289709    1.651188 ^ clkbuf_3_0_0_wb_clk_i/X (sky130_fd_sc_hd__clkbuf_8)
                                                         clknet_3_0_0_wb_clk_i (net)
                      0.115090    0.000388    1.651576 ^ _721_/CLK (sky130_fd_sc_hd__dfrtp_2)
     2    0.005345    0.087920    0.683124    2.334700 ^ _721_/Q (sky130_fd_sc_hd__dfrtp_2)
                                                         timer.scan_div[27] (net)
                      0.087920    0.000042    2.334741 ^ hold163/A (sky130_fd_sc_hd__dlygate4sd3_1)
     2    0.005936    0.133876    1.036679    3.371420 ^ hold163/X (sky130_fd_sc_hd__dlygate4sd3_1)
                                                         net163 (net)
                      0.133876    0.000028    3.371448 ^ _555_/B1 (sky130_fd_sc_hd__a41o_2)
     1    0.002330    0.045436    0.171330    3.542778 ^ _555_/X (sky130_fd_sc_hd__a41o_2)
                                                         _309_ (net)
                      0.045436    0.000023    3.542802 ^ _556_/B (sky130_fd_sc_hd__and2b_2)
     1    0.001862    0.057741    0.231620    3.774421 ^ _556_/X (sky130_fd_sc_hd__and2b_2)
                                                         _020_ (net)
                      0.057741    0.000008    3.774429 ^ hold164/A (sky130_fd_sc_hd__dlygate4sd3_1)
     1    0.002166    0.086893    0.974464    4.748893 ^ hold164/X (sky130_fd_sc_hd__dlygate4sd3_1)
                                                         net164 (net)
                      0.086893    0.000018    4.748911 ^ _721_/D (sky130_fd_sc_hd__dfrtp_2)
                                              4.748911   data arrival time

                                  0.000000    0.000000   clock wb_clk_i (rise edge)
                                  0.000000    0.000000   clock source latency
     2    0.147424    1.063065    0.825174    0.825174 ^ wb_clk_i (in)
                                                         wb_clk_i (net)
                      1.073527    0.000000    0.825174 ^ clkbuf_0_wb_clk_i/A (sky130_fd_sc_hd__clkbuf_16)
    17    0.074001    0.154063    0.676967    1.502141 ^ clkbuf_0_wb_clk_i/X (sky130_fd_sc_hd__clkbuf_16)
                                                         clknet_0_wb_clk_i (net)
                      0.154112    0.002652    1.504793 ^ clkbuf_3_0_0_wb_clk_i/A (sky130_fd_sc_hd__clkbuf_8)
    11    0.033860    0.115090    0.320204    1.824997 ^ clkbuf_3_0_0_wb_clk_i/X (sky130_fd_sc_hd__clkbuf_8)
                                                         clknet_3_0_0_wb_clk_i (net)
                      0.115090    0.000429    1.825426 ^ _721_/CLK (sky130_fd_sc_hd__dfrtp_2)
                                  0.250000    2.075426   clock uncertainty
                                 -0.173850    1.901576   clock reconvergence pessimism
                                 -0.073340    1.828236   library hold time
                                              1.828236   data required time
---------------------------------------------------------------------------------------------
                                              1.828236   data required time
                                             -4.748911   data arrival time
---------------------------------------------------------------------------------------------
                                              2.920675   slack (MET)


Startpoint: _732_ (rising edge-triggered flip-flop clocked by wb_clk_i)
Endpoint: _732_ (rising edge-triggered flip-flop clocked by wb_clk_i)
Path Group: wb_clk_i
Path Type: min

Fanout         Cap        Slew       Delay        Time   Description
---------------------------------------------------------------------------------------------
                                  0.000000    0.000000   clock wb_clk_i (rise edge)
                                  0.000000    0.000000   clock source latency
     2    0.147424    1.063065    0.746586    0.746586 ^ wb_clk_i (in)
                                                         wb_clk_i (net)
                      1.073527    0.000000    0.746586 ^ clkbuf_0_wb_clk_i/A (sky130_fd_sc_hd__clkbuf_16)
    17    0.074001    0.154063    0.612494    1.359080 ^ clkbuf_0_wb_clk_i/X (sky130_fd_sc_hd__clkbuf_16)
                                                         clknet_0_wb_clk_i (net)
                      0.154070    0.001168    1.360249 ^ clkbuf_3_6_0_wb_clk_i/A (sky130_fd_sc_hd__clkbuf_8)
    12    0.036041    0.120291    0.293444    1.653693 ^ clkbuf_3_6_0_wb_clk_i/X (sky130_fd_sc_hd__clkbuf_8)
                                                         clknet_3_6_0_wb_clk_i (net)
                      0.120291    0.000177    1.653869 ^ _732_/CLK (sky130_fd_sc_hd__dfrtp_2)
     1    0.002095    0.065114    0.654658    2.308527 ^ _732_/Q (sky130_fd_sc_hd__dfrtp_2)
                                                         timer.sec_div[5] (net)
                      0.065114    0.000019    2.308546 ^ hold108/A (sky130_fd_sc_hd__dlygate4sd3_1)
     5    0.023108    0.371249    1.209556    3.518102 ^ hold108/X (sky130_fd_sc_hd__dlygate4sd3_1)
                                                         net108 (net)
                      0.371249    0.000155    3.518257 ^ _423_/A (sky130_fd_sc_hd__xnor2_2)
     1    0.002030    0.052722    0.273050    3.791307 ^ _423_/Y (sky130_fd_sc_hd__xnor2_2)
                                                         _061_ (net)
                      0.052722    0.000018    3.791325 ^ hold109/A (sky130_fd_sc_hd__dlygate4sd3_1)
     1    0.002609    0.089399    0.978864    4.770189 ^ hold109/X (sky130_fd_sc_hd__dlygate4sd3_1)
                                                         net109 (net)
                      0.089399    0.000026    4.770215 ^ _732_/D (sky130_fd_sc_hd__dfrtp_2)
                                              4.770215   data arrival time

                                  0.000000    0.000000   clock wb_clk_i (rise edge)
                                  0.000000    0.000000   clock source latency
     2    0.147424    1.063065    0.825174    0.825174 ^ wb_clk_i (in)
                                                         wb_clk_i (net)
                      1.073527    0.000000    0.825174 ^ clkbuf_0_wb_clk_i/A (sky130_fd_sc_hd__clkbuf_16)
    17    0.074001    0.154063    0.676967    1.502141 ^ clkbuf_0_wb_clk_i/X (sky130_fd_sc_hd__clkbuf_16)
                                                         clknet_0_wb_clk_i (net)
                      0.154070    0.001291    1.503433 ^ clkbuf_3_6_0_wb_clk_i/A (sky130_fd_sc_hd__clkbuf_8)
    12    0.036041    0.120291    0.324333    1.827766 ^ clkbuf_3_6_0_wb_clk_i/X (sky130_fd_sc_hd__clkbuf_8)
                                                         clknet_3_6_0_wb_clk_i (net)
                      0.120291    0.000195    1.827961 ^ _732_/CLK (sky130_fd_sc_hd__dfrtp_2)
                                  0.250000    2.077960   clock uncertainty
                                 -0.174091    1.903869   clock reconvergence pessimism
                                 -0.073056    1.830813   library hold time
                                              1.830813   data required time
---------------------------------------------------------------------------------------------
                                              1.830813   data required time
                                             -4.770215   data arrival time
---------------------------------------------------------------------------------------------
                                              2.939402   slack (MET)


Startpoint: _747_ (rising edge-triggered flip-flop clocked by wb_clk_i)
Endpoint: _747_ (rising edge-triggered flip-flop clocked by wb_clk_i)
Path Group: wb_clk_i
Path Type: min

Fanout         Cap        Slew       Delay        Time   Description
---------------------------------------------------------------------------------------------
                                  0.000000    0.000000   clock wb_clk_i (rise edge)
                                  0.000000    0.000000   clock source latency
     2    0.147424    1.063065    0.746586    0.746586 ^ wb_clk_i (in)
                                                         wb_clk_i (net)
                      1.073527    0.000000    0.746586 ^ clkbuf_0_wb_clk_i/A (sky130_fd_sc_hd__clkbuf_16)
    17    0.074001    0.154063    0.612494    1.359080 ^ clkbuf_0_wb_clk_i/X (sky130_fd_sc_hd__clkbuf_16)
                                                         clknet_0_wb_clk_i (net)
                      0.154089    0.001882    1.360962 ^ clkbuf_3_1_0_wb_clk_i/A (sky130_fd_sc_hd__clkbuf_8)
    11    0.035047    0.117914    0.291777    1.652739 ^ clkbuf_3_1_0_wb_clk_i/X (sky130_fd_sc_hd__clkbuf_8)
                                                         clknet_3_1_0_wb_clk_i (net)
                      0.117915    0.000633    1.653372 ^ _747_/CLK (sky130_fd_sc_hd__dfrtp_2)
     4    0.011344    0.127585    0.724017    2.377389 ^ _747_/Q (sky130_fd_sc_hd__dfrtp_2)
                                                         timer.sec_div[20] (net)
                      0.127585    0.000064    2.377453 ^ hold124/A (sky130_fd_sc_hd__dlygate4sd3_1)
     3    0.015938    0.269161    1.161683    3.539136 ^ hold124/X (sky130_fd_sc_hd__dlygate4sd3_1)
                                                         net124 (net)
                      0.269161    0.000148    3.539284 ^ _463_/A (sky130_fd_sc_hd__xor2_2)
     1    0.002647    0.106273    0.249603    3.788887 ^ _463_/X (sky130_fd_sc_hd__xor2_2)
                                                         _046_ (net)
                      0.106273    0.000028    3.788915 ^ hold125/A (sky130_fd_sc_hd__dlygate4sd3_1)
     1    0.002084    0.085793    0.992328    4.781243 ^ hold125/X (sky130_fd_sc_hd__dlygate4sd3_1)
                                                         net125 (net)
                      0.085793    0.000017    4.781260 ^ _747_/D (sky130_fd_sc_hd__dfrtp_2)
                                              4.781260   data arrival time

                                  0.000000    0.000000   clock wb_clk_i (rise edge)
                                  0.000000    0.000000   clock source latency
     2    0.147424    1.063065    0.825174    0.825174 ^ wb_clk_i (in)
                                                         wb_clk_i (net)
                      1.073527    0.000000    0.825174 ^ clkbuf_0_wb_clk_i/A (sky130_fd_sc_hd__clkbuf_16)
    17    0.074001    0.154063    0.676967    1.502141 ^ clkbuf_0_wb_clk_i/X (sky130_fd_sc_hd__clkbuf_16)
                                                         clknet_0_wb_clk_i (net)
                      0.154089    0.002080    1.504221 ^ clkbuf_3_1_0_wb_clk_i/A (sky130_fd_sc_hd__clkbuf_8)
    11    0.035047    0.117914    0.322490    1.826712 ^ clkbuf_3_1_0_wb_clk_i/X (sky130_fd_sc_hd__clkbuf_8)
                                                         clknet_3_1_0_wb_clk_i (net)
                      0.117915    0.000700    1.827411 ^ _747_/CLK (sky130_fd_sc_hd__dfrtp_2)
                                  0.250000    2.077411   clock uncertainty
                                 -0.174039    1.903372   clock reconvergence pessimism
                                 -0.072626    1.830746   library hold time
                                              1.830746   data required time
---------------------------------------------------------------------------------------------
                                              1.830746   data required time
                                             -4.781260   data arrival time
---------------------------------------------------------------------------------------------
                                              2.950515   slack (MET)


Startpoint: _728_ (rising edge-triggered flip-flop clocked by wb_clk_i)
Endpoint: _730_ (rising edge-triggered flip-flop clocked by wb_clk_i)
Path Group: wb_clk_i
Path Type: min

Fanout         Cap        Slew       Delay        Time   Description
---------------------------------------------------------------------------------------------
                                  0.000000    0.000000   clock wb_clk_i (rise edge)
                                  0.000000    0.000000   clock source latency
     2    0.147424    1.063065    0.746586    0.746586 ^ wb_clk_i (in)
                                                         wb_clk_i (net)
                      1.073527    0.000000    0.746586 ^ clkbuf_0_wb_clk_i/A (sky130_fd_sc_hd__clkbuf_16)
    17    0.074001    0.154063    0.612494    1.359080 ^ clkbuf_0_wb_clk_i/X (sky130_fd_sc_hd__clkbuf_16)
                                                         clknet_0_wb_clk_i (net)
                      0.154090    0.001908    1.360989 ^ clkbuf_3_7_0_wb_clk_i/A (sky130_fd_sc_hd__clkbuf_8)
    12    0.034773    0.117264    0.291280    1.652268 ^ clkbuf_3_7_0_wb_clk_i/X (sky130_fd_sc_hd__clkbuf_8)
                                                         clknet_3_7_0_wb_clk_i (net)
                      0.117264    0.000223    1.652491 ^ _728_/CLK (sky130_fd_sc_hd__dfrtp_2)
     2    0.005537    0.089026    0.685905    2.338396 ^ _728_/Q (sky130_fd_sc_hd__dfrtp_2)
                                                         timer.sec_div[1] (net)
                      0.089026    0.000069    2.338465 ^ _418_/A2 (sky130_fd_sc_hd__a31o_2)
     1    0.002048    0.049615    0.292271    2.630736 ^ _418_/X (sky130_fd_sc_hd__a31o_2)
                                                         _228_ (net)
                      0.049615    0.000018    2.630754 ^ hold167/A (sky130_fd_sc_hd__dlygate4sd3_1)
     1    0.002038    0.085103    0.969226    3.599980 ^ hold167/X (sky130_fd_sc_hd__dlygate4sd3_1)
                                                         net167 (net)
                      0.085103    0.000017    3.599998 ^ _419_/B (sky130_fd_sc_hd__and2b_2)
     1    0.002161    0.058861    0.249082    3.849080 ^ _419_/X (sky130_fd_sc_hd__and2b_2)
                                                         _059_ (net)
                      0.058861    0.000013    3.849093 ^ hold168/A (sky130_fd_sc_hd__dlygate4sd3_1)
     1    0.002166    0.086896    0.974930    4.824023 ^ hold168/X (sky130_fd_sc_hd__dlygate4sd3_1)
                                                         net168 (net)
                      0.086896    0.000018    4.824041 ^ _730_/D (sky130_fd_sc_hd__dfrtp_2)
                                              4.824041   data arrival time

                                  0.000000    0.000000   clock wb_clk_i (rise edge)
                                  0.000000    0.000000   clock source latency
     2    0.147424    1.063065    0.825174    0.825174 ^ wb_clk_i (in)
                                                         wb_clk_i (net)
                      1.073527    0.000000    0.825174 ^ clkbuf_0_wb_clk_i/A (sky130_fd_sc_hd__clkbuf_16)
    17    0.074001    0.154063    0.676967    1.502141 ^ clkbuf_0_wb_clk_i/X (sky130_fd_sc_hd__clkbuf_16)
                                                         clknet_0_wb_clk_i (net)
                      0.154090    0.002109    1.504251 ^ clkbuf_3_7_0_wb_clk_i/A (sky130_fd_sc_hd__clkbuf_8)
    12    0.034773    0.117264    0.321941    1.826191 ^ clkbuf_3_7_0_wb_clk_i/X (sky130_fd_sc_hd__clkbuf_8)
                                                         clknet_3_7_0_wb_clk_i (net)
                      0.117264    0.000436    1.826627 ^ _730_/CLK (sky130_fd_sc_hd__dfrtp_2)
                                  0.250000    2.076627   clock uncertainty
                                 -0.173923    1.902704   clock reconvergence pessimism
                                 -0.072984    1.829720   library hold time
                                              1.829720   data required time
---------------------------------------------------------------------------------------------
                                              1.829720   data required time
                                             -4.824041   data arrival time
---------------------------------------------------------------------------------------------
                                              2.994321   slack (MET)


Startpoint: _694_ (rising edge-triggered flip-flop clocked by wb_clk_i)
Endpoint: _694_ (rising edge-triggered flip-flop clocked by wb_clk_i)
Path Group: wb_clk_i
Path Type: min

Fanout         Cap        Slew       Delay        Time   Description
---------------------------------------------------------------------------------------------
                                  0.000000    0.000000   clock wb_clk_i (rise edge)
                                  0.000000    0.000000   clock source latency
     2    0.147424    1.063065    0.746586    0.746586 ^ wb_clk_i (in)
                                                         wb_clk_i (net)
                      1.073527    0.000000    0.746586 ^ clkbuf_0_wb_clk_i/A (sky130_fd_sc_hd__clkbuf_16)
    17    0.074001    0.154063    0.612494    1.359080 ^ clkbuf_0_wb_clk_i/X (sky130_fd_sc_hd__clkbuf_16)
                                                         clknet_0_wb_clk_i (net)
                      0.154089    0.001882    1.360962 ^ clkbuf_3_1_0_wb_clk_i/A (sky130_fd_sc_hd__clkbuf_8)
    11    0.035047    0.117914    0.291777    1.652739 ^ clkbuf_3_1_0_wb_clk_i/X (sky130_fd_sc_hd__clkbuf_8)
                                                         clknet_3_1_0_wb_clk_i (net)
                      0.117914    0.000344    1.653083 ^ _694_/CLK (sky130_fd_sc_hd__dfrtp_2)
     2    0.007258    0.100166    0.697451    2.350534 ^ _694_/Q (sky130_fd_sc_hd__dfrtp_2)
                                                         timer.scan_div[0] (net)
                      0.100166    0.000041    2.350575 ^ hold172/A (sky130_fd_sc_hd__dlygate4sd3_1)
     3    0.007633    0.156562    1.060602    3.411177 ^ hold172/X (sky130_fd_sc_hd__dlygate4sd3_1)
                                                         net172 (net)
                      0.156562    0.000061    3.411238 ^ _488_/A_N (sky130_fd_sc_hd__and2b_2)
     1    0.002056    0.064377    0.440693    3.851931 v _488_/X (sky130_fd_sc_hd__and2b_2)
                                                         _001_ (net)
                      0.064377    0.000019    3.851950 v hold173/A (sky130_fd_sc_hd__dlygate4sd3_1)
     1    0.002077    0.101767    1.053336    4.905286 v hold173/X (sky130_fd_sc_hd__dlygate4sd3_1)
                                                         net173 (net)
                      0.101767    0.000016    4.905303 v _694_/D (sky130_fd_sc_hd__dfrtp_2)
                                              4.905303   data arrival time

                                  0.000000    0.000000   clock wb_clk_i (rise edge)
                                  0.000000    0.000000   clock source latency
     2    0.147424    1.063065    0.825174    0.825174 ^ wb_clk_i (in)
                                                         wb_clk_i (net)
                      1.073527    0.000000    0.825174 ^ clkbuf_0_wb_clk_i/A (sky130_fd_sc_hd__clkbuf_16)
    17    0.074001    0.154063    0.676967    1.502141 ^ clkbuf_0_wb_clk_i/X (sky130_fd_sc_hd__clkbuf_16)
                                                         clknet_0_wb_clk_i (net)
                      0.154089    0.002080    1.504221 ^ clkbuf_3_1_0_wb_clk_i/A (sky130_fd_sc_hd__clkbuf_8)
    11    0.035047    0.117914    0.322490    1.826712 ^ clkbuf_3_1_0_wb_clk_i/X (sky130_fd_sc_hd__clkbuf_8)
                                                         clknet_3_1_0_wb_clk_i (net)
                      0.117914    0.000380    1.827092 ^ _694_/CLK (sky130_fd_sc_hd__dfrtp_2)
                                  0.250000    2.077092   clock uncertainty
                                 -0.174009    1.903083   clock reconvergence pessimism
                                 -0.089673    1.813410   library hold time
                                              1.813410   data required time
---------------------------------------------------------------------------------------------
                                              1.813410   data required time
                                             -4.905303   data arrival time
---------------------------------------------------------------------------------------------
                                              3.091892   slack (MET)


Startpoint: _737_ (rising edge-triggered flip-flop clocked by wb_clk_i)
Endpoint: _737_ (rising edge-triggered flip-flop clocked by wb_clk_i)
Path Group: wb_clk_i
Path Type: min

Fanout         Cap        Slew       Delay        Time   Description
---------------------------------------------------------------------------------------------
                                  0.000000    0.000000   clock wb_clk_i (rise edge)
                                  0.000000    0.000000   clock source latency
     2    0.147424    1.063065    0.746586    0.746586 ^ wb_clk_i (in)
                                                         wb_clk_i (net)
                      1.073527    0.000000    0.746586 ^ clkbuf_0_wb_clk_i/A (sky130_fd_sc_hd__clkbuf_16)
    17    0.074001    0.154063    0.612494    1.359080 ^ clkbuf_0_wb_clk_i/X (sky130_fd_sc_hd__clkbuf_16)
                                                         clknet_0_wb_clk_i (net)
                      0.154070    0.001168    1.360249 ^ clkbuf_3_6_0_wb_clk_i/A (sky130_fd_sc_hd__clkbuf_8)
    12    0.036041    0.120291    0.293444    1.653693 ^ clkbuf_3_6_0_wb_clk_i/X (sky130_fd_sc_hd__clkbuf_8)
                                                         clknet_3_6_0_wb_clk_i (net)
                      0.120291    0.000320    1.654013 ^ _737_/CLK (sky130_fd_sc_hd__dfrtp_2)
     2    0.006515    0.095592    0.693666    2.347679 ^ _737_/Q (sky130_fd_sc_hd__dfrtp_2)
                                                         timer.sec_div[10] (net)
                      0.095592    0.000050    2.347728 ^ hold190/A (sky130_fd_sc_hd__dlygate4sd3_1)
     3    0.009899    0.187950    1.084764    3.432493 ^ hold190/X (sky130_fd_sc_hd__dlygate4sd3_1)
                                                         net190 (net)
                      0.187950    0.000077    3.432570 ^ _435_/A (sky130_fd_sc_hd__or2_2)
     1    0.001973    0.043538    0.211679    3.644249 ^ _435_/X (sky130_fd_sc_hd__or2_2)
                                                         _238_ (net)
                      0.043538    0.000010    3.644259 ^ _437_/B (sky130_fd_sc_hd__and3_2)
     1    0.001876    0.072314    0.303077    3.947335 ^ _437_/X (sky130_fd_sc_hd__and3_2)
                                                         _035_ (net)
                      0.072314    0.000015    3.947350 ^ hold191/A (sky130_fd_sc_hd__dlygate4sd3_1)
     1    0.002449    0.090867    0.984637    4.931987 ^ hold191/X (sky130_fd_sc_hd__dlygate4sd3_1)
                                                         net191 (net)
                      0.090867    0.000022    4.932009 ^ _737_/D (sky130_fd_sc_hd__dfrtp_2)
                                              4.932009   data arrival time

                                  0.000000    0.000000   clock wb_clk_i (rise edge)
                                  0.000000    0.000000   clock source latency
     2    0.147424    1.063065    0.825174    0.825174 ^ wb_clk_i (in)
                                                         wb_clk_i (net)
                      1.073527    0.000000    0.825174 ^ clkbuf_0_wb_clk_i/A (sky130_fd_sc_hd__clkbuf_16)
    17    0.074001    0.154063    0.676967    1.502141 ^ clkbuf_0_wb_clk_i/X (sky130_fd_sc_hd__clkbuf_16)
                                                         clknet_0_wb_clk_i (net)
                      0.154070    0.001291    1.503433 ^ clkbuf_3_6_0_wb_clk_i/A (sky130_fd_sc_hd__clkbuf_8)
    12    0.036041    0.120291    0.324333    1.827766 ^ clkbuf_3_6_0_wb_clk_i/X (sky130_fd_sc_hd__clkbuf_8)
                                                         clknet_3_6_0_wb_clk_i (net)
                      0.120291    0.000354    1.828119 ^ _737_/CLK (sky130_fd_sc_hd__dfrtp_2)
                                  0.250000    2.078119   clock uncertainty
                                 -0.174107    1.904013   clock reconvergence pessimism
                                 -0.073390    1.830623   library hold time
                                              1.830623   data required time
---------------------------------------------------------------------------------------------
                                              1.830623   data required time
                                             -4.932009   data arrival time
---------------------------------------------------------------------------------------------
                                              3.101386   slack (MET)


Startpoint: _687_ (rising edge-triggered flip-flop clocked by wb_clk_i)
Endpoint: _687_ (rising edge-triggered flip-flop clocked by wb_clk_i)
Path Group: wb_clk_i
Path Type: min

Fanout         Cap        Slew       Delay        Time   Description
---------------------------------------------------------------------------------------------
                                  0.000000    0.000000   clock wb_clk_i (rise edge)
                                  0.000000    0.000000   clock source latency
     2    0.147424    1.063065    0.746586    0.746586 ^ wb_clk_i (in)
                                                         wb_clk_i (net)
                      1.073527    0.000000    0.746586 ^ clkbuf_0_wb_clk_i/A (sky130_fd_sc_hd__clkbuf_16)
    17    0.074001    0.154063    0.612494    1.359080 ^ clkbuf_0_wb_clk_i/X (sky130_fd_sc_hd__clkbuf_16)
                                                         clknet_0_wb_clk_i (net)
                      0.154096    0.002040    1.361120 ^ clkbuf_3_5_0_wb_clk_i/A (sky130_fd_sc_hd__clkbuf_8)
    11    0.036399    0.121134    0.294202    1.655322 ^ clkbuf_3_5_0_wb_clk_i/X (sky130_fd_sc_hd__clkbuf_8)
                                                         clknet_3_5_0_wb_clk_i (net)
                      0.121134    0.000233    1.655555 ^ _687_/CLK (sky130_fd_sc_hd__dfrtp_2)
     2    0.006877    0.097799    0.696405    2.351960 ^ _687_/Q (sky130_fd_sc_hd__dfrtp_2)
                                                         timer.sec_tens[2] (net)
                      0.097799    0.000034    2.351994 ^ hold181/A (sky130_fd_sc_hd__dlygate4sd3_1)
     3    0.011409    0.209086    1.102798    3.454791 ^ hold181/X (sky130_fd_sc_hd__dlygate4sd3_1)
                                                         net181 (net)
                      0.209086    0.000089    3.454880 ^ _354_/A (sky130_fd_sc_hd__or2_2)
     1    0.003210    0.051760    0.229436    3.684317 ^ _354_/X (sky130_fd_sc_hd__or2_2)
                                                         _184_ (net)
                      0.051760    0.000044    3.684361 ^ _358_/B (sky130_fd_sc_hd__and3_2)
     1    0.002803    0.079274    0.315728    4.000089 ^ _358_/X (sky130_fd_sc_hd__and3_2)
                                                         _162_ (net)
                      0.079274    0.000034    4.000123 ^ hold183/A (sky130_fd_sc_hd__dlygate4sd3_1)
     1    0.002551    0.088852    0.988999    4.989122 ^ hold183/X (sky130_fd_sc_hd__dlygate4sd3_1)
                                                         net183 (net)
                      0.088852    0.000024    4.989146 ^ _687_/D (sky130_fd_sc_hd__dfrtp_2)
                                              4.989146   data arrival time

                                  0.000000    0.000000   clock wb_clk_i (rise edge)
                                  0.000000    0.000000   clock source latency
     2    0.147424    1.063065    0.825174    0.825174 ^ wb_clk_i (in)
                                                         wb_clk_i (net)
                      1.073527    0.000000    0.825174 ^ clkbuf_0_wb_clk_i/A (sky130_fd_sc_hd__clkbuf_16)
    17    0.074001    0.154063    0.676967    1.502141 ^ clkbuf_0_wb_clk_i/X (sky130_fd_sc_hd__clkbuf_16)
                                                         clknet_0_wb_clk_i (net)
                      0.154096    0.002254    1.504396 ^ clkbuf_3_5_0_wb_clk_i/A (sky130_fd_sc_hd__clkbuf_8)
    11    0.036399    0.121134    0.325170    1.829566 ^ clkbuf_3_5_0_wb_clk_i/X (sky130_fd_sc_hd__clkbuf_8)
                                                         clknet_3_5_0_wb_clk_i (net)
                      0.121134    0.000257    1.829823 ^ _687_/CLK (sky130_fd_sc_hd__dfrtp_2)
                                  0.250000    2.079823   clock uncertainty
                                 -0.174269    1.905555   clock reconvergence pessimism
                                 -0.072793    1.832761   library hold time
                                              1.832761   data required time
---------------------------------------------------------------------------------------------
                                              1.832761   data required time
                                             -4.989146   data arrival time
---------------------------------------------------------------------------------------------
                                              3.156384   slack (MET)


Startpoint: wb_rst_i (input port clocked by wb_clk_i)
Endpoint: _739_ (removal check against rising-edge clock wb_clk_i)
Path Group: asynchronous
Path Type: min

Fanout         Cap        Slew       Delay        Time   Description
---------------------------------------------------------------------------------------------
                                  0.000000    0.000000   clock wb_clk_i (rise edge)
                                  0.000000    0.000000   clock network delay (propagated)
                                  5.000000    5.000000 v input external delay
     2    0.004739    0.026074    0.014555    5.014555 v wb_rst_i (in)
                                                         wb_rst_i (net)
                      0.026074    0.000000    5.014555 v input1/A (sky130_fd_sc_hd__buf_2)
     5    0.123250    0.530592    0.532057    5.546612 v input1/X (sky130_fd_sc_hd__buf_2)
                                                         net1 (net)
                      0.544132    0.063929    5.610541 v fanout25/A (sky130_fd_sc_hd__clkdlybuf4s25_1)
     8    0.040183    0.540400    0.953830    6.564371 v fanout25/X (sky130_fd_sc_hd__clkdlybuf4s25_1)
                                                         net25 (net)
                      0.540400    0.001307    6.565678 v _655_/A (sky130_fd_sc_hd__inv_2)
     1    0.003412    0.123915    0.182926    6.748604 ^ _655_/Y (sky130_fd_sc_hd__inv_2)
                                                         _130_ (net)
                      0.123915    0.000021    6.748625 ^ _739_/RESET_B (sky130_fd_sc_hd__dfrtp_2)
                                              6.748625   data arrival time

                                  0.000000    0.000000   clock wb_clk_i (rise edge)
                                  0.000000    0.000000   clock source latency
     2    0.147424    1.063065    0.825174    0.825174 ^ wb_clk_i (in)
                                                         wb_clk_i (net)
                      1.073527    0.000000    0.825174 ^ clkbuf_0_wb_clk_i/A (sky130_fd_sc_hd__clkbuf_16)
    17    0.074001    0.154063    0.676967    1.502141 ^ clkbuf_0_wb_clk_i/X (sky130_fd_sc_hd__clkbuf_16)
                                                         clknet_0_wb_clk_i (net)
                      0.154075    0.001578    1.503719 ^ clkbuf_3_4_0_wb_clk_i/A (sky130_fd_sc_hd__clkbuf_8)
    11    0.035340    0.118617    0.323034    1.826753 ^ clkbuf_3_4_0_wb_clk_i/X (sky130_fd_sc_hd__clkbuf_8)
                                                         clknet_3_4_0_wb_clk_i (net)
                      0.118617    0.000109    1.826862 ^ _739_/CLK (sky130_fd_sc_hd__dfrtp_2)
                                  0.250000    2.076862   clock uncertainty
                                  0.000000    2.076862   clock reconvergence pessimism
                                  0.688602    2.765464   library removal time
                                              2.765464   data required time
---------------------------------------------------------------------------------------------
                                              2.765464   data required time
                                             -6.748625   data arrival time
---------------------------------------------------------------------------------------------
                                              3.983160   slack (MET)


Startpoint: wb_rst_i (input port clocked by wb_clk_i)
Endpoint: _742_ (removal check against rising-edge clock wb_clk_i)
Path Group: asynchronous
Path Type: min

Fanout         Cap        Slew       Delay        Time   Description
---------------------------------------------------------------------------------------------
                                  0.000000    0.000000   clock wb_clk_i (rise edge)
                                  0.000000    0.000000   clock network delay (propagated)
                                  5.000000    5.000000 v input external delay
     2    0.004739    0.026074    0.014555    5.014555 v wb_rst_i (in)
                                                         wb_rst_i (net)
                      0.026074    0.000000    5.014555 v input1/A (sky130_fd_sc_hd__buf_2)
     5    0.123250    0.530592    0.532057    5.546612 v input1/X (sky130_fd_sc_hd__buf_2)
                                                         net1 (net)
                      0.544132    0.063929    5.610541 v fanout25/A (sky130_fd_sc_hd__clkdlybuf4s25_1)
     8    0.040183    0.540400    0.953830    6.564371 v fanout25/X (sky130_fd_sc_hd__clkdlybuf4s25_1)
                                                         net25 (net)
                      0.540400    0.001168    6.565538 v _658_/A (sky130_fd_sc_hd__inv_2)
     1    0.003515    0.124886    0.184528    6.750066 ^ _658_/Y (sky130_fd_sc_hd__inv_2)
                                                         _133_ (net)
                      0.124886    0.000023    6.750089 ^ _742_/RESET_B (sky130_fd_sc_hd__dfrtp_2)
                                              6.750089   data arrival time

                                  0.000000    0.000000   clock wb_clk_i (rise edge)
                                  0.000000    0.000000   clock source latency
     2    0.147424    1.063065    0.825174    0.825174 ^ wb_clk_i (in)
                                                         wb_clk_i (net)
                      1.073527    0.000000    0.825174 ^ clkbuf_0_wb_clk_i/A (sky130_fd_sc_hd__clkbuf_16)
    17    0.074001    0.154063    0.676967    1.502141 ^ clkbuf_0_wb_clk_i/X (sky130_fd_sc_hd__clkbuf_16)
                                                         clknet_0_wb_clk_i (net)
                      0.154075    0.001578    1.503719 ^ clkbuf_3_4_0_wb_clk_i/A (sky130_fd_sc_hd__clkbuf_8)
    11    0.035340    0.118617    0.323034    1.826753 ^ clkbuf_3_4_0_wb_clk_i/X (sky130_fd_sc_hd__clkbuf_8)
                                                         clknet_3_4_0_wb_clk_i (net)
                      0.118617    0.000419    1.827172 ^ _742_/CLK (sky130_fd_sc_hd__dfrtp_2)
                                  0.250000    2.077172   clock uncertainty
                                  0.000000    2.077172   clock reconvergence pessimism
                                  0.688899    2.766072   library removal time
                                              2.766072   data required time
---------------------------------------------------------------------------------------------
                                              2.766072   data required time
                                             -6.750089   data arrival time
---------------------------------------------------------------------------------------------
                                              3.984018   slack (MET)


Startpoint: wb_rst_i (input port clocked by wb_clk_i)
Endpoint: _743_ (removal check against rising-edge clock wb_clk_i)
Path Group: asynchronous
Path Type: min

Fanout         Cap        Slew       Delay        Time   Description
---------------------------------------------------------------------------------------------
                                  0.000000    0.000000   clock wb_clk_i (rise edge)
                                  0.000000    0.000000   clock network delay (propagated)
                                  5.000000    5.000000 v input external delay
     2    0.004739    0.026074    0.014555    5.014555 v wb_rst_i (in)
                                                         wb_rst_i (net)
                      0.026074    0.000000    5.014555 v input1/A (sky130_fd_sc_hd__buf_2)
     5    0.123250    0.530592    0.532057    5.546612 v input1/X (sky130_fd_sc_hd__buf_2)
                                                         net1 (net)
                      0.544132    0.063929    5.610541 v fanout25/A (sky130_fd_sc_hd__clkdlybuf4s25_1)
     8    0.040183    0.540400    0.953830    6.564371 v fanout25/X (sky130_fd_sc_hd__clkdlybuf4s25_1)
                                                         net25 (net)
                      0.540400    0.000642    6.565013 v _659_/A (sky130_fd_sc_hd__inv_2)
     1    0.003570    0.125415    0.185400    6.750412 ^ _659_/Y (sky130_fd_sc_hd__inv_2)
                                                         _134_ (net)
                      0.125415    0.000024    6.750436 ^ _743_/RESET_B (sky130_fd_sc_hd__dfrtp_2)
                                              6.750436   data arrival time

                                  0.000000    0.000000   clock wb_clk_i (rise edge)
                                  0.000000    0.000000   clock source latency
     2    0.147424    1.063065    0.825174    0.825174 ^ wb_clk_i (in)
                                                         wb_clk_i (net)
                      1.073527    0.000000    0.825174 ^ clkbuf_0_wb_clk_i/A (sky130_fd_sc_hd__clkbuf_16)
    17    0.074001    0.154063    0.676967    1.502141 ^ clkbuf_0_wb_clk_i/X (sky130_fd_sc_hd__clkbuf_16)
                                                         clknet_0_wb_clk_i (net)
                      0.154075    0.001578    1.503719 ^ clkbuf_3_4_0_wb_clk_i/A (sky130_fd_sc_hd__clkbuf_8)
    11    0.035340    0.118617    0.323034    1.826753 ^ clkbuf_3_4_0_wb_clk_i/X (sky130_fd_sc_hd__clkbuf_8)
                                                         clknet_3_4_0_wb_clk_i (net)
                      0.118617    0.000480    1.827233 ^ _743_/CLK (sky130_fd_sc_hd__dfrtp_2)
                                  0.250000    2.077233   clock uncertainty
                                  0.000000    2.077233   clock reconvergence pessimism
                                  0.689061    2.766295   library removal time
                                              2.766295   data required time
---------------------------------------------------------------------------------------------
                                              2.766295   data required time
                                             -6.750436   data arrival time
---------------------------------------------------------------------------------------------
                                              3.984142   slack (MET)


Startpoint: wb_rst_i (input port clocked by wb_clk_i)
Endpoint: _737_ (removal check against rising-edge clock wb_clk_i)
Path Group: asynchronous
Path Type: min

Fanout         Cap        Slew       Delay        Time   Description
---------------------------------------------------------------------------------------------
                                  0.000000    0.000000   clock wb_clk_i (rise edge)
                                  0.000000    0.000000   clock network delay (propagated)
                                  5.000000    5.000000 v input external delay
     2    0.004739    0.026074    0.014555    5.014555 v wb_rst_i (in)
                                                         wb_rst_i (net)
                      0.026074    0.000000    5.014555 v input1/A (sky130_fd_sc_hd__buf_2)
     5    0.123250    0.530592    0.532057    5.546612 v input1/X (sky130_fd_sc_hd__buf_2)
                                                         net1 (net)
                      0.544132    0.063929    5.610541 v fanout25/A (sky130_fd_sc_hd__clkdlybuf4s25_1)
     8    0.040183    0.540400    0.953830    6.564371 v fanout25/X (sky130_fd_sc_hd__clkdlybuf4s25_1)
                                                         net25 (net)
                      0.540400    0.001307    6.565678 v _653_/A (sky130_fd_sc_hd__inv_2)
     1    0.003700    0.126648    0.187433    6.753111 ^ _653_/Y (sky130_fd_sc_hd__inv_2)
                                                         _128_ (net)
                      0.126648    0.000027    6.753138 ^ _737_/RESET_B (sky130_fd_sc_hd__dfrtp_2)
                                              6.753138   data arrival time

                                  0.000000    0.000000   clock wb_clk_i (rise edge)
                                  0.000000    0.000000   clock source latency
     2    0.147424    1.063065    0.825174    0.825174 ^ wb_clk_i (in)
                                                         wb_clk_i (net)
                      1.073527    0.000000    0.825174 ^ clkbuf_0_wb_clk_i/A (sky130_fd_sc_hd__clkbuf_16)
    17    0.074001    0.154063    0.676967    1.502141 ^ clkbuf_0_wb_clk_i/X (sky130_fd_sc_hd__clkbuf_16)
                                                         clknet_0_wb_clk_i (net)
                      0.154070    0.001291    1.503433 ^ clkbuf_3_6_0_wb_clk_i/A (sky130_fd_sc_hd__clkbuf_8)
    12    0.036041    0.120291    0.324333    1.827766 ^ clkbuf_3_6_0_wb_clk_i/X (sky130_fd_sc_hd__clkbuf_8)
                                                         clknet_3_6_0_wb_clk_i (net)
                      0.120291    0.000354    1.828119 ^ _737_/CLK (sky130_fd_sc_hd__dfrtp_2)
                                  0.250000    2.078119   clock uncertainty
                                  0.000000    2.078119   clock reconvergence pessimism
                                  0.689944    2.768063   library removal time
                                              2.768063   data required time
---------------------------------------------------------------------------------------------
                                              2.768063   data required time
                                             -6.753138   data arrival time
---------------------------------------------------------------------------------------------
                                              3.985075   slack (MET)


Startpoint: wb_rst_i (input port clocked by wb_clk_i)
Endpoint: _736_ (removal check against rising-edge clock wb_clk_i)
Path Group: asynchronous
Path Type: min

Fanout         Cap        Slew       Delay        Time   Description
---------------------------------------------------------------------------------------------
                                  0.000000    0.000000   clock wb_clk_i (rise edge)
                                  0.000000    0.000000   clock network delay (propagated)
                                  5.000000    5.000000 v input external delay
     2    0.004739    0.026074    0.014555    5.014555 v wb_rst_i (in)
                                                         wb_rst_i (net)
                      0.026074    0.000000    5.014555 v input1/A (sky130_fd_sc_hd__buf_2)
     5    0.123250    0.530592    0.532057    5.546612 v input1/X (sky130_fd_sc_hd__buf_2)
                                                         net1 (net)
                      0.544132    0.063929    5.610541 v fanout25/A (sky130_fd_sc_hd__clkdlybuf4s25_1)
     8    0.040183    0.540400    0.953830    6.564371 v fanout25/X (sky130_fd_sc_hd__clkdlybuf4s25_1)
                                                         net25 (net)
                      0.540400    0.001329    6.565699 v _652_/A (sky130_fd_sc_hd__inv_2)
     1    0.003798    0.127577    0.188966    6.754665 ^ _652_/Y (sky130_fd_sc_hd__inv_2)
                                                         _127_ (net)
                      0.127577    0.000030    6.754695 ^ _736_/RESET_B (sky130_fd_sc_hd__dfrtp_2)
                                              6.754695   data arrival time

                                  0.000000    0.000000   clock wb_clk_i (rise edge)
                                  0.000000    0.000000   clock source latency
     2    0.147424    1.063065    0.825174    0.825174 ^ wb_clk_i (in)
                                                         wb_clk_i (net)
                      1.073527    0.000000    0.825174 ^ clkbuf_0_wb_clk_i/A (sky130_fd_sc_hd__clkbuf_16)
    17    0.074001    0.154063    0.676967    1.502141 ^ clkbuf_0_wb_clk_i/X (sky130_fd_sc_hd__clkbuf_16)
                                                         clknet_0_wb_clk_i (net)
                      0.154075    0.001578    1.503719 ^ clkbuf_3_4_0_wb_clk_i/A (sky130_fd_sc_hd__clkbuf_8)
    11    0.035340    0.118617    0.323034    1.826753 ^ clkbuf_3_4_0_wb_clk_i/X (sky130_fd_sc_hd__clkbuf_8)
                                                         clknet_3_4_0_wb_clk_i (net)
                      0.118617    0.000480    1.827233 ^ _736_/CLK (sky130_fd_sc_hd__dfrtp_2)
                                  0.250000    2.077233   clock uncertainty
                                  0.000000    2.077233   clock reconvergence pessimism
                                  0.689724    2.766956   library removal time
                                              2.766956   data required time
---------------------------------------------------------------------------------------------
                                              2.766956   data required time
                                             -6.754695   data arrival time
---------------------------------------------------------------------------------------------
                                              3.987738   slack (MET)


Startpoint: wb_rst_i (input port clocked by wb_clk_i)
Endpoint: _740_ (removal check against rising-edge clock wb_clk_i)
Path Group: asynchronous
Path Type: min

Fanout         Cap        Slew       Delay        Time   Description
---------------------------------------------------------------------------------------------
                                  0.000000    0.000000   clock wb_clk_i (rise edge)
                                  0.000000    0.000000   clock network delay (propagated)
                                  5.000000    5.000000 v input external delay
     2    0.004739    0.026074    0.014555    5.014555 v wb_rst_i (in)
                                                         wb_rst_i (net)
                      0.026074    0.000000    5.014555 v input1/A (sky130_fd_sc_hd__buf_2)
     5    0.123250    0.530592    0.532057    5.546612 v input1/X (sky130_fd_sc_hd__buf_2)
                                                         net1 (net)
                      0.544132    0.063929    5.610541 v fanout25/A (sky130_fd_sc_hd__clkdlybuf4s25_1)
     8    0.040183    0.540400    0.953830    6.564371 v fanout25/X (sky130_fd_sc_hd__clkdlybuf4s25_1)
                                                         net25 (net)
                      0.540400    0.000990    6.565361 v _656_/A (sky130_fd_sc_hd__inv_2)
     1    0.004035    0.129826    0.192676    6.758037 ^ _656_/Y (sky130_fd_sc_hd__inv_2)
                                                         _131_ (net)
                      0.129826    0.000035    6.758071 ^ _740_/RESET_B (sky130_fd_sc_hd__dfrtp_2)
                                              6.758071   data arrival time

                                  0.000000    0.000000   clock wb_clk_i (rise edge)
                                  0.000000    0.000000   clock source latency
     2    0.147424    1.063065    0.825174    0.825174 ^ wb_clk_i (in)
                                                         wb_clk_i (net)
                      1.073527    0.000000    0.825174 ^ clkbuf_0_wb_clk_i/A (sky130_fd_sc_hd__clkbuf_16)
    17    0.074001    0.154063    0.676967    1.502141 ^ clkbuf_0_wb_clk_i/X (sky130_fd_sc_hd__clkbuf_16)
                                                         clknet_0_wb_clk_i (net)
                      0.154075    0.001578    1.503719 ^ clkbuf_3_4_0_wb_clk_i/A (sky130_fd_sc_hd__clkbuf_8)
    11    0.035340    0.118617    0.323034    1.826753 ^ clkbuf_3_4_0_wb_clk_i/X (sky130_fd_sc_hd__clkbuf_8)
                                                         clknet_3_4_0_wb_clk_i (net)
                      0.118617    0.000302    1.827056 ^ _740_/CLK (sky130_fd_sc_hd__dfrtp_2)
                                  0.250000    2.077055   clock uncertainty
                                  0.000000    2.077055   clock reconvergence pessimism
                                  0.690413    2.767468   library removal time
                                              2.767468   data required time
---------------------------------------------------------------------------------------------
                                              2.767468   data required time
                                             -6.758071   data arrival time
---------------------------------------------------------------------------------------------
                                              3.990603   slack (MET)


Startpoint: wb_rst_i (input port clocked by wb_clk_i)
Endpoint: _716_ (removal check against rising-edge clock wb_clk_i)
Path Group: asynchronous
Path Type: min

Fanout         Cap        Slew       Delay        Time   Description
---------------------------------------------------------------------------------------------
                                  0.000000    0.000000   clock wb_clk_i (rise edge)
                                  0.000000    0.000000   clock network delay (propagated)
                                  5.000000    5.000000 v input external delay
     2    0.004739    0.026074    0.014555    5.014555 v wb_rst_i (in)
                                                         wb_rst_i (net)
                      0.026074    0.000000    5.014555 v input1/A (sky130_fd_sc_hd__buf_2)
     5    0.123250    0.530592    0.532057    5.546612 v input1/X (sky130_fd_sc_hd__buf_2)
                                                         net1 (net)
                      0.543458    0.062398    5.609010 v fanout19/A (sky130_fd_sc_hd__clkdlybuf4s25_1)
     2    0.010168    0.162809    0.680094    6.289104 v fanout19/X (sky130_fd_sc_hd__clkdlybuf4s25_1)
                                                         net19 (net)
                      0.162809    0.000246    6.289350 v wire20/A (sky130_fd_sc_hd__buf_4)
    19    0.067569    0.168816    0.383882    6.673232 v wire20/X (sky130_fd_sc_hd__buf_4)
                                                         net20 (net)
                      0.168824    0.001345    6.674577 v _632_/A (sky130_fd_sc_hd__inv_2)
     1    0.003520    0.058394    0.101455    6.776032 ^ _632_/Y (sky130_fd_sc_hd__inv_2)
                                                         _107_ (net)
                      0.058394    0.000023    6.776055 ^ _716_/RESET_B (sky130_fd_sc_hd__dfrtp_2)
                                              6.776055   data arrival time

                                  0.000000    0.000000   clock wb_clk_i (rise edge)
                                  0.000000    0.000000   clock source latency
     2    0.147424    1.063065    0.825174    0.825174 ^ wb_clk_i (in)
                                                         wb_clk_i (net)
                      1.073527    0.000000    0.825174 ^ clkbuf_0_wb_clk_i/A (sky130_fd_sc_hd__clkbuf_16)
    17    0.074001    0.154063    0.676967    1.502141 ^ clkbuf_0_wb_clk_i/X (sky130_fd_sc_hd__clkbuf_16)
                                                         clknet_0_wb_clk_i (net)
                      0.154103    0.002457    1.504598 ^ clkbuf_3_2_0_wb_clk_i/A (sky130_fd_sc_hd__clkbuf_8)
    11    0.034623    0.116907    0.321669    1.826267 ^ clkbuf_3_2_0_wb_clk_i/X (sky130_fd_sc_hd__clkbuf_8)
                                                         clknet_3_2_0_wb_clk_i (net)
                      0.116907    0.000182    1.826449 ^ _716_/CLK (sky130_fd_sc_hd__dfrtp_2)
                                  0.250000    2.076449   clock uncertainty
                                  0.000000    2.076449   clock reconvergence pessimism
                                  0.668015    2.744463   library removal time
                                              2.744463   data required time
---------------------------------------------------------------------------------------------
                                              2.744463   data required time
                                             -6.776055   data arrival time
---------------------------------------------------------------------------------------------
                                              4.031591   slack (MET)


Startpoint: wb_rst_i (input port clocked by wb_clk_i)
Endpoint: _717_ (removal check against rising-edge clock wb_clk_i)
Path Group: asynchronous
Path Type: min

Fanout         Cap        Slew       Delay        Time   Description
---------------------------------------------------------------------------------------------
                                  0.000000    0.000000   clock wb_clk_i (rise edge)
                                  0.000000    0.000000   clock network delay (propagated)
                                  5.000000    5.000000 v input external delay
     2    0.004739    0.026074    0.014555    5.014555 v wb_rst_i (in)
                                                         wb_rst_i (net)
                      0.026074    0.000000    5.014555 v input1/A (sky130_fd_sc_hd__buf_2)
     5    0.123250    0.530592    0.532057    5.546612 v input1/X (sky130_fd_sc_hd__buf_2)
                                                         net1 (net)
                      0.543458    0.062398    5.609010 v fanout19/A (sky130_fd_sc_hd__clkdlybuf4s25_1)
     2    0.010168    0.162809    0.680094    6.289104 v fanout19/X (sky130_fd_sc_hd__clkdlybuf4s25_1)
                                                         net19 (net)
                      0.162809    0.000246    6.289350 v wire20/A (sky130_fd_sc_hd__buf_4)
    19    0.067569    0.168816    0.383882    6.673232 v wire20/X (sky130_fd_sc_hd__buf_4)
                                                         net20 (net)
                      0.168822    0.001244    6.674476 v _633_/A (sky130_fd_sc_hd__inv_2)
     1    0.003734    0.059588    0.103049    6.777525 ^ _633_/Y (sky130_fd_sc_hd__inv_2)
                                                         _108_ (net)
                      0.059588    0.000029    6.777555 ^ _717_/RESET_B (sky130_fd_sc_hd__dfrtp_2)
                                              6.777555   data arrival time

                                  0.000000    0.000000   clock wb_clk_i (rise edge)
                                  0.000000    0.000000   clock source latency
     2    0.147424    1.063065    0.825174    0.825174 ^ wb_clk_i (in)
                                                         wb_clk_i (net)
                      1.073527    0.000000    0.825174 ^ clkbuf_0_wb_clk_i/A (sky130_fd_sc_hd__clkbuf_16)
    17    0.074001    0.154063    0.676967    1.502141 ^ clkbuf_0_wb_clk_i/X (sky130_fd_sc_hd__clkbuf_16)
                                                         clknet_0_wb_clk_i (net)
                      0.154103    0.002457    1.504598 ^ clkbuf_3_2_0_wb_clk_i/A (sky130_fd_sc_hd__clkbuf_8)
    11    0.034623    0.116907    0.321669    1.826267 ^ clkbuf_3_2_0_wb_clk_i/X (sky130_fd_sc_hd__clkbuf_8)
                                                         clknet_3_2_0_wb_clk_i (net)
                      0.116907    0.000258    1.826525 ^ _717_/CLK (sky130_fd_sc_hd__dfrtp_2)
                                  0.250000    2.076524   clock uncertainty
                                  0.000000    2.076524   clock reconvergence pessimism
                                  0.668380    2.744905   library removal time
                                              2.744905   data required time
---------------------------------------------------------------------------------------------
                                              2.744905   data required time
                                             -6.777555   data arrival time
---------------------------------------------------------------------------------------------
                                              4.032650   slack (MET)


Startpoint: wb_rst_i (input port clocked by wb_clk_i)
Endpoint: _715_ (removal check against rising-edge clock wb_clk_i)
Path Group: asynchronous
Path Type: min

Fanout         Cap        Slew       Delay        Time   Description
---------------------------------------------------------------------------------------------
                                  0.000000    0.000000   clock wb_clk_i (rise edge)
                                  0.000000    0.000000   clock network delay (propagated)
                                  5.000000    5.000000 v input external delay
     2    0.004739    0.026074    0.014555    5.014555 v wb_rst_i (in)
                                                         wb_rst_i (net)
                      0.026074    0.000000    5.014555 v input1/A (sky130_fd_sc_hd__buf_2)
     5    0.123250    0.530592    0.532057    5.546612 v input1/X (sky130_fd_sc_hd__buf_2)
                                                         net1 (net)
                      0.543458    0.062398    5.609010 v fanout19/A (sky130_fd_sc_hd__clkdlybuf4s25_1)
     2    0.010168    0.162809    0.680094    6.289104 v fanout19/X (sky130_fd_sc_hd__clkdlybuf4s25_1)
                                                         net19 (net)
                      0.162809    0.000246    6.289350 v wire20/A (sky130_fd_sc_hd__buf_4)
    19    0.067569    0.168816    0.383882    6.673232 v wire20/X (sky130_fd_sc_hd__buf_4)
                                                         net20 (net)
                      0.168849    0.002263    6.675495 v _631_/A (sky130_fd_sc_hd__inv_2)
     1    0.003647    0.059107    0.102415    6.777910 ^ _631_/Y (sky130_fd_sc_hd__inv_2)
                                                         _106_ (net)
                      0.059107    0.000027    6.777937 ^ _715_/RESET_B (sky130_fd_sc_hd__dfrtp_2)
                                              6.777937   data arrival time

                                  0.000000    0.000000   clock wb_clk_i (rise edge)
                                  0.000000    0.000000   clock source latency
     2    0.147424    1.063065    0.825174    0.825174 ^ wb_clk_i (in)
                                                         wb_clk_i (net)
                      1.073527    0.000000    0.825174 ^ clkbuf_0_wb_clk_i/A (sky130_fd_sc_hd__clkbuf_16)
    17    0.074001    0.154063    0.676967    1.502141 ^ clkbuf_0_wb_clk_i/X (sky130_fd_sc_hd__clkbuf_16)
                                                         clknet_0_wb_clk_i (net)
                      0.154103    0.002457    1.504598 ^ clkbuf_3_2_0_wb_clk_i/A (sky130_fd_sc_hd__clkbuf_8)
    11    0.034623    0.116907    0.321669    1.826267 ^ clkbuf_3_2_0_wb_clk_i/X (sky130_fd_sc_hd__clkbuf_8)
                                                         clknet_3_2_0_wb_clk_i (net)
                      0.116907    0.000387    1.826654 ^ _715_/CLK (sky130_fd_sc_hd__dfrtp_2)
                                  0.250000    2.076654   clock uncertainty
                                  0.000000    2.076654   clock reconvergence pessimism
                                  0.668233    2.744887   library removal time
                                              2.744887   data required time
---------------------------------------------------------------------------------------------
                                              2.744887   data required time
                                             -6.777937   data arrival time
---------------------------------------------------------------------------------------------
                                              4.033050   slack (MET)


Startpoint: wb_rst_i (input port clocked by wb_clk_i)
Endpoint: _750_ (removal check against rising-edge clock wb_clk_i)
Path Group: asynchronous
Path Type: min

Fanout         Cap        Slew       Delay        Time   Description
---------------------------------------------------------------------------------------------
                                  0.000000    0.000000   clock wb_clk_i (rise edge)
                                  0.000000    0.000000   clock network delay (propagated)
                                  5.000000    5.000000 v input external delay
     2    0.004739    0.026074    0.014555    5.014555 v wb_rst_i (in)
                                                         wb_rst_i (net)
                      0.026074    0.000000    5.014555 v input1/A (sky130_fd_sc_hd__buf_2)
     5    0.123250    0.530592    0.532057    5.546612 v input1/X (sky130_fd_sc_hd__buf_2)
                                                         net1 (net)
                      0.543458    0.062398    5.609010 v fanout19/A (sky130_fd_sc_hd__clkdlybuf4s25_1)
     2    0.010168    0.162809    0.680094    6.289104 v fanout19/X (sky130_fd_sc_hd__clkdlybuf4s25_1)
                                                         net19 (net)
                      0.162809    0.000246    6.289350 v wire20/A (sky130_fd_sc_hd__buf_4)
    19    0.067569    0.168816    0.383882    6.673232 v wire20/X (sky130_fd_sc_hd__buf_4)
                                                         net20 (net)
                      0.168984    0.004566    6.677798 v _666_/A (sky130_fd_sc_hd__inv_2)
     1    0.003407    0.057822    0.100668    6.778466 ^ _666_/Y (sky130_fd_sc_hd__inv_2)
                                                         _141_ (net)
                      0.057822    0.000021    6.778487 ^ _750_/RESET_B (sky130_fd_sc_hd__dfrtp_2)
                                              6.778487   data arrival time

                                  0.000000    0.000000   clock wb_clk_i (rise edge)
                                  0.000000    0.000000   clock source latency
     2    0.147424    1.063065    0.825174    0.825174 ^ wb_clk_i (in)
                                                         wb_clk_i (net)
                      1.073527    0.000000    0.825174 ^ clkbuf_0_wb_clk_i/A (sky130_fd_sc_hd__clkbuf_16)
    17    0.074001    0.154063    0.676967    1.502141 ^ clkbuf_0_wb_clk_i/X (sky130_fd_sc_hd__clkbuf_16)
                                                         clknet_0_wb_clk_i (net)
                      0.154075    0.001553    1.503695 ^ clkbuf_3_3_0_wb_clk_i/A (sky130_fd_sc_hd__clkbuf_8)
    11    0.035092    0.118021    0.322579    1.826274 ^ clkbuf_3_3_0_wb_clk_i/X (sky130_fd_sc_hd__clkbuf_8)
                                                         clknet_3_3_0_wb_clk_i (net)
                      0.118021    0.000518    1.826792 ^ _750_/CLK (sky130_fd_sc_hd__dfrtp_2)
                                  0.250000    2.076792   clock uncertainty
                                  0.000000    2.076792   clock reconvergence pessimism
                                  0.668175    2.744967   library removal time
                                              2.744967   data required time
---------------------------------------------------------------------------------------------
                                              2.744967   data required time
                                             -6.778487   data arrival time
---------------------------------------------------------------------------------------------
                                              4.033519   slack (MET)


Startpoint: wb_rst_i (input port clocked by wb_clk_i)
Endpoint: _755_ (removal check against rising-edge clock wb_clk_i)
Path Group: asynchronous
Path Type: min

Fanout         Cap        Slew       Delay        Time   Description
---------------------------------------------------------------------------------------------
                                  0.000000    0.000000   clock wb_clk_i (rise edge)
                                  0.000000    0.000000   clock network delay (propagated)
                                  5.000000    5.000000 v input external delay
     2    0.004739    0.026074    0.014555    5.014555 v wb_rst_i (in)
                                                         wb_rst_i (net)
                      0.026074    0.000000    5.014555 v input1/A (sky130_fd_sc_hd__buf_2)
     5    0.123250    0.530592    0.532057    5.546612 v input1/X (sky130_fd_sc_hd__buf_2)
                                                         net1 (net)
                      0.543458    0.062398    5.609010 v fanout19/A (sky130_fd_sc_hd__clkdlybuf4s25_1)
     2    0.010168    0.162809    0.680094    6.289104 v fanout19/X (sky130_fd_sc_hd__clkdlybuf4s25_1)
                                                         net19 (net)
                      0.162809    0.000246    6.289350 v wire20/A (sky130_fd_sc_hd__buf_4)
    19    0.067569    0.168816    0.383882    6.673232 v wire20/X (sky130_fd_sc_hd__buf_4)
                                                         net20 (net)
                      0.168982    0.004546    6.677778 v _671_/A (sky130_fd_sc_hd__inv_2)
     1    0.003644    0.059117    0.102439    6.780217 ^ _671_/Y (sky130_fd_sc_hd__inv_2)
                                                         _146_ (net)
                      0.059117    0.000027    6.780243 ^ _755_/RESET_B (sky130_fd_sc_hd__dfrtp_2)
                                              6.780243   data arrival time

                                  0.000000    0.000000   clock wb_clk_i (rise edge)
                                  0.000000    0.000000   clock source latency
     2    0.147424    1.063065    0.825174    0.825174 ^ wb_clk_i (in)
                                                         wb_clk_i (net)
                      1.073527    0.000000    0.825174 ^ clkbuf_0_wb_clk_i/A (sky130_fd_sc_hd__clkbuf_16)
    17    0.074001    0.154063    0.676967    1.502141 ^ clkbuf_0_wb_clk_i/X (sky130_fd_sc_hd__clkbuf_16)
                                                         clknet_0_wb_clk_i (net)
                      0.154075    0.001553    1.503695 ^ clkbuf_3_3_0_wb_clk_i/A (sky130_fd_sc_hd__clkbuf_8)
    11    0.035092    0.118021    0.322579    1.826274 ^ clkbuf_3_3_0_wb_clk_i/X (sky130_fd_sc_hd__clkbuf_8)
                                                         clknet_3_3_0_wb_clk_i (net)
                      0.118021    0.000515    1.826789 ^ _755_/CLK (sky130_fd_sc_hd__dfrtp_2)
                                  0.250000    2.076789   clock uncertainty
                                  0.000000    2.076789   clock reconvergence pessimism
                                  0.668572    2.745361   library removal time
                                              2.745361   data required time
---------------------------------------------------------------------------------------------
                                              2.745361   data required time
                                             -6.780243   data arrival time
---------------------------------------------------------------------------------------------
                                              4.034882   slack (MET)


Startpoint: wb_rst_i (input port clocked by wb_clk_i)
Endpoint: _758_ (removal check against rising-edge clock wb_clk_i)
Path Group: asynchronous
Path Type: min

Fanout         Cap        Slew       Delay        Time   Description
---------------------------------------------------------------------------------------------
                                  0.000000    0.000000   clock wb_clk_i (rise edge)
                                  0.000000    0.000000   clock network delay (propagated)
                                  5.000000    5.000000 v input external delay
     2    0.004739    0.026074    0.014555    5.014555 v wb_rst_i (in)
                                                         wb_rst_i (net)
                      0.026074    0.000000    5.014555 v input1/A (sky130_fd_sc_hd__buf_2)
     5    0.123250    0.530592    0.532057    5.546612 v input1/X (sky130_fd_sc_hd__buf_2)
                                                         net1 (net)
                      0.543458    0.062398    5.609010 v fanout19/A (sky130_fd_sc_hd__clkdlybuf4s25_1)
     2    0.010168    0.162809    0.680094    6.289104 v fanout19/X (sky130_fd_sc_hd__clkdlybuf4s25_1)
                                                         net19 (net)
                      0.162809    0.000246    6.289350 v wire20/A (sky130_fd_sc_hd__buf_4)
    19    0.067569    0.168816    0.383882    6.673232 v wire20/X (sky130_fd_sc_hd__buf_4)
                                                         net20 (net)
                      0.168956    0.004214    6.677445 v _674_/A (sky130_fd_sc_hd__inv_2)
     1    0.003770    0.059824    0.103369    6.780814 ^ _674_/Y (sky130_fd_sc_hd__inv_2)
                                                         _149_ (net)
                      0.059824    0.000032    6.780846 ^ _758_/RESET_B (sky130_fd_sc_hd__dfrtp_2)
                                              6.780846   data arrival time

                                  0.000000    0.000000   clock wb_clk_i (rise edge)
                                  0.000000    0.000000   clock source latency
     2    0.147424    1.063065    0.825174    0.825174 ^ wb_clk_i (in)
                                                         wb_clk_i (net)
                      1.073527    0.000000    0.825174 ^ clkbuf_0_wb_clk_i/A (sky130_fd_sc_hd__clkbuf_16)
    17    0.074001    0.154063    0.676967    1.502141 ^ clkbuf_0_wb_clk_i/X (sky130_fd_sc_hd__clkbuf_16)
                                                         clknet_0_wb_clk_i (net)
                      0.154075    0.001553    1.503695 ^ clkbuf_3_3_0_wb_clk_i/A (sky130_fd_sc_hd__clkbuf_8)
    11    0.035092    0.118021    0.322579    1.826274 ^ clkbuf_3_3_0_wb_clk_i/X (sky130_fd_sc_hd__clkbuf_8)
                                                         clknet_3_3_0_wb_clk_i (net)
                      0.118021    0.000500    1.826774 ^ _758_/CLK (sky130_fd_sc_hd__dfrtp_2)
                                  0.250000    2.076774   clock uncertainty
                                  0.000000    2.076774   clock reconvergence pessimism
                                  0.668789    2.745563   library removal time
                                              2.745563   data required time
---------------------------------------------------------------------------------------------
                                              2.745563   data required time
                                             -6.780846   data arrival time
---------------------------------------------------------------------------------------------
                                              4.035284   slack (MET)


Startpoint: wb_rst_i (input port clocked by wb_clk_i)
Endpoint: _757_ (removal check against rising-edge clock wb_clk_i)
Path Group: asynchronous
Path Type: min

Fanout         Cap        Slew       Delay        Time   Description
---------------------------------------------------------------------------------------------
                                  0.000000    0.000000   clock wb_clk_i (rise edge)
                                  0.000000    0.000000   clock network delay (propagated)
                                  5.000000    5.000000 v input external delay
     2    0.004739    0.026074    0.014555    5.014555 v wb_rst_i (in)
                                                         wb_rst_i (net)
                      0.026074    0.000000    5.014555 v input1/A (sky130_fd_sc_hd__buf_2)
     5    0.123250    0.530592    0.532057    5.546612 v input1/X (sky130_fd_sc_hd__buf_2)
                                                         net1 (net)
                      0.543458    0.062398    5.609010 v fanout19/A (sky130_fd_sc_hd__clkdlybuf4s25_1)
     2    0.010168    0.162809    0.680094    6.289104 v fanout19/X (sky130_fd_sc_hd__clkdlybuf4s25_1)
                                                         net19 (net)
                      0.162809    0.000246    6.289350 v wire20/A (sky130_fd_sc_hd__buf_4)
    19    0.067569    0.168816    0.383882    6.673232 v wire20/X (sky130_fd_sc_hd__buf_4)
                                                         net20 (net)
                      0.168937    0.003944    6.677176 v _673_/A (sky130_fd_sc_hd__inv_2)
     1    0.003953    0.060886    0.104730    6.781906 ^ _673_/Y (sky130_fd_sc_hd__inv_2)
                                                         _148_ (net)
                      0.060886    0.000034    6.781940 ^ _757_/RESET_B (sky130_fd_sc_hd__dfrtp_2)
                                              6.781940   data arrival time

                                  0.000000    0.000000   clock wb_clk_i (rise edge)
                                  0.000000    0.000000   clock source latency
     2    0.147424    1.063065    0.825174    0.825174 ^ wb_clk_i (in)
                                                         wb_clk_i (net)
                      1.073527    0.000000    0.825174 ^ clkbuf_0_wb_clk_i/A (sky130_fd_sc_hd__clkbuf_16)
    17    0.074001    0.154063    0.676967    1.502141 ^ clkbuf_0_wb_clk_i/X (sky130_fd_sc_hd__clkbuf_16)
                                                         clknet_0_wb_clk_i (net)
                      0.154075    0.001553    1.503695 ^ clkbuf_3_3_0_wb_clk_i/A (sky130_fd_sc_hd__clkbuf_8)
    11    0.035092    0.118021    0.322579    1.826274 ^ clkbuf_3_3_0_wb_clk_i/X (sky130_fd_sc_hd__clkbuf_8)
                                                         clknet_3_3_0_wb_clk_i (net)
                      0.118021    0.000426    1.826700 ^ _757_/CLK (sky130_fd_sc_hd__dfrtp_2)
                                  0.250000    2.076700   clock uncertainty
                                  0.000000    2.076700   clock reconvergence pessimism
                                  0.669114    2.745814   library removal time
                                              2.745814   data required time
---------------------------------------------------------------------------------------------
                                              2.745814   data required time
                                             -6.781940   data arrival time
---------------------------------------------------------------------------------------------
                                              4.036125   slack (MET)


Startpoint: wb_rst_i (input port clocked by wb_clk_i)
Endpoint: _756_ (removal check against rising-edge clock wb_clk_i)
Path Group: asynchronous
Path Type: min

Fanout         Cap        Slew       Delay        Time   Description
---------------------------------------------------------------------------------------------
                                  0.000000    0.000000   clock wb_clk_i (rise edge)
                                  0.000000    0.000000   clock network delay (propagated)
                                  5.000000    5.000000 v input external delay
     2    0.004739    0.026074    0.014555    5.014555 v wb_rst_i (in)
                                                         wb_rst_i (net)
                      0.026074    0.000000    5.014555 v input1/A (sky130_fd_sc_hd__buf_2)
     5    0.123250    0.530592    0.532057    5.546612 v input1/X (sky130_fd_sc_hd__buf_2)
                                                         net1 (net)
                      0.543458    0.062398    5.609010 v fanout19/A (sky130_fd_sc_hd__clkdlybuf4s25_1)
     2    0.010168    0.162809    0.680094    6.289104 v fanout19/X (sky130_fd_sc_hd__clkdlybuf4s25_1)
                                                         net19 (net)
                      0.162809    0.000246    6.289350 v wire20/A (sky130_fd_sc_hd__buf_4)
    19    0.067569    0.168816    0.383882    6.673232 v wire20/X (sky130_fd_sc_hd__buf_4)
                                                         net20 (net)
                      0.168972    0.004414    6.677646 v _672_/A (sky130_fd_sc_hd__inv_2)
     1    0.003935    0.060790    0.104611    6.782257 ^ _672_/Y (sky130_fd_sc_hd__inv_2)
                                                         _147_ (net)
                      0.060790    0.000032    6.782289 ^ _756_/RESET_B (sky130_fd_sc_hd__dfrtp_2)
                                              6.782289   data arrival time

                                  0.000000    0.000000   clock wb_clk_i (rise edge)
                                  0.000000    0.000000   clock source latency
     2    0.147424    1.063065    0.825174    0.825174 ^ wb_clk_i (in)
                                                         wb_clk_i (net)
                      1.073527    0.000000    0.825174 ^ clkbuf_0_wb_clk_i/A (sky130_fd_sc_hd__clkbuf_16)
    17    0.074001    0.154063    0.676967    1.502141 ^ clkbuf_0_wb_clk_i/X (sky130_fd_sc_hd__clkbuf_16)
                                                         clknet_0_wb_clk_i (net)
                      0.154075    0.001553    1.503695 ^ clkbuf_3_3_0_wb_clk_i/A (sky130_fd_sc_hd__clkbuf_8)
    11    0.035092    0.118021    0.322579    1.826274 ^ clkbuf_3_3_0_wb_clk_i/X (sky130_fd_sc_hd__clkbuf_8)
                                                         clknet_3_3_0_wb_clk_i (net)
                      0.118021    0.000468    1.826742 ^ _756_/CLK (sky130_fd_sc_hd__dfrtp_2)
                                  0.250000    2.076742   clock uncertainty
                                  0.000000    2.076742   clock reconvergence pessimism
                                  0.669085    2.745826   library removal time
                                              2.745826   data required time
---------------------------------------------------------------------------------------------
                                              2.745826   data required time
                                             -6.782289   data arrival time
---------------------------------------------------------------------------------------------
                                              4.036462   slack (MET)


Startpoint: wb_rst_i (input port clocked by wb_clk_i)
Endpoint: _684_ (removal check against rising-edge clock wb_clk_i)
Path Group: asynchronous
Path Type: min

Fanout         Cap        Slew       Delay        Time   Description
---------------------------------------------------------------------------------------------
                                  0.000000    0.000000   clock wb_clk_i (rise edge)
                                  0.000000    0.000000   clock network delay (propagated)
                                  5.000000    5.000000 v input external delay
     2    0.004739    0.026074    0.014555    5.014555 v wb_rst_i (in)
                                                         wb_rst_i (net)
                      0.026074    0.000000    5.014555 v input1/A (sky130_fd_sc_hd__buf_2)
     5    0.123250    0.530592    0.532057    5.546612 v input1/X (sky130_fd_sc_hd__buf_2)
                                                         net1 (net)
                      0.544132    0.063929    5.610541 v fanout25/A (sky130_fd_sc_hd__clkdlybuf4s25_1)
     8    0.040183    0.540400    0.953830    6.564371 v fanout25/X (sky130_fd_sc_hd__clkdlybuf4s25_1)
                                                         net25 (net)
                      0.540400    0.001299    6.565670 v load_slew26/A (sky130_fd_sc_hd__buf_4)
    15    0.057906    0.151517    0.537638    7.103308 v load_slew26/X (sky130_fd_sc_hd__buf_4)
                                                         net26 (net)
                      0.151657    0.003944    7.107252 v _600_/A (sky130_fd_sc_hd__inv_2)
     1    0.003466    0.054655    0.095195    7.202446 ^ _600_/Y (sky130_fd_sc_hd__inv_2)
                                                         _075_ (net)
                      0.054655    0.000022    7.202468 ^ _684_/RESET_B (sky130_fd_sc_hd__dfrtp_2)
                                              7.202468   data arrival time

                                  0.000000    0.000000   clock wb_clk_i (rise edge)
                                  0.000000    0.000000   clock source latency
     2    0.147424    1.063065    0.825174    0.825174 ^ wb_clk_i (in)
                                                         wb_clk_i (net)
                      1.073527    0.000000    0.825174 ^ clkbuf_0_wb_clk_i/A (sky130_fd_sc_hd__clkbuf_16)
    17    0.074001    0.154063    0.676967    1.502141 ^ clkbuf_0_wb_clk_i/X (sky130_fd_sc_hd__clkbuf_16)
                                                         clknet_0_wb_clk_i (net)
                      0.154096    0.002254    1.504396 ^ clkbuf_3_5_0_wb_clk_i/A (sky130_fd_sc_hd__clkbuf_8)
    11    0.036399    0.121134    0.325170    1.829566 ^ clkbuf_3_5_0_wb_clk_i/X (sky130_fd_sc_hd__clkbuf_8)
                                                         clknet_3_5_0_wb_clk_i (net)
                      0.121134    0.000472    1.830038 ^ _684_/CLK (sky130_fd_sc_hd__dfrtp_2)
                                  0.250000    2.080038   clock uncertainty
                                  0.000000    2.080038   clock reconvergence pessimism
                                  0.668145    2.748183   library removal time
                                              2.748183   data required time
---------------------------------------------------------------------------------------------
                                              2.748183   data required time
                                             -7.202468   data arrival time
---------------------------------------------------------------------------------------------
                                              4.454285   slack (MET)


Startpoint: wb_rst_i (input port clocked by wb_clk_i)
Endpoint: _685_ (removal check against rising-edge clock wb_clk_i)
Path Group: asynchronous
Path Type: min

Fanout         Cap        Slew       Delay        Time   Description
---------------------------------------------------------------------------------------------
                                  0.000000    0.000000   clock wb_clk_i (rise edge)
                                  0.000000    0.000000   clock network delay (propagated)
                                  5.000000    5.000000 v input external delay
     2    0.004739    0.026074    0.014555    5.014555 v wb_rst_i (in)
                                                         wb_rst_i (net)
                      0.026074    0.000000    5.014555 v input1/A (sky130_fd_sc_hd__buf_2)
     5    0.123250    0.530592    0.532057    5.546612 v input1/X (sky130_fd_sc_hd__buf_2)
                                                         net1 (net)
                      0.544132    0.063929    5.610541 v fanout25/A (sky130_fd_sc_hd__clkdlybuf4s25_1)
     8    0.040183    0.540400    0.953830    6.564371 v fanout25/X (sky130_fd_sc_hd__clkdlybuf4s25_1)
                                                         net25 (net)
                      0.540400    0.001299    6.565670 v load_slew26/A (sky130_fd_sc_hd__buf_4)
    15    0.057906    0.151517    0.537638    7.103308 v load_slew26/X (sky130_fd_sc_hd__buf_4)
                                                         net26 (net)
                      0.151590    0.002952    7.106260 v _601_/A (sky130_fd_sc_hd__inv_2)
     1    0.003700    0.055922    0.096805    7.203065 ^ _601_/Y (sky130_fd_sc_hd__inv_2)
                                                         _076_ (net)
                      0.055922    0.000029    7.203094 ^ _685_/RESET_B (sky130_fd_sc_hd__dfrtp_2)
                                              7.203094   data arrival time

                                  0.000000    0.000000   clock wb_clk_i (rise edge)
                                  0.000000    0.000000   clock source latency
     2    0.147424    1.063065    0.825174    0.825174 ^ wb_clk_i (in)
                                                         wb_clk_i (net)
                      1.073527    0.000000    0.825174 ^ clkbuf_0_wb_clk_i/A (sky130_fd_sc_hd__clkbuf_16)
    17    0.074001    0.154063    0.676967    1.502141 ^ clkbuf_0_wb_clk_i/X (sky130_fd_sc_hd__clkbuf_16)
                                                         clknet_0_wb_clk_i (net)
                      0.154096    0.002254    1.504396 ^ clkbuf_3_5_0_wb_clk_i/A (sky130_fd_sc_hd__clkbuf_8)
    11    0.036399    0.121134    0.325170    1.829566 ^ clkbuf_3_5_0_wb_clk_i/X (sky130_fd_sc_hd__clkbuf_8)
                                                         clknet_3_5_0_wb_clk_i (net)
                      0.121134    0.000328    1.829894 ^ _685_/CLK (sky130_fd_sc_hd__dfrtp_2)
                                  0.250000    2.079894   clock uncertainty
                                  0.000000    2.079894   clock reconvergence pessimism
                                  0.668533    2.748428   library removal time
                                              2.748428   data required time
---------------------------------------------------------------------------------------------
                                              2.748428   data required time
                                             -7.203094   data arrival time
---------------------------------------------------------------------------------------------
                                              4.454666   slack (MET)


Startpoint: wb_rst_i (input port clocked by wb_clk_i)
Endpoint: _683_ (removal check against rising-edge clock wb_clk_i)
Path Group: asynchronous
Path Type: min

Fanout         Cap        Slew       Delay        Time   Description
---------------------------------------------------------------------------------------------
                                  0.000000    0.000000   clock wb_clk_i (rise edge)
                                  0.000000    0.000000   clock network delay (propagated)
                                  5.000000    5.000000 v input external delay
     2    0.004739    0.026074    0.014555    5.014555 v wb_rst_i (in)
                                                         wb_rst_i (net)
                      0.026074    0.000000    5.014555 v input1/A (sky130_fd_sc_hd__buf_2)
     5    0.123250    0.530592    0.532057    5.546612 v input1/X (sky130_fd_sc_hd__buf_2)
                                                         net1 (net)
                      0.544132    0.063929    5.610541 v fanout25/A (sky130_fd_sc_hd__clkdlybuf4s25_1)
     8    0.040183    0.540400    0.953830    6.564371 v fanout25/X (sky130_fd_sc_hd__clkdlybuf4s25_1)
                                                         net25 (net)
                      0.540400    0.001299    6.565670 v load_slew26/A (sky130_fd_sc_hd__buf_4)
    15    0.057906    0.151517    0.537638    7.103308 v load_slew26/X (sky130_fd_sc_hd__buf_4)
                                                         net26 (net)
                      0.151649    0.003836    7.107143 v _599_/A (sky130_fd_sc_hd__inv_2)
     1    0.003700    0.055930    0.096822    7.203966 ^ _599_/Y (sky130_fd_sc_hd__inv_2)
                                                         _074_ (net)
                      0.055930    0.000027    7.203993 ^ _683_/RESET_B (sky130_fd_sc_hd__dfrtp_2)
                                              7.203993   data arrival time

                                  0.000000    0.000000   clock wb_clk_i (rise edge)
                                  0.000000    0.000000   clock source latency
     2    0.147424    1.063065    0.825174    0.825174 ^ wb_clk_i (in)
                                                         wb_clk_i (net)
                      1.073527    0.000000    0.825174 ^ clkbuf_0_wb_clk_i/A (sky130_fd_sc_hd__clkbuf_16)
    17    0.074001    0.154063    0.676967    1.502141 ^ clkbuf_0_wb_clk_i/X (sky130_fd_sc_hd__clkbuf_16)
                                                         clknet_0_wb_clk_i (net)
                      0.154096    0.002254    1.504396 ^ clkbuf_3_5_0_wb_clk_i/A (sky130_fd_sc_hd__clkbuf_8)
    11    0.036399    0.121134    0.325170    1.829566 ^ clkbuf_3_5_0_wb_clk_i/X (sky130_fd_sc_hd__clkbuf_8)
                                                         clknet_3_5_0_wb_clk_i (net)
                      0.121134    0.000475    1.830041 ^ _683_/CLK (sky130_fd_sc_hd__dfrtp_2)
                                  0.250000    2.080041   clock uncertainty
                                  0.000000    2.080041   clock reconvergence pessimism
                                  0.668536    2.748577   library removal time
                                              2.748577   data required time
---------------------------------------------------------------------------------------------
                                              2.748577   data required time
                                             -7.203993   data arrival time
---------------------------------------------------------------------------------------------
                                              4.455416   slack (MET)


Startpoint: wb_rst_i (input port clocked by wb_clk_i)
Endpoint: _690_ (removal check against rising-edge clock wb_clk_i)
Path Group: asynchronous
Path Type: min

Fanout         Cap        Slew       Delay        Time   Description
---------------------------------------------------------------------------------------------
                                  0.000000    0.000000   clock wb_clk_i (rise edge)
                                  0.000000    0.000000   clock network delay (propagated)
                                  5.000000    5.000000 v input external delay
     2    0.004739    0.026074    0.014555    5.014555 v wb_rst_i (in)
                                                         wb_rst_i (net)
                      0.026074    0.000000    5.014555 v input1/A (sky130_fd_sc_hd__buf_2)
     5    0.123250    0.530592    0.532057    5.546612 v input1/X (sky130_fd_sc_hd__buf_2)
                                                         net1 (net)
                      0.544132    0.063929    5.610541 v fanout25/A (sky130_fd_sc_hd__clkdlybuf4s25_1)
     8    0.040183    0.540400    0.953830    6.564371 v fanout25/X (sky130_fd_sc_hd__clkdlybuf4s25_1)
                                                         net25 (net)
                      0.540400    0.001299    6.565670 v load_slew26/A (sky130_fd_sc_hd__buf_4)
    15    0.057906    0.151517    0.537638    7.103308 v load_slew26/X (sky130_fd_sc_hd__buf_4)
                                                         net26 (net)
                      0.151627    0.003545    7.106853 v _606_/A (sky130_fd_sc_hd__inv_2)
     1    0.003462    0.054622    0.095151    7.202003 ^ _606_/Y (sky130_fd_sc_hd__inv_2)
                                                         _081_ (net)
                      0.054622    0.000022    7.202025 ^ _690_/RESET_B (sky130_fd_sc_hd__dfrtp_2)
                                              7.202025   data arrival time

                                  0.000000    0.000000   clock wb_clk_i (rise edge)
                                  0.000000    0.000000   clock source latency
     2    0.147424    1.063065    0.825174    0.825174 ^ wb_clk_i (in)
                                                         wb_clk_i (net)
                      1.073527    0.000000    0.825174 ^ clkbuf_0_wb_clk_i/A (sky130_fd_sc_hd__clkbuf_16)
    17    0.074001    0.154063    0.676967    1.502141 ^ clkbuf_0_wb_clk_i/X (sky130_fd_sc_hd__clkbuf_16)
                                                         clknet_0_wb_clk_i (net)
                      0.154090    0.002109    1.504251 ^ clkbuf_3_7_0_wb_clk_i/A (sky130_fd_sc_hd__clkbuf_8)
    12    0.034773    0.117264    0.321941    1.826191 ^ clkbuf_3_7_0_wb_clk_i/X (sky130_fd_sc_hd__clkbuf_8)
                                                         clknet_3_7_0_wb_clk_i (net)
                      0.117264    0.000555    1.826747 ^ _690_/CLK (sky130_fd_sc_hd__dfrtp_2)
                                  0.250000    2.076747   clock uncertainty
                                  0.000000    2.076747   clock reconvergence pessimism
                                  0.666967    2.743714   library removal time
                                              2.743714   data required time
---------------------------------------------------------------------------------------------
                                              2.743714   data required time
                                             -7.202025   data arrival time
---------------------------------------------------------------------------------------------
                                              4.458311   slack (MET)


Startpoint: wb_rst_i (input port clocked by wb_clk_i)
Endpoint: _692_ (removal check against rising-edge clock wb_clk_i)
Path Group: asynchronous
Path Type: min

Fanout         Cap        Slew       Delay        Time   Description
---------------------------------------------------------------------------------------------
                                  0.000000    0.000000   clock wb_clk_i (rise edge)
                                  0.000000    0.000000   clock network delay (propagated)
                                  5.000000    5.000000 v input external delay
     2    0.004739    0.026074    0.014555    5.014555 v wb_rst_i (in)
                                                         wb_rst_i (net)
                      0.026074    0.000000    5.014555 v input1/A (sky130_fd_sc_hd__buf_2)
     5    0.123250    0.530592    0.532057    5.546612 v input1/X (sky130_fd_sc_hd__buf_2)
                                                         net1 (net)
                      0.544132    0.063929    5.610541 v fanout25/A (sky130_fd_sc_hd__clkdlybuf4s25_1)
     8    0.040183    0.540400    0.953830    6.564371 v fanout25/X (sky130_fd_sc_hd__clkdlybuf4s25_1)
                                                         net25 (net)
                      0.540400    0.001299    6.565670 v load_slew26/A (sky130_fd_sc_hd__buf_4)
    15    0.057906    0.151517    0.537638    7.103308 v load_slew26/X (sky130_fd_sc_hd__buf_4)
                                                         net26 (net)
                      0.151598    0.003103    7.106411 v _608_/A (sky130_fd_sc_hd__inv_2)
     1    0.003609    0.055418    0.096173    7.202584 ^ _608_/Y (sky130_fd_sc_hd__inv_2)
                                                         _083_ (net)
                      0.055418    0.000026    7.202610 ^ _692_/RESET_B (sky130_fd_sc_hd__dfrtp_2)
                                              7.202610   data arrival time

                                  0.000000    0.000000   clock wb_clk_i (rise edge)
                                  0.000000    0.000000   clock source latency
     2    0.147424    1.063065    0.825174    0.825174 ^ wb_clk_i (in)
                                                         wb_clk_i (net)
                      1.073527    0.000000    0.825174 ^ clkbuf_0_wb_clk_i/A (sky130_fd_sc_hd__clkbuf_16)
    17    0.074001    0.154063    0.676967    1.502141 ^ clkbuf_0_wb_clk_i/X (sky130_fd_sc_hd__clkbuf_16)
                                                         clknet_0_wb_clk_i (net)
                      0.154090    0.002109    1.504251 ^ clkbuf_3_7_0_wb_clk_i/A (sky130_fd_sc_hd__clkbuf_8)
    12    0.034773    0.117264    0.321941    1.826191 ^ clkbuf_3_7_0_wb_clk_i/X (sky130_fd_sc_hd__clkbuf_8)
                                                         clknet_3_7_0_wb_clk_i (net)
                      0.117264    0.000324    1.826516 ^ _692_/CLK (sky130_fd_sc_hd__dfrtp_2)
                                  0.250000    2.076515   clock uncertainty
                                  0.000000    2.076515   clock reconvergence pessimism
                                  0.667211    2.743726   library removal time
                                              2.743726   data required time
---------------------------------------------------------------------------------------------
                                              2.743726   data required time
                                             -7.202610   data arrival time
---------------------------------------------------------------------------------------------
                                              4.458884   slack (MET)


Startpoint: wb_rst_i (input port clocked by wb_clk_i)
Endpoint: _689_ (removal check against rising-edge clock wb_clk_i)
Path Group: asynchronous
Path Type: min

Fanout         Cap        Slew       Delay        Time   Description
---------------------------------------------------------------------------------------------
                                  0.000000    0.000000   clock wb_clk_i (rise edge)
                                  0.000000    0.000000   clock network delay (propagated)
                                  5.000000    5.000000 v input external delay
     2    0.004739    0.026074    0.014555    5.014555 v wb_rst_i (in)
                                                         wb_rst_i (net)
                      0.026074    0.000000    5.014555 v input1/A (sky130_fd_sc_hd__buf_2)
     5    0.123250    0.530592    0.532057    5.546612 v input1/X (sky130_fd_sc_hd__buf_2)
                                                         net1 (net)
                      0.544132    0.063929    5.610541 v fanout25/A (sky130_fd_sc_hd__clkdlybuf4s25_1)
     8    0.040183    0.540400    0.953830    6.564371 v fanout25/X (sky130_fd_sc_hd__clkdlybuf4s25_1)
                                                         net25 (net)
                      0.540400    0.001299    6.565670 v load_slew26/A (sky130_fd_sc_hd__buf_4)
    15    0.057906    0.151517    0.537638    7.103308 v load_slew26/X (sky130_fd_sc_hd__buf_4)
                                                         net26 (net)
                      0.151603    0.003170    7.106478 v _605_/A (sky130_fd_sc_hd__inv_2)
     1    0.003648    0.055635    0.096447    7.202926 ^ _605_/Y (sky130_fd_sc_hd__inv_2)
                                                         _080_ (net)
                      0.055635    0.000028    7.202953 ^ _689_/RESET_B (sky130_fd_sc_hd__dfrtp_2)
                                              7.202953   data arrival time

                                  0.000000    0.000000   clock wb_clk_i (rise edge)
                                  0.000000    0.000000   clock source latency
     2    0.147424    1.063065    0.825174    0.825174 ^ wb_clk_i (in)
                                                         wb_clk_i (net)
                      1.073527    0.000000    0.825174 ^ clkbuf_0_wb_clk_i/A (sky130_fd_sc_hd__clkbuf_16)
    17    0.074001    0.154063    0.676967    1.502141 ^ clkbuf_0_wb_clk_i/X (sky130_fd_sc_hd__clkbuf_16)
                                                         clknet_0_wb_clk_i (net)
                      0.154090    0.002109    1.504251 ^ clkbuf_3_7_0_wb_clk_i/A (sky130_fd_sc_hd__clkbuf_8)
    12    0.034773    0.117264    0.321941    1.826191 ^ clkbuf_3_7_0_wb_clk_i/X (sky130_fd_sc_hd__clkbuf_8)
                                                         clknet_3_7_0_wb_clk_i (net)
                      0.117264    0.000414    1.826605 ^ _689_/CLK (sky130_fd_sc_hd__dfrtp_2)
                                  0.250000    2.076605   clock uncertainty
                                  0.000000    2.076605   clock reconvergence pessimism
                                  0.667277    2.743882   library removal time
                                              2.743882   data required time
---------------------------------------------------------------------------------------------
                                              2.743882   data required time
                                             -7.202953   data arrival time
---------------------------------------------------------------------------------------------
                                              4.459071   slack (MET)


Startpoint: wb_rst_i (input port clocked by wb_clk_i)
Endpoint: _725_ (removal check against rising-edge clock wb_clk_i)
Path Group: asynchronous
Path Type: min

Fanout         Cap        Slew       Delay        Time   Description
---------------------------------------------------------------------------------------------
                                  0.000000    0.000000   clock wb_clk_i (rise edge)
                                  0.000000    0.000000   clock network delay (propagated)
                                  5.000000    5.000000 v input external delay
     2    0.004739    0.026074    0.014555    5.014555 v wb_rst_i (in)
                                                         wb_rst_i (net)
                      0.026074    0.000000    5.014555 v input1/A (sky130_fd_sc_hd__buf_2)
     5    0.123250    0.530592    0.532057    5.546612 v input1/X (sky130_fd_sc_hd__buf_2)
                                                         net1 (net)
                      0.543458    0.062398    5.609010 v fanout19/A (sky130_fd_sc_hd__clkdlybuf4s25_1)
     2    0.010168    0.162809    0.680094    6.289104 v fanout19/X (sky130_fd_sc_hd__clkdlybuf4s25_1)
                                                         net19 (net)
                      0.162809    0.000066    6.289169 v fanout15/A (sky130_fd_sc_hd__clkdlybuf4s25_1)
     8    0.044020    0.589092    0.857503    7.146672 v fanout15/X (sky130_fd_sc_hd__clkdlybuf4s25_1)
                                                         net15 (net)
                      0.589092    0.000796    7.147468 v _641_/A (sky130_fd_sc_hd__inv_2)
     1    0.003414    0.132039    0.192742    7.340209 ^ _641_/Y (sky130_fd_sc_hd__inv_2)
                                                         _116_ (net)
                      0.132039    0.000021    7.340231 ^ _725_/RESET_B (sky130_fd_sc_hd__dfrtp_2)
                                              7.340231   data arrival time

                                  0.000000    0.000000   clock wb_clk_i (rise edge)
                                  0.000000    0.000000   clock source latency
     2    0.147424    1.063065    0.825174    0.825174 ^ wb_clk_i (in)
                                                         wb_clk_i (net)
                      1.073527    0.000000    0.825174 ^ clkbuf_0_wb_clk_i/A (sky130_fd_sc_hd__clkbuf_16)
    17    0.074001    0.154063    0.676967    1.502141 ^ clkbuf_0_wb_clk_i/X (sky130_fd_sc_hd__clkbuf_16)
                                                         clknet_0_wb_clk_i (net)
                      0.154103    0.002457    1.504598 ^ clkbuf_3_2_0_wb_clk_i/A (sky130_fd_sc_hd__clkbuf_8)
    11    0.034623    0.116907    0.321669    1.826267 ^ clkbuf_3_2_0_wb_clk_i/X (sky130_fd_sc_hd__clkbuf_8)
                                                         clknet_3_2_0_wb_clk_i (net)
                      0.116907    0.000563    1.826830 ^ _725_/CLK (sky130_fd_sc_hd__dfrtp_2)
                                  0.250000    2.076830   clock uncertainty
                                  0.000000    2.076830   clock reconvergence pessimism
                                  0.690575    2.767405   library removal time
                                              2.767405   data required time
---------------------------------------------------------------------------------------------
                                              2.767405   data required time
                                             -7.340231   data arrival time
---------------------------------------------------------------------------------------------
                                              4.572826   slack (MET)


Startpoint: wb_rst_i (input port clocked by wb_clk_i)
Endpoint: _720_ (removal check against rising-edge clock wb_clk_i)
Path Group: asynchronous
Path Type: min

Fanout         Cap        Slew       Delay        Time   Description
---------------------------------------------------------------------------------------------
                                  0.000000    0.000000   clock wb_clk_i (rise edge)
                                  0.000000    0.000000   clock network delay (propagated)
                                  5.000000    5.000000 v input external delay
     2    0.004739    0.026074    0.014555    5.014555 v wb_rst_i (in)
                                                         wb_rst_i (net)
                      0.026074    0.000000    5.014555 v input1/A (sky130_fd_sc_hd__buf_2)
     5    0.123250    0.530592    0.532057    5.546612 v input1/X (sky130_fd_sc_hd__buf_2)
                                                         net1 (net)
                      0.543458    0.062398    5.609010 v fanout19/A (sky130_fd_sc_hd__clkdlybuf4s25_1)
     2    0.010168    0.162809    0.680094    6.289104 v fanout19/X (sky130_fd_sc_hd__clkdlybuf4s25_1)
                                                         net19 (net)
                      0.162809    0.000066    6.289169 v fanout15/A (sky130_fd_sc_hd__clkdlybuf4s25_1)
     8    0.044020    0.589092    0.857503    7.146672 v fanout15/X (sky130_fd_sc_hd__clkdlybuf4s25_1)
                                                         net15 (net)
                      0.589092    0.000953    7.147625 v _636_/A (sky130_fd_sc_hd__inv_2)
     1    0.003513    0.133025    0.194390    7.342015 ^ _636_/Y (sky130_fd_sc_hd__inv_2)
                                                         _111_ (net)
                      0.133025    0.000024    7.342038 ^ _720_/RESET_B (sky130_fd_sc_hd__dfrtp_2)
                                              7.342038   data arrival time

                                  0.000000    0.000000   clock wb_clk_i (rise edge)
                                  0.000000    0.000000   clock source latency
     2    0.147424    1.063065    0.825174    0.825174 ^ wb_clk_i (in)
                                                         wb_clk_i (net)
                      1.073527    0.000000    0.825174 ^ clkbuf_0_wb_clk_i/A (sky130_fd_sc_hd__clkbuf_16)
    17    0.074001    0.154063    0.676967    1.502141 ^ clkbuf_0_wb_clk_i/X (sky130_fd_sc_hd__clkbuf_16)
                                                         clknet_0_wb_clk_i (net)
                      0.154103    0.002457    1.504598 ^ clkbuf_3_2_0_wb_clk_i/A (sky130_fd_sc_hd__clkbuf_8)
    11    0.034623    0.116907    0.321669    1.826267 ^ clkbuf_3_2_0_wb_clk_i/X (sky130_fd_sc_hd__clkbuf_8)
                                                         clknet_3_2_0_wb_clk_i (net)
                      0.116907    0.000539    1.826806 ^ _720_/CLK (sky130_fd_sc_hd__dfrtp_2)
                                  0.250000    2.076805   clock uncertainty
                                  0.000000    2.076805   clock reconvergence pessimism
                                  0.690877    2.767682   library removal time
                                              2.767682   data required time
---------------------------------------------------------------------------------------------
                                              2.767682   data required time
                                             -7.342038   data arrival time
---------------------------------------------------------------------------------------------
                                              4.574356   slack (MET)


Startpoint: wb_rst_i (input port clocked by wb_clk_i)
Endpoint: _718_ (removal check against rising-edge clock wb_clk_i)
Path Group: asynchronous
Path Type: min

Fanout         Cap        Slew       Delay        Time   Description
---------------------------------------------------------------------------------------------
                                  0.000000    0.000000   clock wb_clk_i (rise edge)
                                  0.000000    0.000000   clock network delay (propagated)
                                  5.000000    5.000000 v input external delay
     2    0.004739    0.026074    0.014555    5.014555 v wb_rst_i (in)
                                                         wb_rst_i (net)
                      0.026074    0.000000    5.014555 v input1/A (sky130_fd_sc_hd__buf_2)
     5    0.123250    0.530592    0.532057    5.546612 v input1/X (sky130_fd_sc_hd__buf_2)
                                                         net1 (net)
                      0.543458    0.062398    5.609010 v fanout19/A (sky130_fd_sc_hd__clkdlybuf4s25_1)
     2    0.010168    0.162809    0.680094    6.289104 v fanout19/X (sky130_fd_sc_hd__clkdlybuf4s25_1)
                                                         net19 (net)
                      0.162809    0.000066    6.289169 v fanout15/A (sky130_fd_sc_hd__clkdlybuf4s25_1)
     8    0.044020    0.589092    0.857503    7.146672 v fanout15/X (sky130_fd_sc_hd__clkdlybuf4s25_1)
                                                         net15 (net)
                      0.589092    0.001056    7.147727 v _634_/A (sky130_fd_sc_hd__inv_2)
     1    0.003562    0.133512    0.195204    7.342931 ^ _634_/Y (sky130_fd_sc_hd__inv_2)
                                                         _109_ (net)
                      0.133512    0.000025    7.342956 ^ _718_/RESET_B (sky130_fd_sc_hd__dfrtp_2)
                                              7.342956   data arrival time

                                  0.000000    0.000000   clock wb_clk_i (rise edge)
                                  0.000000    0.000000   clock source latency
     2    0.147424    1.063065    0.825174    0.825174 ^ wb_clk_i (in)
                                                         wb_clk_i (net)
                      1.073527    0.000000    0.825174 ^ clkbuf_0_wb_clk_i/A (sky130_fd_sc_hd__clkbuf_16)
    17    0.074001    0.154063    0.676967    1.502141 ^ clkbuf_0_wb_clk_i/X (sky130_fd_sc_hd__clkbuf_16)
                                                         clknet_0_wb_clk_i (net)
                      0.154103    0.002457    1.504598 ^ clkbuf_3_2_0_wb_clk_i/A (sky130_fd_sc_hd__clkbuf_8)
    11    0.034623    0.116907    0.321669    1.826267 ^ clkbuf_3_2_0_wb_clk_i/X (sky130_fd_sc_hd__clkbuf_8)
                                                         clknet_3_2_0_wb_clk_i (net)
                      0.116907    0.000409    1.826676 ^ _718_/CLK (sky130_fd_sc_hd__dfrtp_2)
                                  0.250000    2.076676   clock uncertainty
                                  0.000000    2.076676   clock reconvergence pessimism
                                  0.691026    2.767702   library removal time
                                              2.767702   data required time
---------------------------------------------------------------------------------------------
                                              2.767702   data required time
                                             -7.342956   data arrival time
---------------------------------------------------------------------------------------------
                                              4.575254   slack (MET)


Startpoint: wb_rst_i (input port clocked by wb_clk_i)
Endpoint: _722_ (removal check against rising-edge clock wb_clk_i)
Path Group: asynchronous
Path Type: min

Fanout         Cap        Slew       Delay        Time   Description
---------------------------------------------------------------------------------------------
                                  0.000000    0.000000   clock wb_clk_i (rise edge)
                                  0.000000    0.000000   clock network delay (propagated)
                                  5.000000    5.000000 v input external delay
     2    0.004739    0.026074    0.014555    5.014555 v wb_rst_i (in)
                                                         wb_rst_i (net)
                      0.026074    0.000000    5.014555 v input1/A (sky130_fd_sc_hd__buf_2)
     5    0.123250    0.530592    0.532057    5.546612 v input1/X (sky130_fd_sc_hd__buf_2)
                                                         net1 (net)
                      0.543458    0.062398    5.609010 v fanout19/A (sky130_fd_sc_hd__clkdlybuf4s25_1)
     2    0.010168    0.162809    0.680094    6.289104 v fanout19/X (sky130_fd_sc_hd__clkdlybuf4s25_1)
                                                         net19 (net)
                      0.162809    0.000066    6.289169 v fanout15/A (sky130_fd_sc_hd__clkdlybuf4s25_1)
     8    0.044020    0.589092    0.857503    7.146672 v fanout15/X (sky130_fd_sc_hd__clkdlybuf4s25_1)
                                                         net15 (net)
                      0.589092    0.000448    7.147120 v _638_/A (sky130_fd_sc_hd__inv_2)
     1    0.003916    0.137042    0.201106    7.348226 ^ _638_/Y (sky130_fd_sc_hd__inv_2)
                                                         _113_ (net)
                      0.137042    0.000035    7.348261 ^ _722_/RESET_B (sky130_fd_sc_hd__dfrtp_2)
                                              7.348261   data arrival time

                                  0.000000    0.000000   clock wb_clk_i (rise edge)
                                  0.000000    0.000000   clock source latency
     2    0.147424    1.063065    0.825174    0.825174 ^ wb_clk_i (in)
                                                         wb_clk_i (net)
                      1.073527    0.000000    0.825174 ^ clkbuf_0_wb_clk_i/A (sky130_fd_sc_hd__clkbuf_16)
    17    0.074001    0.154063    0.676967    1.502141 ^ clkbuf_0_wb_clk_i/X (sky130_fd_sc_hd__clkbuf_16)
                                                         clknet_0_wb_clk_i (net)
                      0.154112    0.002652    1.504793 ^ clkbuf_3_0_0_wb_clk_i/A (sky130_fd_sc_hd__clkbuf_8)
    11    0.033860    0.115090    0.320204    1.824997 ^ clkbuf_3_0_0_wb_clk_i/X (sky130_fd_sc_hd__clkbuf_8)
                                                         clknet_3_0_0_wb_clk_i (net)
                      0.115091    0.000601    1.825598 ^ _722_/CLK (sky130_fd_sc_hd__dfrtp_2)
                                  0.250000    2.075598   clock uncertainty
                                  0.000000    2.075598   clock reconvergence pessimism
                                  0.691560    2.767159   library removal time
                                              2.767159   data required time
---------------------------------------------------------------------------------------------
                                              2.767159   data required time
                                             -7.348261   data arrival time
---------------------------------------------------------------------------------------------
                                              4.581102   slack (MET)


Startpoint: wb_rst_i (input port clocked by wb_clk_i)
Endpoint: _719_ (removal check against rising-edge clock wb_clk_i)
Path Group: asynchronous
Path Type: min

Fanout         Cap        Slew       Delay        Time   Description
---------------------------------------------------------------------------------------------
                                  0.000000    0.000000   clock wb_clk_i (rise edge)
                                  0.000000    0.000000   clock network delay (propagated)
                                  5.000000    5.000000 v input external delay
     2    0.004739    0.026074    0.014555    5.014555 v wb_rst_i (in)
                                                         wb_rst_i (net)
                      0.026074    0.000000    5.014555 v input1/A (sky130_fd_sc_hd__buf_2)
     5    0.123250    0.530592    0.532057    5.546612 v input1/X (sky130_fd_sc_hd__buf_2)
                                                         net1 (net)
                      0.543458    0.062398    5.609010 v fanout19/A (sky130_fd_sc_hd__clkdlybuf4s25_1)
     2    0.010168    0.162809    0.680094    6.289104 v fanout19/X (sky130_fd_sc_hd__clkdlybuf4s25_1)
                                                         net19 (net)
                      0.162809    0.000066    6.289169 v fanout15/A (sky130_fd_sc_hd__clkdlybuf4s25_1)
     8    0.044020    0.589092    0.857503    7.146672 v fanout15/X (sky130_fd_sc_hd__clkdlybuf4s25_1)
                                                         net15 (net)
                      0.589092    0.001127    7.147799 v _635_/A (sky130_fd_sc_hd__inv_2)
     1    0.004033    0.138210    0.203060    7.350859 ^ _635_/Y (sky130_fd_sc_hd__inv_2)
                                                         _110_ (net)
                      0.138210    0.000038    7.350897 ^ _719_/RESET_B (sky130_fd_sc_hd__dfrtp_2)
                                              7.350897   data arrival time

                                  0.000000    0.000000   clock wb_clk_i (rise edge)
                                  0.000000    0.000000   clock source latency
     2    0.147424    1.063065    0.825174    0.825174 ^ wb_clk_i (in)
                                                         wb_clk_i (net)
                      1.073527    0.000000    0.825174 ^ clkbuf_0_wb_clk_i/A (sky130_fd_sc_hd__clkbuf_16)
    17    0.074001    0.154063    0.676967    1.502141 ^ clkbuf_0_wb_clk_i/X (sky130_fd_sc_hd__clkbuf_16)
                                                         clknet_0_wb_clk_i (net)
                      0.154103    0.002457    1.504598 ^ clkbuf_3_2_0_wb_clk_i/A (sky130_fd_sc_hd__clkbuf_8)
    11    0.034623    0.116907    0.321669    1.826267 ^ clkbuf_3_2_0_wb_clk_i/X (sky130_fd_sc_hd__clkbuf_8)
                                                         clknet_3_2_0_wb_clk_i (net)
                      0.116907    0.000493    1.826760 ^ _719_/CLK (sky130_fd_sc_hd__dfrtp_2)
                                  0.250000    2.076760   clock uncertainty
                                  0.000000    2.076760   clock reconvergence pessimism
                                  0.692465    2.769225   library removal time
                                              2.769225   data required time
---------------------------------------------------------------------------------------------
                                              2.769225   data required time
                                             -7.350897   data arrival time
---------------------------------------------------------------------------------------------
                                              4.581672   slack (MET)


Startpoint: wb_rst_i (input port clocked by wb_clk_i)
Endpoint: _723_ (removal check against rising-edge clock wb_clk_i)
Path Group: asynchronous
Path Type: min

Fanout         Cap        Slew       Delay        Time   Description
---------------------------------------------------------------------------------------------
                                  0.000000    0.000000   clock wb_clk_i (rise edge)
                                  0.000000    0.000000   clock network delay (propagated)
                                  5.000000    5.000000 v input external delay
     2    0.004739    0.026074    0.014555    5.014555 v wb_rst_i (in)
                                                         wb_rst_i (net)
                      0.026074    0.000000    5.014555 v input1/A (sky130_fd_sc_hd__buf_2)
     5    0.123250    0.530592    0.532057    5.546612 v input1/X (sky130_fd_sc_hd__buf_2)
                                                         net1 (net)
                      0.543458    0.062398    5.609010 v fanout19/A (sky130_fd_sc_hd__clkdlybuf4s25_1)
     2    0.010168    0.162809    0.680094    6.289104 v fanout19/X (sky130_fd_sc_hd__clkdlybuf4s25_1)
                                                         net19 (net)
                      0.162809    0.000066    6.289169 v fanout15/A (sky130_fd_sc_hd__clkdlybuf4s25_1)
     8    0.044020    0.589092    0.857503    7.146672 v fanout15/X (sky130_fd_sc_hd__clkdlybuf4s25_1)
                                                         net15 (net)
                      0.589092    0.000087    7.146760 v _639_/A (sky130_fd_sc_hd__inv_2)
     1    0.004051    0.138394    0.203367    7.350126 ^ _639_/Y (sky130_fd_sc_hd__inv_2)
                                                         _114_ (net)
                      0.138394    0.000036    7.350162 ^ _723_/RESET_B (sky130_fd_sc_hd__dfrtp_2)
                                              7.350162   data arrival time

                                  0.000000    0.000000   clock wb_clk_i (rise edge)
                                  0.000000    0.000000   clock source latency
     2    0.147424    1.063065    0.825174    0.825174 ^ wb_clk_i (in)
                                                         wb_clk_i (net)
                      1.073527    0.000000    0.825174 ^ clkbuf_0_wb_clk_i/A (sky130_fd_sc_hd__clkbuf_16)
    17    0.074001    0.154063    0.676967    1.502141 ^ clkbuf_0_wb_clk_i/X (sky130_fd_sc_hd__clkbuf_16)
                                                         clknet_0_wb_clk_i (net)
                      0.154112    0.002652    1.504793 ^ clkbuf_3_0_0_wb_clk_i/A (sky130_fd_sc_hd__clkbuf_8)
    11    0.033860    0.115090    0.320204    1.824997 ^ clkbuf_3_0_0_wb_clk_i/X (sky130_fd_sc_hd__clkbuf_8)
                                                         clknet_3_0_0_wb_clk_i (net)
                      0.115091    0.000611    1.825608 ^ _723_/CLK (sky130_fd_sc_hd__dfrtp_2)
                                  0.250000    2.075608   clock uncertainty
                                  0.000000    2.075608   clock reconvergence pessimism
                                  0.691974    2.767583   library removal time
                                              2.767583   data required time
---------------------------------------------------------------------------------------------
                                              2.767583   data required time
                                             -7.350162   data arrival time
---------------------------------------------------------------------------------------------
                                              4.582579   slack (MET)


Startpoint: wb_rst_i (input port clocked by wb_clk_i)
Endpoint: _724_ (removal check against rising-edge clock wb_clk_i)
Path Group: asynchronous
Path Type: min

Fanout         Cap        Slew       Delay        Time   Description
---------------------------------------------------------------------------------------------
                                  0.000000    0.000000   clock wb_clk_i (rise edge)
                                  0.000000    0.000000   clock network delay (propagated)
                                  5.000000    5.000000 v input external delay
     2    0.004739    0.026074    0.014555    5.014555 v wb_rst_i (in)
                                                         wb_rst_i (net)
                      0.026074    0.000000    5.014555 v input1/A (sky130_fd_sc_hd__buf_2)
     5    0.123250    0.530592    0.532057    5.546612 v input1/X (sky130_fd_sc_hd__buf_2)
                                                         net1 (net)
                      0.543458    0.062398    5.609010 v fanout19/A (sky130_fd_sc_hd__clkdlybuf4s25_1)
     2    0.010168    0.162809    0.680094    6.289104 v fanout19/X (sky130_fd_sc_hd__clkdlybuf4s25_1)
                                                         net19 (net)
                      0.162809    0.000066    6.289169 v fanout15/A (sky130_fd_sc_hd__clkdlybuf4s25_1)
     8    0.044020    0.589092    0.857503    7.146672 v fanout15/X (sky130_fd_sc_hd__clkdlybuf4s25_1)
                                                         net15 (net)
                      0.589092    0.000527    7.147199 v _640_/A (sky130_fd_sc_hd__inv_2)
     1    0.004482    0.137953    0.210535    7.357733 ^ _640_/Y (sky130_fd_sc_hd__inv_2)
                                                         _115_ (net)
                      0.137953    0.000051    7.357784 ^ _724_/RESET_B (sky130_fd_sc_hd__dfrtp_2)
                                              7.357784   data arrival time

                                  0.000000    0.000000   clock wb_clk_i (rise edge)
                                  0.000000    0.000000   clock source latency
     2    0.147424    1.063065    0.825174    0.825174 ^ wb_clk_i (in)
                                                         wb_clk_i (net)
                      1.073527    0.000000    0.825174 ^ clkbuf_0_wb_clk_i/A (sky130_fd_sc_hd__clkbuf_16)
    17    0.074001    0.154063    0.676967    1.502141 ^ clkbuf_0_wb_clk_i/X (sky130_fd_sc_hd__clkbuf_16)
                                                         clknet_0_wb_clk_i (net)
                      0.154112    0.002652    1.504793 ^ clkbuf_3_0_0_wb_clk_i/A (sky130_fd_sc_hd__clkbuf_8)
    11    0.033860    0.115090    0.320204    1.824997 ^ clkbuf_3_0_0_wb_clk_i/X (sky130_fd_sc_hd__clkbuf_8)
                                                         clknet_3_0_0_wb_clk_i (net)
                      0.115091    0.000524    1.825522 ^ _724_/CLK (sky130_fd_sc_hd__dfrtp_2)
                                  0.250000    2.075522   clock uncertainty
                                  0.000000    2.075522   clock reconvergence pessimism
                                  0.691839    2.767361   library removal time
                                              2.767361   data required time
---------------------------------------------------------------------------------------------
                                              2.767361   data required time
                                             -7.357784   data arrival time
---------------------------------------------------------------------------------------------
                                              4.590424   slack (MET)


Startpoint: wb_rst_i (input port clocked by wb_clk_i)
Endpoint: _696_ (removal check against rising-edge clock wb_clk_i)
Path Group: asynchronous
Path Type: min

Fanout         Cap        Slew       Delay        Time   Description
---------------------------------------------------------------------------------------------
                                  0.000000    0.000000   clock wb_clk_i (rise edge)
                                  0.000000    0.000000   clock network delay (propagated)
                                  5.000000    5.000000 v input external delay
     2    0.004739    0.026074    0.014555    5.014555 v wb_rst_i (in)
                                                         wb_rst_i (net)
                      0.026074    0.000000    5.014555 v input1/A (sky130_fd_sc_hd__buf_2)
     5    0.123250    0.530592    0.532057    5.546612 v input1/X (sky130_fd_sc_hd__buf_2)
                                                         net1 (net)
                      0.543458    0.062398    5.609010 v fanout19/A (sky130_fd_sc_hd__clkdlybuf4s25_1)
     2    0.010168    0.162809    0.680094    6.289104 v fanout19/X (sky130_fd_sc_hd__clkdlybuf4s25_1)
                                                         net19 (net)
                      0.162809    0.000246    6.289350 v wire20/A (sky130_fd_sc_hd__buf_4)
    19    0.067569    0.168816    0.383882    6.673232 v wire20/X (sky130_fd_sc_hd__buf_4)
                                                         net20 (net)
                      0.168875    0.002881    6.676113 v fanout17/A (sky130_fd_sc_hd__clkdlybuf4s25_1)
     9    0.050119    0.668514    0.914658    7.590771 v fanout17/X (sky130_fd_sc_hd__clkdlybuf4s25_1)
                                                         net17 (net)
                      0.668514    0.000086    7.590857 v _612_/A (sky130_fd_sc_hd__inv_2)
     1    0.003639    0.145847    0.209115    7.799973 ^ _612_/Y (sky130_fd_sc_hd__inv_2)
                                                         _087_ (net)
                      0.145847    0.000026    7.799998 ^ _696_/RESET_B (sky130_fd_sc_hd__dfrtp_2)
                                              7.799998   data arrival time

                                  0.000000    0.000000   clock wb_clk_i (rise edge)
                                  0.000000    0.000000   clock source latency
     2    0.147424    1.063065    0.825174    0.825174 ^ wb_clk_i (in)
                                                         wb_clk_i (net)
                      1.073527    0.000000    0.825174 ^ clkbuf_0_wb_clk_i/A (sky130_fd_sc_hd__clkbuf_16)
    17    0.074001    0.154063    0.676967    1.502141 ^ clkbuf_0_wb_clk_i/X (sky130_fd_sc_hd__clkbuf_16)
                                                         clknet_0_wb_clk_i (net)
                      0.154089    0.002080    1.504221 ^ clkbuf_3_1_0_wb_clk_i/A (sky130_fd_sc_hd__clkbuf_8)
    11    0.035047    0.117914    0.322490    1.826712 ^ clkbuf_3_1_0_wb_clk_i/X (sky130_fd_sc_hd__clkbuf_8)
                                                         clknet_3_1_0_wb_clk_i (net)
                      0.117914    0.000328    1.827039 ^ _696_/CLK (sky130_fd_sc_hd__dfrtp_2)
                                  0.250000    2.077039   clock uncertainty
                                  0.000000    2.077039   clock reconvergence pessimism
                                  0.695108    2.772147   library removal time
                                              2.772147   data required time
---------------------------------------------------------------------------------------------
                                              2.772147   data required time
                                             -7.799998   data arrival time
---------------------------------------------------------------------------------------------
                                              5.027851   slack (MET)


Startpoint: wb_rst_i (input port clocked by wb_clk_i)
Endpoint: _749_ (removal check against rising-edge clock wb_clk_i)
Path Group: asynchronous
Path Type: min

Fanout         Cap        Slew       Delay        Time   Description
---------------------------------------------------------------------------------------------
                                  0.000000    0.000000   clock wb_clk_i (rise edge)
                                  0.000000    0.000000   clock network delay (propagated)
                                  5.000000    5.000000 v input external delay
     2    0.004739    0.026074    0.014555    5.014555 v wb_rst_i (in)
                                                         wb_rst_i (net)
                      0.026074    0.000000    5.014555 v input1/A (sky130_fd_sc_hd__buf_2)
     5    0.123250    0.530592    0.532057    5.546612 v input1/X (sky130_fd_sc_hd__buf_2)
                                                         net1 (net)
                      0.543458    0.062398    5.609010 v fanout19/A (sky130_fd_sc_hd__clkdlybuf4s25_1)
     2    0.010168    0.162809    0.680094    6.289104 v fanout19/X (sky130_fd_sc_hd__clkdlybuf4s25_1)
                                                         net19 (net)
                      0.162809    0.000246    6.289350 v wire20/A (sky130_fd_sc_hd__buf_4)
    19    0.067569    0.168816    0.383882    6.673232 v wire20/X (sky130_fd_sc_hd__buf_4)
                                                         net20 (net)
                      0.168875    0.002881    6.676113 v fanout17/A (sky130_fd_sc_hd__clkdlybuf4s25_1)
     9    0.050119    0.668514    0.914658    7.590771 v fanout17/X (sky130_fd_sc_hd__clkdlybuf4s25_1)
                                                         net17 (net)
                      0.668514    0.001735    7.592505 v _665_/A (sky130_fd_sc_hd__inv_2)
     1    0.003609    0.145522    0.208568    7.801074 ^ _665_/Y (sky130_fd_sc_hd__inv_2)
                                                         _140_ (net)
                      0.145522    0.000025    7.801099 ^ _749_/RESET_B (sky130_fd_sc_hd__dfrtp_2)
                                              7.801099   data arrival time

                                  0.000000    0.000000   clock wb_clk_i (rise edge)
                                  0.000000    0.000000   clock source latency
     2    0.147424    1.063065    0.825174    0.825174 ^ wb_clk_i (in)
                                                         wb_clk_i (net)
                      1.073527    0.000000    0.825174 ^ clkbuf_0_wb_clk_i/A (sky130_fd_sc_hd__clkbuf_16)
    17    0.074001    0.154063    0.676967    1.502141 ^ clkbuf_0_wb_clk_i/X (sky130_fd_sc_hd__clkbuf_16)
                                                         clknet_0_wb_clk_i (net)
                      0.154089    0.002080    1.504221 ^ clkbuf_3_1_0_wb_clk_i/A (sky130_fd_sc_hd__clkbuf_8)
    11    0.035047    0.117914    0.322490    1.826712 ^ clkbuf_3_1_0_wb_clk_i/X (sky130_fd_sc_hd__clkbuf_8)
                                                         clknet_3_1_0_wb_clk_i (net)
                      0.117914    0.000603    1.827314 ^ _749_/CLK (sky130_fd_sc_hd__dfrtp_2)
                                  0.250000    2.077314   clock uncertainty
                                  0.000000    2.077314   clock reconvergence pessimism
                                  0.695009    2.772323   library removal time
                                              2.772323   data required time
---------------------------------------------------------------------------------------------
                                              2.772323   data required time
                                             -7.801099   data arrival time
---------------------------------------------------------------------------------------------
                                              5.028776   slack (MET)


Startpoint: wb_rst_i (input port clocked by wb_clk_i)
Endpoint: _698_ (removal check against rising-edge clock wb_clk_i)
Path Group: asynchronous
Path Type: min

Fanout         Cap        Slew       Delay        Time   Description
---------------------------------------------------------------------------------------------
                                  0.000000    0.000000   clock wb_clk_i (rise edge)
                                  0.000000    0.000000   clock network delay (propagated)
                                  5.000000    5.000000 v input external delay
     2    0.004739    0.026074    0.014555    5.014555 v wb_rst_i (in)
                                                         wb_rst_i (net)
                      0.026074    0.000000    5.014555 v input1/A (sky130_fd_sc_hd__buf_2)
     5    0.123250    0.530592    0.532057    5.546612 v input1/X (sky130_fd_sc_hd__buf_2)
                                                         net1 (net)
                      0.543458    0.062398    5.609010 v fanout19/A (sky130_fd_sc_hd__clkdlybuf4s25_1)
     2    0.010168    0.162809    0.680094    6.289104 v fanout19/X (sky130_fd_sc_hd__clkdlybuf4s25_1)
                                                         net19 (net)
                      0.162809    0.000246    6.289350 v wire20/A (sky130_fd_sc_hd__buf_4)
    19    0.067569    0.168816    0.383882    6.673232 v wire20/X (sky130_fd_sc_hd__buf_4)
                                                         net20 (net)
                      0.168875    0.002881    6.676113 v fanout17/A (sky130_fd_sc_hd__clkdlybuf4s25_1)
     9    0.050119    0.668514    0.914658    7.590771 v fanout17/X (sky130_fd_sc_hd__clkdlybuf4s25_1)
                                                         net17 (net)
                      0.668514    0.001607    7.592378 v _614_/A (sky130_fd_sc_hd__inv_2)
     1    0.003624    0.145685    0.208844    7.801221 ^ _614_/Y (sky130_fd_sc_hd__inv_2)
                                                         _089_ (net)
                      0.145685    0.000026    7.801247 ^ _698_/RESET_B (sky130_fd_sc_hd__dfrtp_2)
                                              7.801247   data arrival time

                                  0.000000    0.000000   clock wb_clk_i (rise edge)
                                  0.000000    0.000000   clock source latency
     2    0.147424    1.063065    0.825174    0.825174 ^ wb_clk_i (in)
                                                         wb_clk_i (net)
                      1.073527    0.000000    0.825174 ^ clkbuf_0_wb_clk_i/A (sky130_fd_sc_hd__clkbuf_16)
    17    0.074001    0.154063    0.676967    1.502141 ^ clkbuf_0_wb_clk_i/X (sky130_fd_sc_hd__clkbuf_16)
                                                         clknet_0_wb_clk_i (net)
                      0.154089    0.002080    1.504221 ^ clkbuf_3_1_0_wb_clk_i/A (sky130_fd_sc_hd__clkbuf_8)
    11    0.035047    0.117914    0.322490    1.826712 ^ clkbuf_3_1_0_wb_clk_i/X (sky130_fd_sc_hd__clkbuf_8)
                                                         clknet_3_1_0_wb_clk_i (net)
                      0.117914    0.000449    1.827160 ^ _698_/CLK (sky130_fd_sc_hd__dfrtp_2)
                                  0.250000    2.077160   clock uncertainty
                                  0.000000    2.077160   clock reconvergence pessimism
                                  0.695059    2.772219   library removal time
                                              2.772219   data required time
---------------------------------------------------------------------------------------------
                                              2.772219   data required time
                                             -7.801247   data arrival time
---------------------------------------------------------------------------------------------
                                              5.029028   slack (MET)


Startpoint: wb_rst_i (input port clocked by wb_clk_i)
Endpoint: _695_ (removal check against rising-edge clock wb_clk_i)
Path Group: asynchronous
Path Type: min

Fanout         Cap        Slew       Delay        Time   Description
---------------------------------------------------------------------------------------------
                                  0.000000    0.000000   clock wb_clk_i (rise edge)
                                  0.000000    0.000000   clock network delay (propagated)
                                  5.000000    5.000000 v input external delay
     2    0.004739    0.026074    0.014555    5.014555 v wb_rst_i (in)
                                                         wb_rst_i (net)
                      0.026074    0.000000    5.014555 v input1/A (sky130_fd_sc_hd__buf_2)
     5    0.123250    0.530592    0.532057    5.546612 v input1/X (sky130_fd_sc_hd__buf_2)
                                                         net1 (net)
                      0.543458    0.062398    5.609010 v fanout19/A (sky130_fd_sc_hd__clkdlybuf4s25_1)
     2    0.010168    0.162809    0.680094    6.289104 v fanout19/X (sky130_fd_sc_hd__clkdlybuf4s25_1)
                                                         net19 (net)
                      0.162809    0.000246    6.289350 v wire20/A (sky130_fd_sc_hd__buf_4)
    19    0.067569    0.168816    0.383882    6.673232 v wire20/X (sky130_fd_sc_hd__buf_4)
                                                         net20 (net)
                      0.168875    0.002881    6.676113 v fanout17/A (sky130_fd_sc_hd__clkdlybuf4s25_1)
     9    0.050119    0.668514    0.914658    7.590771 v fanout17/X (sky130_fd_sc_hd__clkdlybuf4s25_1)
                                                         net17 (net)
                      0.668514    0.001179    7.591949 v _611_/A (sky130_fd_sc_hd__inv_2)
     1    0.003730    0.146828    0.210769    7.802719 ^ _611_/Y (sky130_fd_sc_hd__inv_2)
                                                         _086_ (net)
                      0.146828    0.000028    7.802746 ^ _695_/RESET_B (sky130_fd_sc_hd__dfrtp_2)
                                              7.802746   data arrival time

                                  0.000000    0.000000   clock wb_clk_i (rise edge)
                                  0.000000    0.000000   clock source latency
     2    0.147424    1.063065    0.825174    0.825174 ^ wb_clk_i (in)
                                                         wb_clk_i (net)
                      1.073527    0.000000    0.825174 ^ clkbuf_0_wb_clk_i/A (sky130_fd_sc_hd__clkbuf_16)
    17    0.074001    0.154063    0.676967    1.502141 ^ clkbuf_0_wb_clk_i/X (sky130_fd_sc_hd__clkbuf_16)
                                                         clknet_0_wb_clk_i (net)
                      0.154089    0.002080    1.504221 ^ clkbuf_3_1_0_wb_clk_i/A (sky130_fd_sc_hd__clkbuf_8)
    11    0.035047    0.117914    0.322490    1.826712 ^ clkbuf_3_1_0_wb_clk_i/X (sky130_fd_sc_hd__clkbuf_8)
                                                         clknet_3_1_0_wb_clk_i (net)
                      0.117914    0.000249    1.826960 ^ _695_/CLK (sky130_fd_sc_hd__dfrtp_2)
                                  0.250000    2.076960   clock uncertainty
                                  0.000000    2.076960   clock reconvergence pessimism
                                  0.695409    2.772369   library removal time
                                              2.772369   data required time
---------------------------------------------------------------------------------------------
                                              2.772369   data required time
                                             -7.802746   data arrival time
---------------------------------------------------------------------------------------------
                                              5.030377   slack (MET)


Startpoint: wb_rst_i (input port clocked by wb_clk_i)
Endpoint: _747_ (removal check against rising-edge clock wb_clk_i)
Path Group: asynchronous
Path Type: min

Fanout         Cap        Slew       Delay        Time   Description
---------------------------------------------------------------------------------------------
                                  0.000000    0.000000   clock wb_clk_i (rise edge)
                                  0.000000    0.000000   clock network delay (propagated)
                                  5.000000    5.000000 v input external delay
     2    0.004739    0.026074    0.014555    5.014555 v wb_rst_i (in)
                                                         wb_rst_i (net)
                      0.026074    0.000000    5.014555 v input1/A (sky130_fd_sc_hd__buf_2)
     5    0.123250    0.530592    0.532057    5.546612 v input1/X (sky130_fd_sc_hd__buf_2)
                                                         net1 (net)
                      0.543458    0.062398    5.609010 v fanout19/A (sky130_fd_sc_hd__clkdlybuf4s25_1)
     2    0.010168    0.162809    0.680094    6.289104 v fanout19/X (sky130_fd_sc_hd__clkdlybuf4s25_1)
                                                         net19 (net)
                      0.162809    0.000246    6.289350 v wire20/A (sky130_fd_sc_hd__buf_4)
    19    0.067569    0.168816    0.383882    6.673232 v wire20/X (sky130_fd_sc_hd__buf_4)
                                                         net20 (net)
                      0.168875    0.002881    6.676113 v fanout17/A (sky130_fd_sc_hd__clkdlybuf4s25_1)
     9    0.050119    0.668514    0.914658    7.590771 v fanout17/X (sky130_fd_sc_hd__clkdlybuf4s25_1)
                                                         net17 (net)
                      0.668514    0.001698    7.592469 v _663_/A (sky130_fd_sc_hd__inv_2)
     1    0.003766    0.147208    0.211409    7.803878 ^ _663_/Y (sky130_fd_sc_hd__inv_2)
                                                         _138_ (net)
                      0.147208    0.000028    7.803905 ^ _747_/RESET_B (sky130_fd_sc_hd__dfrtp_2)
                                              7.803905   data arrival time

                                  0.000000    0.000000   clock wb_clk_i (rise edge)
                                  0.000000    0.000000   clock source latency
     2    0.147424    1.063065    0.825174    0.825174 ^ wb_clk_i (in)
                                                         wb_clk_i (net)
                      1.073527    0.000000    0.825174 ^ clkbuf_0_wb_clk_i/A (sky130_fd_sc_hd__clkbuf_16)
    17    0.074001    0.154063    0.676967    1.502141 ^ clkbuf_0_wb_clk_i/X (sky130_fd_sc_hd__clkbuf_16)
                                                         clknet_0_wb_clk_i (net)
                      0.154089    0.002080    1.504221 ^ clkbuf_3_1_0_wb_clk_i/A (sky130_fd_sc_hd__clkbuf_8)
    11    0.035047    0.117914    0.322490    1.826712 ^ clkbuf_3_1_0_wb_clk_i/X (sky130_fd_sc_hd__clkbuf_8)
                                                         clknet_3_1_0_wb_clk_i (net)
                      0.117915    0.000700    1.827411 ^ _747_/CLK (sky130_fd_sc_hd__dfrtp_2)
                                  0.250000    2.077411   clock uncertainty
                                  0.000000    2.077411   clock reconvergence pessimism
                                  0.695526    2.772937   library removal time
                                              2.772937   data required time
---------------------------------------------------------------------------------------------
                                              2.772937   data required time
                                             -7.803905   data arrival time
---------------------------------------------------------------------------------------------
                                              5.030968   slack (MET)


Startpoint: wb_rst_i (input port clocked by wb_clk_i)
Endpoint: _694_ (removal check against rising-edge clock wb_clk_i)
Path Group: asynchronous
Path Type: min

Fanout         Cap        Slew       Delay        Time   Description
---------------------------------------------------------------------------------------------
                                  0.000000    0.000000   clock wb_clk_i (rise edge)
                                  0.000000    0.000000   clock network delay (propagated)
                                  5.000000    5.000000 v input external delay
     2    0.004739    0.026074    0.014555    5.014555 v wb_rst_i (in)
                                                         wb_rst_i (net)
                      0.026074    0.000000    5.014555 v input1/A (sky130_fd_sc_hd__buf_2)
     5    0.123250    0.530592    0.532057    5.546612 v input1/X (sky130_fd_sc_hd__buf_2)
                                                         net1 (net)
                      0.543458    0.062398    5.609010 v fanout19/A (sky130_fd_sc_hd__clkdlybuf4s25_1)
     2    0.010168    0.162809    0.680094    6.289104 v fanout19/X (sky130_fd_sc_hd__clkdlybuf4s25_1)
                                                         net19 (net)
                      0.162809    0.000246    6.289350 v wire20/A (sky130_fd_sc_hd__buf_4)
    19    0.067569    0.168816    0.383882    6.673232 v wire20/X (sky130_fd_sc_hd__buf_4)
                                                         net20 (net)
                      0.168875    0.002881    6.676113 v fanout17/A (sky130_fd_sc_hd__clkdlybuf4s25_1)
     9    0.050119    0.668514    0.914658    7.590771 v fanout17/X (sky130_fd_sc_hd__clkdlybuf4s25_1)
                                                         net17 (net)
                      0.668514    0.001377    7.592147 v _610_/A (sky130_fd_sc_hd__inv_2)
     1    0.003796    0.147536    0.211961    7.804109 ^ _610_/Y (sky130_fd_sc_hd__inv_2)
                                                         _085_ (net)
                      0.147536    0.000029    7.804138 ^ _694_/RESET_B (sky130_fd_sc_hd__dfrtp_2)
                                              7.804138   data arrival time

                                  0.000000    0.000000   clock wb_clk_i (rise edge)
                                  0.000000    0.000000   clock source latency
     2    0.147424    1.063065    0.825174    0.825174 ^ wb_clk_i (in)
                                                         wb_clk_i (net)
                      1.073527    0.000000    0.825174 ^ clkbuf_0_wb_clk_i/A (sky130_fd_sc_hd__clkbuf_16)
    17    0.074001    0.154063    0.676967    1.502141 ^ clkbuf_0_wb_clk_i/X (sky130_fd_sc_hd__clkbuf_16)
                                                         clknet_0_wb_clk_i (net)
                      0.154089    0.002080    1.504221 ^ clkbuf_3_1_0_wb_clk_i/A (sky130_fd_sc_hd__clkbuf_8)
    11    0.035047    0.117914    0.322490    1.826712 ^ clkbuf_3_1_0_wb_clk_i/X (sky130_fd_sc_hd__clkbuf_8)
                                                         clknet_3_1_0_wb_clk_i (net)
                      0.117914    0.000380    1.827092 ^ _694_/CLK (sky130_fd_sc_hd__dfrtp_2)
                                  0.250000    2.077092   clock uncertainty
                                  0.000000    2.077092   clock reconvergence pessimism
                                  0.695626    2.772718   library removal time
                                              2.772718   data required time
---------------------------------------------------------------------------------------------
                                              2.772718   data required time
                                             -7.804138   data arrival time
---------------------------------------------------------------------------------------------
                                              5.031420   slack (MET)


Startpoint: wb_rst_i (input port clocked by wb_clk_i)
Endpoint: _748_ (removal check against rising-edge clock wb_clk_i)
Path Group: asynchronous
Path Type: min

Fanout         Cap        Slew       Delay        Time   Description
---------------------------------------------------------------------------------------------
                                  0.000000    0.000000   clock wb_clk_i (rise edge)
                                  0.000000    0.000000   clock network delay (propagated)
                                  5.000000    5.000000 v input external delay
     2    0.004739    0.026074    0.014555    5.014555 v wb_rst_i (in)
                                                         wb_rst_i (net)
                      0.026074    0.000000    5.014555 v input1/A (sky130_fd_sc_hd__buf_2)
     5    0.123250    0.530592    0.532057    5.546612 v input1/X (sky130_fd_sc_hd__buf_2)
                                                         net1 (net)
                      0.543458    0.062398    5.609010 v fanout19/A (sky130_fd_sc_hd__clkdlybuf4s25_1)
     2    0.010168    0.162809    0.680094    6.289104 v fanout19/X (sky130_fd_sc_hd__clkdlybuf4s25_1)
                                                         net19 (net)
                      0.162809    0.000246    6.289350 v wire20/A (sky130_fd_sc_hd__buf_4)
    19    0.067569    0.168816    0.383882    6.673232 v wire20/X (sky130_fd_sc_hd__buf_4)
                                                         net20 (net)
                      0.168875    0.002881    6.676113 v fanout17/A (sky130_fd_sc_hd__clkdlybuf4s25_1)
     9    0.050119    0.668514    0.914658    7.590771 v fanout17/X (sky130_fd_sc_hd__clkdlybuf4s25_1)
                                                         net17 (net)
                      0.668514    0.001596    7.592367 v _664_/A (sky130_fd_sc_hd__inv_2)
     1    0.003888    0.148521    0.213620    7.805987 ^ _664_/Y (sky130_fd_sc_hd__inv_2)
                                                         _139_ (net)
                      0.148521    0.000032    7.806019 ^ _748_/RESET_B (sky130_fd_sc_hd__dfrtp_2)
                                              7.806019   data arrival time

                                  0.000000    0.000000   clock wb_clk_i (rise edge)
                                  0.000000    0.000000   clock source latency
     2    0.147424    1.063065    0.825174    0.825174 ^ wb_clk_i (in)
                                                         wb_clk_i (net)
                      1.073527    0.000000    0.825174 ^ clkbuf_0_wb_clk_i/A (sky130_fd_sc_hd__clkbuf_16)
    17    0.074001    0.154063    0.676967    1.502141 ^ clkbuf_0_wb_clk_i/X (sky130_fd_sc_hd__clkbuf_16)
                                                         clknet_0_wb_clk_i (net)
                      0.154089    0.002080    1.504221 ^ clkbuf_3_1_0_wb_clk_i/A (sky130_fd_sc_hd__clkbuf_8)
    11    0.035047    0.117914    0.322490    1.826712 ^ clkbuf_3_1_0_wb_clk_i/X (sky130_fd_sc_hd__clkbuf_8)
                                                         clknet_3_1_0_wb_clk_i (net)
                      0.117915    0.000638    1.827349 ^ _748_/CLK (sky130_fd_sc_hd__dfrtp_2)
                                  0.250000    2.077349   clock uncertainty
                                  0.000000    2.077349   clock reconvergence pessimism
                                  0.695928    2.773277   library removal time
                                              2.773277   data required time
---------------------------------------------------------------------------------------------
                                              2.773277   data required time
                                             -7.806019   data arrival time
---------------------------------------------------------------------------------------------
                                              5.032742   slack (MET)


Startpoint: wb_rst_i (input port clocked by wb_clk_i)
Endpoint: _699_ (removal check against rising-edge clock wb_clk_i)
Path Group: asynchronous
Path Type: min

Fanout         Cap        Slew       Delay        Time   Description
---------------------------------------------------------------------------------------------
                                  0.000000    0.000000   clock wb_clk_i (rise edge)
                                  0.000000    0.000000   clock network delay (propagated)
                                  5.000000    5.000000 v input external delay
     2    0.004739    0.026074    0.014555    5.014555 v wb_rst_i (in)
                                                         wb_rst_i (net)
                      0.026074    0.000000    5.014555 v input1/A (sky130_fd_sc_hd__buf_2)
     5    0.123250    0.530592    0.532057    5.546612 v input1/X (sky130_fd_sc_hd__buf_2)
                                                         net1 (net)
                      0.543458    0.062398    5.609010 v fanout19/A (sky130_fd_sc_hd__clkdlybuf4s25_1)
     2    0.010168    0.162809    0.680094    6.289104 v fanout19/X (sky130_fd_sc_hd__clkdlybuf4s25_1)
                                                         net19 (net)
                      0.162809    0.000246    6.289350 v wire20/A (sky130_fd_sc_hd__buf_4)
    19    0.067569    0.168816    0.383882    6.673232 v wire20/X (sky130_fd_sc_hd__buf_4)
                                                         net20 (net)
                      0.168875    0.002881    6.676113 v fanout17/A (sky130_fd_sc_hd__clkdlybuf4s25_1)
     9    0.050119    0.668514    0.914658    7.590771 v fanout17/X (sky130_fd_sc_hd__clkdlybuf4s25_1)
                                                         net17 (net)
                      0.668514    0.001682    7.592453 v _615_/A (sky130_fd_sc_hd__inv_2)
     1    0.003927    0.148942    0.214329    7.806782 ^ _615_/Y (sky130_fd_sc_hd__inv_2)
                                                         _090_ (net)
                      0.148942    0.000035    7.806817 ^ _699_/RESET_B (sky130_fd_sc_hd__dfrtp_2)
                                              7.806817   data arrival time

                                  0.000000    0.000000   clock wb_clk_i (rise edge)
                                  0.000000    0.000000   clock source latency
     2    0.147424    1.063065    0.825174    0.825174 ^ wb_clk_i (in)
                                                         wb_clk_i (net)
                      1.073527    0.000000    0.825174 ^ clkbuf_0_wb_clk_i/A (sky130_fd_sc_hd__clkbuf_16)
    17    0.074001    0.154063    0.676967    1.502141 ^ clkbuf_0_wb_clk_i/X (sky130_fd_sc_hd__clkbuf_16)
                                                         clknet_0_wb_clk_i (net)
                      0.154075    0.001553    1.503695 ^ clkbuf_3_3_0_wb_clk_i/A (sky130_fd_sc_hd__clkbuf_8)
    11    0.035092    0.118021    0.322579    1.826274 ^ clkbuf_3_3_0_wb_clk_i/X (sky130_fd_sc_hd__clkbuf_8)
                                                         clknet_3_3_0_wb_clk_i (net)
                      0.118021    0.000497    1.826771 ^ _699_/CLK (sky130_fd_sc_hd__dfrtp_2)
                                  0.250000    2.076771   clock uncertainty
                                  0.000000    2.076771   clock reconvergence pessimism
                                  0.696089    2.772860   library removal time
                                              2.772860   data required time
---------------------------------------------------------------------------------------------
                                              2.772860   data required time
                                             -7.806817   data arrival time
---------------------------------------------------------------------------------------------
                                              5.033957   slack (MET)


Startpoint: wb_rst_i (input port clocked by wb_clk_i)
Endpoint: _706_ (removal check against rising-edge clock wb_clk_i)
Path Group: asynchronous
Path Type: min

Fanout         Cap        Slew       Delay        Time   Description
---------------------------------------------------------------------------------------------
                                  0.000000    0.000000   clock wb_clk_i (rise edge)
                                  0.000000    0.000000   clock network delay (propagated)
                                  5.000000    5.000000 v input external delay
     2    0.004739    0.026074    0.014555    5.014555 v wb_rst_i (in)
                                                         wb_rst_i (net)
                      0.026074    0.000000    5.014555 v input1/A (sky130_fd_sc_hd__buf_2)
     5    0.123250    0.530592    0.532057    5.546612 v input1/X (sky130_fd_sc_hd__buf_2)
                                                         net1 (net)
                      0.543458    0.062398    5.609010 v fanout19/A (sky130_fd_sc_hd__clkdlybuf4s25_1)
     2    0.010168    0.162809    0.680094    6.289104 v fanout19/X (sky130_fd_sc_hd__clkdlybuf4s25_1)
                                                         net19 (net)
                      0.162809    0.000066    6.289169 v fanout15/A (sky130_fd_sc_hd__clkdlybuf4s25_1)
     8    0.044020    0.589092    0.857503    7.146672 v fanout15/X (sky130_fd_sc_hd__clkdlybuf4s25_1)
                                                         net15 (net)
                      0.589092    0.000567    7.147239 v load_slew16/A (sky130_fd_sc_hd__buf_4)
     9    0.053807    0.143745    0.553850    7.701089 v load_slew16/X (sky130_fd_sc_hd__buf_4)
                                                         net16 (net)
                      0.143764    0.001604    7.702693 v _622_/A (sky130_fd_sc_hd__inv_2)
     1    0.003426    0.052849    0.092225    7.794918 ^ _622_/Y (sky130_fd_sc_hd__inv_2)
                                                         _097_ (net)
                      0.052849    0.000021    7.794939 ^ _706_/RESET_B (sky130_fd_sc_hd__dfrtp_2)
                                              7.794939   data arrival time

                                  0.000000    0.000000   clock wb_clk_i (rise edge)
                                  0.000000    0.000000   clock source latency
     2    0.147424    1.063065    0.825174    0.825174 ^ wb_clk_i (in)
                                                         wb_clk_i (net)
                      1.073527    0.000000    0.825174 ^ clkbuf_0_wb_clk_i/A (sky130_fd_sc_hd__clkbuf_16)
    17    0.074001    0.154063    0.676967    1.502141 ^ clkbuf_0_wb_clk_i/X (sky130_fd_sc_hd__clkbuf_16)
                                                         clknet_0_wb_clk_i (net)
                      0.154103    0.002457    1.504598 ^ clkbuf_3_2_0_wb_clk_i/A (sky130_fd_sc_hd__clkbuf_8)
    11    0.034623    0.116907    0.321669    1.826267 ^ clkbuf_3_2_0_wb_clk_i/X (sky130_fd_sc_hd__clkbuf_8)
                                                         clknet_3_2_0_wb_clk_i (net)
                      0.116907    0.000448    1.826715 ^ _706_/CLK (sky130_fd_sc_hd__dfrtp_2)
                                  0.250000    2.076715   clock uncertainty
                                  0.000000    2.076715   clock reconvergence pessimism
                                  0.666316    2.743031   library removal time
                                              2.743031   data required time
---------------------------------------------------------------------------------------------
                                              2.743031   data required time
                                             -7.794939   data arrival time
---------------------------------------------------------------------------------------------
                                              5.051908   slack (MET)


Startpoint: wb_rst_i (input port clocked by wb_clk_i)
Endpoint: _712_ (removal check against rising-edge clock wb_clk_i)
Path Group: asynchronous
Path Type: min

Fanout         Cap        Slew       Delay        Time   Description
---------------------------------------------------------------------------------------------
                                  0.000000    0.000000   clock wb_clk_i (rise edge)
                                  0.000000    0.000000   clock network delay (propagated)
                                  5.000000    5.000000 v input external delay
     2    0.004739    0.026074    0.014555    5.014555 v wb_rst_i (in)
                                                         wb_rst_i (net)
                      0.026074    0.000000    5.014555 v input1/A (sky130_fd_sc_hd__buf_2)
     5    0.123250    0.530592    0.532057    5.546612 v input1/X (sky130_fd_sc_hd__buf_2)
                                                         net1 (net)
                      0.543458    0.062398    5.609010 v fanout19/A (sky130_fd_sc_hd__clkdlybuf4s25_1)
     2    0.010168    0.162809    0.680094    6.289104 v fanout19/X (sky130_fd_sc_hd__clkdlybuf4s25_1)
                                                         net19 (net)
                      0.162809    0.000066    6.289169 v fanout15/A (sky130_fd_sc_hd__clkdlybuf4s25_1)
     8    0.044020    0.589092    0.857503    7.146672 v fanout15/X (sky130_fd_sc_hd__clkdlybuf4s25_1)
                                                         net15 (net)
                      0.589092    0.000567    7.147239 v load_slew16/A (sky130_fd_sc_hd__buf_4)
     9    0.053807    0.143745    0.553850    7.701089 v load_slew16/X (sky130_fd_sc_hd__buf_4)
                                                         net16 (net)
                      0.143745    0.000631    7.701719 v _628_/A (sky130_fd_sc_hd__inv_2)
     1    0.003618    0.053885    0.093521    7.795240 ^ _628_/Y (sky130_fd_sc_hd__inv_2)
                                                         _103_ (net)
                      0.053885    0.000027    7.795267 ^ _712_/RESET_B (sky130_fd_sc_hd__dfrtp_2)
                                              7.795267   data arrival time

                                  0.000000    0.000000   clock wb_clk_i (rise edge)
                                  0.000000    0.000000   clock source latency
     2    0.147424    1.063065    0.825174    0.825174 ^ wb_clk_i (in)
                                                         wb_clk_i (net)
                      1.073527    0.000000    0.825174 ^ clkbuf_0_wb_clk_i/A (sky130_fd_sc_hd__clkbuf_16)
    17    0.074001    0.154063    0.676967    1.502141 ^ clkbuf_0_wb_clk_i/X (sky130_fd_sc_hd__clkbuf_16)
                                                         clknet_0_wb_clk_i (net)
                      0.154112    0.002652    1.504793 ^ clkbuf_3_0_0_wb_clk_i/A (sky130_fd_sc_hd__clkbuf_8)
    11    0.033860    0.115090    0.320204    1.824997 ^ clkbuf_3_0_0_wb_clk_i/X (sky130_fd_sc_hd__clkbuf_8)
                                                         clknet_3_0_0_wb_clk_i (net)
                      0.115090    0.000343    1.825340 ^ _712_/CLK (sky130_fd_sc_hd__dfrtp_2)
                                  0.250000    2.075340   clock uncertainty
                                  0.000000    2.075340   clock reconvergence pessimism
                                  0.666085    2.741425   library removal time
                                              2.741425   data required time
---------------------------------------------------------------------------------------------
                                              2.741425   data required time
                                             -7.795267   data arrival time
---------------------------------------------------------------------------------------------
                                              5.053842   slack (MET)


Startpoint: wb_rst_i (input port clocked by wb_clk_i)
Endpoint: _708_ (removal check against rising-edge clock wb_clk_i)
Path Group: asynchronous
Path Type: min

Fanout         Cap        Slew       Delay        Time   Description
---------------------------------------------------------------------------------------------
                                  0.000000    0.000000   clock wb_clk_i (rise edge)
                                  0.000000    0.000000   clock network delay (propagated)
                                  5.000000    5.000000 v input external delay
     2    0.004739    0.026074    0.014555    5.014555 v wb_rst_i (in)
                                                         wb_rst_i (net)
                      0.026074    0.000000    5.014555 v input1/A (sky130_fd_sc_hd__buf_2)
     5    0.123250    0.530592    0.532057    5.546612 v input1/X (sky130_fd_sc_hd__buf_2)
                                                         net1 (net)
                      0.543458    0.062398    5.609010 v fanout19/A (sky130_fd_sc_hd__clkdlybuf4s25_1)
     2    0.010168    0.162809    0.680094    6.289104 v fanout19/X (sky130_fd_sc_hd__clkdlybuf4s25_1)
                                                         net19 (net)
                      0.162809    0.000066    6.289169 v fanout15/A (sky130_fd_sc_hd__clkdlybuf4s25_1)
     8    0.044020    0.589092    0.857503    7.146672 v fanout15/X (sky130_fd_sc_hd__clkdlybuf4s25_1)
                                                         net15 (net)
                      0.589092    0.000567    7.147239 v load_slew16/A (sky130_fd_sc_hd__buf_4)
     9    0.053807    0.143745    0.553850    7.701089 v load_slew16/X (sky130_fd_sc_hd__buf_4)
                                                         net16 (net)
                      0.143768    0.001738    7.702827 v _624_/A (sky130_fd_sc_hd__inv_2)
     1    0.003988    0.055983    0.096034    7.798862 ^ _624_/Y (sky130_fd_sc_hd__inv_2)
                                                         _099_ (net)
                      0.055983    0.000034    7.798895 ^ _708_/RESET_B (sky130_fd_sc_hd__dfrtp_2)
                                              7.798895   data arrival time

                                  0.000000    0.000000   clock wb_clk_i (rise edge)
                                  0.000000    0.000000   clock source latency
     2    0.147424    1.063065    0.825174    0.825174 ^ wb_clk_i (in)
                                                         wb_clk_i (net)
                      1.073527    0.000000    0.825174 ^ clkbuf_0_wb_clk_i/A (sky130_fd_sc_hd__clkbuf_16)
    17    0.074001    0.154063    0.676967    1.502141 ^ clkbuf_0_wb_clk_i/X (sky130_fd_sc_hd__clkbuf_16)
                                                         clknet_0_wb_clk_i (net)
                      0.154089    0.002080    1.504221 ^ clkbuf_3_1_0_wb_clk_i/A (sky130_fd_sc_hd__clkbuf_8)
    11    0.035047    0.117914    0.322490    1.826712 ^ clkbuf_3_1_0_wb_clk_i/X (sky130_fd_sc_hd__clkbuf_8)
                                                         clknet_3_1_0_wb_clk_i (net)
                      0.117914    0.000367    1.827079 ^ _708_/CLK (sky130_fd_sc_hd__dfrtp_2)
                                  0.250000    2.077079   clock uncertainty
                                  0.000000    2.077079   clock reconvergence pessimism
                                  0.667580    2.744659   library removal time
                                              2.744659   data required time
---------------------------------------------------------------------------------------------
                                              2.744659   data required time
                                             -7.798895   data arrival time
---------------------------------------------------------------------------------------------
                                              5.054236   slack (MET)


Startpoint: wb_rst_i (input port clocked by wb_clk_i)
Endpoint: _709_ (removal check against rising-edge clock wb_clk_i)
Path Group: asynchronous
Path Type: min

Fanout         Cap        Slew       Delay        Time   Description
---------------------------------------------------------------------------------------------
                                  0.000000    0.000000   clock wb_clk_i (rise edge)
                                  0.000000    0.000000   clock network delay (propagated)
                                  5.000000    5.000000 v input external delay
     2    0.004739    0.026074    0.014555    5.014555 v wb_rst_i (in)
                                                         wb_rst_i (net)
                      0.026074    0.000000    5.014555 v input1/A (sky130_fd_sc_hd__buf_2)
     5    0.123250    0.530592    0.532057    5.546612 v input1/X (sky130_fd_sc_hd__buf_2)
                                                         net1 (net)
                      0.543458    0.062398    5.609010 v fanout19/A (sky130_fd_sc_hd__clkdlybuf4s25_1)
     2    0.010168    0.162809    0.680094    6.289104 v fanout19/X (sky130_fd_sc_hd__clkdlybuf4s25_1)
                                                         net19 (net)
                      0.162809    0.000066    6.289169 v fanout15/A (sky130_fd_sc_hd__clkdlybuf4s25_1)
     8    0.044020    0.589092    0.857503    7.146672 v fanout15/X (sky130_fd_sc_hd__clkdlybuf4s25_1)
                                                         net15 (net)
                      0.589092    0.000567    7.147239 v load_slew16/A (sky130_fd_sc_hd__buf_4)
     9    0.053807    0.143745    0.553850    7.701089 v load_slew16/X (sky130_fd_sc_hd__buf_4)
                                                         net16 (net)
                      0.143760    0.001466    7.702555 v _625_/A (sky130_fd_sc_hd__inv_2)
     1    0.003559    0.053565    0.093127    7.795682 ^ _625_/Y (sky130_fd_sc_hd__inv_2)
                                                         _100_ (net)
                      0.053565    0.000025    7.795707 ^ _709_/RESET_B (sky130_fd_sc_hd__dfrtp_2)
                                              7.795707   data arrival time

                                  0.000000    0.000000   clock wb_clk_i (rise edge)
                                  0.000000    0.000000   clock source latency
     2    0.147424    1.063065    0.825174    0.825174 ^ wb_clk_i (in)
                                                         wb_clk_i (net)
                      1.073527    0.000000    0.825174 ^ clkbuf_0_wb_clk_i/A (sky130_fd_sc_hd__clkbuf_16)
    17    0.074001    0.154063    0.676967    1.502141 ^ clkbuf_0_wb_clk_i/X (sky130_fd_sc_hd__clkbuf_16)
                                                         clknet_0_wb_clk_i (net)
                      0.154112    0.002652    1.504793 ^ clkbuf_3_0_0_wb_clk_i/A (sky130_fd_sc_hd__clkbuf_8)
    11    0.033860    0.115090    0.320204    1.824997 ^ clkbuf_3_0_0_wb_clk_i/X (sky130_fd_sc_hd__clkbuf_8)
                                                         clknet_3_0_0_wb_clk_i (net)
                      0.115090    0.000304    1.825302 ^ _709_/CLK (sky130_fd_sc_hd__dfrtp_2)
                                  0.250000    2.075302   clock uncertainty
                                  0.000000    2.075302   clock reconvergence pessimism
                                  0.665987    2.741289   library removal time
                                              2.741289   data required time
---------------------------------------------------------------------------------------------
                                              2.741289   data required time
                                             -7.795707   data arrival time
---------------------------------------------------------------------------------------------
                                              5.054419   slack (MET)


Startpoint: wb_rst_i (input port clocked by wb_clk_i)
Endpoint: _710_ (removal check against rising-edge clock wb_clk_i)
Path Group: asynchronous
Path Type: min

Fanout         Cap        Slew       Delay        Time   Description
---------------------------------------------------------------------------------------------
                                  0.000000    0.000000   clock wb_clk_i (rise edge)
                                  0.000000    0.000000   clock network delay (propagated)
                                  5.000000    5.000000 v input external delay
     2    0.004739    0.026074    0.014555    5.014555 v wb_rst_i (in)
                                                         wb_rst_i (net)
                      0.026074    0.000000    5.014555 v input1/A (sky130_fd_sc_hd__buf_2)
     5    0.123250    0.530592    0.532057    5.546612 v input1/X (sky130_fd_sc_hd__buf_2)
                                                         net1 (net)
                      0.543458    0.062398    5.609010 v fanout19/A (sky130_fd_sc_hd__clkdlybuf4s25_1)
     2    0.010168    0.162809    0.680094    6.289104 v fanout19/X (sky130_fd_sc_hd__clkdlybuf4s25_1)
                                                         net19 (net)
                      0.162809    0.000066    6.289169 v fanout15/A (sky130_fd_sc_hd__clkdlybuf4s25_1)
     8    0.044020    0.589092    0.857503    7.146672 v fanout15/X (sky130_fd_sc_hd__clkdlybuf4s25_1)
                                                         net15 (net)
                      0.589092    0.000567    7.147239 v load_slew16/A (sky130_fd_sc_hd__buf_4)
     9    0.053807    0.143745    0.553850    7.701089 v load_slew16/X (sky130_fd_sc_hd__buf_4)
                                                         net16 (net)
                      0.143759    0.001434    7.702523 v _626_/A (sky130_fd_sc_hd__inv_2)
     1    0.003564    0.053590    0.093159    7.795682 ^ _626_/Y (sky130_fd_sc_hd__inv_2)
                                                         _101_ (net)
                      0.053590    0.000024    7.795707 ^ _710_/RESET_B (sky130_fd_sc_hd__dfrtp_2)
                                              7.795707   data arrival time

                                  0.000000    0.000000   clock wb_clk_i (rise edge)
                                  0.000000    0.000000   clock source latency
     2    0.147424    1.063065    0.825174    0.825174 ^ wb_clk_i (in)
                                                         wb_clk_i (net)
                      1.073527    0.000000    0.825174 ^ clkbuf_0_wb_clk_i/A (sky130_fd_sc_hd__clkbuf_16)
    17    0.074001    0.154063    0.676967    1.502141 ^ clkbuf_0_wb_clk_i/X (sky130_fd_sc_hd__clkbuf_16)
                                                         clknet_0_wb_clk_i (net)
                      0.154112    0.002652    1.504793 ^ clkbuf_3_0_0_wb_clk_i/A (sky130_fd_sc_hd__clkbuf_8)
    11    0.033860    0.115090    0.320204    1.824997 ^ clkbuf_3_0_0_wb_clk_i/X (sky130_fd_sc_hd__clkbuf_8)
                                                         clknet_3_0_0_wb_clk_i (net)
                      0.115090    0.000255    1.825252 ^ _710_/CLK (sky130_fd_sc_hd__dfrtp_2)
                                  0.250000    2.075252   clock uncertainty
                                  0.000000    2.075252   clock reconvergence pessimism
                                  0.665995    2.741247   library removal time
                                              2.741247   data required time
---------------------------------------------------------------------------------------------
                                              2.741247   data required time
                                             -7.795707   data arrival time
---------------------------------------------------------------------------------------------
                                              5.054460   slack (MET)


Startpoint: wb_rst_i (input port clocked by wb_clk_i)
Endpoint: _721_ (removal check against rising-edge clock wb_clk_i)
Path Group: asynchronous
Path Type: min

Fanout         Cap        Slew       Delay        Time   Description
---------------------------------------------------------------------------------------------
                                  0.000000    0.000000   clock wb_clk_i (rise edge)
                                  0.000000    0.000000   clock network delay (propagated)
                                  5.000000    5.000000 v input external delay
     2    0.004739    0.026074    0.014555    5.014555 v wb_rst_i (in)
                                                         wb_rst_i (net)
                      0.026074    0.000000    5.014555 v input1/A (sky130_fd_sc_hd__buf_2)
     5    0.123250    0.530592    0.532057    5.546612 v input1/X (sky130_fd_sc_hd__buf_2)
                                                         net1 (net)
                      0.543458    0.062398    5.609010 v fanout19/A (sky130_fd_sc_hd__clkdlybuf4s25_1)
     2    0.010168    0.162809    0.680094    6.289104 v fanout19/X (sky130_fd_sc_hd__clkdlybuf4s25_1)
                                                         net19 (net)
                      0.162809    0.000066    6.289169 v fanout15/A (sky130_fd_sc_hd__clkdlybuf4s25_1)
     8    0.044020    0.589092    0.857503    7.146672 v fanout15/X (sky130_fd_sc_hd__clkdlybuf4s25_1)
                                                         net15 (net)
                      0.589092    0.000567    7.147239 v load_slew16/A (sky130_fd_sc_hd__buf_4)
     9    0.053807    0.143745    0.553850    7.701089 v load_slew16/X (sky130_fd_sc_hd__buf_4)
                                                         net16 (net)
                      0.143745    0.000355    7.701444 v _637_/A (sky130_fd_sc_hd__inv_2)
     1    0.003812    0.054966    0.094833    7.796277 ^ _637_/Y (sky130_fd_sc_hd__inv_2)
                                                         _112_ (net)
                      0.054966    0.000031    7.796308 ^ _721_/RESET_B (sky130_fd_sc_hd__dfrtp_2)
                                              7.796308   data arrival time

                                  0.000000    0.000000   clock wb_clk_i (rise edge)
                                  0.000000    0.000000   clock source latency
     2    0.147424    1.063065    0.825174    0.825174 ^ wb_clk_i (in)
                                                         wb_clk_i (net)
                      1.073527    0.000000    0.825174 ^ clkbuf_0_wb_clk_i/A (sky130_fd_sc_hd__clkbuf_16)
    17    0.074001    0.154063    0.676967    1.502141 ^ clkbuf_0_wb_clk_i/X (sky130_fd_sc_hd__clkbuf_16)
                                                         clknet_0_wb_clk_i (net)
                      0.154112    0.002652    1.504793 ^ clkbuf_3_0_0_wb_clk_i/A (sky130_fd_sc_hd__clkbuf_8)
    11    0.033860    0.115090    0.320204    1.824997 ^ clkbuf_3_0_0_wb_clk_i/X (sky130_fd_sc_hd__clkbuf_8)
                                                         clknet_3_0_0_wb_clk_i (net)
                      0.115090    0.000429    1.825426 ^ _721_/CLK (sky130_fd_sc_hd__dfrtp_2)
                                  0.250000    2.075426   clock uncertainty
                                  0.000000    2.075426   clock reconvergence pessimism
                                  0.666416    2.741842   library removal time
                                              2.741842   data required time
---------------------------------------------------------------------------------------------
                                              2.741842   data required time
                                             -7.796308   data arrival time
---------------------------------------------------------------------------------------------
                                              5.054466   slack (MET)


Startpoint: wb_rst_i (input port clocked by wb_clk_i)
Endpoint: _713_ (removal check against rising-edge clock wb_clk_i)
Path Group: asynchronous
Path Type: min

Fanout         Cap        Slew       Delay        Time   Description
---------------------------------------------------------------------------------------------
                                  0.000000    0.000000   clock wb_clk_i (rise edge)
                                  0.000000    0.000000   clock network delay (propagated)
                                  5.000000    5.000000 v input external delay
     2    0.004739    0.026074    0.014555    5.014555 v wb_rst_i (in)
                                                         wb_rst_i (net)
                      0.026074    0.000000    5.014555 v input1/A (sky130_fd_sc_hd__buf_2)
     5    0.123250    0.530592    0.532057    5.546612 v input1/X (sky130_fd_sc_hd__buf_2)
                                                         net1 (net)
                      0.543458    0.062398    5.609010 v fanout19/A (sky130_fd_sc_hd__clkdlybuf4s25_1)
     2    0.010168    0.162809    0.680094    6.289104 v fanout19/X (sky130_fd_sc_hd__clkdlybuf4s25_1)
                                                         net19 (net)
                      0.162809    0.000066    6.289169 v fanout15/A (sky130_fd_sc_hd__clkdlybuf4s25_1)
     8    0.044020    0.589092    0.857503    7.146672 v fanout15/X (sky130_fd_sc_hd__clkdlybuf4s25_1)
                                                         net15 (net)
                      0.589092    0.000567    7.147239 v load_slew16/A (sky130_fd_sc_hd__buf_4)
     9    0.053807    0.143745    0.553850    7.701089 v load_slew16/X (sky130_fd_sc_hd__buf_4)
                                                         net16 (net)
                      0.143759    0.001435    7.702524 v _629_/A (sky130_fd_sc_hd__inv_2)
     1    0.003602    0.053798    0.093418    7.795942 ^ _629_/Y (sky130_fd_sc_hd__inv_2)
                                                         _104_ (net)
                      0.053798    0.000024    7.795966 ^ _713_/RESET_B (sky130_fd_sc_hd__dfrtp_2)
                                              7.795966   data arrival time

                                  0.000000    0.000000   clock wb_clk_i (rise edge)
                                  0.000000    0.000000   clock source latency
     2    0.147424    1.063065    0.825174    0.825174 ^ wb_clk_i (in)
                                                         wb_clk_i (net)
                      1.073527    0.000000    0.825174 ^ clkbuf_0_wb_clk_i/A (sky130_fd_sc_hd__clkbuf_16)
    17    0.074001    0.154063    0.676967    1.502141 ^ clkbuf_0_wb_clk_i/X (sky130_fd_sc_hd__clkbuf_16)
                                                         clknet_0_wb_clk_i (net)
                      0.154112    0.002652    1.504793 ^ clkbuf_3_0_0_wb_clk_i/A (sky130_fd_sc_hd__clkbuf_8)
    11    0.033860    0.115090    0.320204    1.824997 ^ clkbuf_3_0_0_wb_clk_i/X (sky130_fd_sc_hd__clkbuf_8)
                                                         clknet_3_0_0_wb_clk_i (net)
                      0.115090    0.000243    1.825241 ^ _713_/CLK (sky130_fd_sc_hd__dfrtp_2)
                                  0.250000    2.075241   clock uncertainty
                                  0.000000    2.075241   clock reconvergence pessimism
                                  0.666058    2.741299   library removal time
                                              2.741299   data required time
---------------------------------------------------------------------------------------------
                                              2.741299   data required time
                                             -7.795966   data arrival time
---------------------------------------------------------------------------------------------
                                              5.054667   slack (MET)


Startpoint: wb_rst_i (input port clocked by wb_clk_i)
Endpoint: _711_ (removal check against rising-edge clock wb_clk_i)
Path Group: asynchronous
Path Type: min

Fanout         Cap        Slew       Delay        Time   Description
---------------------------------------------------------------------------------------------
                                  0.000000    0.000000   clock wb_clk_i (rise edge)
                                  0.000000    0.000000   clock network delay (propagated)
                                  5.000000    5.000000 v input external delay
     2    0.004739    0.026074    0.014555    5.014555 v wb_rst_i (in)
                                                         wb_rst_i (net)
                      0.026074    0.000000    5.014555 v input1/A (sky130_fd_sc_hd__buf_2)
     5    0.123250    0.530592    0.532057    5.546612 v input1/X (sky130_fd_sc_hd__buf_2)
                                                         net1 (net)
                      0.543458    0.062398    5.609010 v fanout19/A (sky130_fd_sc_hd__clkdlybuf4s25_1)
     2    0.010168    0.162809    0.680094    6.289104 v fanout19/X (sky130_fd_sc_hd__clkdlybuf4s25_1)
                                                         net19 (net)
                      0.162809    0.000066    6.289169 v fanout15/A (sky130_fd_sc_hd__clkdlybuf4s25_1)
     8    0.044020    0.589092    0.857503    7.146672 v fanout15/X (sky130_fd_sc_hd__clkdlybuf4s25_1)
                                                         net15 (net)
                      0.589092    0.000567    7.147239 v load_slew16/A (sky130_fd_sc_hd__buf_4)
     9    0.053807    0.143745    0.553850    7.701089 v load_slew16/X (sky130_fd_sc_hd__buf_4)
                                                         net16 (net)
                      0.143747    0.000754    7.701843 v _627_/A (sky130_fd_sc_hd__inv_2)
     1    0.003845    0.055153    0.095057    7.796900 ^ _627_/Y (sky130_fd_sc_hd__inv_2)
                                                         _102_ (net)
                      0.055153    0.000033    7.796933 ^ _711_/RESET_B (sky130_fd_sc_hd__dfrtp_2)
                                              7.796933   data arrival time

                                  0.000000    0.000000   clock wb_clk_i (rise edge)
                                  0.000000    0.000000   clock source latency
     2    0.147424    1.063065    0.825174    0.825174 ^ wb_clk_i (in)
                                                         wb_clk_i (net)
                      1.073527    0.000000    0.825174 ^ clkbuf_0_wb_clk_i/A (sky130_fd_sc_hd__clkbuf_16)
    17    0.074001    0.154063    0.676967    1.502141 ^ clkbuf_0_wb_clk_i/X (sky130_fd_sc_hd__clkbuf_16)
                                                         clknet_0_wb_clk_i (net)
                      0.154112    0.002652    1.504793 ^ clkbuf_3_0_0_wb_clk_i/A (sky130_fd_sc_hd__clkbuf_8)
    11    0.033860    0.115090    0.320204    1.824997 ^ clkbuf_3_0_0_wb_clk_i/X (sky130_fd_sc_hd__clkbuf_8)
                                                         clknet_3_0_0_wb_clk_i (net)
                      0.115090    0.000311    1.825309 ^ _711_/CLK (sky130_fd_sc_hd__dfrtp_2)
                                  0.250000    2.075309   clock uncertainty
                                  0.000000    2.075309   clock reconvergence pessimism
                                  0.666474    2.741782   library removal time
                                              2.741782   data required time
---------------------------------------------------------------------------------------------
                                              2.741782   data required time
                                             -7.796933   data arrival time
---------------------------------------------------------------------------------------------
                                              5.055151   slack (MET)


Startpoint: wb_rst_i (input port clocked by wb_clk_i)
Endpoint: _714_ (removal check against rising-edge clock wb_clk_i)
Path Group: asynchronous
Path Type: min

Fanout         Cap        Slew       Delay        Time   Description
---------------------------------------------------------------------------------------------
                                  0.000000    0.000000   clock wb_clk_i (rise edge)
                                  0.000000    0.000000   clock network delay (propagated)
                                  5.000000    5.000000 v input external delay
     2    0.004739    0.026074    0.014555    5.014555 v wb_rst_i (in)
                                                         wb_rst_i (net)
                      0.026074    0.000000    5.014555 v input1/A (sky130_fd_sc_hd__buf_2)
     5    0.123250    0.530592    0.532057    5.546612 v input1/X (sky130_fd_sc_hd__buf_2)
                                                         net1 (net)
                      0.543458    0.062398    5.609010 v fanout19/A (sky130_fd_sc_hd__clkdlybuf4s25_1)
     2    0.010168    0.162809    0.680094    6.289104 v fanout19/X (sky130_fd_sc_hd__clkdlybuf4s25_1)
                                                         net19 (net)
                      0.162809    0.000066    6.289169 v fanout15/A (sky130_fd_sc_hd__clkdlybuf4s25_1)
     8    0.044020    0.589092    0.857503    7.146672 v fanout15/X (sky130_fd_sc_hd__clkdlybuf4s25_1)
                                                         net15 (net)
                      0.589092    0.000567    7.147239 v load_slew16/A (sky130_fd_sc_hd__buf_4)
     9    0.053807    0.143745    0.553850    7.701089 v load_slew16/X (sky130_fd_sc_hd__buf_4)
                                                         net16 (net)
                      0.143760    0.001476    7.702565 v _630_/A (sky130_fd_sc_hd__inv_2)
     1    0.004121    0.056752    0.096930    7.799495 ^ _630_/Y (sky130_fd_sc_hd__inv_2)
                                                         _105_ (net)
                      0.056752    0.000038    7.799533 ^ _714_/RESET_B (sky130_fd_sc_hd__dfrtp_2)
                                              7.799533   data arrival time

                                  0.000000    0.000000   clock wb_clk_i (rise edge)
                                  0.000000    0.000000   clock source latency
     2    0.147424    1.063065    0.825174    0.825174 ^ wb_clk_i (in)
                                                         wb_clk_i (net)
                      1.073527    0.000000    0.825174 ^ clkbuf_0_wb_clk_i/A (sky130_fd_sc_hd__clkbuf_16)
    17    0.074001    0.154063    0.676967    1.502141 ^ clkbuf_0_wb_clk_i/X (sky130_fd_sc_hd__clkbuf_16)
                                                         clknet_0_wb_clk_i (net)
                      0.154112    0.002652    1.504793 ^ clkbuf_3_0_0_wb_clk_i/A (sky130_fd_sc_hd__clkbuf_8)
    11    0.033860    0.115090    0.320204    1.824997 ^ clkbuf_3_0_0_wb_clk_i/X (sky130_fd_sc_hd__clkbuf_8)
                                                         clknet_3_0_0_wb_clk_i (net)
                      0.115090    0.000279    1.825277 ^ _714_/CLK (sky130_fd_sc_hd__dfrtp_2)
                                  0.250000    2.075277   clock uncertainty
                                  0.000000    2.075277   clock reconvergence pessimism
                                  0.666963    2.742240   library removal time
                                              2.742240   data required time
---------------------------------------------------------------------------------------------
                                              2.742240   data required time
                                             -7.799533   data arrival time
---------------------------------------------------------------------------------------------
                                              5.057292   slack (MET)


Startpoint: wb_rst_i (input port clocked by wb_clk_i)
Endpoint: _744_ (removal check against rising-edge clock wb_clk_i)
Path Group: asynchronous
Path Type: min

Fanout         Cap        Slew       Delay        Time   Description
---------------------------------------------------------------------------------------------
                                  0.000000    0.000000   clock wb_clk_i (rise edge)
                                  0.000000    0.000000   clock network delay (propagated)
                                  5.000000    5.000000 v input external delay
     2    0.004739    0.026074    0.014555    5.014555 v wb_rst_i (in)
                                                         wb_rst_i (net)
                      0.026074    0.000000    5.014555 v input1/A (sky130_fd_sc_hd__buf_2)
     5    0.123250    0.530592    0.532057    5.546612 v input1/X (sky130_fd_sc_hd__buf_2)
                                                         net1 (net)
                      0.544132    0.063929    5.610541 v fanout25/A (sky130_fd_sc_hd__clkdlybuf4s25_1)
     8    0.040183    0.540400    0.953830    6.564371 v fanout25/X (sky130_fd_sc_hd__clkdlybuf4s25_1)
                                                         net25 (net)
                      0.540400    0.000197    6.564568 v fanout21/A (sky130_fd_sc_hd__clkdlybuf4s25_1)
     9    0.054935    0.731237    1.085851    7.650418 v fanout21/X (sky130_fd_sc_hd__clkdlybuf4s25_1)
                                                         net21 (net)
                      0.731237    0.000738    7.651156 v _660_/A (sky130_fd_sc_hd__inv_2)
     1    0.003485    0.151709    0.213067    7.864223 ^ _660_/Y (sky130_fd_sc_hd__inv_2)
                                                         _135_ (net)
                      0.151709    0.000023    7.864246 ^ _744_/RESET_B (sky130_fd_sc_hd__dfrtp_2)
                                              7.864246   data arrival time

                                  0.000000    0.000000   clock wb_clk_i (rise edge)
                                  0.000000    0.000000   clock source latency
     2    0.147424    1.063065    0.825174    0.825174 ^ wb_clk_i (in)
                                                         wb_clk_i (net)
                      1.073527    0.000000    0.825174 ^ clkbuf_0_wb_clk_i/A (sky130_fd_sc_hd__clkbuf_16)
    17    0.074001    0.154063    0.676967    1.502141 ^ clkbuf_0_wb_clk_i/X (sky130_fd_sc_hd__clkbuf_16)
                                                         clknet_0_wb_clk_i (net)
                      0.154075    0.001578    1.503719 ^ clkbuf_3_4_0_wb_clk_i/A (sky130_fd_sc_hd__clkbuf_8)
    11    0.035340    0.118617    0.323034    1.826753 ^ clkbuf_3_4_0_wb_clk_i/X (sky130_fd_sc_hd__clkbuf_8)
                                                         clknet_3_4_0_wb_clk_i (net)
                      0.118617    0.000592    1.827345 ^ _744_/CLK (sky130_fd_sc_hd__dfrtp_2)
                                  0.250000    2.077345   clock uncertainty
                                  0.000000    2.077345   clock reconvergence pessimism
                                  0.697116    2.774462   library removal time
                                              2.774462   data required time
---------------------------------------------------------------------------------------------
                                              2.774462   data required time
                                             -7.864246   data arrival time
---------------------------------------------------------------------------------------------
                                              5.089785   slack (MET)


Startpoint: wb_rst_i (input port clocked by wb_clk_i)
Endpoint: _734_ (removal check against rising-edge clock wb_clk_i)
Path Group: asynchronous
Path Type: min

Fanout         Cap        Slew       Delay        Time   Description
---------------------------------------------------------------------------------------------
                                  0.000000    0.000000   clock wb_clk_i (rise edge)
                                  0.000000    0.000000   clock network delay (propagated)
                                  5.000000    5.000000 v input external delay
     2    0.004739    0.026074    0.014555    5.014555 v wb_rst_i (in)
                                                         wb_rst_i (net)
                      0.026074    0.000000    5.014555 v input1/A (sky130_fd_sc_hd__buf_2)
     5    0.123250    0.530592    0.532057    5.546612 v input1/X (sky130_fd_sc_hd__buf_2)
                                                         net1 (net)
                      0.544132    0.063929    5.610541 v fanout25/A (sky130_fd_sc_hd__clkdlybuf4s25_1)
     8    0.040183    0.540400    0.953830    6.564371 v fanout25/X (sky130_fd_sc_hd__clkdlybuf4s25_1)
                                                         net25 (net)
                      0.540400    0.000197    6.564568 v fanout21/A (sky130_fd_sc_hd__clkdlybuf4s25_1)
     9    0.054935    0.731237    1.085851    7.650418 v fanout21/X (sky130_fd_sc_hd__clkdlybuf4s25_1)
                                                         net21 (net)
                      0.731237    0.001645    7.652063 v _650_/A (sky130_fd_sc_hd__inv_2)
     1    0.003566    0.152630    0.214611    7.866674 ^ _650_/Y (sky130_fd_sc_hd__inv_2)
                                                         _125_ (net)
                      0.152630    0.000025    7.866700 ^ _734_/RESET_B (sky130_fd_sc_hd__dfrtp_2)
                                              7.866700   data arrival time

                                  0.000000    0.000000   clock wb_clk_i (rise edge)
                                  0.000000    0.000000   clock source latency
     2    0.147424    1.063065    0.825174    0.825174 ^ wb_clk_i (in)
                                                         wb_clk_i (net)
                      1.073527    0.000000    0.825174 ^ clkbuf_0_wb_clk_i/A (sky130_fd_sc_hd__clkbuf_16)
    17    0.074001    0.154063    0.676967    1.502141 ^ clkbuf_0_wb_clk_i/X (sky130_fd_sc_hd__clkbuf_16)
                                                         clknet_0_wb_clk_i (net)
                      0.154070    0.001291    1.503433 ^ clkbuf_3_6_0_wb_clk_i/A (sky130_fd_sc_hd__clkbuf_8)
    12    0.036041    0.120291    0.324333    1.827766 ^ clkbuf_3_6_0_wb_clk_i/X (sky130_fd_sc_hd__clkbuf_8)
                                                         clknet_3_6_0_wb_clk_i (net)
                      0.120291    0.000354    1.828120 ^ _734_/CLK (sky130_fd_sc_hd__dfrtp_2)
                                  0.250000    2.078120   clock uncertainty
                                  0.000000    2.078120   clock reconvergence pessimism
                                  0.697903    2.776023   library removal time
                                              2.776023   data required time
---------------------------------------------------------------------------------------------
                                              2.776023   data required time
                                             -7.866700   data arrival time
---------------------------------------------------------------------------------------------
                                              5.090676   slack (MET)


Startpoint: wb_rst_i (input port clocked by wb_clk_i)
Endpoint: _726_ (removal check against rising-edge clock wb_clk_i)
Path Group: asynchronous
Path Type: min

Fanout         Cap        Slew       Delay        Time   Description
---------------------------------------------------------------------------------------------
                                  0.000000    0.000000   clock wb_clk_i (rise edge)
                                  0.000000    0.000000   clock network delay (propagated)
                                  5.000000    5.000000 v input external delay
     2    0.004739    0.026074    0.014555    5.014555 v wb_rst_i (in)
                                                         wb_rst_i (net)
                      0.026074    0.000000    5.014555 v input1/A (sky130_fd_sc_hd__buf_2)
     5    0.123250    0.530592    0.532057    5.546612 v input1/X (sky130_fd_sc_hd__buf_2)
                                                         net1 (net)
                      0.544132    0.063929    5.610541 v fanout25/A (sky130_fd_sc_hd__clkdlybuf4s25_1)
     8    0.040183    0.540400    0.953830    6.564371 v fanout25/X (sky130_fd_sc_hd__clkdlybuf4s25_1)
                                                         net25 (net)
                      0.540400    0.000197    6.564568 v fanout21/A (sky130_fd_sc_hd__clkdlybuf4s25_1)
     9    0.054935    0.731237    1.085851    7.650418 v fanout21/X (sky130_fd_sc_hd__clkdlybuf4s25_1)
                                                         net21 (net)
                      0.731237    0.001135    7.651553 v _642_/A (sky130_fd_sc_hd__inv_2)
     1    0.003577    0.152755    0.214821    7.866374 ^ _642_/Y (sky130_fd_sc_hd__inv_2)
                                                         _117_ (net)
                      0.152755    0.000025    7.866399 ^ _726_/RESET_B (sky130_fd_sc_hd__dfrtp_2)
                                              7.866399   data arrival time

                                  0.000000    0.000000   clock wb_clk_i (rise edge)
                                  0.000000    0.000000   clock source latency
     2    0.147424    1.063065    0.825174    0.825174 ^ wb_clk_i (in)
                                                         wb_clk_i (net)
                      1.073527    0.000000    0.825174 ^ clkbuf_0_wb_clk_i/A (sky130_fd_sc_hd__clkbuf_16)
    17    0.074001    0.154063    0.676967    1.502141 ^ clkbuf_0_wb_clk_i/X (sky130_fd_sc_hd__clkbuf_16)
                                                         clknet_0_wb_clk_i (net)
                      0.154075    0.001578    1.503719 ^ clkbuf_3_4_0_wb_clk_i/A (sky130_fd_sc_hd__clkbuf_8)
    11    0.035340    0.118617    0.323034    1.826753 ^ clkbuf_3_4_0_wb_clk_i/X (sky130_fd_sc_hd__clkbuf_8)
                                                         clknet_3_4_0_wb_clk_i (net)
                      0.118617    0.000436    1.827189 ^ _726_/CLK (sky130_fd_sc_hd__dfrtp_2)
                                  0.250000    2.077189   clock uncertainty
                                  0.000000    2.077189   clock reconvergence pessimism
                                  0.697437    2.774626   library removal time
                                              2.774626   data required time
---------------------------------------------------------------------------------------------
                                              2.774626   data required time
                                             -7.866399   data arrival time
---------------------------------------------------------------------------------------------
                                              5.091774   slack (MET)


Startpoint: wb_rst_i (input port clocked by wb_clk_i)
Endpoint: _746_ (removal check against rising-edge clock wb_clk_i)
Path Group: asynchronous
Path Type: min

Fanout         Cap        Slew       Delay        Time   Description
---------------------------------------------------------------------------------------------
                                  0.000000    0.000000   clock wb_clk_i (rise edge)
                                  0.000000    0.000000   clock network delay (propagated)
                                  5.000000    5.000000 v input external delay
     2    0.004739    0.026074    0.014555    5.014555 v wb_rst_i (in)
                                                         wb_rst_i (net)
                      0.026074    0.000000    5.014555 v input1/A (sky130_fd_sc_hd__buf_2)
     5    0.123250    0.530592    0.532057    5.546612 v input1/X (sky130_fd_sc_hd__buf_2)
                                                         net1 (net)
                      0.544132    0.063929    5.610541 v fanout25/A (sky130_fd_sc_hd__clkdlybuf4s25_1)
     8    0.040183    0.540400    0.953830    6.564371 v fanout25/X (sky130_fd_sc_hd__clkdlybuf4s25_1)
                                                         net25 (net)
                      0.540400    0.000197    6.564568 v fanout21/A (sky130_fd_sc_hd__clkdlybuf4s25_1)
     9    0.054935    0.731237    1.085851    7.650418 v fanout21/X (sky130_fd_sc_hd__clkdlybuf4s25_1)
                                                         net21 (net)
                      0.731237    0.000321    7.650739 v _662_/A (sky130_fd_sc_hd__inv_2)
     1    0.003749    0.154691    0.218066    7.868805 ^ _662_/Y (sky130_fd_sc_hd__inv_2)
                                                         _137_ (net)
                      0.154691    0.000030    7.868835 ^ _746_/RESET_B (sky130_fd_sc_hd__dfrtp_2)
                                              7.868835   data arrival time

                                  0.000000    0.000000   clock wb_clk_i (rise edge)
                                  0.000000    0.000000   clock source latency
     2    0.147424    1.063065    0.825174    0.825174 ^ wb_clk_i (in)
                                                         wb_clk_i (net)
                      1.073527    0.000000    0.825174 ^ clkbuf_0_wb_clk_i/A (sky130_fd_sc_hd__clkbuf_16)
    17    0.074001    0.154063    0.676967    1.502141 ^ clkbuf_0_wb_clk_i/X (sky130_fd_sc_hd__clkbuf_16)
                                                         clknet_0_wb_clk_i (net)
                      0.154075    0.001578    1.503719 ^ clkbuf_3_4_0_wb_clk_i/A (sky130_fd_sc_hd__clkbuf_8)
    11    0.035340    0.118617    0.323034    1.826753 ^ clkbuf_3_4_0_wb_clk_i/X (sky130_fd_sc_hd__clkbuf_8)
                                                         clknet_3_4_0_wb_clk_i (net)
                      0.118618    0.000671    1.827425 ^ _746_/CLK (sky130_fd_sc_hd__dfrtp_2)
                                  0.250000    2.077425   clock uncertainty
                                  0.000000    2.077425   clock reconvergence pessimism
                                  0.698030    2.775455   library removal time
                                              2.775455   data required time
---------------------------------------------------------------------------------------------
                                              2.775455   data required time
                                             -7.868835   data arrival time
---------------------------------------------------------------------------------------------
                                              5.093381   slack (MET)


Startpoint: wb_rst_i (input port clocked by wb_clk_i)
Endpoint: _753_ (removal check against rising-edge clock wb_clk_i)
Path Group: asynchronous
Path Type: min

Fanout         Cap        Slew       Delay        Time   Description
---------------------------------------------------------------------------------------------
                                  0.000000    0.000000   clock wb_clk_i (rise edge)
                                  0.000000    0.000000   clock network delay (propagated)
                                  5.000000    5.000000 v input external delay
     2    0.004739    0.026074    0.014555    5.014555 v wb_rst_i (in)
                                                         wb_rst_i (net)
                      0.026074    0.000000    5.014555 v input1/A (sky130_fd_sc_hd__buf_2)
     5    0.123250    0.530592    0.532057    5.546612 v input1/X (sky130_fd_sc_hd__buf_2)
                                                         net1 (net)
                      0.544132    0.063929    5.610541 v fanout25/A (sky130_fd_sc_hd__clkdlybuf4s25_1)
     8    0.040183    0.540400    0.953830    6.564371 v fanout25/X (sky130_fd_sc_hd__clkdlybuf4s25_1)
                                                         net25 (net)
                      0.540400    0.000197    6.564568 v fanout21/A (sky130_fd_sc_hd__clkdlybuf4s25_1)
     9    0.054935    0.731237    1.085851    7.650418 v fanout21/X (sky130_fd_sc_hd__clkdlybuf4s25_1)
                                                         net21 (net)
                      0.731237    0.000633    7.651052 v _669_/A (sky130_fd_sc_hd__inv_2)
     1    0.003933    0.156772    0.221555    7.872607 ^ _669_/Y (sky130_fd_sc_hd__inv_2)
                                                         _144_ (net)
                      0.156772    0.000035    7.872642 ^ _753_/RESET_B (sky130_fd_sc_hd__dfrtp_2)
                                              7.872642   data arrival time

                                  0.000000    0.000000   clock wb_clk_i (rise edge)
                                  0.000000    0.000000   clock source latency
     2    0.147424    1.063065    0.825174    0.825174 ^ wb_clk_i (in)
                                                         wb_clk_i (net)
                      1.073527    0.000000    0.825174 ^ clkbuf_0_wb_clk_i/A (sky130_fd_sc_hd__clkbuf_16)
    17    0.074001    0.154063    0.676967    1.502141 ^ clkbuf_0_wb_clk_i/X (sky130_fd_sc_hd__clkbuf_16)
                                                         clknet_0_wb_clk_i (net)
                      0.154070    0.001291    1.503433 ^ clkbuf_3_6_0_wb_clk_i/A (sky130_fd_sc_hd__clkbuf_8)
    12    0.036041    0.120291    0.324333    1.827766 ^ clkbuf_3_6_0_wb_clk_i/X (sky130_fd_sc_hd__clkbuf_8)
                                                         clknet_3_6_0_wb_clk_i (net)
                      0.120296    0.000937    1.828702 ^ _753_/CLK (sky130_fd_sc_hd__dfrtp_2)
                                  0.250000    2.078702   clock uncertainty
                                  0.000000    2.078702   clock reconvergence pessimism
                                  0.699173    2.777875   library removal time
                                              2.777875   data required time
---------------------------------------------------------------------------------------------
                                              2.777875   data required time
                                             -7.872642   data arrival time
---------------------------------------------------------------------------------------------
                                              5.094766   slack (MET)


Startpoint: wb_rst_i (input port clocked by wb_clk_i)
Endpoint: _675_ (removal check against rising-edge clock wb_clk_i)
Path Group: asynchronous
Path Type: min

Fanout         Cap        Slew       Delay        Time   Description
---------------------------------------------------------------------------------------------
                                  0.000000    0.000000   clock wb_clk_i (rise edge)
                                  0.000000    0.000000   clock network delay (propagated)
                                  5.000000    5.000000 v input external delay
     2    0.004739    0.026074    0.014555    5.014555 v wb_rst_i (in)
                                                         wb_rst_i (net)
                      0.026074    0.000000    5.014555 v input1/A (sky130_fd_sc_hd__buf_2)
     5    0.123250    0.530592    0.532057    5.546612 v input1/X (sky130_fd_sc_hd__buf_2)
                                                         net1 (net)
                      0.544132    0.063929    5.610541 v fanout25/A (sky130_fd_sc_hd__clkdlybuf4s25_1)
     8    0.040183    0.540400    0.953830    6.564371 v fanout25/X (sky130_fd_sc_hd__clkdlybuf4s25_1)
                                                         net25 (net)
                      0.540400    0.000197    6.564568 v fanout21/A (sky130_fd_sc_hd__clkdlybuf4s25_1)
     9    0.054935    0.731237    1.085851    7.650418 v fanout21/X (sky130_fd_sc_hd__clkdlybuf4s25_1)
                                                         net21 (net)
                      0.731237    0.001579    7.651998 v _339_/A (sky130_fd_sc_hd__inv_2)
     1    0.003799    0.155259    0.219019    7.871017 ^ _339_/Y (sky130_fd_sc_hd__inv_2)
                                                         _066_ (net)
                      0.155259    0.000030    7.871047 ^ _675_/RESET_B (sky130_fd_sc_hd__dfrtp_2)
                                              7.871047   data arrival time

                                  0.000000    0.000000   clock wb_clk_i (rise edge)
                                  0.000000    0.000000   clock source latency
     2    0.147424    1.063065    0.825174    0.825174 ^ wb_clk_i (in)
                                                         wb_clk_i (net)
                      1.073527    0.000000    0.825174 ^ clkbuf_0_wb_clk_i/A (sky130_fd_sc_hd__clkbuf_16)
    17    0.074001    0.154063    0.676967    1.502141 ^ clkbuf_0_wb_clk_i/X (sky130_fd_sc_hd__clkbuf_16)
                                                         clknet_0_wb_clk_i (net)
                      0.154075    0.001578    1.503719 ^ clkbuf_3_4_0_wb_clk_i/A (sky130_fd_sc_hd__clkbuf_8)
    11    0.035340    0.118617    0.323034    1.826753 ^ clkbuf_3_4_0_wb_clk_i/X (sky130_fd_sc_hd__clkbuf_8)
                                                         clknet_3_4_0_wb_clk_i (net)
                      0.118617    0.000497    1.827250 ^ _675_/CLK (sky130_fd_sc_hd__dfrtp_2)
                                  0.250000    2.077250   clock uncertainty
                                  0.000000    2.077250   clock reconvergence pessimism
                                  0.698204    2.775454   library removal time
                                              2.775454   data required time
---------------------------------------------------------------------------------------------
                                              2.775454   data required time
                                             -7.871047   data arrival time
---------------------------------------------------------------------------------------------
                                              5.095593   slack (MET)


Startpoint: wb_rst_i (input port clocked by wb_clk_i)
Endpoint: _676_ (removal check against rising-edge clock wb_clk_i)
Path Group: asynchronous
Path Type: min

Fanout         Cap        Slew       Delay        Time   Description
---------------------------------------------------------------------------------------------
                                  0.000000    0.000000   clock wb_clk_i (rise edge)
                                  0.000000    0.000000   clock network delay (propagated)
                                  5.000000    5.000000 v input external delay
     2    0.004739    0.026074    0.014555    5.014555 v wb_rst_i (in)
                                                         wb_rst_i (net)
                      0.026074    0.000000    5.014555 v input1/A (sky130_fd_sc_hd__buf_2)
     5    0.123250    0.530592    0.532057    5.546612 v input1/X (sky130_fd_sc_hd__buf_2)
                                                         net1 (net)
                      0.544132    0.063929    5.610541 v fanout25/A (sky130_fd_sc_hd__clkdlybuf4s25_1)
     8    0.040183    0.540400    0.953830    6.564371 v fanout25/X (sky130_fd_sc_hd__clkdlybuf4s25_1)
                                                         net25 (net)
                      0.540400    0.000197    6.564568 v fanout21/A (sky130_fd_sc_hd__clkdlybuf4s25_1)
     9    0.054935    0.731237    1.085851    7.650418 v fanout21/X (sky130_fd_sc_hd__clkdlybuf4s25_1)
                                                         net21 (net)
                      0.731237    0.001472    7.651890 v _592_/A (sky130_fd_sc_hd__inv_2)
     1    0.003807    0.155346    0.219164    7.871054 ^ _592_/Y (sky130_fd_sc_hd__inv_2)
                                                         _067_ (net)
                      0.155346    0.000029    7.871084 ^ _676_/RESET_B (sky130_fd_sc_hd__dfrtp_2)
                                              7.871084   data arrival time

                                  0.000000    0.000000   clock wb_clk_i (rise edge)
                                  0.000000    0.000000   clock source latency
     2    0.147424    1.063065    0.825174    0.825174 ^ wb_clk_i (in)
                                                         wb_clk_i (net)
                      1.073527    0.000000    0.825174 ^ clkbuf_0_wb_clk_i/A (sky130_fd_sc_hd__clkbuf_16)
    17    0.074001    0.154063    0.676967    1.502141 ^ clkbuf_0_wb_clk_i/X (sky130_fd_sc_hd__clkbuf_16)
                                                         clknet_0_wb_clk_i (net)
                      0.154075    0.001578    1.503719 ^ clkbuf_3_4_0_wb_clk_i/A (sky130_fd_sc_hd__clkbuf_8)
    11    0.035340    0.118617    0.323034    1.826753 ^ clkbuf_3_4_0_wb_clk_i/X (sky130_fd_sc_hd__clkbuf_8)
                                                         clknet_3_4_0_wb_clk_i (net)
                      0.118617    0.000408    1.827161 ^ _676_/CLK (sky130_fd_sc_hd__dfrtp_2)
                                  0.250000    2.077161   clock uncertainty
                                  0.000000    2.077161   clock reconvergence pessimism
                                  0.698230    2.775391   library removal time
                                              2.775391   data required time
---------------------------------------------------------------------------------------------
                                              2.775391   data required time
                                             -7.871084   data arrival time
---------------------------------------------------------------------------------------------
                                              5.095693   slack (MET)


Startpoint: wb_rst_i (input port clocked by wb_clk_i)
Endpoint: _754_ (removal check against rising-edge clock wb_clk_i)
Path Group: asynchronous
Path Type: min

Fanout         Cap        Slew       Delay        Time   Description
---------------------------------------------------------------------------------------------
                                  0.000000    0.000000   clock wb_clk_i (rise edge)
                                  0.000000    0.000000   clock network delay (propagated)
                                  5.000000    5.000000 v input external delay
     2    0.004739    0.026074    0.014555    5.014555 v wb_rst_i (in)
                                                         wb_rst_i (net)
                      0.026074    0.000000    5.014555 v input1/A (sky130_fd_sc_hd__buf_2)
     5    0.123250    0.530592    0.532057    5.546612 v input1/X (sky130_fd_sc_hd__buf_2)
                                                         net1 (net)
                      0.544132    0.063929    5.610541 v fanout25/A (sky130_fd_sc_hd__clkdlybuf4s25_1)
     8    0.040183    0.540400    0.953830    6.564371 v fanout25/X (sky130_fd_sc_hd__clkdlybuf4s25_1)
                                                         net25 (net)
                      0.540400    0.000197    6.564568 v fanout21/A (sky130_fd_sc_hd__clkdlybuf4s25_1)
     9    0.054935    0.731237    1.085851    7.650418 v fanout21/X (sky130_fd_sc_hd__clkdlybuf4s25_1)
                                                         net21 (net)
                      0.731237    0.000501    7.650919 v _670_/A (sky130_fd_sc_hd__inv_2)
     1    0.004037    0.157943    0.223518    7.874437 ^ _670_/Y (sky130_fd_sc_hd__inv_2)
                                                         _145_ (net)
                      0.157943    0.000041    7.874478 ^ _754_/RESET_B (sky130_fd_sc_hd__dfrtp_2)
                                              7.874478   data arrival time

                                  0.000000    0.000000   clock wb_clk_i (rise edge)
                                  0.000000    0.000000   clock source latency
     2    0.147424    1.063065    0.825174    0.825174 ^ wb_clk_i (in)
                                                         wb_clk_i (net)
                      1.073527    0.000000    0.825174 ^ clkbuf_0_wb_clk_i/A (sky130_fd_sc_hd__clkbuf_16)
    17    0.074001    0.154063    0.676967    1.502141 ^ clkbuf_0_wb_clk_i/X (sky130_fd_sc_hd__clkbuf_16)
                                                         clknet_0_wb_clk_i (net)
                      0.154070    0.001291    1.503433 ^ clkbuf_3_6_0_wb_clk_i/A (sky130_fd_sc_hd__clkbuf_8)
    12    0.036041    0.120291    0.324333    1.827766 ^ clkbuf_3_6_0_wb_clk_i/X (sky130_fd_sc_hd__clkbuf_8)
                                                         clknet_3_6_0_wb_clk_i (net)
                      0.120294    0.000862    1.828628 ^ _754_/CLK (sky130_fd_sc_hd__dfrtp_2)
                                  0.250000    2.078628   clock uncertainty
                                  0.000000    2.078628   clock reconvergence pessimism
                                  0.699531    2.778159   library removal time
                                              2.778159   data required time
---------------------------------------------------------------------------------------------
                                              2.778159   data required time
                                             -7.874478   data arrival time
---------------------------------------------------------------------------------------------
                                              5.096319   slack (MET)


Startpoint: wb_rst_i (input port clocked by wb_clk_i)
Endpoint: _680_ (removal check against rising-edge clock wb_clk_i)
Path Group: asynchronous
Path Type: min

Fanout         Cap        Slew       Delay        Time   Description
---------------------------------------------------------------------------------------------
                                  0.000000    0.000000   clock wb_clk_i (rise edge)
                                  0.000000    0.000000   clock network delay (propagated)
                                  5.000000    5.000000 v input external delay
     2    0.004739    0.026074    0.014555    5.014555 v wb_rst_i (in)
                                                         wb_rst_i (net)
                      0.026074    0.000000    5.014555 v input1/A (sky130_fd_sc_hd__buf_2)
     5    0.123250    0.530592    0.532057    5.546612 v input1/X (sky130_fd_sc_hd__buf_2)
                                                         net1 (net)
                      0.544132    0.063929    5.610541 v fanout25/A (sky130_fd_sc_hd__clkdlybuf4s25_1)
     8    0.040183    0.540400    0.953830    6.564371 v fanout25/X (sky130_fd_sc_hd__clkdlybuf4s25_1)
                                                         net25 (net)
                      0.540400    0.001299    6.565670 v load_slew26/A (sky130_fd_sc_hd__buf_4)
    15    0.057906    0.151517    0.537638    7.103308 v load_slew26/X (sky130_fd_sc_hd__buf_4)
                                                         net26 (net)
                      0.151534    0.001618    7.104926 v fanout23/A (sky130_fd_sc_hd__clkdlybuf4s25_1)
     7    0.042969    0.575437    0.843106    7.948032 v fanout23/X (sky130_fd_sc_hd__clkdlybuf4s25_1)
                                                         net23 (net)
                      0.575437    0.000381    7.948413 v _596_/A (sky130_fd_sc_hd__inv_2)
     1    0.003576    0.131355    0.192645    8.141058 ^ _596_/Y (sky130_fd_sc_hd__inv_2)
                                                         _071_ (net)
                      0.131355    0.000025    8.141083 ^ _680_/RESET_B (sky130_fd_sc_hd__dfrtp_2)
                                              8.141083   data arrival time

                                  0.000000    0.000000   clock wb_clk_i (rise edge)
                                  0.000000    0.000000   clock source latency
     2    0.147424    1.063065    0.825174    0.825174 ^ wb_clk_i (in)
                                                         wb_clk_i (net)
                      1.073527    0.000000    0.825174 ^ clkbuf_0_wb_clk_i/A (sky130_fd_sc_hd__clkbuf_16)
    17    0.074001    0.154063    0.676967    1.502141 ^ clkbuf_0_wb_clk_i/X (sky130_fd_sc_hd__clkbuf_16)
                                                         clknet_0_wb_clk_i (net)
                      0.154096    0.002254    1.504396 ^ clkbuf_3_5_0_wb_clk_i/A (sky130_fd_sc_hd__clkbuf_8)
    11    0.036399    0.121134    0.325170    1.829566 ^ clkbuf_3_5_0_wb_clk_i/X (sky130_fd_sc_hd__clkbuf_8)
                                                         clknet_3_5_0_wb_clk_i (net)
                      0.121134    0.000280    1.829846 ^ _680_/CLK (sky130_fd_sc_hd__dfrtp_2)
                                  0.250000    2.079846   clock uncertainty
                                  0.000000    2.079846   clock reconvergence pessimism
                                  0.691640    2.771487   library removal time
                                              2.771487   data required time
---------------------------------------------------------------------------------------------
                                              2.771487   data required time
                                             -8.141083   data arrival time
---------------------------------------------------------------------------------------------
                                              5.369596   slack (MET)


Startpoint: wb_rst_i (input port clocked by wb_clk_i)
Endpoint: _677_ (removal check against rising-edge clock wb_clk_i)
Path Group: asynchronous
Path Type: min

Fanout         Cap        Slew       Delay        Time   Description
---------------------------------------------------------------------------------------------
                                  0.000000    0.000000   clock wb_clk_i (rise edge)
                                  0.000000    0.000000   clock network delay (propagated)
                                  5.000000    5.000000 v input external delay
     2    0.004739    0.026074    0.014555    5.014555 v wb_rst_i (in)
                                                         wb_rst_i (net)
                      0.026074    0.000000    5.014555 v input1/A (sky130_fd_sc_hd__buf_2)
     5    0.123250    0.530592    0.532057    5.546612 v input1/X (sky130_fd_sc_hd__buf_2)
                                                         net1 (net)
                      0.544132    0.063929    5.610541 v fanout25/A (sky130_fd_sc_hd__clkdlybuf4s25_1)
     8    0.040183    0.540400    0.953830    6.564371 v fanout25/X (sky130_fd_sc_hd__clkdlybuf4s25_1)
                                                         net25 (net)
                      0.540400    0.001299    6.565670 v load_slew26/A (sky130_fd_sc_hd__buf_4)
    15    0.057906    0.151517    0.537638    7.103308 v load_slew26/X (sky130_fd_sc_hd__buf_4)
                                                         net26 (net)
                      0.151534    0.001618    7.104926 v fanout23/A (sky130_fd_sc_hd__clkdlybuf4s25_1)
     7    0.042969    0.575437    0.843106    7.948032 v fanout23/X (sky130_fd_sc_hd__clkdlybuf4s25_1)
                                                         net23 (net)
                      0.575437    0.000869    7.948900 v _593_/A (sky130_fd_sc_hd__inv_2)
     1    0.004021    0.135740    0.199949    8.148849 ^ _593_/Y (sky130_fd_sc_hd__inv_2)
                                                         _068_ (net)
                      0.135740    0.000036    8.148886 ^ _677_/RESET_B (sky130_fd_sc_hd__dfrtp_2)
                                              8.148886   data arrival time

                                  0.000000    0.000000   clock wb_clk_i (rise edge)
                                  0.000000    0.000000   clock source latency
     2    0.147424    1.063065    0.825174    0.825174 ^ wb_clk_i (in)
                                                         wb_clk_i (net)
                      1.073527    0.000000    0.825174 ^ clkbuf_0_wb_clk_i/A (sky130_fd_sc_hd__clkbuf_16)
    17    0.074001    0.154063    0.676967    1.502141 ^ clkbuf_0_wb_clk_i/X (sky130_fd_sc_hd__clkbuf_16)
                                                         clknet_0_wb_clk_i (net)
                      0.154096    0.002254    1.504396 ^ clkbuf_3_5_0_wb_clk_i/A (sky130_fd_sc_hd__clkbuf_8)
    11    0.036399    0.121134    0.325170    1.829566 ^ clkbuf_3_5_0_wb_clk_i/X (sky130_fd_sc_hd__clkbuf_8)
                                                         clknet_3_5_0_wb_clk_i (net)
                      0.121134    0.000449    1.830016 ^ _677_/CLK (sky130_fd_sc_hd__dfrtp_2)
                                  0.250000    2.080016   clock uncertainty
                                  0.000000    2.080016   clock reconvergence pessimism
                                  0.692983    2.772999   library removal time
                                              2.772999   data required time
---------------------------------------------------------------------------------------------
                                              2.772999   data required time
                                             -8.148886   data arrival time
---------------------------------------------------------------------------------------------
                                              5.375886   slack (MET)


Startpoint: wb_rst_i (input port clocked by wb_clk_i)
Endpoint: _679_ (removal check against rising-edge clock wb_clk_i)
Path Group: asynchronous
Path Type: min

Fanout         Cap        Slew       Delay        Time   Description
---------------------------------------------------------------------------------------------
                                  0.000000    0.000000   clock wb_clk_i (rise edge)
                                  0.000000    0.000000   clock network delay (propagated)
                                  5.000000    5.000000 v input external delay
     2    0.004739    0.026074    0.014555    5.014555 v wb_rst_i (in)
                                                         wb_rst_i (net)
                      0.026074    0.000000    5.014555 v input1/A (sky130_fd_sc_hd__buf_2)
     5    0.123250    0.530592    0.532057    5.546612 v input1/X (sky130_fd_sc_hd__buf_2)
                                                         net1 (net)
                      0.544132    0.063929    5.610541 v fanout25/A (sky130_fd_sc_hd__clkdlybuf4s25_1)
     8    0.040183    0.540400    0.953830    6.564371 v fanout25/X (sky130_fd_sc_hd__clkdlybuf4s25_1)
                                                         net25 (net)
                      0.540400    0.001299    6.565670 v load_slew26/A (sky130_fd_sc_hd__buf_4)
    15    0.057906    0.151517    0.537638    7.103308 v load_slew26/X (sky130_fd_sc_hd__buf_4)
                                                         net26 (net)
                      0.151534    0.001618    7.104926 v fanout23/A (sky130_fd_sc_hd__clkdlybuf4s25_1)
     7    0.042969    0.575437    0.843106    7.948032 v fanout23/X (sky130_fd_sc_hd__clkdlybuf4s25_1)
                                                         net23 (net)
                      0.575437    0.000017    7.948049 v _595_/A (sky130_fd_sc_hd__inv_2)
     1    0.004221    0.137710    0.203231    8.151279 ^ _595_/Y (sky130_fd_sc_hd__inv_2)
                                                         _070_ (net)
                      0.137710    0.000038    8.151319 ^ _679_/RESET_B (sky130_fd_sc_hd__dfrtp_2)
                                              8.151319   data arrival time

                                  0.000000    0.000000   clock wb_clk_i (rise edge)
                                  0.000000    0.000000   clock source latency
     2    0.147424    1.063065    0.825174    0.825174 ^ wb_clk_i (in)
                                                         wb_clk_i (net)
                      1.073527    0.000000    0.825174 ^ clkbuf_0_wb_clk_i/A (sky130_fd_sc_hd__clkbuf_16)
    17    0.074001    0.154063    0.676967    1.502141 ^ clkbuf_0_wb_clk_i/X (sky130_fd_sc_hd__clkbuf_16)
                                                         clknet_0_wb_clk_i (net)
                      0.154096    0.002254    1.504396 ^ clkbuf_3_5_0_wb_clk_i/A (sky130_fd_sc_hd__clkbuf_8)
    11    0.036399    0.121134    0.325170    1.829566 ^ clkbuf_3_5_0_wb_clk_i/X (sky130_fd_sc_hd__clkbuf_8)
                                                         clknet_3_5_0_wb_clk_i (net)
                      0.121134    0.000248    1.829815 ^ _679_/CLK (sky130_fd_sc_hd__dfrtp_2)
                                  0.250000    2.079815   clock uncertainty
                                  0.000000    2.079815   clock reconvergence pessimism
                                  0.693587    2.773401   library removal time
                                              2.773401   data required time
---------------------------------------------------------------------------------------------
                                              2.773401   data required time
                                             -8.151319   data arrival time
---------------------------------------------------------------------------------------------
                                              5.377916   slack (MET)


Startpoint: wb_rst_i (input port clocked by wb_clk_i)
Endpoint: _678_ (removal check against rising-edge clock wb_clk_i)
Path Group: asynchronous
Path Type: min

Fanout         Cap        Slew       Delay        Time   Description
---------------------------------------------------------------------------------------------
                                  0.000000    0.000000   clock wb_clk_i (rise edge)
                                  0.000000    0.000000   clock network delay (propagated)
                                  5.000000    5.000000 v input external delay
     2    0.004739    0.026074    0.014555    5.014555 v wb_rst_i (in)
                                                         wb_rst_i (net)
                      0.026074    0.000000    5.014555 v input1/A (sky130_fd_sc_hd__buf_2)
     5    0.123250    0.530592    0.532057    5.546612 v input1/X (sky130_fd_sc_hd__buf_2)
                                                         net1 (net)
                      0.544132    0.063929    5.610541 v fanout25/A (sky130_fd_sc_hd__clkdlybuf4s25_1)
     8    0.040183    0.540400    0.953830    6.564371 v fanout25/X (sky130_fd_sc_hd__clkdlybuf4s25_1)
                                                         net25 (net)
                      0.540400    0.001299    6.565670 v load_slew26/A (sky130_fd_sc_hd__buf_4)
    15    0.057906    0.151517    0.537638    7.103308 v load_slew26/X (sky130_fd_sc_hd__buf_4)
                                                         net26 (net)
                      0.151534    0.001618    7.104926 v fanout23/A (sky130_fd_sc_hd__clkdlybuf4s25_1)
     7    0.042969    0.575437    0.843106    7.948032 v fanout23/X (sky130_fd_sc_hd__clkdlybuf4s25_1)
                                                         net23 (net)
                      0.575437    0.000670    7.948701 v _594_/A (sky130_fd_sc_hd__inv_2)
     1    0.004199    0.137495    0.202872    8.151574 ^ _594_/Y (sky130_fd_sc_hd__inv_2)
                                                         _069_ (net)
                      0.137495    0.000041    8.151615 ^ _678_/RESET_B (sky130_fd_sc_hd__dfrtp_2)
                                              8.151615   data arrival time

                                  0.000000    0.000000   clock wb_clk_i (rise edge)
                                  0.000000    0.000000   clock source latency
     2    0.147424    1.063065    0.825174    0.825174 ^ wb_clk_i (in)
                                                         wb_clk_i (net)
                      1.073527    0.000000    0.825174 ^ clkbuf_0_wb_clk_i/A (sky130_fd_sc_hd__clkbuf_16)
    17    0.074001    0.154063    0.676967    1.502141 ^ clkbuf_0_wb_clk_i/X (sky130_fd_sc_hd__clkbuf_16)
                                                         clknet_0_wb_clk_i (net)
                      0.154096    0.002254    1.504396 ^ clkbuf_3_5_0_wb_clk_i/A (sky130_fd_sc_hd__clkbuf_8)
    11    0.036399    0.121134    0.325170    1.829566 ^ clkbuf_3_5_0_wb_clk_i/X (sky130_fd_sc_hd__clkbuf_8)
                                                         clknet_3_5_0_wb_clk_i (net)
                      0.121134    0.000293    1.829859 ^ _678_/CLK (sky130_fd_sc_hd__dfrtp_2)
                                  0.250000    2.079859   clock uncertainty
                                  0.000000    2.079859   clock reconvergence pessimism
                                  0.693521    2.773380   library removal time
                                              2.773380   data required time
---------------------------------------------------------------------------------------------
                                              2.773380   data required time
                                             -8.151615   data arrival time
---------------------------------------------------------------------------------------------
                                              5.378234   slack (MET)


Startpoint: wb_rst_i (input port clocked by wb_clk_i)
Endpoint: _682_ (removal check against rising-edge clock wb_clk_i)
Path Group: asynchronous
Path Type: min

Fanout         Cap        Slew       Delay        Time   Description
---------------------------------------------------------------------------------------------
                                  0.000000    0.000000   clock wb_clk_i (rise edge)
                                  0.000000    0.000000   clock network delay (propagated)
                                  5.000000    5.000000 v input external delay
     2    0.004739    0.026074    0.014555    5.014555 v wb_rst_i (in)
                                                         wb_rst_i (net)
                      0.026074    0.000000    5.014555 v input1/A (sky130_fd_sc_hd__buf_2)
     5    0.123250    0.530592    0.532057    5.546612 v input1/X (sky130_fd_sc_hd__buf_2)
                                                         net1 (net)
                      0.544132    0.063929    5.610541 v fanout25/A (sky130_fd_sc_hd__clkdlybuf4s25_1)
     8    0.040183    0.540400    0.953830    6.564371 v fanout25/X (sky130_fd_sc_hd__clkdlybuf4s25_1)
                                                         net25 (net)
                      0.540400    0.001299    6.565670 v load_slew26/A (sky130_fd_sc_hd__buf_4)
    15    0.057906    0.151517    0.537638    7.103308 v load_slew26/X (sky130_fd_sc_hd__buf_4)
                                                         net26 (net)
                      0.151534    0.001618    7.104926 v fanout23/A (sky130_fd_sc_hd__clkdlybuf4s25_1)
     7    0.042969    0.575437    0.843106    7.948032 v fanout23/X (sky130_fd_sc_hd__clkdlybuf4s25_1)
                                                         net23 (net)
                      0.575437    0.001167    7.949199 v _598_/A (sky130_fd_sc_hd__inv_2)
     1    0.004019    0.135723    0.199922    8.149120 ^ _598_/Y (sky130_fd_sc_hd__inv_2)
                                                         _073_ (net)
                      0.135723    0.000039    8.149159 ^ _682_/RESET_B (sky130_fd_sc_hd__dfrtp_2)
                                              8.149159   data arrival time

                                  0.000000    0.000000   clock wb_clk_i (rise edge)
                                  0.000000    0.000000   clock source latency
     2    0.147424    1.063065    0.825174    0.825174 ^ wb_clk_i (in)
                                                         wb_clk_i (net)
                      1.073527    0.000000    0.825174 ^ clkbuf_0_wb_clk_i/A (sky130_fd_sc_hd__clkbuf_16)
    17    0.074001    0.154063    0.676967    1.502141 ^ clkbuf_0_wb_clk_i/X (sky130_fd_sc_hd__clkbuf_16)
                                                         clknet_0_wb_clk_i (net)
                      0.154090    0.002109    1.504251 ^ clkbuf_3_7_0_wb_clk_i/A (sky130_fd_sc_hd__clkbuf_8)
    12    0.034773    0.117264    0.321941    1.826191 ^ clkbuf_3_7_0_wb_clk_i/X (sky130_fd_sc_hd__clkbuf_8)
                                                         clknet_3_7_0_wb_clk_i (net)
                      0.117264    0.000572    1.826763 ^ _682_/CLK (sky130_fd_sc_hd__dfrtp_2)
                                  0.250000    2.076763   clock uncertainty
                                  0.000000    2.076763   clock reconvergence pessimism
                                  0.691811    2.768574   library removal time
                                              2.768574   data required time
---------------------------------------------------------------------------------------------
                                              2.768574   data required time
                                             -8.149159   data arrival time
---------------------------------------------------------------------------------------------
                                              5.380585   slack (MET)


Startpoint: wb_rst_i (input port clocked by wb_clk_i)
Endpoint: _681_ (removal check against rising-edge clock wb_clk_i)
Path Group: asynchronous
Path Type: min

Fanout         Cap        Slew       Delay        Time   Description
---------------------------------------------------------------------------------------------
                                  0.000000    0.000000   clock wb_clk_i (rise edge)
                                  0.000000    0.000000   clock network delay (propagated)
                                  5.000000    5.000000 v input external delay
     2    0.004739    0.026074    0.014555    5.014555 v wb_rst_i (in)
                                                         wb_rst_i (net)
                      0.026074    0.000000    5.014555 v input1/A (sky130_fd_sc_hd__buf_2)
     5    0.123250    0.530592    0.532057    5.546612 v input1/X (sky130_fd_sc_hd__buf_2)
                                                         net1 (net)
                      0.544132    0.063929    5.610541 v fanout25/A (sky130_fd_sc_hd__clkdlybuf4s25_1)
     8    0.040183    0.540400    0.953830    6.564371 v fanout25/X (sky130_fd_sc_hd__clkdlybuf4s25_1)
                                                         net25 (net)
                      0.540400    0.001299    6.565670 v load_slew26/A (sky130_fd_sc_hd__buf_4)
    15    0.057906    0.151517    0.537638    7.103308 v load_slew26/X (sky130_fd_sc_hd__buf_4)
                                                         net26 (net)
                      0.151534    0.001618    7.104926 v fanout23/A (sky130_fd_sc_hd__clkdlybuf4s25_1)
     7    0.042969    0.575437    0.843106    7.948032 v fanout23/X (sky130_fd_sc_hd__clkdlybuf4s25_1)
                                                         net23 (net)
                      0.575437    0.001254    7.949286 v _597_/A (sky130_fd_sc_hd__inv_2)
     1    0.004067    0.136191    0.200702    8.149987 ^ _597_/Y (sky130_fd_sc_hd__inv_2)
                                                         _072_ (net)
                      0.136191    0.000036    8.150024 ^ _681_/RESET_B (sky130_fd_sc_hd__dfrtp_2)
                                              8.150024   data arrival time

                                  0.000000    0.000000   clock wb_clk_i (rise edge)
                                  0.000000    0.000000   clock source latency
     2    0.147424    1.063065    0.825174    0.825174 ^ wb_clk_i (in)
                                                         wb_clk_i (net)
                      1.073527    0.000000    0.825174 ^ clkbuf_0_wb_clk_i/A (sky130_fd_sc_hd__clkbuf_16)
    17    0.074001    0.154063    0.676967    1.502141 ^ clkbuf_0_wb_clk_i/X (sky130_fd_sc_hd__clkbuf_16)
                                                         clknet_0_wb_clk_i (net)
                      0.154090    0.002109    1.504251 ^ clkbuf_3_7_0_wb_clk_i/A (sky130_fd_sc_hd__clkbuf_8)
    12    0.034773    0.117264    0.321941    1.826191 ^ clkbuf_3_7_0_wb_clk_i/X (sky130_fd_sc_hd__clkbuf_8)
                                                         clknet_3_7_0_wb_clk_i (net)
                      0.117264    0.000561    1.826752 ^ _681_/CLK (sky130_fd_sc_hd__dfrtp_2)
                                  0.250000    2.076752   clock uncertainty
                                  0.000000    2.076752   clock reconvergence pessimism
                                  0.691955    2.768707   library removal time
                                              2.768707   data required time
---------------------------------------------------------------------------------------------
                                              2.768707   data required time
                                             -8.150024   data arrival time
---------------------------------------------------------------------------------------------
                                              5.381318   slack (MET)


Startpoint: wb_rst_i (input port clocked by wb_clk_i)
Endpoint: _697_ (removal check against rising-edge clock wb_clk_i)
Path Group: asynchronous
Path Type: min

Fanout         Cap        Slew       Delay        Time   Description
---------------------------------------------------------------------------------------------
                                  0.000000    0.000000   clock wb_clk_i (rise edge)
                                  0.000000    0.000000   clock network delay (propagated)
                                  5.000000    5.000000 v input external delay
     2    0.004739    0.026074    0.014555    5.014555 v wb_rst_i (in)
                                                         wb_rst_i (net)
                      0.026074    0.000000    5.014555 v input1/A (sky130_fd_sc_hd__buf_2)
     5    0.123250    0.530592    0.532057    5.546612 v input1/X (sky130_fd_sc_hd__buf_2)
                                                         net1 (net)
                      0.543458    0.062398    5.609010 v fanout19/A (sky130_fd_sc_hd__clkdlybuf4s25_1)
     2    0.010168    0.162809    0.680094    6.289104 v fanout19/X (sky130_fd_sc_hd__clkdlybuf4s25_1)
                                                         net19 (net)
                      0.162809    0.000246    6.289350 v wire20/A (sky130_fd_sc_hd__buf_4)
    19    0.067569    0.168816    0.383882    6.673232 v wire20/X (sky130_fd_sc_hd__buf_4)
                                                         net20 (net)
                      0.168875    0.002881    6.676113 v fanout17/A (sky130_fd_sc_hd__clkdlybuf4s25_1)
     9    0.050119    0.668514    0.914658    7.590771 v fanout17/X (sky130_fd_sc_hd__clkdlybuf4s25_1)
                                                         net17 (net)
                      0.668514    0.000237    7.591008 v max_cap18/A (sky130_fd_sc_hd__buf_6)
     8    0.048338    0.100332    0.509336    8.100344 v max_cap18/X (sky130_fd_sc_hd__buf_6)
                                                         net18 (net)
                      0.100412    0.000524    8.100868 v _613_/A (sky130_fd_sc_hd__inv_2)
     1    0.003455    0.044291    0.077642    8.178510 ^ _613_/Y (sky130_fd_sc_hd__inv_2)
                                                         _088_ (net)
                      0.044291    0.000022    8.178532 ^ _697_/RESET_B (sky130_fd_sc_hd__dfrtp_2)
                                              8.178532   data arrival time

                                  0.000000    0.000000   clock wb_clk_i (rise edge)
                                  0.000000    0.000000   clock source latency
     2    0.147424    1.063065    0.825174    0.825174 ^ wb_clk_i (in)
                                                         wb_clk_i (net)
                      1.073527    0.000000    0.825174 ^ clkbuf_0_wb_clk_i/A (sky130_fd_sc_hd__clkbuf_16)
    17    0.074001    0.154063    0.676967    1.502141 ^ clkbuf_0_wb_clk_i/X (sky130_fd_sc_hd__clkbuf_16)
                                                         clknet_0_wb_clk_i (net)
                      0.154089    0.002080    1.504221 ^ clkbuf_3_1_0_wb_clk_i/A (sky130_fd_sc_hd__clkbuf_8)
    11    0.035047    0.117914    0.322490    1.826712 ^ clkbuf_3_1_0_wb_clk_i/X (sky130_fd_sc_hd__clkbuf_8)
                                                         clknet_3_1_0_wb_clk_i (net)
                      0.117914    0.000264    1.826975 ^ _697_/CLK (sky130_fd_sc_hd__dfrtp_2)
                                  0.250000    2.076975   clock uncertainty
                                  0.000000    2.076975   clock reconvergence pessimism
                                  0.663998    2.740973   library removal time
                                              2.740973   data required time
---------------------------------------------------------------------------------------------
                                              2.740973   data required time
                                             -8.178532   data arrival time
---------------------------------------------------------------------------------------------
                                              5.437559   slack (MET)


Startpoint: wb_rst_i (input port clocked by wb_clk_i)
Endpoint: _707_ (removal check against rising-edge clock wb_clk_i)
Path Group: asynchronous
Path Type: min

Fanout         Cap        Slew       Delay        Time   Description
---------------------------------------------------------------------------------------------
                                  0.000000    0.000000   clock wb_clk_i (rise edge)
                                  0.000000    0.000000   clock network delay (propagated)
                                  5.000000    5.000000 v input external delay
     2    0.004739    0.026074    0.014555    5.014555 v wb_rst_i (in)
                                                         wb_rst_i (net)
                      0.026074    0.000000    5.014555 v input1/A (sky130_fd_sc_hd__buf_2)
     5    0.123250    0.530592    0.532057    5.546612 v input1/X (sky130_fd_sc_hd__buf_2)
                                                         net1 (net)
                      0.543458    0.062398    5.609010 v fanout19/A (sky130_fd_sc_hd__clkdlybuf4s25_1)
     2    0.010168    0.162809    0.680094    6.289104 v fanout19/X (sky130_fd_sc_hd__clkdlybuf4s25_1)
                                                         net19 (net)
                      0.162809    0.000246    6.289350 v wire20/A (sky130_fd_sc_hd__buf_4)
    19    0.067569    0.168816    0.383882    6.673232 v wire20/X (sky130_fd_sc_hd__buf_4)
                                                         net20 (net)
                      0.168875    0.002881    6.676113 v fanout17/A (sky130_fd_sc_hd__clkdlybuf4s25_1)
     9    0.050119    0.668514    0.914658    7.590771 v fanout17/X (sky130_fd_sc_hd__clkdlybuf4s25_1)
                                                         net17 (net)
                      0.668514    0.000237    7.591008 v max_cap18/A (sky130_fd_sc_hd__buf_6)
     8    0.048338    0.100332    0.509336    8.100344 v max_cap18/X (sky130_fd_sc_hd__buf_6)
                                                         net18 (net)
                      0.100471    0.002119    8.102463 v _623_/A (sky130_fd_sc_hd__inv_2)
     1    0.003527    0.044685    0.078058    8.180521 ^ _623_/Y (sky130_fd_sc_hd__inv_2)
                                                         _098_ (net)
                      0.044685    0.000023    8.180545 ^ _707_/RESET_B (sky130_fd_sc_hd__dfrtp_2)
                                              8.180545   data arrival time

                                  0.000000    0.000000   clock wb_clk_i (rise edge)
                                  0.000000    0.000000   clock source latency
     2    0.147424    1.063065    0.825174    0.825174 ^ wb_clk_i (in)
                                                         wb_clk_i (net)
                      1.073527    0.000000    0.825174 ^ clkbuf_0_wb_clk_i/A (sky130_fd_sc_hd__clkbuf_16)
    17    0.074001    0.154063    0.676967    1.502141 ^ clkbuf_0_wb_clk_i/X (sky130_fd_sc_hd__clkbuf_16)
                                                         clknet_0_wb_clk_i (net)
                      0.154089    0.002080    1.504221 ^ clkbuf_3_1_0_wb_clk_i/A (sky130_fd_sc_hd__clkbuf_8)
    11    0.035047    0.117914    0.322490    1.826712 ^ clkbuf_3_1_0_wb_clk_i/X (sky130_fd_sc_hd__clkbuf_8)
                                                         clknet_3_1_0_wb_clk_i (net)
                      0.117914    0.000397    1.827109 ^ _707_/CLK (sky130_fd_sc_hd__dfrtp_2)
                                  0.250000    2.077109   clock uncertainty
                                  0.000000    2.077109   clock reconvergence pessimism
                                  0.664119    2.741228   library removal time
                                              2.741228   data required time
---------------------------------------------------------------------------------------------
                                              2.741228   data required time
                                             -8.180545   data arrival time
---------------------------------------------------------------------------------------------
                                              5.439317   slack (MET)


Startpoint: wb_rst_i (input port clocked by wb_clk_i)
Endpoint: _703_ (removal check against rising-edge clock wb_clk_i)
Path Group: asynchronous
Path Type: min

Fanout         Cap        Slew       Delay        Time   Description
---------------------------------------------------------------------------------------------
                                  0.000000    0.000000   clock wb_clk_i (rise edge)
                                  0.000000    0.000000   clock network delay (propagated)
                                  5.000000    5.000000 v input external delay
     2    0.004739    0.026074    0.014555    5.014555 v wb_rst_i (in)
                                                         wb_rst_i (net)
                      0.026074    0.000000    5.014555 v input1/A (sky130_fd_sc_hd__buf_2)
     5    0.123250    0.530592    0.532057    5.546612 v input1/X (sky130_fd_sc_hd__buf_2)
                                                         net1 (net)
                      0.543458    0.062398    5.609010 v fanout19/A (sky130_fd_sc_hd__clkdlybuf4s25_1)
     2    0.010168    0.162809    0.680094    6.289104 v fanout19/X (sky130_fd_sc_hd__clkdlybuf4s25_1)
                                                         net19 (net)
                      0.162809    0.000246    6.289350 v wire20/A (sky130_fd_sc_hd__buf_4)
    19    0.067569    0.168816    0.383882    6.673232 v wire20/X (sky130_fd_sc_hd__buf_4)
                                                         net20 (net)
                      0.168875    0.002881    6.676113 v fanout17/A (sky130_fd_sc_hd__clkdlybuf4s25_1)
     9    0.050119    0.668514    0.914658    7.590771 v fanout17/X (sky130_fd_sc_hd__clkdlybuf4s25_1)
                                                         net17 (net)
                      0.668514    0.000237    7.591008 v max_cap18/A (sky130_fd_sc_hd__buf_6)
     8    0.048338    0.100332    0.509336    8.100344 v max_cap18/X (sky130_fd_sc_hd__buf_6)
                                                         net18 (net)
                      0.100466    0.002033    8.102377 v _619_/A (sky130_fd_sc_hd__inv_2)
     1    0.003496    0.044520    0.077886    8.180263 ^ _619_/Y (sky130_fd_sc_hd__inv_2)
                                                         _094_ (net)
                      0.044520    0.000023    8.180286 ^ _703_/RESET_B (sky130_fd_sc_hd__dfrtp_2)
                                              8.180286   data arrival time

                                  0.000000    0.000000   clock wb_clk_i (rise edge)
                                  0.000000    0.000000   clock source latency
     2    0.147424    1.063065    0.825174    0.825174 ^ wb_clk_i (in)
                                                         wb_clk_i (net)
                      1.073527    0.000000    0.825174 ^ clkbuf_0_wb_clk_i/A (sky130_fd_sc_hd__clkbuf_16)
    17    0.074001    0.154063    0.676967    1.502141 ^ clkbuf_0_wb_clk_i/X (sky130_fd_sc_hd__clkbuf_16)
                                                         clknet_0_wb_clk_i (net)
                      0.154103    0.002457    1.504598 ^ clkbuf_3_2_0_wb_clk_i/A (sky130_fd_sc_hd__clkbuf_8)
    11    0.034623    0.116907    0.321669    1.826267 ^ clkbuf_3_2_0_wb_clk_i/X (sky130_fd_sc_hd__clkbuf_8)
                                                         clknet_3_2_0_wb_clk_i (net)
                      0.116907    0.000506    1.826773 ^ _703_/CLK (sky130_fd_sc_hd__dfrtp_2)
                                  0.250000    2.076773   clock uncertainty
                                  0.000000    2.076773   clock reconvergence pessimism
                                  0.663764    2.740537   library removal time
                                              2.740537   data required time
---------------------------------------------------------------------------------------------
                                              2.740537   data required time
                                             -8.180286   data arrival time
---------------------------------------------------------------------------------------------
                                              5.439749   slack (MET)


Startpoint: wb_rst_i (input port clocked by wb_clk_i)
Endpoint: _704_ (removal check against rising-edge clock wb_clk_i)
Path Group: asynchronous
Path Type: min

Fanout         Cap        Slew       Delay        Time   Description
---------------------------------------------------------------------------------------------
                                  0.000000    0.000000   clock wb_clk_i (rise edge)
                                  0.000000    0.000000   clock network delay (propagated)
                                  5.000000    5.000000 v input external delay
     2    0.004739    0.026074    0.014555    5.014555 v wb_rst_i (in)
                                                         wb_rst_i (net)
                      0.026074    0.000000    5.014555 v input1/A (sky130_fd_sc_hd__buf_2)
     5    0.123250    0.530592    0.532057    5.546612 v input1/X (sky130_fd_sc_hd__buf_2)
                                                         net1 (net)
                      0.543458    0.062398    5.609010 v fanout19/A (sky130_fd_sc_hd__clkdlybuf4s25_1)
     2    0.010168    0.162809    0.680094    6.289104 v fanout19/X (sky130_fd_sc_hd__clkdlybuf4s25_1)
                                                         net19 (net)
                      0.162809    0.000246    6.289350 v wire20/A (sky130_fd_sc_hd__buf_4)
    19    0.067569    0.168816    0.383882    6.673232 v wire20/X (sky130_fd_sc_hd__buf_4)
                                                         net20 (net)
                      0.168875    0.002881    6.676113 v fanout17/A (sky130_fd_sc_hd__clkdlybuf4s25_1)
     9    0.050119    0.668514    0.914658    7.590771 v fanout17/X (sky130_fd_sc_hd__clkdlybuf4s25_1)
                                                         net17 (net)
                      0.668514    0.000237    7.591008 v max_cap18/A (sky130_fd_sc_hd__buf_6)
     8    0.048338    0.100332    0.509336    8.100344 v max_cap18/X (sky130_fd_sc_hd__buf_6)
                                                         net18 (net)
                      0.100468    0.002069    8.102412 v _620_/A (sky130_fd_sc_hd__inv_2)
     1    0.003520    0.044650    0.078022    8.180434 ^ _620_/Y (sky130_fd_sc_hd__inv_2)
                                                         _095_ (net)
                      0.044650    0.000023    8.180457 ^ _704_/RESET_B (sky130_fd_sc_hd__dfrtp_2)
                                              8.180457   data arrival time

                                  0.000000    0.000000   clock wb_clk_i (rise edge)
                                  0.000000    0.000000   clock source latency
     2    0.147424    1.063065    0.825174    0.825174 ^ wb_clk_i (in)
                                                         wb_clk_i (net)
                      1.073527    0.000000    0.825174 ^ clkbuf_0_wb_clk_i/A (sky130_fd_sc_hd__clkbuf_16)
    17    0.074001    0.154063    0.676967    1.502141 ^ clkbuf_0_wb_clk_i/X (sky130_fd_sc_hd__clkbuf_16)
                                                         clknet_0_wb_clk_i (net)
                      0.154103    0.002457    1.504598 ^ clkbuf_3_2_0_wb_clk_i/A (sky130_fd_sc_hd__clkbuf_8)
    11    0.034623    0.116907    0.321669    1.826267 ^ clkbuf_3_2_0_wb_clk_i/X (sky130_fd_sc_hd__clkbuf_8)
                                                         clknet_3_2_0_wb_clk_i (net)
                      0.116907    0.000521    1.826788 ^ _704_/CLK (sky130_fd_sc_hd__dfrtp_2)
                                  0.250000    2.076788   clock uncertainty
                                  0.000000    2.076788   clock reconvergence pessimism
                                  0.663804    2.740592   library removal time
                                              2.740592   data required time
---------------------------------------------------------------------------------------------
                                              2.740592   data required time
                                             -8.180457   data arrival time
---------------------------------------------------------------------------------------------
                                              5.439866   slack (MET)


Startpoint: wb_rst_i (input port clocked by wb_clk_i)
Endpoint: _700_ (removal check against rising-edge clock wb_clk_i)
Path Group: asynchronous
Path Type: min

Fanout         Cap        Slew       Delay        Time   Description
---------------------------------------------------------------------------------------------
                                  0.000000    0.000000   clock wb_clk_i (rise edge)
                                  0.000000    0.000000   clock network delay (propagated)
                                  5.000000    5.000000 v input external delay
     2    0.004739    0.026074    0.014555    5.014555 v wb_rst_i (in)
                                                         wb_rst_i (net)
                      0.026074    0.000000    5.014555 v input1/A (sky130_fd_sc_hd__buf_2)
     5    0.123250    0.530592    0.532057    5.546612 v input1/X (sky130_fd_sc_hd__buf_2)
                                                         net1 (net)
                      0.543458    0.062398    5.609010 v fanout19/A (sky130_fd_sc_hd__clkdlybuf4s25_1)
     2    0.010168    0.162809    0.680094    6.289104 v fanout19/X (sky130_fd_sc_hd__clkdlybuf4s25_1)
                                                         net19 (net)
                      0.162809    0.000246    6.289350 v wire20/A (sky130_fd_sc_hd__buf_4)
    19    0.067569    0.168816    0.383882    6.673232 v wire20/X (sky130_fd_sc_hd__buf_4)
                                                         net20 (net)
                      0.168875    0.002881    6.676113 v fanout17/A (sky130_fd_sc_hd__clkdlybuf4s25_1)
     9    0.050119    0.668514    0.914658    7.590771 v fanout17/X (sky130_fd_sc_hd__clkdlybuf4s25_1)
                                                         net17 (net)
                      0.668514    0.000237    7.591008 v max_cap18/A (sky130_fd_sc_hd__buf_6)
     8    0.048338    0.100332    0.509336    8.100344 v max_cap18/X (sky130_fd_sc_hd__buf_6)
                                                         net18 (net)
                      0.100447    0.001703    8.102046 v _616_/A (sky130_fd_sc_hd__inv_2)
     1    0.003665    0.045422    0.078819    8.180865 ^ _616_/Y (sky130_fd_sc_hd__inv_2)
                                                         _091_ (net)
                      0.045422    0.000028    8.180894 ^ _700_/RESET_B (sky130_fd_sc_hd__dfrtp_2)
                                              8.180894   data arrival time

                                  0.000000    0.000000   clock wb_clk_i (rise edge)
                                  0.000000    0.000000   clock source latency
     2    0.147424    1.063065    0.825174    0.825174 ^ wb_clk_i (in)
                                                         wb_clk_i (net)
                      1.073527    0.000000    0.825174 ^ clkbuf_0_wb_clk_i/A (sky130_fd_sc_hd__clkbuf_16)
    17    0.074001    0.154063    0.676967    1.502141 ^ clkbuf_0_wb_clk_i/X (sky130_fd_sc_hd__clkbuf_16)
                                                         clknet_0_wb_clk_i (net)
                      0.154075    0.001553    1.503695 ^ clkbuf_3_3_0_wb_clk_i/A (sky130_fd_sc_hd__clkbuf_8)
    11    0.035092    0.118021    0.322579    1.826274 ^ clkbuf_3_3_0_wb_clk_i/X (sky130_fd_sc_hd__clkbuf_8)
                                                         clknet_3_3_0_wb_clk_i (net)
                      0.118021    0.000329    1.826604 ^ _700_/CLK (sky130_fd_sc_hd__dfrtp_2)
                                  0.250000    2.076603   clock uncertainty
                                  0.000000    2.076603   clock reconvergence pessimism
                                  0.664377    2.740980   library removal time
                                              2.740980   data required time
---------------------------------------------------------------------------------------------
                                              2.740980   data required time
                                             -8.180894   data arrival time
---------------------------------------------------------------------------------------------
                                              5.439913   slack (MET)


Startpoint: wb_rst_i (input port clocked by wb_clk_i)
Endpoint: _701_ (removal check against rising-edge clock wb_clk_i)
Path Group: asynchronous
Path Type: min

Fanout         Cap        Slew       Delay        Time   Description
---------------------------------------------------------------------------------------------
                                  0.000000    0.000000   clock wb_clk_i (rise edge)
                                  0.000000    0.000000   clock network delay (propagated)
                                  5.000000    5.000000 v input external delay
     2    0.004739    0.026074    0.014555    5.014555 v wb_rst_i (in)
                                                         wb_rst_i (net)
                      0.026074    0.000000    5.014555 v input1/A (sky130_fd_sc_hd__buf_2)
     5    0.123250    0.530592    0.532057    5.546612 v input1/X (sky130_fd_sc_hd__buf_2)
                                                         net1 (net)
                      0.543458    0.062398    5.609010 v fanout19/A (sky130_fd_sc_hd__clkdlybuf4s25_1)
     2    0.010168    0.162809    0.680094    6.289104 v fanout19/X (sky130_fd_sc_hd__clkdlybuf4s25_1)
                                                         net19 (net)
                      0.162809    0.000246    6.289350 v wire20/A (sky130_fd_sc_hd__buf_4)
    19    0.067569    0.168816    0.383882    6.673232 v wire20/X (sky130_fd_sc_hd__buf_4)
                                                         net20 (net)
                      0.168875    0.002881    6.676113 v fanout17/A (sky130_fd_sc_hd__clkdlybuf4s25_1)
     9    0.050119    0.668514    0.914658    7.590771 v fanout17/X (sky130_fd_sc_hd__clkdlybuf4s25_1)
                                                         net17 (net)
                      0.668514    0.000237    7.591008 v max_cap18/A (sky130_fd_sc_hd__buf_6)
     8    0.048338    0.100332    0.509336    8.100344 v max_cap18/X (sky130_fd_sc_hd__buf_6)
                                                         net18 (net)
                      0.100445    0.001672    8.102015 v _617_/A (sky130_fd_sc_hd__inv_2)
     1    0.003653    0.045358    0.078753    8.180768 ^ _617_/Y (sky130_fd_sc_hd__inv_2)
                                                         _092_ (net)
                      0.045358    0.000027    8.180795 ^ _701_/RESET_B (sky130_fd_sc_hd__dfrtp_2)
                                              8.180795   data arrival time

                                  0.000000    0.000000   clock wb_clk_i (rise edge)
                                  0.000000    0.000000   clock source latency
     2    0.147424    1.063065    0.825174    0.825174 ^ wb_clk_i (in)
                                                         wb_clk_i (net)
                      1.073527    0.000000    0.825174 ^ clkbuf_0_wb_clk_i/A (sky130_fd_sc_hd__clkbuf_16)
    17    0.074001    0.154063    0.676967    1.502141 ^ clkbuf_0_wb_clk_i/X (sky130_fd_sc_hd__clkbuf_16)
                                                         clknet_0_wb_clk_i (net)
                      0.154075    0.001553    1.503695 ^ clkbuf_3_3_0_wb_clk_i/A (sky130_fd_sc_hd__clkbuf_8)
    11    0.035092    0.118021    0.322579    1.826274 ^ clkbuf_3_3_0_wb_clk_i/X (sky130_fd_sc_hd__clkbuf_8)
                                                         clknet_3_3_0_wb_clk_i (net)
                      0.118021    0.000212    1.826486 ^ _701_/CLK (sky130_fd_sc_hd__dfrtp_2)
                                  0.250000    2.076486   clock uncertainty
                                  0.000000    2.076486   clock reconvergence pessimism
                                  0.664357    2.740844   library removal time
                                              2.740844   data required time
---------------------------------------------------------------------------------------------
                                              2.740844   data required time
                                             -8.180795   data arrival time
---------------------------------------------------------------------------------------------
                                              5.439951   slack (MET)


Startpoint: wb_rst_i (input port clocked by wb_clk_i)
Endpoint: _702_ (removal check against rising-edge clock wb_clk_i)
Path Group: asynchronous
Path Type: min

Fanout         Cap        Slew       Delay        Time   Description
---------------------------------------------------------------------------------------------
                                  0.000000    0.000000   clock wb_clk_i (rise edge)
                                  0.000000    0.000000   clock network delay (propagated)
                                  5.000000    5.000000 v input external delay
     2    0.004739    0.026074    0.014555    5.014555 v wb_rst_i (in)
                                                         wb_rst_i (net)
                      0.026074    0.000000    5.014555 v input1/A (sky130_fd_sc_hd__buf_2)
     5    0.123250    0.530592    0.532057    5.546612 v input1/X (sky130_fd_sc_hd__buf_2)
                                                         net1 (net)
                      0.543458    0.062398    5.609010 v fanout19/A (sky130_fd_sc_hd__clkdlybuf4s25_1)
     2    0.010168    0.162809    0.680094    6.289104 v fanout19/X (sky130_fd_sc_hd__clkdlybuf4s25_1)
                                                         net19 (net)
                      0.162809    0.000246    6.289350 v wire20/A (sky130_fd_sc_hd__buf_4)
    19    0.067569    0.168816    0.383882    6.673232 v wire20/X (sky130_fd_sc_hd__buf_4)
                                                         net20 (net)
                      0.168875    0.002881    6.676113 v fanout17/A (sky130_fd_sc_hd__clkdlybuf4s25_1)
     9    0.050119    0.668514    0.914658    7.590771 v fanout17/X (sky130_fd_sc_hd__clkdlybuf4s25_1)
                                                         net17 (net)
                      0.668514    0.000237    7.591008 v max_cap18/A (sky130_fd_sc_hd__buf_6)
     8    0.048338    0.100332    0.509336    8.100344 v max_cap18/X (sky130_fd_sc_hd__buf_6)
                                                         net18 (net)
                      0.100462    0.001972    8.102316 v _618_/A (sky130_fd_sc_hd__inv_2)
     1    0.003651    0.045347    0.078744    8.181060 ^ _618_/Y (sky130_fd_sc_hd__inv_2)
                                                         _093_ (net)
                      0.045347    0.000026    8.181086 ^ _702_/RESET_B (sky130_fd_sc_hd__dfrtp_2)
                                              8.181086   data arrival time

                                  0.000000    0.000000   clock wb_clk_i (rise edge)
                                  0.000000    0.000000   clock source latency
     2    0.147424    1.063065    0.825174    0.825174 ^ wb_clk_i (in)
                                                         wb_clk_i (net)
                      1.073527    0.000000    0.825174 ^ clkbuf_0_wb_clk_i/A (sky130_fd_sc_hd__clkbuf_16)
    17    0.074001    0.154063    0.676967    1.502141 ^ clkbuf_0_wb_clk_i/X (sky130_fd_sc_hd__clkbuf_16)
                                                         clknet_0_wb_clk_i (net)
                      0.154075    0.001553    1.503695 ^ clkbuf_3_3_0_wb_clk_i/A (sky130_fd_sc_hd__clkbuf_8)
    11    0.035092    0.118021    0.322579    1.826274 ^ clkbuf_3_3_0_wb_clk_i/X (sky130_fd_sc_hd__clkbuf_8)
                                                         clknet_3_3_0_wb_clk_i (net)
                      0.118021    0.000256    1.826530 ^ _702_/CLK (sky130_fd_sc_hd__dfrtp_2)
                                  0.250000    2.076530   clock uncertainty
                                  0.000000    2.076530   clock reconvergence pessimism
                                  0.664354    2.740884   library removal time
                                              2.740884   data required time
---------------------------------------------------------------------------------------------
                                              2.740884   data required time
                                             -8.181086   data arrival time
---------------------------------------------------------------------------------------------
                                              5.440201   slack (MET)


Startpoint: wb_rst_i (input port clocked by wb_clk_i)
Endpoint: _705_ (removal check against rising-edge clock wb_clk_i)
Path Group: asynchronous
Path Type: min

Fanout         Cap        Slew       Delay        Time   Description
---------------------------------------------------------------------------------------------
                                  0.000000    0.000000   clock wb_clk_i (rise edge)
                                  0.000000    0.000000   clock network delay (propagated)
                                  5.000000    5.000000 v input external delay
     2    0.004739    0.026074    0.014555    5.014555 v wb_rst_i (in)
                                                         wb_rst_i (net)
                      0.026074    0.000000    5.014555 v input1/A (sky130_fd_sc_hd__buf_2)
     5    0.123250    0.530592    0.532057    5.546612 v input1/X (sky130_fd_sc_hd__buf_2)
                                                         net1 (net)
                      0.543458    0.062398    5.609010 v fanout19/A (sky130_fd_sc_hd__clkdlybuf4s25_1)
     2    0.010168    0.162809    0.680094    6.289104 v fanout19/X (sky130_fd_sc_hd__clkdlybuf4s25_1)
                                                         net19 (net)
                      0.162809    0.000246    6.289350 v wire20/A (sky130_fd_sc_hd__buf_4)
    19    0.067569    0.168816    0.383882    6.673232 v wire20/X (sky130_fd_sc_hd__buf_4)
                                                         net20 (net)
                      0.168875    0.002881    6.676113 v fanout17/A (sky130_fd_sc_hd__clkdlybuf4s25_1)
     9    0.050119    0.668514    0.914658    7.590771 v fanout17/X (sky130_fd_sc_hd__clkdlybuf4s25_1)
                                                         net17 (net)
                      0.668514    0.000237    7.591008 v max_cap18/A (sky130_fd_sc_hd__buf_6)
     8    0.048338    0.100332    0.509336    8.100344 v max_cap18/X (sky130_fd_sc_hd__buf_6)
                                                         net18 (net)
                      0.100420    0.001014    8.101358 v _621_/A (sky130_fd_sc_hd__inv_2)
     1    0.004417    0.049608    0.082980    8.184338 ^ _621_/Y (sky130_fd_sc_hd__inv_2)
                                                         _096_ (net)
                      0.049608    0.000044    8.184382 ^ _705_/RESET_B (sky130_fd_sc_hd__dfrtp_2)
                                              8.184382   data arrival time

                                  0.000000    0.000000   clock wb_clk_i (rise edge)
                                  0.000000    0.000000   clock source latency
     2    0.147424    1.063065    0.825174    0.825174 ^ wb_clk_i (in)
                                                         wb_clk_i (net)
                      1.073527    0.000000    0.825174 ^ clkbuf_0_wb_clk_i/A (sky130_fd_sc_hd__clkbuf_16)
    17    0.074001    0.154063    0.676967    1.502141 ^ clkbuf_0_wb_clk_i/X (sky130_fd_sc_hd__clkbuf_16)
                                                         clknet_0_wb_clk_i (net)
                      0.154075    0.001553    1.503695 ^ clkbuf_3_3_0_wb_clk_i/A (sky130_fd_sc_hd__clkbuf_8)
    11    0.035092    0.118021    0.322579    1.826274 ^ clkbuf_3_3_0_wb_clk_i/X (sky130_fd_sc_hd__clkbuf_8)
                                                         clknet_3_3_0_wb_clk_i (net)
                      0.118021    0.000317    1.826591 ^ _705_/CLK (sky130_fd_sc_hd__dfrtp_2)
                                  0.250000    2.076591   clock uncertainty
                                  0.000000    2.076591   clock reconvergence pessimism
                                  0.665659    2.742251   library removal time
                                              2.742251   data required time
---------------------------------------------------------------------------------------------
                                              2.742251   data required time
                                             -8.184382   data arrival time
---------------------------------------------------------------------------------------------
                                              5.442132   slack (MET)


Startpoint: wb_rst_i (input port clocked by wb_clk_i)
Endpoint: _745_ (removal check against rising-edge clock wb_clk_i)
Path Group: asynchronous
Path Type: min

Fanout         Cap        Slew       Delay        Time   Description
---------------------------------------------------------------------------------------------
                                  0.000000    0.000000   clock wb_clk_i (rise edge)
                                  0.000000    0.000000   clock network delay (propagated)
                                  5.000000    5.000000 v input external delay
     2    0.004739    0.026074    0.014555    5.014555 v wb_rst_i (in)
                                                         wb_rst_i (net)
                      0.026074    0.000000    5.014555 v input1/A (sky130_fd_sc_hd__buf_2)
     5    0.123250    0.530592    0.532057    5.546612 v input1/X (sky130_fd_sc_hd__buf_2)
                                                         net1 (net)
                      0.544132    0.063929    5.610541 v fanout25/A (sky130_fd_sc_hd__clkdlybuf4s25_1)
     8    0.040183    0.540400    0.953830    6.564371 v fanout25/X (sky130_fd_sc_hd__clkdlybuf4s25_1)
                                                         net25 (net)
                      0.540400    0.000197    6.564568 v fanout21/A (sky130_fd_sc_hd__clkdlybuf4s25_1)
     9    0.054935    0.731237    1.085851    7.650418 v fanout21/X (sky130_fd_sc_hd__clkdlybuf4s25_1)
                                                         net21 (net)
                      0.731237    0.000488    7.650907 v load_slew22/A (sky130_fd_sc_hd__buf_4)
     8    0.045297    0.129832    0.590418    8.241325 v load_slew22/X (sky130_fd_sc_hd__buf_4)
                                                         net22 (net)
                      0.129832    0.000497    8.241822 v _661_/A (sky130_fd_sc_hd__inv_2)
     1    0.003497    0.050431    0.087941    8.329763 ^ _661_/Y (sky130_fd_sc_hd__inv_2)
                                                         _136_ (net)
                      0.050431    0.000024    8.329788 ^ _745_/RESET_B (sky130_fd_sc_hd__dfrtp_2)
                                              8.329788   data arrival time

                                  0.000000    0.000000   clock wb_clk_i (rise edge)
                                  0.000000    0.000000   clock source latency
     2    0.147424    1.063065    0.825174    0.825174 ^ wb_clk_i (in)
                                                         wb_clk_i (net)
                      1.073527    0.000000    0.825174 ^ clkbuf_0_wb_clk_i/A (sky130_fd_sc_hd__clkbuf_16)
    17    0.074001    0.154063    0.676967    1.502141 ^ clkbuf_0_wb_clk_i/X (sky130_fd_sc_hd__clkbuf_16)
                                                         clknet_0_wb_clk_i (net)
                      0.154070    0.001291    1.503433 ^ clkbuf_3_6_0_wb_clk_i/A (sky130_fd_sc_hd__clkbuf_8)
    12    0.036041    0.120291    0.324333    1.827766 ^ clkbuf_3_6_0_wb_clk_i/X (sky130_fd_sc_hd__clkbuf_8)
                                                         clknet_3_6_0_wb_clk_i (net)
                      0.120293    0.000785    1.828551 ^ _745_/CLK (sky130_fd_sc_hd__dfrtp_2)
                                  0.250000    2.078551   clock uncertainty
                                  0.000000    2.078551   clock reconvergence pessimism
                                  0.666598    2.745148   library removal time
                                              2.745148   data required time
---------------------------------------------------------------------------------------------
                                              2.745148   data required time
                                             -8.329788   data arrival time
---------------------------------------------------------------------------------------------
                                              5.584640   slack (MET)


Startpoint: wb_rst_i (input port clocked by wb_clk_i)
Endpoint: _752_ (removal check against rising-edge clock wb_clk_i)
Path Group: asynchronous
Path Type: min

Fanout         Cap        Slew       Delay        Time   Description
---------------------------------------------------------------------------------------------
                                  0.000000    0.000000   clock wb_clk_i (rise edge)
                                  0.000000    0.000000   clock network delay (propagated)
                                  5.000000    5.000000 v input external delay
     2    0.004739    0.026074    0.014555    5.014555 v wb_rst_i (in)
                                                         wb_rst_i (net)
                      0.026074    0.000000    5.014555 v input1/A (sky130_fd_sc_hd__buf_2)
     5    0.123250    0.530592    0.532057    5.546612 v input1/X (sky130_fd_sc_hd__buf_2)
                                                         net1 (net)
                      0.544132    0.063929    5.610541 v fanout25/A (sky130_fd_sc_hd__clkdlybuf4s25_1)
     8    0.040183    0.540400    0.953830    6.564371 v fanout25/X (sky130_fd_sc_hd__clkdlybuf4s25_1)
                                                         net25 (net)
                      0.540400    0.000197    6.564568 v fanout21/A (sky130_fd_sc_hd__clkdlybuf4s25_1)
     9    0.054935    0.731237    1.085851    7.650418 v fanout21/X (sky130_fd_sc_hd__clkdlybuf4s25_1)
                                                         net21 (net)
                      0.731237    0.000488    7.650907 v load_slew22/A (sky130_fd_sc_hd__buf_4)
     8    0.045297    0.129832    0.590418    8.241325 v load_slew22/X (sky130_fd_sc_hd__buf_4)
                                                         net22 (net)
                      0.129844    0.001298    8.242622 v _668_/A (sky130_fd_sc_hd__inv_2)
     1    0.003418    0.050008    0.087439    8.330062 ^ _668_/Y (sky130_fd_sc_hd__inv_2)
                                                         _143_ (net)
                      0.050008    0.000021    8.330084 ^ _752_/RESET_B (sky130_fd_sc_hd__dfrtp_2)
                                              8.330084   data arrival time

                                  0.000000    0.000000   clock wb_clk_i (rise edge)
                                  0.000000    0.000000   clock source latency
     2    0.147424    1.063065    0.825174    0.825174 ^ wb_clk_i (in)
                                                         wb_clk_i (net)
                      1.073527    0.000000    0.825174 ^ clkbuf_0_wb_clk_i/A (sky130_fd_sc_hd__clkbuf_16)
    17    0.074001    0.154063    0.676967    1.502141 ^ clkbuf_0_wb_clk_i/X (sky130_fd_sc_hd__clkbuf_16)
                                                         clknet_0_wb_clk_i (net)
                      0.154070    0.001291    1.503433 ^ clkbuf_3_6_0_wb_clk_i/A (sky130_fd_sc_hd__clkbuf_8)
    12    0.036041    0.120291    0.324333    1.827766 ^ clkbuf_3_6_0_wb_clk_i/X (sky130_fd_sc_hd__clkbuf_8)
                                                         clknet_3_6_0_wb_clk_i (net)
                      0.120297    0.000994    1.828759 ^ _752_/CLK (sky130_fd_sc_hd__dfrtp_2)
                                  0.250000    2.078759   clock uncertainty
                                  0.000000    2.078759   clock reconvergence pessimism
                                  0.666469    2.745229   library removal time
                                              2.745229   data required time
---------------------------------------------------------------------------------------------
                                              2.745229   data required time
                                             -8.330084   data arrival time
---------------------------------------------------------------------------------------------
                                              5.584855   slack (MET)


Startpoint: wb_rst_i (input port clocked by wb_clk_i)
Endpoint: _741_ (removal check against rising-edge clock wb_clk_i)
Path Group: asynchronous
Path Type: min

Fanout         Cap        Slew       Delay        Time   Description
---------------------------------------------------------------------------------------------
                                  0.000000    0.000000   clock wb_clk_i (rise edge)
                                  0.000000    0.000000   clock network delay (propagated)
                                  5.000000    5.000000 v input external delay
     2    0.004739    0.026074    0.014555    5.014555 v wb_rst_i (in)
                                                         wb_rst_i (net)
                      0.026074    0.000000    5.014555 v input1/A (sky130_fd_sc_hd__buf_2)
     5    0.123250    0.530592    0.532057    5.546612 v input1/X (sky130_fd_sc_hd__buf_2)
                                                         net1 (net)
                      0.544132    0.063929    5.610541 v fanout25/A (sky130_fd_sc_hd__clkdlybuf4s25_1)
     8    0.040183    0.540400    0.953830    6.564371 v fanout25/X (sky130_fd_sc_hd__clkdlybuf4s25_1)
                                                         net25 (net)
                      0.540400    0.000197    6.564568 v fanout21/A (sky130_fd_sc_hd__clkdlybuf4s25_1)
     9    0.054935    0.731237    1.085851    7.650418 v fanout21/X (sky130_fd_sc_hd__clkdlybuf4s25_1)
                                                         net21 (net)
                      0.731237    0.000488    7.650907 v load_slew22/A (sky130_fd_sc_hd__buf_4)
     8    0.045297    0.129832    0.590418    8.241325 v load_slew22/X (sky130_fd_sc_hd__buf_4)
                                                         net22 (net)
                      0.129835    0.000867    8.242192 v _657_/A (sky130_fd_sc_hd__inv_2)
     1    0.003457    0.050219    0.087689    8.329881 ^ _657_/Y (sky130_fd_sc_hd__inv_2)
                                                         _132_ (net)
                      0.050219    0.000022    8.329904 ^ _741_/RESET_B (sky130_fd_sc_hd__dfrtp_2)
                                              8.329904   data arrival time

                                  0.000000    0.000000   clock wb_clk_i (rise edge)
                                  0.000000    0.000000   clock source latency
     2    0.147424    1.063065    0.825174    0.825174 ^ wb_clk_i (in)
                                                         wb_clk_i (net)
                      1.073527    0.000000    0.825174 ^ clkbuf_0_wb_clk_i/A (sky130_fd_sc_hd__clkbuf_16)
    17    0.074001    0.154063    0.676967    1.502141 ^ clkbuf_0_wb_clk_i/X (sky130_fd_sc_hd__clkbuf_16)
                                                         clknet_0_wb_clk_i (net)
                      0.154070    0.001291    1.503433 ^ clkbuf_3_6_0_wb_clk_i/A (sky130_fd_sc_hd__clkbuf_8)
    12    0.036041    0.120291    0.324333    1.827766 ^ clkbuf_3_6_0_wb_clk_i/X (sky130_fd_sc_hd__clkbuf_8)
                                                         clknet_3_6_0_wb_clk_i (net)
                      0.120292    0.000621    1.828386 ^ _741_/CLK (sky130_fd_sc_hd__dfrtp_2)
                                  0.250000    2.078386   clock uncertainty
                                  0.000000    2.078386   clock reconvergence pessimism
                                  0.666532    2.744918   library removal time
                                              2.744918   data required time
---------------------------------------------------------------------------------------------
                                              2.744918   data required time
                                             -8.329904   data arrival time
---------------------------------------------------------------------------------------------
                                              5.584985   slack (MET)


Startpoint: wb_rst_i (input port clocked by wb_clk_i)
Endpoint: _738_ (removal check against rising-edge clock wb_clk_i)
Path Group: asynchronous
Path Type: min

Fanout         Cap        Slew       Delay        Time   Description
---------------------------------------------------------------------------------------------
                                  0.000000    0.000000   clock wb_clk_i (rise edge)
                                  0.000000    0.000000   clock network delay (propagated)
                                  5.000000    5.000000 v input external delay
     2    0.004739    0.026074    0.014555    5.014555 v wb_rst_i (in)
                                                         wb_rst_i (net)
                      0.026074    0.000000    5.014555 v input1/A (sky130_fd_sc_hd__buf_2)
     5    0.123250    0.530592    0.532057    5.546612 v input1/X (sky130_fd_sc_hd__buf_2)
                                                         net1 (net)
                      0.544132    0.063929    5.610541 v fanout25/A (sky130_fd_sc_hd__clkdlybuf4s25_1)
     8    0.040183    0.540400    0.953830    6.564371 v fanout25/X (sky130_fd_sc_hd__clkdlybuf4s25_1)
                                                         net25 (net)
                      0.540400    0.000197    6.564568 v fanout21/A (sky130_fd_sc_hd__clkdlybuf4s25_1)
     9    0.054935    0.731237    1.085851    7.650418 v fanout21/X (sky130_fd_sc_hd__clkdlybuf4s25_1)
                                                         net21 (net)
                      0.731237    0.000488    7.650907 v load_slew22/A (sky130_fd_sc_hd__buf_4)
     8    0.045297    0.129832    0.590418    8.241325 v load_slew22/X (sky130_fd_sc_hd__buf_4)
                                                         net22 (net)
                      0.129844    0.001290    8.242615 v _654_/A (sky130_fd_sc_hd__inv_2)
     1    0.003536    0.050645    0.088197    8.330812 ^ _654_/Y (sky130_fd_sc_hd__inv_2)
                                                         _129_ (net)
                      0.050645    0.000023    8.330835 ^ _738_/RESET_B (sky130_fd_sc_hd__dfrtp_2)
                                              8.330835   data arrival time

                                  0.000000    0.000000   clock wb_clk_i (rise edge)
                                  0.000000    0.000000   clock source latency
     2    0.147424    1.063065    0.825174    0.825174 ^ wb_clk_i (in)
                                                         wb_clk_i (net)
                      1.073527    0.000000    0.825174 ^ clkbuf_0_wb_clk_i/A (sky130_fd_sc_hd__clkbuf_16)
    17    0.074001    0.154063    0.676967    1.502141 ^ clkbuf_0_wb_clk_i/X (sky130_fd_sc_hd__clkbuf_16)
                                                         clknet_0_wb_clk_i (net)
                      0.154070    0.001291    1.503433 ^ clkbuf_3_6_0_wb_clk_i/A (sky130_fd_sc_hd__clkbuf_8)
    12    0.036041    0.120291    0.324333    1.827766 ^ clkbuf_3_6_0_wb_clk_i/X (sky130_fd_sc_hd__clkbuf_8)
                                                         clknet_3_6_0_wb_clk_i (net)
                      0.120291    0.000505    1.828271 ^ _738_/CLK (sky130_fd_sc_hd__dfrtp_2)
                                  0.250000    2.078271   clock uncertainty
                                  0.000000    2.078271   clock reconvergence pessimism
                                  0.666662    2.744933   library removal time
                                              2.744933   data required time
---------------------------------------------------------------------------------------------
                                              2.744933   data required time
                                             -8.330835   data arrival time
---------------------------------------------------------------------------------------------
                                              5.585902   slack (MET)


Startpoint: wb_rst_i (input port clocked by wb_clk_i)
Endpoint: _751_ (removal check against rising-edge clock wb_clk_i)
Path Group: asynchronous
Path Type: min

Fanout         Cap        Slew       Delay        Time   Description
---------------------------------------------------------------------------------------------
                                  0.000000    0.000000   clock wb_clk_i (rise edge)
                                  0.000000    0.000000   clock network delay (propagated)
                                  5.000000    5.000000 v input external delay
     2    0.004739    0.026074    0.014555    5.014555 v wb_rst_i (in)
                                                         wb_rst_i (net)
                      0.026074    0.000000    5.014555 v input1/A (sky130_fd_sc_hd__buf_2)
     5    0.123250    0.530592    0.532057    5.546612 v input1/X (sky130_fd_sc_hd__buf_2)
                                                         net1 (net)
                      0.544132    0.063929    5.610541 v fanout25/A (sky130_fd_sc_hd__clkdlybuf4s25_1)
     8    0.040183    0.540400    0.953830    6.564371 v fanout25/X (sky130_fd_sc_hd__clkdlybuf4s25_1)
                                                         net25 (net)
                      0.540400    0.000197    6.564568 v fanout21/A (sky130_fd_sc_hd__clkdlybuf4s25_1)
     9    0.054935    0.731237    1.085851    7.650418 v fanout21/X (sky130_fd_sc_hd__clkdlybuf4s25_1)
                                                         net21 (net)
                      0.731237    0.000488    7.650907 v load_slew22/A (sky130_fd_sc_hd__buf_4)
     8    0.045297    0.129832    0.590418    8.241325 v load_slew22/X (sky130_fd_sc_hd__buf_4)
                                                         net22 (net)
                      0.129844    0.001291    8.242616 v _667_/A (sky130_fd_sc_hd__inv_2)
     1    0.003723    0.053492    0.089395    8.332011 ^ _667_/Y (sky130_fd_sc_hd__inv_2)
                                                         _142_ (net)
                      0.053492    0.000012    8.332024 ^ _751_/RESET_B (sky130_fd_sc_hd__dfrtp_2)
                                              8.332024   data arrival time

                                  0.000000    0.000000   clock wb_clk_i (rise edge)
                                  0.000000    0.000000   clock source latency
     2    0.147424    1.063065    0.825174    0.825174 ^ wb_clk_i (in)
                                                         wb_clk_i (net)
                      1.073527    0.000000    0.825174 ^ clkbuf_0_wb_clk_i/A (sky130_fd_sc_hd__clkbuf_16)
    17    0.074001    0.154063    0.676967    1.502141 ^ clkbuf_0_wb_clk_i/X (sky130_fd_sc_hd__clkbuf_16)
                                                         clknet_0_wb_clk_i (net)
                      0.154070    0.001291    1.503433 ^ clkbuf_3_6_0_wb_clk_i/A (sky130_fd_sc_hd__clkbuf_8)
    12    0.036041    0.120291    0.324333    1.827766 ^ clkbuf_3_6_0_wb_clk_i/X (sky130_fd_sc_hd__clkbuf_8)
                                                         clknet_3_6_0_wb_clk_i (net)
                      0.120292    0.000684    1.828450 ^ _751_/CLK (sky130_fd_sc_hd__dfrtp_2)
                                  0.250000    2.078450   clock uncertainty
                                  0.000000    2.078450   clock reconvergence pessimism
                                  0.667535    2.745985   library removal time
                                              2.745985   data required time
---------------------------------------------------------------------------------------------
                                              2.745985   data required time
                                             -8.332024   data arrival time
---------------------------------------------------------------------------------------------
                                              5.586039   slack (MET)


Startpoint: wb_rst_i (input port clocked by wb_clk_i)
Endpoint: _733_ (removal check against rising-edge clock wb_clk_i)
Path Group: asynchronous
Path Type: min

Fanout         Cap        Slew       Delay        Time   Description
---------------------------------------------------------------------------------------------
                                  0.000000    0.000000   clock wb_clk_i (rise edge)
                                  0.000000    0.000000   clock network delay (propagated)
                                  5.000000    5.000000 v input external delay
     2    0.004739    0.026074    0.014555    5.014555 v wb_rst_i (in)
                                                         wb_rst_i (net)
                      0.026074    0.000000    5.014555 v input1/A (sky130_fd_sc_hd__buf_2)
     5    0.123250    0.530592    0.532057    5.546612 v input1/X (sky130_fd_sc_hd__buf_2)
                                                         net1 (net)
                      0.544132    0.063929    5.610541 v fanout25/A (sky130_fd_sc_hd__clkdlybuf4s25_1)
     8    0.040183    0.540400    0.953830    6.564371 v fanout25/X (sky130_fd_sc_hd__clkdlybuf4s25_1)
                                                         net25 (net)
                      0.540400    0.000197    6.564568 v fanout21/A (sky130_fd_sc_hd__clkdlybuf4s25_1)
     9    0.054935    0.731237    1.085851    7.650418 v fanout21/X (sky130_fd_sc_hd__clkdlybuf4s25_1)
                                                         net21 (net)
                      0.731237    0.000488    7.650907 v load_slew22/A (sky130_fd_sc_hd__buf_4)
     8    0.045297    0.129832    0.590418    8.241325 v load_slew22/X (sky130_fd_sc_hd__buf_4)
                                                         net22 (net)
                      0.129856    0.001660    8.242985 v _649_/A (sky130_fd_sc_hd__inv_2)
     1    0.003526    0.050592    0.088135    8.331120 ^ _649_/Y (sky130_fd_sc_hd__inv_2)
                                                         _124_ (net)
                      0.050592    0.000024    8.331144 ^ _733_/RESET_B (sky130_fd_sc_hd__dfrtp_2)
                                              8.331144   data arrival time

                                  0.000000    0.000000   clock wb_clk_i (rise edge)
                                  0.000000    0.000000   clock source latency
     2    0.147424    1.063065    0.825174    0.825174 ^ wb_clk_i (in)
                                                         wb_clk_i (net)
                      1.073527    0.000000    0.825174 ^ clkbuf_0_wb_clk_i/A (sky130_fd_sc_hd__clkbuf_16)
    17    0.074001    0.154063    0.676967    1.502141 ^ clkbuf_0_wb_clk_i/X (sky130_fd_sc_hd__clkbuf_16)
                                                         clknet_0_wb_clk_i (net)
                      0.154070    0.001291    1.503433 ^ clkbuf_3_6_0_wb_clk_i/A (sky130_fd_sc_hd__clkbuf_8)
    12    0.036041    0.120291    0.324333    1.827766 ^ clkbuf_3_6_0_wb_clk_i/X (sky130_fd_sc_hd__clkbuf_8)
                                                         clknet_3_6_0_wb_clk_i (net)
                      0.120291    0.000304    1.828069 ^ _733_/CLK (sky130_fd_sc_hd__dfrtp_2)
                                  0.250000    2.078069   clock uncertainty
                                  0.000000    2.078069   clock reconvergence pessimism
                                  0.666646    2.744716   library removal time
                                              2.744716   data required time
---------------------------------------------------------------------------------------------
                                              2.744716   data required time
                                             -8.331144   data arrival time
---------------------------------------------------------------------------------------------
                                              5.586428   slack (MET)


Startpoint: wb_rst_i (input port clocked by wb_clk_i)
Endpoint: _732_ (removal check against rising-edge clock wb_clk_i)
Path Group: asynchronous
Path Type: min

Fanout         Cap        Slew       Delay        Time   Description
---------------------------------------------------------------------------------------------
                                  0.000000    0.000000   clock wb_clk_i (rise edge)
                                  0.000000    0.000000   clock network delay (propagated)
                                  5.000000    5.000000 v input external delay
     2    0.004739    0.026074    0.014555    5.014555 v wb_rst_i (in)
                                                         wb_rst_i (net)
                      0.026074    0.000000    5.014555 v input1/A (sky130_fd_sc_hd__buf_2)
     5    0.123250    0.530592    0.532057    5.546612 v input1/X (sky130_fd_sc_hd__buf_2)
                                                         net1 (net)
                      0.544132    0.063929    5.610541 v fanout25/A (sky130_fd_sc_hd__clkdlybuf4s25_1)
     8    0.040183    0.540400    0.953830    6.564371 v fanout25/X (sky130_fd_sc_hd__clkdlybuf4s25_1)
                                                         net25 (net)
                      0.540400    0.000197    6.564568 v fanout21/A (sky130_fd_sc_hd__clkdlybuf4s25_1)
     9    0.054935    0.731237    1.085851    7.650418 v fanout21/X (sky130_fd_sc_hd__clkdlybuf4s25_1)
                                                         net21 (net)
                      0.731237    0.000488    7.650907 v load_slew22/A (sky130_fd_sc_hd__buf_4)
     8    0.045297    0.129832    0.590418    8.241325 v load_slew22/X (sky130_fd_sc_hd__buf_4)
                                                         net22 (net)
                      0.129852    0.001569    8.242894 v _648_/A (sky130_fd_sc_hd__inv_2)
     1    0.003665    0.051343    0.089019    8.331914 ^ _648_/Y (sky130_fd_sc_hd__inv_2)
                                                         _123_ (net)
                      0.051343    0.000027    8.331941 ^ _732_/RESET_B (sky130_fd_sc_hd__dfrtp_2)
                                              8.331941   data arrival time

                                  0.000000    0.000000   clock wb_clk_i (rise edge)
                                  0.000000    0.000000   clock source latency
     2    0.147424    1.063065    0.825174    0.825174 ^ wb_clk_i (in)
                                                         wb_clk_i (net)
                      1.073527    0.000000    0.825174 ^ clkbuf_0_wb_clk_i/A (sky130_fd_sc_hd__clkbuf_16)
    17    0.074001    0.154063    0.676967    1.502141 ^ clkbuf_0_wb_clk_i/X (sky130_fd_sc_hd__clkbuf_16)
                                                         clknet_0_wb_clk_i (net)
                      0.154070    0.001291    1.503433 ^ clkbuf_3_6_0_wb_clk_i/A (sky130_fd_sc_hd__clkbuf_8)
    12    0.036041    0.120291    0.324333    1.827766 ^ clkbuf_3_6_0_wb_clk_i/X (sky130_fd_sc_hd__clkbuf_8)
                                                         clknet_3_6_0_wb_clk_i (net)
                      0.120291    0.000195    1.827961 ^ _732_/CLK (sky130_fd_sc_hd__dfrtp_2)
                                  0.250000    2.077960   clock uncertainty
                                  0.000000    2.077960   clock reconvergence pessimism
                                  0.666876    2.744837   library removal time
                                              2.744837   data required time
---------------------------------------------------------------------------------------------
                                              2.744837   data required time
                                             -8.331941   data arrival time
---------------------------------------------------------------------------------------------
                                              5.587104   slack (MET)


Startpoint: wb_rst_i (input port clocked by wb_clk_i)
Endpoint: _731_ (removal check against rising-edge clock wb_clk_i)
Path Group: asynchronous
Path Type: min

Fanout         Cap        Slew       Delay        Time   Description
---------------------------------------------------------------------------------------------
                                  0.000000    0.000000   clock wb_clk_i (rise edge)
                                  0.000000    0.000000   clock network delay (propagated)
                                  5.000000    5.000000 v input external delay
     2    0.004739    0.026074    0.014555    5.014555 v wb_rst_i (in)
                                                         wb_rst_i (net)
                      0.026074    0.000000    5.014555 v input1/A (sky130_fd_sc_hd__buf_2)
     5    0.123250    0.530592    0.532057    5.546612 v input1/X (sky130_fd_sc_hd__buf_2)
                                                         net1 (net)
                      0.544132    0.063929    5.610541 v fanout25/A (sky130_fd_sc_hd__clkdlybuf4s25_1)
     8    0.040183    0.540400    0.953830    6.564371 v fanout25/X (sky130_fd_sc_hd__clkdlybuf4s25_1)
                                                         net25 (net)
                      0.540400    0.000197    6.564568 v fanout21/A (sky130_fd_sc_hd__clkdlybuf4s25_1)
     9    0.054935    0.731237    1.085851    7.650418 v fanout21/X (sky130_fd_sc_hd__clkdlybuf4s25_1)
                                                         net21 (net)
                      0.731237    0.000488    7.650907 v load_slew22/A (sky130_fd_sc_hd__buf_4)
     8    0.045297    0.129832    0.590418    8.241325 v load_slew22/X (sky130_fd_sc_hd__buf_4)
                                                         net22 (net)
                      0.129851    0.001522    8.242847 v _647_/A (sky130_fd_sc_hd__inv_2)
     1    0.003829    0.052251    0.090062    8.332910 ^ _647_/Y (sky130_fd_sc_hd__inv_2)
                                                         _122_ (net)
                      0.052251    0.000030    8.332940 ^ _731_/RESET_B (sky130_fd_sc_hd__dfrtp_2)
                                              8.332940   data arrival time

                                  0.000000    0.000000   clock wb_clk_i (rise edge)
                                  0.000000    0.000000   clock source latency
     2    0.147424    1.063065    0.825174    0.825174 ^ wb_clk_i (in)
                                                         wb_clk_i (net)
                      1.073527    0.000000    0.825174 ^ clkbuf_0_wb_clk_i/A (sky130_fd_sc_hd__clkbuf_16)
    17    0.074001    0.154063    0.676967    1.502141 ^ clkbuf_0_wb_clk_i/X (sky130_fd_sc_hd__clkbuf_16)
                                                         clknet_0_wb_clk_i (net)
                      0.154070    0.001291    1.503433 ^ clkbuf_3_6_0_wb_clk_i/A (sky130_fd_sc_hd__clkbuf_8)
    12    0.036041    0.120291    0.324333    1.827766 ^ clkbuf_3_6_0_wb_clk_i/X (sky130_fd_sc_hd__clkbuf_8)
                                                         clknet_3_6_0_wb_clk_i (net)
                      0.120291    0.000091    1.827857 ^ _731_/CLK (sky130_fd_sc_hd__dfrtp_2)
                                  0.250000    2.077857   clock uncertainty
                                  0.000000    2.077857   clock reconvergence pessimism
                                  0.667155    2.745011   library removal time
                                              2.745011   data required time
---------------------------------------------------------------------------------------------
                                              2.745011   data required time
                                             -8.332940   data arrival time
---------------------------------------------------------------------------------------------
                                              5.587928   slack (MET)


Startpoint: wb_rst_i (input port clocked by wb_clk_i)
Endpoint: _686_ (removal check against rising-edge clock wb_clk_i)
Path Group: asynchronous
Path Type: min

Fanout         Cap        Slew       Delay        Time   Description
---------------------------------------------------------------------------------------------
                                  0.000000    0.000000   clock wb_clk_i (rise edge)
                                  0.000000    0.000000   clock network delay (propagated)
                                  5.000000    5.000000 v input external delay
     2    0.004739    0.026074    0.014555    5.014555 v wb_rst_i (in)
                                                         wb_rst_i (net)
                      0.026074    0.000000    5.014555 v input1/A (sky130_fd_sc_hd__buf_2)
     5    0.123250    0.530592    0.532057    5.546612 v input1/X (sky130_fd_sc_hd__buf_2)
                                                         net1 (net)
                      0.544132    0.063929    5.610541 v fanout25/A (sky130_fd_sc_hd__clkdlybuf4s25_1)
     8    0.040183    0.540400    0.953830    6.564371 v fanout25/X (sky130_fd_sc_hd__clkdlybuf4s25_1)
                                                         net25 (net)
                      0.540400    0.001299    6.565670 v load_slew26/A (sky130_fd_sc_hd__buf_4)
    15    0.057906    0.151517    0.537638    7.103308 v load_slew26/X (sky130_fd_sc_hd__buf_4)
                                                         net26 (net)
                      0.151534    0.001618    7.104926 v fanout23/A (sky130_fd_sc_hd__clkdlybuf4s25_1)
     7    0.042969    0.575437    0.843106    7.948032 v fanout23/X (sky130_fd_sc_hd__clkdlybuf4s25_1)
                                                         net23 (net)
                      0.575437    0.000446    7.948478 v wire24/A (sky130_fd_sc_hd__buf_4)
    10    0.052802    0.141428    0.546538    8.495015 v wire24/X (sky130_fd_sc_hd__buf_4)
                                                         net24 (net)
                      0.141429    0.000683    8.495699 v _602_/A (sky130_fd_sc_hd__inv_2)
     1    0.003632    0.053492    0.092811    8.588510 ^ _602_/Y (sky130_fd_sc_hd__inv_2)
                                                         _077_ (net)
                      0.053492    0.000027    8.588536 ^ _686_/RESET_B (sky130_fd_sc_hd__dfrtp_2)
                                              8.588536   data arrival time

                                  0.000000    0.000000   clock wb_clk_i (rise edge)
                                  0.000000    0.000000   clock source latency
     2    0.147424    1.063065    0.825174    0.825174 ^ wb_clk_i (in)
                                                         wb_clk_i (net)
                      1.073527    0.000000    0.825174 ^ clkbuf_0_wb_clk_i/A (sky130_fd_sc_hd__clkbuf_16)
    17    0.074001    0.154063    0.676967    1.502141 ^ clkbuf_0_wb_clk_i/X (sky130_fd_sc_hd__clkbuf_16)
                                                         clknet_0_wb_clk_i (net)
                      0.154096    0.002254    1.504396 ^ clkbuf_3_5_0_wb_clk_i/A (sky130_fd_sc_hd__clkbuf_8)
    11    0.036399    0.121134    0.325170    1.829566 ^ clkbuf_3_5_0_wb_clk_i/X (sky130_fd_sc_hd__clkbuf_8)
                                                         clknet_3_5_0_wb_clk_i (net)
                      0.121134    0.000229    1.829795 ^ _686_/CLK (sky130_fd_sc_hd__dfrtp_2)
                                  0.250000    2.079795   clock uncertainty
                                  0.000000    2.079795   clock reconvergence pessimism
                                  0.667789    2.747584   library removal time
                                              2.747584   data required time
---------------------------------------------------------------------------------------------
                                              2.747584   data required time
                                             -8.588536   data arrival time
---------------------------------------------------------------------------------------------
                                              5.840952   slack (MET)


Startpoint: wb_rst_i (input port clocked by wb_clk_i)
Endpoint: _735_ (removal check against rising-edge clock wb_clk_i)
Path Group: asynchronous
Path Type: min

Fanout         Cap        Slew       Delay        Time   Description
---------------------------------------------------------------------------------------------
                                  0.000000    0.000000   clock wb_clk_i (rise edge)
                                  0.000000    0.000000   clock network delay (propagated)
                                  5.000000    5.000000 v input external delay
     2    0.004739    0.026074    0.014555    5.014555 v wb_rst_i (in)
                                                         wb_rst_i (net)
                      0.026074    0.000000    5.014555 v input1/A (sky130_fd_sc_hd__buf_2)
     5    0.123250    0.530592    0.532057    5.546612 v input1/X (sky130_fd_sc_hd__buf_2)
                                                         net1 (net)
                      0.544132    0.063929    5.610541 v fanout25/A (sky130_fd_sc_hd__clkdlybuf4s25_1)
     8    0.040183    0.540400    0.953830    6.564371 v fanout25/X (sky130_fd_sc_hd__clkdlybuf4s25_1)
                                                         net25 (net)
                      0.540400    0.001299    6.565670 v load_slew26/A (sky130_fd_sc_hd__buf_4)
    15    0.057906    0.151517    0.537638    7.103308 v load_slew26/X (sky130_fd_sc_hd__buf_4)
                                                         net26 (net)
                      0.151534    0.001618    7.104926 v fanout23/A (sky130_fd_sc_hd__clkdlybuf4s25_1)
     7    0.042969    0.575437    0.843106    7.948032 v fanout23/X (sky130_fd_sc_hd__clkdlybuf4s25_1)
                                                         net23 (net)
                      0.575437    0.000446    7.948478 v wire24/A (sky130_fd_sc_hd__buf_4)
    10    0.052802    0.141428    0.546538    8.495015 v wire24/X (sky130_fd_sc_hd__buf_4)
                                                         net24 (net)
                      0.141428    0.000163    8.495178 v _651_/A (sky130_fd_sc_hd__inv_2)
     1    0.003806    0.054466    0.093982    8.589160 ^ _651_/Y (sky130_fd_sc_hd__inv_2)
                                                         _126_ (net)
                      0.054466    0.000030    8.589190 ^ _735_/RESET_B (sky130_fd_sc_hd__dfrtp_2)
                                              8.589190   data arrival time

                                  0.000000    0.000000   clock wb_clk_i (rise edge)
                                  0.000000    0.000000   clock source latency
     2    0.147424    1.063065    0.825174    0.825174 ^ wb_clk_i (in)
                                                         wb_clk_i (net)
                      1.073527    0.000000    0.825174 ^ clkbuf_0_wb_clk_i/A (sky130_fd_sc_hd__clkbuf_16)
    17    0.074001    0.154063    0.676967    1.502141 ^ clkbuf_0_wb_clk_i/X (sky130_fd_sc_hd__clkbuf_16)
                                                         clknet_0_wb_clk_i (net)
                      0.154096    0.002254    1.504396 ^ clkbuf_3_5_0_wb_clk_i/A (sky130_fd_sc_hd__clkbuf_8)
    11    0.036399    0.121134    0.325170    1.829566 ^ clkbuf_3_5_0_wb_clk_i/X (sky130_fd_sc_hd__clkbuf_8)
                                                         clknet_3_5_0_wb_clk_i (net)
                      0.121134    0.000303    1.829869 ^ _735_/CLK (sky130_fd_sc_hd__dfrtp_2)
                                  0.250000    2.079869   clock uncertainty
                                  0.000000    2.079869   clock reconvergence pessimism
                                  0.668087    2.747956   library removal time
                                              2.747956   data required time
---------------------------------------------------------------------------------------------
                                              2.747956   data required time
                                             -8.589190   data arrival time
---------------------------------------------------------------------------------------------
                                              5.841233   slack (MET)


Startpoint: wb_rst_i (input port clocked by wb_clk_i)
Endpoint: _687_ (removal check against rising-edge clock wb_clk_i)
Path Group: asynchronous
Path Type: min

Fanout         Cap        Slew       Delay        Time   Description
---------------------------------------------------------------------------------------------
                                  0.000000    0.000000   clock wb_clk_i (rise edge)
                                  0.000000    0.000000   clock network delay (propagated)
                                  5.000000    5.000000 v input external delay
     2    0.004739    0.026074    0.014555    5.014555 v wb_rst_i (in)
                                                         wb_rst_i (net)
                      0.026074    0.000000    5.014555 v input1/A (sky130_fd_sc_hd__buf_2)
     5    0.123250    0.530592    0.532057    5.546612 v input1/X (sky130_fd_sc_hd__buf_2)
                                                         net1 (net)
                      0.544132    0.063929    5.610541 v fanout25/A (sky130_fd_sc_hd__clkdlybuf4s25_1)
     8    0.040183    0.540400    0.953830    6.564371 v fanout25/X (sky130_fd_sc_hd__clkdlybuf4s25_1)
                                                         net25 (net)
                      0.540400    0.001299    6.565670 v load_slew26/A (sky130_fd_sc_hd__buf_4)
    15    0.057906    0.151517    0.537638    7.103308 v load_slew26/X (sky130_fd_sc_hd__buf_4)
                                                         net26 (net)
                      0.151534    0.001618    7.104926 v fanout23/A (sky130_fd_sc_hd__clkdlybuf4s25_1)
     7    0.042969    0.575437    0.843106    7.948032 v fanout23/X (sky130_fd_sc_hd__clkdlybuf4s25_1)
                                                         net23 (net)
                      0.575437    0.000446    7.948478 v wire24/A (sky130_fd_sc_hd__buf_4)
    10    0.052802    0.141428    0.546538    8.495015 v wire24/X (sky130_fd_sc_hd__buf_4)
                                                         net24 (net)
                      0.141428    0.000463    8.495479 v _603_/A (sky130_fd_sc_hd__inv_2)
     1    0.004229    0.056908    0.096815    8.592294 ^ _603_/Y (sky130_fd_sc_hd__inv_2)
                                                         _078_ (net)
                      0.056908    0.000039    8.592333 ^ _687_/RESET_B (sky130_fd_sc_hd__dfrtp_2)
                                              8.592333   data arrival time

                                  0.000000    0.000000   clock wb_clk_i (rise edge)
                                  0.000000    0.000000   clock source latency
     2    0.147424    1.063065    0.825174    0.825174 ^ wb_clk_i (in)
                                                         wb_clk_i (net)
                      1.073527    0.000000    0.825174 ^ clkbuf_0_wb_clk_i/A (sky130_fd_sc_hd__clkbuf_16)
    17    0.074001    0.154063    0.676967    1.502141 ^ clkbuf_0_wb_clk_i/X (sky130_fd_sc_hd__clkbuf_16)
                                                         clknet_0_wb_clk_i (net)
                      0.154096    0.002254    1.504396 ^ clkbuf_3_5_0_wb_clk_i/A (sky130_fd_sc_hd__clkbuf_8)
    11    0.036399    0.121134    0.325170    1.829566 ^ clkbuf_3_5_0_wb_clk_i/X (sky130_fd_sc_hd__clkbuf_8)
                                                         clknet_3_5_0_wb_clk_i (net)
                      0.121134    0.000257    1.829823 ^ _687_/CLK (sky130_fd_sc_hd__dfrtp_2)
                                  0.250000    2.079823   clock uncertainty
                                  0.000000    2.079823   clock reconvergence pessimism
                                  0.668836    2.748659   library removal time
                                              2.748659   data required time
---------------------------------------------------------------------------------------------
                                              2.748659   data required time
                                             -8.592333   data arrival time
---------------------------------------------------------------------------------------------
                                              5.843673   slack (MET)


Startpoint: wb_rst_i (input port clocked by wb_clk_i)
Endpoint: _730_ (removal check against rising-edge clock wb_clk_i)
Path Group: asynchronous
Path Type: min

Fanout         Cap        Slew       Delay        Time   Description
---------------------------------------------------------------------------------------------
                                  0.000000    0.000000   clock wb_clk_i (rise edge)
                                  0.000000    0.000000   clock network delay (propagated)
                                  5.000000    5.000000 v input external delay
     2    0.004739    0.026074    0.014555    5.014555 v wb_rst_i (in)
                                                         wb_rst_i (net)
                      0.026074    0.000000    5.014555 v input1/A (sky130_fd_sc_hd__buf_2)
     5    0.123250    0.530592    0.532057    5.546612 v input1/X (sky130_fd_sc_hd__buf_2)
                                                         net1 (net)
                      0.544132    0.063929    5.610541 v fanout25/A (sky130_fd_sc_hd__clkdlybuf4s25_1)
     8    0.040183    0.540400    0.953830    6.564371 v fanout25/X (sky130_fd_sc_hd__clkdlybuf4s25_1)
                                                         net25 (net)
                      0.540400    0.001299    6.565670 v load_slew26/A (sky130_fd_sc_hd__buf_4)
    15    0.057906    0.151517    0.537638    7.103308 v load_slew26/X (sky130_fd_sc_hd__buf_4)
                                                         net26 (net)
                      0.151534    0.001618    7.104926 v fanout23/A (sky130_fd_sc_hd__clkdlybuf4s25_1)
     7    0.042969    0.575437    0.843106    7.948032 v fanout23/X (sky130_fd_sc_hd__clkdlybuf4s25_1)
                                                         net23 (net)
                      0.575437    0.000446    7.948478 v wire24/A (sky130_fd_sc_hd__buf_4)
    10    0.052802    0.141428    0.546538    8.495015 v wire24/X (sky130_fd_sc_hd__buf_4)
                                                         net24 (net)
                      0.141428    0.000393    8.495408 v _646_/A (sky130_fd_sc_hd__inv_2)
     1    0.003472    0.052628    0.091741    8.587149 ^ _646_/Y (sky130_fd_sc_hd__inv_2)
                                                         _121_ (net)
                      0.052628    0.000023    8.587173 ^ _730_/RESET_B (sky130_fd_sc_hd__dfrtp_2)
                                              8.587173   data arrival time

                                  0.000000    0.000000   clock wb_clk_i (rise edge)
                                  0.000000    0.000000   clock source latency
     2    0.147424    1.063065    0.825174    0.825174 ^ wb_clk_i (in)
                                                         wb_clk_i (net)
                      1.073527    0.000000    0.825174 ^ clkbuf_0_wb_clk_i/A (sky130_fd_sc_hd__clkbuf_16)
    17    0.074001    0.154063    0.676967    1.502141 ^ clkbuf_0_wb_clk_i/X (sky130_fd_sc_hd__clkbuf_16)
                                                         clknet_0_wb_clk_i (net)
                      0.154090    0.002109    1.504251 ^ clkbuf_3_7_0_wb_clk_i/A (sky130_fd_sc_hd__clkbuf_8)
    12    0.034773    0.117264    0.321941    1.826191 ^ clkbuf_3_7_0_wb_clk_i/X (sky130_fd_sc_hd__clkbuf_8)
                                                         clknet_3_7_0_wb_clk_i (net)
                      0.117264    0.000436    1.826627 ^ _730_/CLK (sky130_fd_sc_hd__dfrtp_2)
                                  0.250000    2.076627   clock uncertainty
                                  0.000000    2.076627   clock reconvergence pessimism
                                  0.666356    2.742983   library removal time
                                              2.742983   data required time
---------------------------------------------------------------------------------------------
                                              2.742983   data required time
                                             -8.587173   data arrival time
---------------------------------------------------------------------------------------------
                                              5.844189   slack (MET)


Startpoint: wb_rst_i (input port clocked by wb_clk_i)
Endpoint: _727_ (removal check against rising-edge clock wb_clk_i)
Path Group: asynchronous
Path Type: min

Fanout         Cap        Slew       Delay        Time   Description
---------------------------------------------------------------------------------------------
                                  0.000000    0.000000   clock wb_clk_i (rise edge)
                                  0.000000    0.000000   clock network delay (propagated)
                                  5.000000    5.000000 v input external delay
     2    0.004739    0.026074    0.014555    5.014555 v wb_rst_i (in)
                                                         wb_rst_i (net)
                      0.026074    0.000000    5.014555 v input1/A (sky130_fd_sc_hd__buf_2)
     5    0.123250    0.530592    0.532057    5.546612 v input1/X (sky130_fd_sc_hd__buf_2)
                                                         net1 (net)
                      0.544132    0.063929    5.610541 v fanout25/A (sky130_fd_sc_hd__clkdlybuf4s25_1)
     8    0.040183    0.540400    0.953830    6.564371 v fanout25/X (sky130_fd_sc_hd__clkdlybuf4s25_1)
                                                         net25 (net)
                      0.540400    0.001299    6.565670 v load_slew26/A (sky130_fd_sc_hd__buf_4)
    15    0.057906    0.151517    0.537638    7.103308 v load_slew26/X (sky130_fd_sc_hd__buf_4)
                                                         net26 (net)
                      0.151534    0.001618    7.104926 v fanout23/A (sky130_fd_sc_hd__clkdlybuf4s25_1)
     7    0.042969    0.575437    0.843106    7.948032 v fanout23/X (sky130_fd_sc_hd__clkdlybuf4s25_1)
                                                         net23 (net)
                      0.575437    0.000446    7.948478 v wire24/A (sky130_fd_sc_hd__buf_4)
    10    0.052802    0.141428    0.546538    8.495015 v wire24/X (sky130_fd_sc_hd__buf_4)
                                                         net24 (net)
                      0.141428    0.000466    8.495481 v _643_/A (sky130_fd_sc_hd__inv_2)
     1    0.003635    0.053512    0.092835    8.588317 ^ _643_/Y (sky130_fd_sc_hd__inv_2)
                                                         _118_ (net)
                      0.053512    0.000027    8.588344 ^ _727_/RESET_B (sky130_fd_sc_hd__dfrtp_2)
                                              8.588344   data arrival time

                                  0.000000    0.000000   clock wb_clk_i (rise edge)
                                  0.000000    0.000000   clock source latency
     2    0.147424    1.063065    0.825174    0.825174 ^ wb_clk_i (in)
                                                         wb_clk_i (net)
                      1.073527    0.000000    0.825174 ^ clkbuf_0_wb_clk_i/A (sky130_fd_sc_hd__clkbuf_16)
    17    0.074001    0.154063    0.676967    1.502141 ^ clkbuf_0_wb_clk_i/X (sky130_fd_sc_hd__clkbuf_16)
                                                         clknet_0_wb_clk_i (net)
                      0.154090    0.002109    1.504251 ^ clkbuf_3_7_0_wb_clk_i/A (sky130_fd_sc_hd__clkbuf_8)
    12    0.034773    0.117264    0.321941    1.826191 ^ clkbuf_3_7_0_wb_clk_i/X (sky130_fd_sc_hd__clkbuf_8)
                                                         clknet_3_7_0_wb_clk_i (net)
                      0.117264    0.000507    1.826698 ^ _727_/CLK (sky130_fd_sc_hd__dfrtp_2)
                                  0.250000    2.076699   clock uncertainty
                                  0.000000    2.076699   clock reconvergence pessimism
                                  0.666627    2.743325   library removal time
                                              2.743325   data required time
---------------------------------------------------------------------------------------------
                                              2.743325   data required time
                                             -8.588344   data arrival time
---------------------------------------------------------------------------------------------
                                              5.845018   slack (MET)


Startpoint: wb_rst_i (input port clocked by wb_clk_i)
Endpoint: _728_ (removal check against rising-edge clock wb_clk_i)
Path Group: asynchronous
Path Type: min

Fanout         Cap        Slew       Delay        Time   Description
---------------------------------------------------------------------------------------------
                                  0.000000    0.000000   clock wb_clk_i (rise edge)
                                  0.000000    0.000000   clock network delay (propagated)
                                  5.000000    5.000000 v input external delay
     2    0.004739    0.026074    0.014555    5.014555 v wb_rst_i (in)
                                                         wb_rst_i (net)
                      0.026074    0.000000    5.014555 v input1/A (sky130_fd_sc_hd__buf_2)
     5    0.123250    0.530592    0.532057    5.546612 v input1/X (sky130_fd_sc_hd__buf_2)
                                                         net1 (net)
                      0.544132    0.063929    5.610541 v fanout25/A (sky130_fd_sc_hd__clkdlybuf4s25_1)
     8    0.040183    0.540400    0.953830    6.564371 v fanout25/X (sky130_fd_sc_hd__clkdlybuf4s25_1)
                                                         net25 (net)
                      0.540400    0.001299    6.565670 v load_slew26/A (sky130_fd_sc_hd__buf_4)
    15    0.057906    0.151517    0.537638    7.103308 v load_slew26/X (sky130_fd_sc_hd__buf_4)
                                                         net26 (net)
                      0.151534    0.001618    7.104926 v fanout23/A (sky130_fd_sc_hd__clkdlybuf4s25_1)
     7    0.042969    0.575437    0.843106    7.948032 v fanout23/X (sky130_fd_sc_hd__clkdlybuf4s25_1)
                                                         net23 (net)
                      0.575437    0.000446    7.948478 v wire24/A (sky130_fd_sc_hd__buf_4)
    10    0.052802    0.141428    0.546538    8.495015 v wire24/X (sky130_fd_sc_hd__buf_4)
                                                         net24 (net)
                      0.141431    0.000857    8.495872 v _644_/A (sky130_fd_sc_hd__inv_2)
     1    0.003556    0.053079    0.092305    8.588178 ^ _644_/Y (sky130_fd_sc_hd__inv_2)
                                                         _119_ (net)
                      0.053079    0.000024    8.588202 ^ _728_/RESET_B (sky130_fd_sc_hd__dfrtp_2)
                                              8.588202   data arrival time

                                  0.000000    0.000000   clock wb_clk_i (rise edge)
                                  0.000000    0.000000   clock source latency
     2    0.147424    1.063065    0.825174    0.825174 ^ wb_clk_i (in)
                                                         wb_clk_i (net)
                      1.073527    0.000000    0.825174 ^ clkbuf_0_wb_clk_i/A (sky130_fd_sc_hd__clkbuf_16)
    17    0.074001    0.154063    0.676967    1.502141 ^ clkbuf_0_wb_clk_i/X (sky130_fd_sc_hd__clkbuf_16)
                                                         clknet_0_wb_clk_i (net)
                      0.154090    0.002109    1.504251 ^ clkbuf_3_7_0_wb_clk_i/A (sky130_fd_sc_hd__clkbuf_8)
    12    0.034773    0.117264    0.321941    1.826191 ^ clkbuf_3_7_0_wb_clk_i/X (sky130_fd_sc_hd__clkbuf_8)
                                                         clknet_3_7_0_wb_clk_i (net)
                      0.117264    0.000246    1.826437 ^ _728_/CLK (sky130_fd_sc_hd__dfrtp_2)
                                  0.250000    2.076437   clock uncertainty
                                  0.000000    2.076437   clock reconvergence pessimism
                                  0.666494    2.742931   library removal time
                                              2.742931   data required time
---------------------------------------------------------------------------------------------
                                              2.742931   data required time
                                             -8.588202   data arrival time
---------------------------------------------------------------------------------------------
                                              5.845270   slack (MET)


Startpoint: wb_rst_i (input port clocked by wb_clk_i)
Endpoint: _688_ (removal check against rising-edge clock wb_clk_i)
Path Group: asynchronous
Path Type: min

Fanout         Cap        Slew       Delay        Time   Description
---------------------------------------------------------------------------------------------
                                  0.000000    0.000000   clock wb_clk_i (rise edge)
                                  0.000000    0.000000   clock network delay (propagated)
                                  5.000000    5.000000 v input external delay
     2    0.004739    0.026074    0.014555    5.014555 v wb_rst_i (in)
                                                         wb_rst_i (net)
                      0.026074    0.000000    5.014555 v input1/A (sky130_fd_sc_hd__buf_2)
     5    0.123250    0.530592    0.532057    5.546612 v input1/X (sky130_fd_sc_hd__buf_2)
                                                         net1 (net)
                      0.544132    0.063929    5.610541 v fanout25/A (sky130_fd_sc_hd__clkdlybuf4s25_1)
     8    0.040183    0.540400    0.953830    6.564371 v fanout25/X (sky130_fd_sc_hd__clkdlybuf4s25_1)
                                                         net25 (net)
                      0.540400    0.001299    6.565670 v load_slew26/A (sky130_fd_sc_hd__buf_4)
    15    0.057906    0.151517    0.537638    7.103308 v load_slew26/X (sky130_fd_sc_hd__buf_4)
                                                         net26 (net)
                      0.151534    0.001618    7.104926 v fanout23/A (sky130_fd_sc_hd__clkdlybuf4s25_1)
     7    0.042969    0.575437    0.843106    7.948032 v fanout23/X (sky130_fd_sc_hd__clkdlybuf4s25_1)
                                                         net23 (net)
                      0.575437    0.000446    7.948478 v wire24/A (sky130_fd_sc_hd__buf_4)
    10    0.052802    0.141428    0.546538    8.495015 v wire24/X (sky130_fd_sc_hd__buf_4)
                                                         net24 (net)
                      0.141428    0.000169    8.495184 v _604_/A (sky130_fd_sc_hd__inv_2)
     1    0.003768    0.054249    0.093723    8.588907 ^ _604_/Y (sky130_fd_sc_hd__inv_2)
                                                         _079_ (net)
                      0.054249    0.000032    8.588940 ^ _688_/RESET_B (sky130_fd_sc_hd__dfrtp_2)
                                              8.588940   data arrival time

                                  0.000000    0.000000   clock wb_clk_i (rise edge)
                                  0.000000    0.000000   clock source latency
     2    0.147424    1.063065    0.825174    0.825174 ^ wb_clk_i (in)
                                                         wb_clk_i (net)
                      1.073527    0.000000    0.825174 ^ clkbuf_0_wb_clk_i/A (sky130_fd_sc_hd__clkbuf_16)
    17    0.074001    0.154063    0.676967    1.502141 ^ clkbuf_0_wb_clk_i/X (sky130_fd_sc_hd__clkbuf_16)
                                                         clknet_0_wb_clk_i (net)
                      0.154090    0.002109    1.504251 ^ clkbuf_3_7_0_wb_clk_i/A (sky130_fd_sc_hd__clkbuf_8)
    12    0.034773    0.117264    0.321941    1.826191 ^ clkbuf_3_7_0_wb_clk_i/X (sky130_fd_sc_hd__clkbuf_8)
                                                         clknet_3_7_0_wb_clk_i (net)
                      0.117264    0.000518    1.826709 ^ _688_/CLK (sky130_fd_sc_hd__dfrtp_2)
                                  0.250000    2.076709   clock uncertainty
                                  0.000000    2.076709   clock reconvergence pessimism
                                  0.666853    2.743562   library removal time
                                              2.743562   data required time
---------------------------------------------------------------------------------------------
                                              2.743562   data required time
                                             -8.588940   data arrival time
---------------------------------------------------------------------------------------------
                                              5.845377   slack (MET)


Startpoint: wb_rst_i (input port clocked by wb_clk_i)
Endpoint: _693_ (removal check against rising-edge clock wb_clk_i)
Path Group: asynchronous
Path Type: min

Fanout         Cap        Slew       Delay        Time   Description
---------------------------------------------------------------------------------------------
                                  0.000000    0.000000   clock wb_clk_i (rise edge)
                                  0.000000    0.000000   clock network delay (propagated)
                                  5.000000    5.000000 v input external delay
     2    0.004739    0.026074    0.014555    5.014555 v wb_rst_i (in)
                                                         wb_rst_i (net)
                      0.026074    0.000000    5.014555 v input1/A (sky130_fd_sc_hd__buf_2)
     5    0.123250    0.530592    0.532057    5.546612 v input1/X (sky130_fd_sc_hd__buf_2)
                                                         net1 (net)
                      0.544132    0.063929    5.610541 v fanout25/A (sky130_fd_sc_hd__clkdlybuf4s25_1)
     8    0.040183    0.540400    0.953830    6.564371 v fanout25/X (sky130_fd_sc_hd__clkdlybuf4s25_1)
                                                         net25 (net)
                      0.540400    0.001299    6.565670 v load_slew26/A (sky130_fd_sc_hd__buf_4)
    15    0.057906    0.151517    0.537638    7.103308 v load_slew26/X (sky130_fd_sc_hd__buf_4)
                                                         net26 (net)
                      0.151534    0.001618    7.104926 v fanout23/A (sky130_fd_sc_hd__clkdlybuf4s25_1)
     7    0.042969    0.575437    0.843106    7.948032 v fanout23/X (sky130_fd_sc_hd__clkdlybuf4s25_1)
                                                         net23 (net)
                      0.575437    0.000446    7.948478 v wire24/A (sky130_fd_sc_hd__buf_4)
    10    0.052802    0.141428    0.546538    8.495015 v wire24/X (sky130_fd_sc_hd__buf_4)
                                                         net24 (net)
                      0.141428    0.000563    8.495579 v _609_/A (sky130_fd_sc_hd__inv_2)
     1    0.003771    0.054267    0.093744    8.589322 ^ _609_/Y (sky130_fd_sc_hd__inv_2)
                                                         _084_ (net)
                      0.054267    0.000030    8.589353 ^ _693_/RESET_B (sky130_fd_sc_hd__dfrtp_2)
                                              8.589353   data arrival time

                                  0.000000    0.000000   clock wb_clk_i (rise edge)
                                  0.000000    0.000000   clock source latency
     2    0.147424    1.063065    0.825174    0.825174 ^ wb_clk_i (in)
                                                         wb_clk_i (net)
                      1.073527    0.000000    0.825174 ^ clkbuf_0_wb_clk_i/A (sky130_fd_sc_hd__clkbuf_16)
    17    0.074001    0.154063    0.676967    1.502141 ^ clkbuf_0_wb_clk_i/X (sky130_fd_sc_hd__clkbuf_16)
                                                         clknet_0_wb_clk_i (net)
                      0.154090    0.002109    1.504251 ^ clkbuf_3_7_0_wb_clk_i/A (sky130_fd_sc_hd__clkbuf_8)
    12    0.034773    0.117264    0.321941    1.826191 ^ clkbuf_3_7_0_wb_clk_i/X (sky130_fd_sc_hd__clkbuf_8)
                                                         clknet_3_7_0_wb_clk_i (net)
                      0.117264    0.000473    1.826665 ^ _693_/CLK (sky130_fd_sc_hd__dfrtp_2)
                                  0.250000    2.076664   clock uncertainty
                                  0.000000    2.076664   clock reconvergence pessimism
                                  0.666858    2.743523   library removal time
                                              2.743523   data required time
---------------------------------------------------------------------------------------------
                                              2.743523   data required time
                                             -8.589353   data arrival time
---------------------------------------------------------------------------------------------
                                              5.845830   slack (MET)


Startpoint: wb_rst_i (input port clocked by wb_clk_i)
Endpoint: _729_ (removal check against rising-edge clock wb_clk_i)
Path Group: asynchronous
Path Type: min

Fanout         Cap        Slew       Delay        Time   Description
---------------------------------------------------------------------------------------------
                                  0.000000    0.000000   clock wb_clk_i (rise edge)
                                  0.000000    0.000000   clock network delay (propagated)
                                  5.000000    5.000000 v input external delay
     2    0.004739    0.026074    0.014555    5.014555 v wb_rst_i (in)
                                                         wb_rst_i (net)
                      0.026074    0.000000    5.014555 v input1/A (sky130_fd_sc_hd__buf_2)
     5    0.123250    0.530592    0.532057    5.546612 v input1/X (sky130_fd_sc_hd__buf_2)
                                                         net1 (net)
                      0.544132    0.063929    5.610541 v fanout25/A (sky130_fd_sc_hd__clkdlybuf4s25_1)
     8    0.040183    0.540400    0.953830    6.564371 v fanout25/X (sky130_fd_sc_hd__clkdlybuf4s25_1)
                                                         net25 (net)
                      0.540400    0.001299    6.565670 v load_slew26/A (sky130_fd_sc_hd__buf_4)
    15    0.057906    0.151517    0.537638    7.103308 v load_slew26/X (sky130_fd_sc_hd__buf_4)
                                                         net26 (net)
                      0.151534    0.001618    7.104926 v fanout23/A (sky130_fd_sc_hd__clkdlybuf4s25_1)
     7    0.042969    0.575437    0.843106    7.948032 v fanout23/X (sky130_fd_sc_hd__clkdlybuf4s25_1)
                                                         net23 (net)
                      0.575437    0.000446    7.948478 v wire24/A (sky130_fd_sc_hd__buf_4)
    10    0.052802    0.141428    0.546538    8.495015 v wire24/X (sky130_fd_sc_hd__buf_4)
                                                         net24 (net)
                      0.141431    0.000859    8.495874 v _645_/A (sky130_fd_sc_hd__inv_2)
     1    0.004054    0.055886    0.095638    8.591513 ^ _645_/Y (sky130_fd_sc_hd__inv_2)
                                                         _120_ (net)
                      0.055886    0.000040    8.591553 ^ _729_/RESET_B (sky130_fd_sc_hd__dfrtp_2)
                                              8.591553   data arrival time

                                  0.000000    0.000000   clock wb_clk_i (rise edge)
                                  0.000000    0.000000   clock source latency
     2    0.147424    1.063065    0.825174    0.825174 ^ wb_clk_i (in)
                                                         wb_clk_i (net)
                      1.073527    0.000000    0.825174 ^ clkbuf_0_wb_clk_i/A (sky130_fd_sc_hd__clkbuf_16)
    17    0.074001    0.154063    0.676967    1.502141 ^ clkbuf_0_wb_clk_i/X (sky130_fd_sc_hd__clkbuf_16)
                                                         clknet_0_wb_clk_i (net)
                      0.154090    0.002109    1.504251 ^ clkbuf_3_7_0_wb_clk_i/A (sky130_fd_sc_hd__clkbuf_8)
    12    0.034773    0.117264    0.321941    1.826191 ^ clkbuf_3_7_0_wb_clk_i/X (sky130_fd_sc_hd__clkbuf_8)
                                                         clknet_3_7_0_wb_clk_i (net)
                      0.117264    0.000370    1.826561 ^ _729_/CLK (sky130_fd_sc_hd__dfrtp_2)
                                  0.250000    2.076561   clock uncertainty
                                  0.000000    2.076561   clock reconvergence pessimism
                                  0.667354    2.743915   library removal time
                                              2.743915   data required time
---------------------------------------------------------------------------------------------
                                              2.743915   data required time
                                             -8.591553   data arrival time
---------------------------------------------------------------------------------------------
                                              5.847637   slack (MET)


Startpoint: wb_rst_i (input port clocked by wb_clk_i)
Endpoint: _691_ (removal check against rising-edge clock wb_clk_i)
Path Group: asynchronous
Path Type: min

Fanout         Cap        Slew       Delay        Time   Description
---------------------------------------------------------------------------------------------
                                  0.000000    0.000000   clock wb_clk_i (rise edge)
                                  0.000000    0.000000   clock network delay (propagated)
                                  5.000000    5.000000 v input external delay
     2    0.004739    0.026074    0.014555    5.014555 v wb_rst_i (in)
                                                         wb_rst_i (net)
                      0.026074    0.000000    5.014555 v input1/A (sky130_fd_sc_hd__buf_2)
     5    0.123250    0.530592    0.532057    5.546612 v input1/X (sky130_fd_sc_hd__buf_2)
                                                         net1 (net)
                      0.544132    0.063929    5.610541 v fanout25/A (sky130_fd_sc_hd__clkdlybuf4s25_1)
     8    0.040183    0.540400    0.953830    6.564371 v fanout25/X (sky130_fd_sc_hd__clkdlybuf4s25_1)
                                                         net25 (net)
                      0.540400    0.001299    6.565670 v load_slew26/A (sky130_fd_sc_hd__buf_4)
    15    0.057906    0.151517    0.537638    7.103308 v load_slew26/X (sky130_fd_sc_hd__buf_4)
                                                         net26 (net)
                      0.151534    0.001618    7.104926 v fanout23/A (sky130_fd_sc_hd__clkdlybuf4s25_1)
     7    0.042969    0.575437    0.843106    7.948032 v fanout23/X (sky130_fd_sc_hd__clkdlybuf4s25_1)
                                                         net23 (net)
                      0.575437    0.000446    7.948478 v wire24/A (sky130_fd_sc_hd__buf_4)
    10    0.052802    0.141428    0.546538    8.495015 v wire24/X (sky130_fd_sc_hd__buf_4)
                                                         net24 (net)
                      0.141431    0.000832    8.495848 v _607_/A (sky130_fd_sc_hd__inv_2)
     1    0.004345    0.057592    0.097590    8.593438 ^ _607_/Y (sky130_fd_sc_hd__inv_2)
                                                         _082_ (net)
                      0.057592    0.000042    8.593480 ^ _691_/RESET_B (sky130_fd_sc_hd__dfrtp_2)
                                              8.593480   data arrival time

                                  0.000000    0.000000   clock wb_clk_i (rise edge)
                                  0.000000    0.000000   clock source latency
     2    0.147424    1.063065    0.825174    0.825174 ^ wb_clk_i (in)
                                                         wb_clk_i (net)
                      1.073527    0.000000    0.825174 ^ clkbuf_0_wb_clk_i/A (sky130_fd_sc_hd__clkbuf_16)
    17    0.074001    0.154063    0.676967    1.502141 ^ clkbuf_0_wb_clk_i/X (sky130_fd_sc_hd__clkbuf_16)
                                                         clknet_0_wb_clk_i (net)
                      0.154090    0.002109    1.504251 ^ clkbuf_3_7_0_wb_clk_i/A (sky130_fd_sc_hd__clkbuf_8)
    12    0.034773    0.117264    0.321941    1.826191 ^ clkbuf_3_7_0_wb_clk_i/X (sky130_fd_sc_hd__clkbuf_8)
                                                         clknet_3_7_0_wb_clk_i (net)
                      0.117264    0.000273    1.826464 ^ _691_/CLK (sky130_fd_sc_hd__dfrtp_2)
                                  0.250000    2.076464   clock uncertainty
                                  0.000000    2.076464   clock reconvergence pessimism
                                  0.667877    2.744340   library removal time
                                              2.744340   data required time
---------------------------------------------------------------------------------------------
                                              2.744340   data required time
                                             -8.593480   data arrival time
---------------------------------------------------------------------------------------------
                                              5.849140   slack (MET)


Startpoint: _676_ (rising edge-triggered flip-flop clocked by wb_clk_i)
Endpoint: io_out[3] (output port clocked by wb_clk_i)
Path Group: wb_clk_i
Path Type: min

Fanout         Cap        Slew       Delay        Time   Description
---------------------------------------------------------------------------------------------
                                  0.000000    0.000000   clock wb_clk_i (rise edge)
                                  0.000000    0.000000   clock source latency
     2    0.147424    1.063065    0.746586    0.746586 ^ wb_clk_i (in)
                                                         wb_clk_i (net)
                      1.073527    0.000000    0.746586 ^ clkbuf_0_wb_clk_i/A (sky130_fd_sc_hd__clkbuf_16)
    17    0.074001    0.154063    0.612494    1.359080 ^ clkbuf_0_wb_clk_i/X (sky130_fd_sc_hd__clkbuf_16)
                                                         clknet_0_wb_clk_i (net)
                      0.154075    0.001428    1.360508 ^ clkbuf_3_4_0_wb_clk_i/A (sky130_fd_sc_hd__clkbuf_8)
    11    0.035340    0.118617    0.292269    1.652777 ^ clkbuf_3_4_0_wb_clk_i/X (sky130_fd_sc_hd__clkbuf_8)
                                                         clknet_3_4_0_wb_clk_i (net)
                      0.118617    0.000369    1.653146 ^ _676_/CLK (sky130_fd_sc_hd__dfrtp_2)
     9    0.034996    0.286899    0.854370    2.507516 ^ _676_/Q (sky130_fd_sc_hd__dfrtp_2)
                                                         timer.dig_cnt[1] (net)
                      0.286899    0.000570    2.508085 ^ _565_/A (sky130_fd_sc_hd__nand2_2)
     5    0.035988    0.317687    0.344442    2.852527 v _565_/Y (sky130_fd_sc_hd__nand2_2)
                                                         net6 (net)
                      0.317749    0.003534    2.856061 v output6/A (sky130_fd_sc_hd__clkdlybuf4s25_1)
     1    0.035320    0.477316    0.836459    3.692520 v output6/X (sky130_fd_sc_hd__clkdlybuf4s25_1)
                                                         io_out[3] (net)
                      0.477316    0.000437    3.692957 v io_out[3] (out)
                                              3.692957   data arrival time

                                  0.000000    0.000000   clock wb_clk_i (rise edge)
                                  0.000000    0.000000   clock network delay (propagated)
                                  0.250000    0.250000   clock uncertainty
                                  0.000000    0.250000   clock reconvergence pessimism
                                 -5.000000   -4.750000   output external delay
                                             -4.750000   data required time
---------------------------------------------------------------------------------------------
                                             -4.750000   data required time
                                             -3.692957   data arrival time
---------------------------------------------------------------------------------------------
                                              8.442957   slack (MET)


Startpoint: _690_ (rising edge-triggered flip-flop clocked by wb_clk_i)
Endpoint: io_out[4] (output port clocked by wb_clk_i)
Path Group: wb_clk_i
Path Type: min

Fanout         Cap        Slew       Delay        Time   Description
---------------------------------------------------------------------------------------------
                                  0.000000    0.000000   clock wb_clk_i (rise edge)
                                  0.000000    0.000000   clock source latency
     2    0.147424    1.063065    0.746586    0.746586 ^ wb_clk_i (in)
                                                         wb_clk_i (net)
                      1.073527    0.000000    0.746586 ^ clkbuf_0_wb_clk_i/A (sky130_fd_sc_hd__clkbuf_16)
    17    0.074001    0.154063    0.612494    1.359080 ^ clkbuf_0_wb_clk_i/X (sky130_fd_sc_hd__clkbuf_16)
                                                         clknet_0_wb_clk_i (net)
                      0.154090    0.001908    1.360989 ^ clkbuf_3_7_0_wb_clk_i/A (sky130_fd_sc_hd__clkbuf_8)
    12    0.034773    0.117264    0.291280    1.652268 ^ clkbuf_3_7_0_wb_clk_i/X (sky130_fd_sc_hd__clkbuf_8)
                                                         clknet_3_7_0_wb_clk_i (net)
                      0.117264    0.000502    1.652771 ^ _690_/CLK (sky130_fd_sc_hd__dfrtp_2)
     3    0.011206    0.126505    0.722778    2.375548 ^ _690_/Q (sky130_fd_sc_hd__dfrtp_2)
                                                         timer.sec_ones[1] (net)
                      0.126648    0.000272    2.375820 ^ _578_/A1 (sky130_fd_sc_hd__o221a_2)
     2    0.006763    0.109215    0.441690    2.817511 ^ _578_/X (sky130_fd_sc_hd__o221a_2)
                                                         _325_ (net)
                      0.109215    0.000159    2.817669 ^ _581_/A (sky130_fd_sc_hd__or2_2)
     3    0.008279    0.087281    0.215916    3.033585 ^ _581_/X (sky130_fd_sc_hd__or2_2)
                                                         _328_ (net)
                      0.087281    0.000044    3.033629 ^ _582_/B (sky130_fd_sc_hd__or2_2)
     1    0.002351    0.046914    0.167217    3.200846 ^ _582_/X (sky130_fd_sc_hd__or2_2)
                                                         net7 (net)
                      0.046914    0.000008    3.200854 ^ output7/A (sky130_fd_sc_hd__clkdlybuf4s25_1)
     1    0.035200    0.567390    0.771338    3.972193 ^ output7/X (sky130_fd_sc_hd__clkdlybuf4s25_1)
                                                         io_out[4] (net)
                      0.567390    0.000419    3.972612 ^ io_out[4] (out)
                                              3.972612   data arrival time

                                  0.000000    0.000000   clock wb_clk_i (rise edge)
                                  0.000000    0.000000   clock network delay (propagated)
                                  0.250000    0.250000   clock uncertainty
                                  0.000000    0.250000   clock reconvergence pessimism
                                 -5.000000   -4.750000   output external delay
                                             -4.750000   data required time
---------------------------------------------------------------------------------------------
                                             -4.750000   data required time
                                             -3.972612   data arrival time
---------------------------------------------------------------------------------------------
                                              8.722612   slack (MET)


Startpoint: _692_ (rising edge-triggered flip-flop clocked by wb_clk_i)
Endpoint: io_out[5] (output port clocked by wb_clk_i)
Path Group: wb_clk_i
Path Type: min

Fanout         Cap        Slew       Delay        Time   Description
---------------------------------------------------------------------------------------------
                                  0.000000    0.000000   clock wb_clk_i (rise edge)
                                  0.000000    0.000000   clock source latency
     2    0.147424    1.063065    0.746586    0.746586 ^ wb_clk_i (in)
                                                         wb_clk_i (net)
                      1.073527    0.000000    0.746586 ^ clkbuf_0_wb_clk_i/A (sky130_fd_sc_hd__clkbuf_16)
    17    0.074001    0.154063    0.612494    1.359080 ^ clkbuf_0_wb_clk_i/X (sky130_fd_sc_hd__clkbuf_16)
                                                         clknet_0_wb_clk_i (net)
                      0.154090    0.001908    1.360989 ^ clkbuf_3_7_0_wb_clk_i/A (sky130_fd_sc_hd__clkbuf_8)
    12    0.034773    0.117264    0.291280    1.652268 ^ clkbuf_3_7_0_wb_clk_i/X (sky130_fd_sc_hd__clkbuf_8)
                                                         clknet_3_7_0_wb_clk_i (net)
                      0.117264    0.000294    1.652562 ^ _692_/CLK (sky130_fd_sc_hd__dfrtp_2)
     2    0.010307    0.120321    0.716925    2.369487 ^ _692_/Q (sky130_fd_sc_hd__dfrtp_2)
                                                         timer.sec_ones[3] (net)
                      0.120321    0.000278    2.369765 ^ _580_/B2 (sky130_fd_sc_hd__o221a_2)
     5    0.021580    0.221773    0.511498    2.881264 ^ _580_/X (sky130_fd_sc_hd__o221a_2)
                                                         _327_ (net)
                      0.221773    0.000373    2.881636 ^ _584_/B (sky130_fd_sc_hd__or3b_2)
     3    0.030925    0.279151    0.403168    3.284804 ^ _584_/X (sky130_fd_sc_hd__or3b_2)
                                                         net8 (net)
                      0.279369    0.004037    3.288841 ^ output8/A (sky130_fd_sc_hd__clkdlybuf4s25_1)
     1    0.035215    0.568224    0.865039    4.153880 ^ output8/X (sky130_fd_sc_hd__clkdlybuf4s25_1)
                                                         io_out[5] (net)
                      0.568224    0.000419    4.154299 ^ io_out[5] (out)
                                              4.154299   data arrival time

                                  0.000000    0.000000   clock wb_clk_i (rise edge)
                                  0.000000    0.000000   clock network delay (propagated)
                                  0.250000    0.250000   clock uncertainty
                                  0.000000    0.250000   clock reconvergence pessimism
                                 -5.000000   -4.750000   output external delay
                                             -4.750000   data required time
---------------------------------------------------------------------------------------------
                                             -4.750000   data required time
                                             -4.154299   data arrival time
---------------------------------------------------------------------------------------------
                                              8.904299   slack (MET)


Startpoint: _675_ (rising edge-triggered flip-flop clocked by wb_clk_i)
Endpoint: io_out[2] (output port clocked by wb_clk_i)
Path Group: wb_clk_i
Path Type: min

Fanout         Cap        Slew       Delay        Time   Description
---------------------------------------------------------------------------------------------
                                  0.000000    0.000000   clock wb_clk_i (rise edge)
                                  0.000000    0.000000   clock source latency
     2    0.147424    1.063065    0.746586    0.746586 ^ wb_clk_i (in)
                                                         wb_clk_i (net)
                      1.073527    0.000000    0.746586 ^ clkbuf_0_wb_clk_i/A (sky130_fd_sc_hd__clkbuf_16)
    17    0.074001    0.154063    0.612494    1.359080 ^ clkbuf_0_wb_clk_i/X (sky130_fd_sc_hd__clkbuf_16)
                                                         clknet_0_wb_clk_i (net)
                      0.154075    0.001428    1.360508 ^ clkbuf_3_4_0_wb_clk_i/A (sky130_fd_sc_hd__clkbuf_8)
    11    0.035340    0.118617    0.292269    1.652777 ^ clkbuf_3_4_0_wb_clk_i/X (sky130_fd_sc_hd__clkbuf_8)
                                                         clknet_3_4_0_wb_clk_i (net)
                      0.118617    0.000450    1.653227 ^ _675_/CLK (sky130_fd_sc_hd__dfrtp_2)
     9    0.042263    0.337309    0.891613    2.544840 ^ _675_/Q (sky130_fd_sc_hd__dfrtp_2)
                                                         timer.dig_cnt[0] (net)
                      0.337309    0.000289    2.545129 ^ _385_/A_N (sky130_fd_sc_hd__nand2b_2)
    11    0.075881    0.595347    0.664317    3.209447 ^ _385_/Y (sky130_fd_sc_hd__nand2b_2)
                                                         net5 (net)
                      0.595831    0.013293    3.222740 ^ output5/A (sky130_fd_sc_hd__clkdlybuf4s25_1)
     1    0.035226    0.568314    0.972103    4.194843 ^ output5/X (sky130_fd_sc_hd__clkdlybuf4s25_1)
                                                         io_out[2] (net)
                      0.568314    0.000419    4.195262 ^ io_out[2] (out)
                                              4.195262   data arrival time

                                  0.000000    0.000000   clock wb_clk_i (rise edge)
                                  0.000000    0.000000   clock network delay (propagated)
                                  0.250000    0.250000   clock uncertainty
                                  0.000000    0.250000   clock reconvergence pessimism
                                 -5.000000   -4.750000   output external delay
                                             -4.750000   data required time
---------------------------------------------------------------------------------------------
                                             -4.750000   data required time
                                             -4.195262   data arrival time
---------------------------------------------------------------------------------------------
                                              8.945263   slack (MET)


Startpoint: _675_ (rising edge-triggered flip-flop clocked by wb_clk_i)
Endpoint: io_out[1] (output port clocked by wb_clk_i)
Path Group: wb_clk_i
Path Type: min

Fanout         Cap        Slew       Delay        Time   Description
---------------------------------------------------------------------------------------------
                                  0.000000    0.000000   clock wb_clk_i (rise edge)
                                  0.000000    0.000000   clock source latency
     2    0.147424    1.063065    0.746586    0.746586 ^ wb_clk_i (in)
                                                         wb_clk_i (net)
                      1.073527    0.000000    0.746586 ^ clkbuf_0_wb_clk_i/A (sky130_fd_sc_hd__clkbuf_16)
    17    0.074001    0.154063    0.612494    1.359080 ^ clkbuf_0_wb_clk_i/X (sky130_fd_sc_hd__clkbuf_16)
                                                         clknet_0_wb_clk_i (net)
                      0.154075    0.001428    1.360508 ^ clkbuf_3_4_0_wb_clk_i/A (sky130_fd_sc_hd__clkbuf_8)
    11    0.035340    0.118617    0.292269    1.652777 ^ clkbuf_3_4_0_wb_clk_i/X (sky130_fd_sc_hd__clkbuf_8)
                                                         clknet_3_4_0_wb_clk_i (net)
                      0.118617    0.000450    1.653227 ^ _675_/CLK (sky130_fd_sc_hd__dfrtp_2)
     9    0.042263    0.337309    0.891613    2.544840 ^ _675_/Q (sky130_fd_sc_hd__dfrtp_2)
                                                         timer.dig_cnt[0] (net)
                      0.337309    0.000221    2.545061 ^ _384_/B (sky130_fd_sc_hd__nand2b_2)
    11    0.097217    0.751144    0.673787    3.218848 v _384_/Y (sky130_fd_sc_hd__nand2b_2)
                                                         net4 (net)
                      0.752635    0.026303    3.245151 v output4/A (sky130_fd_sc_hd__clkdlybuf4s25_1)
     1    0.035201    0.476777    0.960323    4.205474 v output4/X (sky130_fd_sc_hd__clkdlybuf4s25_1)
                                                         io_out[1] (net)
                      0.476777    0.000419    4.205894 v io_out[1] (out)
                                              4.205894   data arrival time

                                  0.000000    0.000000   clock wb_clk_i (rise edge)
                                  0.000000    0.000000   clock network delay (propagated)
                                  0.250000    0.250000   clock uncertainty
                                  0.000000    0.250000   clock reconvergence pessimism
                                 -5.000000   -4.750000   output external delay
                                             -4.750000   data required time
---------------------------------------------------------------------------------------------
                                             -4.750000   data required time
                                             -4.205894   data arrival time
---------------------------------------------------------------------------------------------
                                              8.955894   slack (MET)


Startpoint: _689_ (rising edge-triggered flip-flop clocked by wb_clk_i)
Endpoint: io_out[6] (output port clocked by wb_clk_i)
Path Group: wb_clk_i
Path Type: min

Fanout         Cap        Slew       Delay        Time   Description
---------------------------------------------------------------------------------------------
                                  0.000000    0.000000   clock wb_clk_i (rise edge)
                                  0.000000    0.000000   clock source latency
     2    0.147424    1.063065    0.746586    0.746586 ^ wb_clk_i (in)
                                                         wb_clk_i (net)
                      1.073527    0.000000    0.746586 ^ clkbuf_0_wb_clk_i/A (sky130_fd_sc_hd__clkbuf_16)
    17    0.074001    0.154063    0.612494    1.359080 ^ clkbuf_0_wb_clk_i/X (sky130_fd_sc_hd__clkbuf_16)
                                                         clknet_0_wb_clk_i (net)
                      0.154090    0.001908    1.360989 ^ clkbuf_3_7_0_wb_clk_i/A (sky130_fd_sc_hd__clkbuf_8)
    12    0.034773    0.117264    0.291280    1.652268 ^ clkbuf_3_7_0_wb_clk_i/X (sky130_fd_sc_hd__clkbuf_8)
                                                         clknet_3_7_0_wb_clk_i (net)
                      0.117264    0.000375    1.652643 ^ _689_/CLK (sky130_fd_sc_hd__dfrtp_2)
     5    0.017742    0.172026    0.765260    2.417903 ^ _689_/Q (sky130_fd_sc_hd__dfrtp_2)
                                                         timer.sec_ones[0] (net)
                      0.172026    0.000308    2.418211 ^ _575_/B2 (sky130_fd_sc_hd__o32a_2)
     5    0.023526    0.211639    0.398304    2.816515 ^ _575_/X (sky130_fd_sc_hd__o32a_2)
                                                         _322_ (net)
                      0.211641    0.000987    2.817502 ^ _586_/A1_N (sky130_fd_sc_hd__a2bb2o_2)
     3    0.057701    0.308399    0.795284    3.612786 v _586_/X (sky130_fd_sc_hd__a2bb2o_2)
                                                         net9 (net)
                      0.309594    0.013936    3.626722 v output9/A (sky130_fd_sc_hd__clkdlybuf4s25_1)
     1    0.035200    0.475755    0.832722    4.459445 v output9/X (sky130_fd_sc_hd__clkdlybuf4s25_1)
                                                         io_out[6] (net)
                      0.475755    0.000419    4.459864 v io_out[6] (out)
                                              4.459864   data arrival time

                                  0.000000    0.000000   clock wb_clk_i (rise edge)
                                  0.000000    0.000000   clock network delay (propagated)
                                  0.250000    0.250000   clock uncertainty
                                  0.000000    0.250000   clock reconvergence pessimism
                                 -5.000000   -4.750000   output external delay
                                             -4.750000   data required time
---------------------------------------------------------------------------------------------
                                             -4.750000   data required time
                                             -4.459864   data arrival time
---------------------------------------------------------------------------------------------
                                              9.209864   slack (MET)


Startpoint: _676_ (rising edge-triggered flip-flop clocked by wb_clk_i)
Endpoint: io_out[0] (output port clocked by wb_clk_i)
Path Group: wb_clk_i
Path Type: min

Fanout         Cap        Slew       Delay        Time   Description
---------------------------------------------------------------------------------------------
                                  0.000000    0.000000   clock wb_clk_i (rise edge)
                                  0.000000    0.000000   clock source latency
     2    0.147424    1.063065    0.746586    0.746586 ^ wb_clk_i (in)
                                                         wb_clk_i (net)
                      1.073527    0.000000    0.746586 ^ clkbuf_0_wb_clk_i/A (sky130_fd_sc_hd__clkbuf_16)
    17    0.074001    0.154063    0.612494    1.359080 ^ clkbuf_0_wb_clk_i/X (sky130_fd_sc_hd__clkbuf_16)
                                                         clknet_0_wb_clk_i (net)
                      0.154075    0.001428    1.360508 ^ clkbuf_3_4_0_wb_clk_i/A (sky130_fd_sc_hd__clkbuf_8)
    11    0.035340    0.118617    0.292269    1.652777 ^ clkbuf_3_4_0_wb_clk_i/X (sky130_fd_sc_hd__clkbuf_8)
                                                         clknet_3_4_0_wb_clk_i (net)
                      0.118617    0.000369    1.653146 ^ _676_/CLK (sky130_fd_sc_hd__dfrtp_2)
     9    0.034996    0.286899    0.854370    2.507516 ^ _676_/Q (sky130_fd_sc_hd__dfrtp_2)
                                                         timer.dig_cnt[1] (net)
                      0.286899    0.000494    2.508010 ^ _564_/A (sky130_fd_sc_hd__or2_2)
    11    0.129869    1.018742    0.912866    3.420876 ^ _564_/X (sky130_fd_sc_hd__or2_2)
                                                         net2 (net)
                      1.021501    0.041383    3.462259 ^ output2/A (sky130_fd_sc_hd__clkdlybuf4s25_1)
     1    0.035215    0.567813    1.070135    4.532394 ^ output2/X (sky130_fd_sc_hd__clkdlybuf4s25_1)
                                                         io_out[0] (net)
                      0.567813    0.000419    4.532814 ^ io_out[0] (out)
                                              4.532814   data arrival time

                                  0.000000    0.000000   clock wb_clk_i (rise edge)
                                  0.000000    0.000000   clock network delay (propagated)
                                  0.250000    0.250000   clock uncertainty
                                  0.000000    0.250000   clock reconvergence pessimism
                                 -5.000000   -4.750000   output external delay
                                             -4.750000   data required time
---------------------------------------------------------------------------------------------
                                             -4.750000   data required time
                                             -4.532814   data arrival time
---------------------------------------------------------------------------------------------
                                              9.282813   slack (MET)


Startpoint: _690_ (rising edge-triggered flip-flop clocked by wb_clk_i)
Endpoint: io_out[7] (output port clocked by wb_clk_i)
Path Group: wb_clk_i
Path Type: min

Fanout         Cap        Slew       Delay        Time   Description
---------------------------------------------------------------------------------------------
                                  0.000000    0.000000   clock wb_clk_i (rise edge)
                                  0.000000    0.000000   clock source latency
     2    0.147424    1.063065    0.746586    0.746586 ^ wb_clk_i (in)
                                                         wb_clk_i (net)
                      1.073527    0.000000    0.746586 ^ clkbuf_0_wb_clk_i/A (sky130_fd_sc_hd__clkbuf_16)
    17    0.074001    0.154063    0.612494    1.359080 ^ clkbuf_0_wb_clk_i/X (sky130_fd_sc_hd__clkbuf_16)
                                                         clknet_0_wb_clk_i (net)
                      0.154090    0.001908    1.360989 ^ clkbuf_3_7_0_wb_clk_i/A (sky130_fd_sc_hd__clkbuf_8)
    12    0.034773    0.117264    0.291280    1.652268 ^ clkbuf_3_7_0_wb_clk_i/X (sky130_fd_sc_hd__clkbuf_8)
                                                         clknet_3_7_0_wb_clk_i (net)
                      0.117264    0.000502    1.652771 ^ _690_/CLK (sky130_fd_sc_hd__dfrtp_2)
     3    0.011206    0.126505    0.722778    2.375548 ^ _690_/Q (sky130_fd_sc_hd__dfrtp_2)
                                                         timer.sec_ones[1] (net)
                      0.126648    0.000272    2.375820 ^ _578_/A1 (sky130_fd_sc_hd__o221a_2)
     2    0.006763    0.109215    0.441690    2.817511 ^ _578_/X (sky130_fd_sc_hd__o221a_2)
                                                         _325_ (net)
                      0.109215    0.000159    2.817669 ^ _581_/A (sky130_fd_sc_hd__or2_2)
     3    0.008279    0.087281    0.215916    3.033585 ^ _581_/X (sky130_fd_sc_hd__or2_2)
                                                         _328_ (net)
                      0.087281    0.000069    3.033654 ^ _589_/C1 (sky130_fd_sc_hd__a211o_2)
     3    0.095367    0.700780    0.592303    3.625957 ^ _589_/X (sky130_fd_sc_hd__a211o_2)
                                                         net10 (net)
                      0.704492    0.039592    3.665550 ^ output10/A (sky130_fd_sc_hd__clkdlybuf4s25_1)
     1    0.035215    0.568071    1.000008    4.665557 ^ output10/X (sky130_fd_sc_hd__clkdlybuf4s25_1)
                                                         io_out[7] (net)
                      0.568071    0.000419    4.665977 ^ io_out[7] (out)
                                              4.665977   data arrival time

                                  0.000000    0.000000   clock wb_clk_i (rise edge)
                                  0.000000    0.000000   clock network delay (propagated)
                                  0.250000    0.250000   clock uncertainty
                                  0.000000    0.250000   clock reconvergence pessimism
                                 -5.000000   -4.750000   output external delay
                                             -4.750000   data required time
---------------------------------------------------------------------------------------------
                                             -4.750000   data required time
                                             -4.665977   data arrival time
---------------------------------------------------------------------------------------------
                                              9.415977   slack (MET)


Startpoint: _689_ (rising edge-triggered flip-flop clocked by wb_clk_i)
Endpoint: io_out[8] (output port clocked by wb_clk_i)
Path Group: wb_clk_i
Path Type: min

Fanout         Cap        Slew       Delay        Time   Description
---------------------------------------------------------------------------------------------
                                  0.000000    0.000000   clock wb_clk_i (rise edge)
                                  0.000000    0.000000   clock source latency
     2    0.147424    1.063065    0.746586    0.746586 ^ wb_clk_i (in)
                                                         wb_clk_i (net)
                      1.073527    0.000000    0.746586 ^ clkbuf_0_wb_clk_i/A (sky130_fd_sc_hd__clkbuf_16)
    17    0.074001    0.154063    0.612494    1.359080 ^ clkbuf_0_wb_clk_i/X (sky130_fd_sc_hd__clkbuf_16)
                                                         clknet_0_wb_clk_i (net)
                      0.154090    0.001908    1.360989 ^ clkbuf_3_7_0_wb_clk_i/A (sky130_fd_sc_hd__clkbuf_8)
    12    0.034773    0.117264    0.291280    1.652268 ^ clkbuf_3_7_0_wb_clk_i/X (sky130_fd_sc_hd__clkbuf_8)
                                                         clknet_3_7_0_wb_clk_i (net)
                      0.117264    0.000375    1.652643 ^ _689_/CLK (sky130_fd_sc_hd__dfrtp_2)
     5    0.017742    0.172026    0.765260    2.417903 ^ _689_/Q (sky130_fd_sc_hd__dfrtp_2)
                                                         timer.sec_ones[0] (net)
                      0.172026    0.000308    2.418211 ^ _575_/B2 (sky130_fd_sc_hd__o32a_2)
     5    0.023526    0.211639    0.398304    2.816515 ^ _575_/X (sky130_fd_sc_hd__o32a_2)
                                                         _322_ (net)
                      0.211641    0.001071    2.817586 ^ _590_/A (sky130_fd_sc_hd__or3b_2)
     3    0.101205    0.868637    0.782600    3.600187 ^ _590_/X (sky130_fd_sc_hd__or3b_2)
                                                         net11 (net)
                      0.871680    0.039874    3.640061 ^ output11/A (sky130_fd_sc_hd__clkdlybuf4s25_1)
     1    0.035200    0.567705    1.036836    4.676897 ^ output11/X (sky130_fd_sc_hd__clkdlybuf4s25_1)
                                                         io_out[8] (net)
                      0.567705    0.000419    4.677317 ^ io_out[8] (out)
                                              4.677317   data arrival time

                                  0.000000    0.000000   clock wb_clk_i (rise edge)
                                  0.000000    0.000000   clock network delay (propagated)
                                  0.250000    0.250000   clock uncertainty
                                  0.000000    0.250000   clock reconvergence pessimism
                                 -5.000000   -4.750000   output external delay
                                             -4.750000   data required time
---------------------------------------------------------------------------------------------
                                             -4.750000   data required time
                                             -4.677317   data arrival time
---------------------------------------------------------------------------------------------
                                              9.427316   slack (MET)


Startpoint: _690_ (rising edge-triggered flip-flop clocked by wb_clk_i)
Endpoint: io_out[9] (output port clocked by wb_clk_i)
Path Group: wb_clk_i
Path Type: min

Fanout         Cap        Slew       Delay        Time   Description
---------------------------------------------------------------------------------------------
                                  0.000000    0.000000   clock wb_clk_i (rise edge)
                                  0.000000    0.000000   clock source latency
     2    0.147424    1.063065    0.746586    0.746586 ^ wb_clk_i (in)
                                                         wb_clk_i (net)
                      1.073527    0.000000    0.746586 ^ clkbuf_0_wb_clk_i/A (sky130_fd_sc_hd__clkbuf_16)
    17    0.074001    0.154063    0.612494    1.359080 ^ clkbuf_0_wb_clk_i/X (sky130_fd_sc_hd__clkbuf_16)
                                                         clknet_0_wb_clk_i (net)
                      0.154090    0.001908    1.360989 ^ clkbuf_3_7_0_wb_clk_i/A (sky130_fd_sc_hd__clkbuf_8)
    12    0.034773    0.117264    0.291280    1.652268 ^ clkbuf_3_7_0_wb_clk_i/X (sky130_fd_sc_hd__clkbuf_8)
                                                         clknet_3_7_0_wb_clk_i (net)
                      0.117264    0.000502    1.652771 ^ _690_/CLK (sky130_fd_sc_hd__dfrtp_2)
     3    0.011206    0.126505    0.722778    2.375548 ^ _690_/Q (sky130_fd_sc_hd__dfrtp_2)
                                                         timer.sec_ones[1] (net)
                      0.126648    0.000254    2.375802 ^ _571_/A1 (sky130_fd_sc_hd__o22a_2)
     4    0.016339    0.157043    0.381231    2.757034 ^ _571_/X (sky130_fd_sc_hd__o22a_2)
                                                         _318_ (net)
                      0.157043    0.000356    2.757390 ^ _577_/A1 (sky130_fd_sc_hd__a21oi_2)
     4    0.013268    0.076909    0.177860    2.935250 v _577_/Y (sky130_fd_sc_hd__a21oi_2)
                                                         _324_ (net)
                      0.076909    0.000256    2.935507 v _591_/C (sky130_fd_sc_hd__nand3b_2)
     3    0.046804    0.388140    0.365291    3.300798 ^ _591_/Y (sky130_fd_sc_hd__nand3b_2)
                                                         net12 (net)
                      0.388444    0.008498    3.309296 ^ wire13/A (sky130_fd_sc_hd__buf_8)
     3    0.133860    0.341187    0.432392    3.741688 ^ wire13/X (sky130_fd_sc_hd__buf_8)
                                                         net13 (net)
                      0.370914    0.072943    3.814631 ^ output12/A (sky130_fd_sc_hd__clkdlybuf4s25_1)
     1    0.035203    0.568012    0.895849    4.710480 ^ output12/X (sky130_fd_sc_hd__clkdlybuf4s25_1)
                                                         io_out[9] (net)
                      0.568012    0.000419    4.710899 ^ io_out[9] (out)
                                              4.710899   data arrival time

                                  0.000000    0.000000   clock wb_clk_i (rise edge)
                                  0.000000    0.000000   clock network delay (propagated)
                                  0.250000    0.250000   clock uncertainty
                                  0.000000    0.250000   clock reconvergence pessimism
                                 -5.000000   -4.750000   output external delay
                                             -4.750000   data required time
---------------------------------------------------------------------------------------------
                                             -4.750000   data required time
                                             -4.710899   data arrival time
---------------------------------------------------------------------------------------------
                                              9.460900   slack (MET)


Startpoint: _690_ (rising edge-triggered flip-flop clocked by wb_clk_i)
Endpoint: io_out[10] (output port clocked by wb_clk_i)
Path Group: wb_clk_i
Path Type: min

Fanout         Cap        Slew       Delay        Time   Description
---------------------------------------------------------------------------------------------
                                  0.000000    0.000000   clock wb_clk_i (rise edge)
                                  0.000000    0.000000   clock source latency
     2    0.147424    1.063065    0.746586    0.746586 ^ wb_clk_i (in)
                                                         wb_clk_i (net)
                      1.073527    0.000000    0.746586 ^ clkbuf_0_wb_clk_i/A (sky130_fd_sc_hd__clkbuf_16)
    17    0.074001    0.154063    0.612494    1.359080 ^ clkbuf_0_wb_clk_i/X (sky130_fd_sc_hd__clkbuf_16)
                                                         clknet_0_wb_clk_i (net)
                      0.154090    0.001908    1.360989 ^ clkbuf_3_7_0_wb_clk_i/A (sky130_fd_sc_hd__clkbuf_8)
    12    0.034773    0.117264    0.291280    1.652268 ^ clkbuf_3_7_0_wb_clk_i/X (sky130_fd_sc_hd__clkbuf_8)
                                                         clknet_3_7_0_wb_clk_i (net)
                      0.117264    0.000502    1.652771 ^ _690_/CLK (sky130_fd_sc_hd__dfrtp_2)
     3    0.011206    0.126505    0.722778    2.375548 ^ _690_/Q (sky130_fd_sc_hd__dfrtp_2)
                                                         timer.sec_ones[1] (net)
                      0.126648    0.000272    2.375820 ^ _578_/A1 (sky130_fd_sc_hd__o221a_2)
     2    0.006763    0.109215    0.441690    2.817511 ^ _578_/X (sky130_fd_sc_hd__o221a_2)
                                                         _325_ (net)
                      0.109215    0.000159    2.817669 ^ _581_/A (sky130_fd_sc_hd__or2_2)
     3    0.008279    0.087281    0.215916    3.033585 ^ _581_/X (sky130_fd_sc_hd__or2_2)
                                                         _328_ (net)
                      0.087281    0.000060    3.033645 ^ _588_/C1 (sky130_fd_sc_hd__a211o_2)
     3    0.053804    0.401289    0.407746    3.441391 ^ _588_/X (sky130_fd_sc_hd__a211o_2)
                                                         net3 (net)
                      0.401760    0.010810    3.452201 ^ wire14/A (sky130_fd_sc_hd__buf_12)
     3    0.166621    0.294669    0.395558    3.847759 ^ wire14/X (sky130_fd_sc_hd__buf_12)
                                                         net14 (net)
                      0.372840    0.108534    3.956293 ^ output3/A (sky130_fd_sc_hd__clkdlybuf4s25_1)
     1    0.035200    0.567969    0.896471    4.852764 ^ output3/X (sky130_fd_sc_hd__clkdlybuf4s25_1)
                                                         io_out[10] (net)
                      0.567969    0.000419    4.853183 ^ io_out[10] (out)
                                              4.853183   data arrival time

                                  0.000000    0.000000   clock wb_clk_i (rise edge)
                                  0.000000    0.000000   clock network delay (propagated)
                                  0.250000    0.250000   clock uncertainty
                                  0.000000    0.250000   clock reconvergence pessimism
                                 -5.000000   -4.750000   output external delay
                                             -4.750000   data required time
---------------------------------------------------------------------------------------------
                                             -4.750000   data required time
                                             -4.853183   data arrival time
---------------------------------------------------------------------------------------------
                                              9.603184   slack (MET)



