
===========================================================================
report_checks -path_delay min (Hold)
============================================================================
======================= max_tt_025C_1v80 Corner ===================================

Startpoint: _678_ (rising edge-triggered flip-flop clocked by wb_clk_i)
Endpoint: _679_ (rising edge-triggered flip-flop clocked by wb_clk_i)
Path Group: wb_clk_i
Path Type: min

Fanout         Cap        Slew       Delay        Time   Description
---------------------------------------------------------------------------------------------
                                  0.000000    0.000000   clock wb_clk_i (rise edge)
                                  0.000000    0.000000   clock source latency
     2    0.173040    0.776047    0.580430    0.580430 ^ wb_clk_i (in)
                                                         wb_clk_i (net)
                      0.816176    0.000000    0.580430 ^ clkbuf_0_wb_clk_i/A (sky130_fd_sc_hd__clkbuf_16)
    17    0.079963    0.109695    0.312120    0.892550 ^ clkbuf_0_wb_clk_i/X (sky130_fd_sc_hd__clkbuf_16)
                                                         clknet_0_wb_clk_i (net)
                      0.110683    0.007464    0.900014 ^ clkbuf_3_5_0_wb_clk_i/A (sky130_fd_sc_hd__clkbuf_8)
    11    0.040685    0.082957    0.171889    1.071903 ^ clkbuf_3_5_0_wb_clk_i/X (sky130_fd_sc_hd__clkbuf_8)
                                                         clknet_3_5_0_wb_clk_i (net)
                      0.083013    0.001873    1.073776 ^ _678_/CLK (sky130_fd_sc_hd__dfrtp_2)
     4    0.012942    0.080352    0.370542    1.444318 ^ _678_/Q (sky130_fd_sc_hd__dfrtp_2)
                                                         timer.min_tens[1] (net)
                      0.080363    0.000888    1.445206 ^ _377_/A1 (sky130_fd_sc_hd__a21oi_2)
     1    0.004641    0.039284    0.054575    1.499781 v _377_/Y (sky130_fd_sc_hd__a21oi_2)
                                                         _199_ (net)
                      0.039284    0.000326    1.500107 v _380_/B1 (sky130_fd_sc_hd__a21oi_2)
     1    0.001905    0.059815    0.078251    1.578359 ^ _380_/Y (sky130_fd_sc_hd__a21oi_2)
                                                         _154_ (net)
                      0.059815    0.000083    1.578442 ^ hold34/A (sky130_fd_sc_hd__dlygate4sd3_1)
     1    0.003048    0.055040    0.514634    2.093076 ^ hold34/X (sky130_fd_sc_hd__dlygate4sd3_1)
                                                         net34 (net)
                      0.055040    0.000199    2.093275 ^ _679_/D (sky130_fd_sc_hd__dfrtp_2)
                                              2.093275   data arrival time

                                  0.000000    0.000000   clock wb_clk_i (rise edge)
                                  0.000000    0.000000   clock source latency
     2    0.173040    0.776047    0.641528    0.641528 ^ wb_clk_i (in)
                                                         wb_clk_i (net)
                      0.816176    0.000000    0.641528 ^ clkbuf_0_wb_clk_i/A (sky130_fd_sc_hd__clkbuf_16)
    17    0.079963    0.109695    0.344975    0.986503 ^ clkbuf_0_wb_clk_i/X (sky130_fd_sc_hd__clkbuf_16)
                                                         clknet_0_wb_clk_i (net)
                      0.110683    0.008250    0.994753 ^ clkbuf_3_5_0_wb_clk_i/A (sky130_fd_sc_hd__clkbuf_8)
    11    0.040685    0.082957    0.189982    1.184735 ^ clkbuf_3_5_0_wb_clk_i/X (sky130_fd_sc_hd__clkbuf_8)
                                                         clknet_3_5_0_wb_clk_i (net)
                      0.083001    0.001871    1.186606 ^ _679_/CLK (sky130_fd_sc_hd__dfrtp_2)
                                  0.250000    1.436606   clock uncertainty
                                 -0.112832    1.323774   clock reconvergence pessimism
                                 -0.031554    1.292220   library hold time
                                              1.292220   data required time
---------------------------------------------------------------------------------------------
                                              1.292220   data required time
                                             -2.093275   data arrival time
---------------------------------------------------------------------------------------------
                                              0.801055   slack (MET)


Startpoint: _710_ (rising edge-triggered flip-flop clocked by wb_clk_i)
Endpoint: _715_ (rising edge-triggered flip-flop clocked by wb_clk_i)
Path Group: wb_clk_i
Path Type: min

Fanout         Cap        Slew       Delay        Time   Description
---------------------------------------------------------------------------------------------
                                  0.000000    0.000000   clock wb_clk_i (rise edge)
                                  0.000000    0.000000   clock source latency
     2    0.173040    0.776047    0.580430    0.580430 ^ wb_clk_i (in)
                                                         wb_clk_i (net)
                      0.816176    0.000000    0.580430 ^ clkbuf_0_wb_clk_i/A (sky130_fd_sc_hd__clkbuf_16)
    17    0.079963    0.109695    0.312120    0.892550 ^ clkbuf_0_wb_clk_i/X (sky130_fd_sc_hd__clkbuf_16)
                                                         clknet_0_wb_clk_i (net)
                      0.110620    0.007197    0.899748 ^ clkbuf_3_0_0_wb_clk_i/A (sky130_fd_sc_hd__clkbuf_8)
    11    0.037435    0.077850    0.168095    1.067843 ^ clkbuf_3_0_0_wb_clk_i/X (sky130_fd_sc_hd__clkbuf_8)
                                                         clknet_3_0_0_wb_clk_i (net)
                      0.077890    0.001581    1.069423 ^ _710_/CLK (sky130_fd_sc_hd__dfrtp_2)
     3    0.007937    0.051944    0.391177    1.460601 v _710_/Q (sky130_fd_sc_hd__dfrtp_2)
                                                         timer.scan_div[16] (net)
                      0.051944    0.000482    1.461083 v _534_/A (sky130_fd_sc_hd__and4_2)
     3    0.009504    0.050366    0.188090    1.649172 v _534_/X (sky130_fd_sc_hd__and4_2)
                                                         _296_ (net)
                      0.050368    0.000381    1.649554 v _537_/D (sky130_fd_sc_hd__and4_2)
     3    0.013283    0.057923    0.250130    1.899684 v _537_/X (sky130_fd_sc_hd__and4_2)
                                                         _298_ (net)
                      0.057937    0.000774    1.900458 v _540_/B (sky130_fd_sc_hd__nand2_2)
     2    0.012094    0.074666    0.090505    1.990963 ^ _540_/Y (sky130_fd_sc_hd__nand2_2)
                                                         _300_ (net)
                      0.074668    0.000423    1.991386 ^ _541_/B (sky130_fd_sc_hd__and2b_2)
     1    0.003596    0.037997    0.133875    2.125261 ^ _541_/X (sky130_fd_sc_hd__and2b_2)
                                                         _014_ (net)
                      0.037998    0.000228    2.125489 ^ _715_/D (sky130_fd_sc_hd__dfrtp_2)
                                              2.125489   data arrival time

                                  0.000000    0.000000   clock wb_clk_i (rise edge)
                                  0.000000    0.000000   clock source latency
     2    0.173040    0.776047    0.641528    0.641528 ^ wb_clk_i (in)
                                                         wb_clk_i (net)
                      0.816176    0.000000    0.641528 ^ clkbuf_0_wb_clk_i/A (sky130_fd_sc_hd__clkbuf_16)
    17    0.079963    0.109695    0.344975    0.986503 ^ clkbuf_0_wb_clk_i/X (sky130_fd_sc_hd__clkbuf_16)
                                                         clknet_0_wb_clk_i (net)
                      0.110505    0.007393    0.993896 ^ clkbuf_3_2_0_wb_clk_i/A (sky130_fd_sc_hd__clkbuf_8)
    11    0.038341    0.079269    0.186894    1.180791 ^ clkbuf_3_2_0_wb_clk_i/X (sky130_fd_sc_hd__clkbuf_8)
                                                         clknet_3_2_0_wb_clk_i (net)
                      0.079334    0.002147    1.182938 ^ _715_/CLK (sky130_fd_sc_hd__dfrtp_2)
                                  0.250000    1.432938   clock uncertainty
                                 -0.093953    1.338985   clock reconvergence pessimism
                                 -0.028541    1.310444   library hold time
                                              1.310444   data required time
---------------------------------------------------------------------------------------------
                                              1.310444   data required time
                                             -2.125489   data arrival time
---------------------------------------------------------------------------------------------
                                              0.815045   slack (MET)


Startpoint: _747_ (rising edge-triggered flip-flop clocked by wb_clk_i)
Endpoint: _748_ (rising edge-triggered flip-flop clocked by wb_clk_i)
Path Group: wb_clk_i
Path Type: min

Fanout         Cap        Slew       Delay        Time   Description
---------------------------------------------------------------------------------------------
                                  0.000000    0.000000   clock wb_clk_i (rise edge)
                                  0.000000    0.000000   clock source latency
     2    0.173040    0.776047    0.580430    0.580430 ^ wb_clk_i (in)
                                                         wb_clk_i (net)
                      0.816176    0.000000    0.580430 ^ clkbuf_0_wb_clk_i/A (sky130_fd_sc_hd__clkbuf_16)
    17    0.079963    0.109695    0.312120    0.892550 ^ clkbuf_0_wb_clk_i/X (sky130_fd_sc_hd__clkbuf_16)
                                                         clknet_0_wb_clk_i (net)
                      0.110467    0.006512    0.899062 ^ clkbuf_3_1_0_wb_clk_i/A (sky130_fd_sc_hd__clkbuf_8)
    11    0.038866    0.080091    0.169705    1.068768 ^ clkbuf_3_1_0_wb_clk_i/X (sky130_fd_sc_hd__clkbuf_8)
                                                         clknet_3_1_0_wb_clk_i (net)
                      0.080209    0.002544    1.071312 ^ _747_/CLK (sky130_fd_sc_hd__dfrtp_2)
     4    0.012105    0.077719    0.366269    1.437581 ^ _747_/Q (sky130_fd_sc_hd__dfrtp_2)
                                                         timer.sec_div[20] (net)
                      0.077725    0.000742    1.438323 ^ _462_/A (sky130_fd_sc_hd__nand2_2)
     1    0.009152    0.049843    0.061621    1.499944 v _462_/Y (sky130_fd_sc_hd__nand2_2)
                                                         _255_ (net)
                      0.049859    0.000681    1.500625 v _465_/B (sky130_fd_sc_hd__xnor2_2)
     1    0.002305    0.031874    0.099467    1.600092 ^ _465_/Y (sky130_fd_sc_hd__xnor2_2)
                                                         _047_ (net)
                      0.031874    0.000149    1.600241 ^ hold66/A (sky130_fd_sc_hd__dlygate4sd3_1)
     1    0.003109    0.055545    0.506740    2.106981 ^ hold66/X (sky130_fd_sc_hd__dlygate4sd3_1)
                                                         net66 (net)
                      0.055545    0.000190    2.107171 ^ _748_/D (sky130_fd_sc_hd__dfrtp_2)
                                              2.107171   data arrival time

                                  0.000000    0.000000   clock wb_clk_i (rise edge)
                                  0.000000    0.000000   clock source latency
     2    0.173040    0.776047    0.641528    0.641528 ^ wb_clk_i (in)
                                                         wb_clk_i (net)
                      0.816176    0.000000    0.641528 ^ clkbuf_0_wb_clk_i/A (sky130_fd_sc_hd__clkbuf_16)
    17    0.079963    0.109695    0.344975    0.986503 ^ clkbuf_0_wb_clk_i/X (sky130_fd_sc_hd__clkbuf_16)
                                                         clknet_0_wb_clk_i (net)
                      0.110467    0.007198    0.993701 ^ clkbuf_3_1_0_wb_clk_i/A (sky130_fd_sc_hd__clkbuf_8)
    11    0.038866    0.080091    0.187569    1.181270 ^ clkbuf_3_1_0_wb_clk_i/X (sky130_fd_sc_hd__clkbuf_8)
                                                         clknet_3_1_0_wb_clk_i (net)
                      0.080198    0.002693    1.183962 ^ _748_/CLK (sky130_fd_sc_hd__dfrtp_2)
                                  0.250000    1.433962   clock uncertainty
                                 -0.112502    1.321460   clock reconvergence pessimism
                                 -0.032042    1.289418   library hold time
                                              1.289418   data required time
---------------------------------------------------------------------------------------------
                                              1.289418   data required time
                                             -2.107171   data arrival time
---------------------------------------------------------------------------------------------
                                              0.817753   slack (MET)


Startpoint: _718_ (rising edge-triggered flip-flop clocked by wb_clk_i)
Endpoint: _719_ (rising edge-triggered flip-flop clocked by wb_clk_i)
Path Group: wb_clk_i
Path Type: min

Fanout         Cap        Slew       Delay        Time   Description
---------------------------------------------------------------------------------------------
                                  0.000000    0.000000   clock wb_clk_i (rise edge)
                                  0.000000    0.000000   clock source latency
     2    0.173040    0.776047    0.580430    0.580430 ^ wb_clk_i (in)
                                                         wb_clk_i (net)
                      0.816176    0.000000    0.580430 ^ clkbuf_0_wb_clk_i/A (sky130_fd_sc_hd__clkbuf_16)
    17    0.079963    0.109695    0.312120    0.892550 ^ clkbuf_0_wb_clk_i/X (sky130_fd_sc_hd__clkbuf_16)
                                                         clknet_0_wb_clk_i (net)
                      0.110505    0.006689    0.899240 ^ clkbuf_3_2_0_wb_clk_i/A (sky130_fd_sc_hd__clkbuf_8)
    11    0.038341    0.079269    0.169095    1.068334 ^ clkbuf_3_2_0_wb_clk_i/X (sky130_fd_sc_hd__clkbuf_8)
                                                         clknet_3_2_0_wb_clk_i (net)
                      0.079318    0.001723    1.070057 ^ _718_/CLK (sky130_fd_sc_hd__dfrtp_2)
     4    0.014479    0.086871    0.374091    1.444148 ^ _718_/Q (sky130_fd_sc_hd__dfrtp_2)
                                                         timer.scan_div[24] (net)
                      0.086879    0.000880    1.445028 ^ _548_/A (sky130_fd_sc_hd__nand2_2)
     1    0.008997    0.050904    0.063596    1.508624 v _548_/Y (sky130_fd_sc_hd__nand2_2)
                                                         _305_ (net)
                      0.050919    0.000667    1.509292 v _551_/B (sky130_fd_sc_hd__xnor2_2)
     1    0.001920    0.030238    0.096557    1.605849 ^ _551_/Y (sky130_fd_sc_hd__xnor2_2)
                                                         _018_ (net)
                      0.030238    0.000082    1.605931 ^ hold76/A (sky130_fd_sc_hd__dlygate4sd3_1)
     1    0.002592    0.051093    0.501633    2.107564 ^ hold76/X (sky130_fd_sc_hd__dlygate4sd3_1)
                                                         net76 (net)
                      0.051093    0.000167    2.107731 ^ _719_/D (sky130_fd_sc_hd__dfrtp_2)
                                              2.107731   data arrival time

                                  0.000000    0.000000   clock wb_clk_i (rise edge)
                                  0.000000    0.000000   clock source latency
     2    0.173040    0.776047    0.641528    0.641528 ^ wb_clk_i (in)
                                                         wb_clk_i (net)
                      0.816176    0.000000    0.641528 ^ clkbuf_0_wb_clk_i/A (sky130_fd_sc_hd__clkbuf_16)
    17    0.079963    0.109695    0.344975    0.986503 ^ clkbuf_0_wb_clk_i/X (sky130_fd_sc_hd__clkbuf_16)
                                                         clknet_0_wb_clk_i (net)
                      0.110505    0.007393    0.993896 ^ clkbuf_3_2_0_wb_clk_i/A (sky130_fd_sc_hd__clkbuf_8)
    11    0.038341    0.079269    0.186894    1.180791 ^ clkbuf_3_2_0_wb_clk_i/X (sky130_fd_sc_hd__clkbuf_8)
                                                         clknet_3_2_0_wb_clk_i (net)
                      0.079336    0.002188    1.182979 ^ _719_/CLK (sky130_fd_sc_hd__dfrtp_2)
                                  0.250000    1.432979   clock uncertainty
                                 -0.112456    1.320523   clock reconvergence pessimism
                                 -0.031242    1.289281   library hold time
                                              1.289281   data required time
---------------------------------------------------------------------------------------------
                                              1.289281   data required time
                                             -2.107731   data arrival time
---------------------------------------------------------------------------------------------
                                              0.818450   slack (MET)


Startpoint: _751_ (rising edge-triggered flip-flop clocked by wb_clk_i)
Endpoint: _752_ (rising edge-triggered flip-flop clocked by wb_clk_i)
Path Group: wb_clk_i
Path Type: min

Fanout         Cap        Slew       Delay        Time   Description
---------------------------------------------------------------------------------------------
                                  0.000000    0.000000   clock wb_clk_i (rise edge)
                                  0.000000    0.000000   clock source latency
     2    0.173040    0.776047    0.580430    0.580430 ^ wb_clk_i (in)
                                                         wb_clk_i (net)
                      0.816176    0.000000    0.580430 ^ clkbuf_0_wb_clk_i/A (sky130_fd_sc_hd__clkbuf_16)
    17    0.079963    0.109695    0.312120    0.892550 ^ clkbuf_0_wb_clk_i/X (sky130_fd_sc_hd__clkbuf_16)
                                                         clknet_0_wb_clk_i (net)
                      0.110216    0.005207    0.897758 ^ clkbuf_3_6_0_wb_clk_i/A (sky130_fd_sc_hd__clkbuf_8)
    12    0.040512    0.082979    0.171162    1.068919 ^ clkbuf_3_6_0_wb_clk_i/X (sky130_fd_sc_hd__clkbuf_8)
                                                         clknet_3_6_0_wb_clk_i (net)
                      0.083204    0.002850    1.071769 ^ _751_/CLK (sky130_fd_sc_hd__dfrtp_2)
     4    0.013380    0.082210    0.372063    1.443832 ^ _751_/Q (sky130_fd_sc_hd__dfrtp_2)
                                                         timer.sec_div[24] (net)
                      0.082216    0.000728    1.444559 ^ _472_/A (sky130_fd_sc_hd__nand2_2)
     1    0.008252    0.047573    0.060234    1.504793 v _472_/Y (sky130_fd_sc_hd__nand2_2)
                                                         _261_ (net)
                      0.047576    0.000367    1.505161 v _475_/B (sky130_fd_sc_hd__xnor2_2)
     1    0.002827    0.034056    0.103143    1.608304 ^ _475_/Y (sky130_fd_sc_hd__xnor2_2)
                                                         _051_ (net)
                      0.034056    0.000195    1.608499 ^ hold80/A (sky130_fd_sc_hd__dlygate4sd3_1)
     1    0.002524    0.050528    0.502213    2.110713 ^ hold80/X (sky130_fd_sc_hd__dlygate4sd3_1)
                                                         net80 (net)
                      0.050528    0.000162    2.110875 ^ _752_/D (sky130_fd_sc_hd__dfrtp_2)
                                              2.110875   data arrival time

                                  0.000000    0.000000   clock wb_clk_i (rise edge)
                                  0.000000    0.000000   clock source latency
     2    0.173040    0.776047    0.641528    0.641528 ^ wb_clk_i (in)
                                                         wb_clk_i (net)
                      0.816176    0.000000    0.641528 ^ clkbuf_0_wb_clk_i/A (sky130_fd_sc_hd__clkbuf_16)
    17    0.079963    0.109695    0.344975    0.986503 ^ clkbuf_0_wb_clk_i/X (sky130_fd_sc_hd__clkbuf_16)
                                                         clknet_0_wb_clk_i (net)
                      0.110216    0.005756    0.992258 ^ clkbuf_3_6_0_wb_clk_i/A (sky130_fd_sc_hd__clkbuf_8)
    12    0.040512    0.082979    0.189178    1.181437 ^ clkbuf_3_6_0_wb_clk_i/X (sky130_fd_sc_hd__clkbuf_8)
                                                         clknet_3_6_0_wb_clk_i (net)
                      0.083310    0.003992    1.185429 ^ _752_/CLK (sky130_fd_sc_hd__dfrtp_2)
                                  0.250000    1.435429   clock uncertainty
                                 -0.112518    1.322912   clock reconvergence pessimism
                                 -0.030582    1.292330   library hold time
                                              1.292330   data required time
---------------------------------------------------------------------------------------------
                                              1.292330   data required time
                                             -2.110875   data arrival time
---------------------------------------------------------------------------------------------
                                              0.818545   slack (MET)


Startpoint: _743_ (rising edge-triggered flip-flop clocked by wb_clk_i)
Endpoint: _743_ (rising edge-triggered flip-flop clocked by wb_clk_i)
Path Group: wb_clk_i
Path Type: min

Fanout         Cap        Slew       Delay        Time   Description
---------------------------------------------------------------------------------------------
                                  0.000000    0.000000   clock wb_clk_i (rise edge)
                                  0.000000    0.000000   clock source latency
     2    0.173040    0.776047    0.580430    0.580430 ^ wb_clk_i (in)
                                                         wb_clk_i (net)
                      0.816176    0.000000    0.580430 ^ clkbuf_0_wb_clk_i/A (sky130_fd_sc_hd__clkbuf_16)
    17    0.079963    0.109695    0.312120    0.892550 ^ clkbuf_0_wb_clk_i/X (sky130_fd_sc_hd__clkbuf_16)
                                                         clknet_0_wb_clk_i (net)
                      0.110422    0.006298    0.898848 ^ clkbuf_3_4_0_wb_clk_i/A (sky130_fd_sc_hd__clkbuf_8)
    11    0.039410    0.081236    0.170141    1.068989 ^ clkbuf_3_4_0_wb_clk_i/X (sky130_fd_sc_hd__clkbuf_8)
                                                         clknet_3_4_0_wb_clk_i (net)
                      0.081327    0.002297    1.071286 ^ _743_/CLK (sky130_fd_sc_hd__dfrtp_2)
     2    0.006467    0.053719    0.343893    1.415179 ^ _743_/Q (sky130_fd_sc_hd__dfrtp_2)
                                                         timer.sec_div[16] (net)
                      0.053719    0.000326    1.415506 ^ hold126/A (sky130_fd_sc_hd__dlygate4sd3_1)
     4    0.014232    0.154890    0.590901    2.006407 ^ hold126/X (sky130_fd_sc_hd__dlygate4sd3_1)
                                                         net126 (net)
                      0.154890    0.000207    2.006614 ^ _453_/A (sky130_fd_sc_hd__nor2_2)
     1    0.004404    0.024046    0.057707    2.064321 v _453_/Y (sky130_fd_sc_hd__nor2_2)
                                                         _250_ (net)
                      0.024046    0.000195    2.064516 v _454_/B (sky130_fd_sc_hd__nor2_2)
     1    0.002814    0.060646    0.058527    2.123043 ^ _454_/Y (sky130_fd_sc_hd__nor2_2)
                                                         _041_ (net)
                      0.060646    0.000177    2.123220 ^ _743_/D (sky130_fd_sc_hd__dfrtp_2)
                                              2.123220   data arrival time

                                  0.000000    0.000000   clock wb_clk_i (rise edge)
                                  0.000000    0.000000   clock source latency
     2    0.173040    0.776047    0.641528    0.641528 ^ wb_clk_i (in)
                                                         wb_clk_i (net)
                      0.816176    0.000000    0.641528 ^ clkbuf_0_wb_clk_i/A (sky130_fd_sc_hd__clkbuf_16)
    17    0.079963    0.109695    0.344975    0.986503 ^ clkbuf_0_wb_clk_i/X (sky130_fd_sc_hd__clkbuf_16)
                                                         clknet_0_wb_clk_i (net)
                      0.110422    0.006960    0.993463 ^ clkbuf_3_4_0_wb_clk_i/A (sky130_fd_sc_hd__clkbuf_8)
    11    0.039410    0.081236    0.188051    1.181514 ^ clkbuf_3_4_0_wb_clk_i/X (sky130_fd_sc_hd__clkbuf_8)
                                                         clknet_3_4_0_wb_clk_i (net)
                      0.081327    0.002539    1.184053 ^ _743_/CLK (sky130_fd_sc_hd__dfrtp_2)
                                  0.250000    1.434053   clock uncertainty
                                 -0.112767    1.321286   clock reconvergence pessimism
                                 -0.032939    1.288347   library hold time
                                              1.288347   data required time
---------------------------------------------------------------------------------------------
                                              1.288347   data required time
                                             -2.123220   data arrival time
---------------------------------------------------------------------------------------------
                                              0.834873   slack (MET)


Startpoint: _751_ (rising edge-triggered flip-flop clocked by wb_clk_i)
Endpoint: _751_ (rising edge-triggered flip-flop clocked by wb_clk_i)
Path Group: wb_clk_i
Path Type: min

Fanout         Cap        Slew       Delay        Time   Description
---------------------------------------------------------------------------------------------
                                  0.000000    0.000000   clock wb_clk_i (rise edge)
                                  0.000000    0.000000   clock source latency
     2    0.173040    0.776047    0.580430    0.580430 ^ wb_clk_i (in)
                                                         wb_clk_i (net)
                      0.816176    0.000000    0.580430 ^ clkbuf_0_wb_clk_i/A (sky130_fd_sc_hd__clkbuf_16)
    17    0.079963    0.109695    0.312120    0.892550 ^ clkbuf_0_wb_clk_i/X (sky130_fd_sc_hd__clkbuf_16)
                                                         clknet_0_wb_clk_i (net)
                      0.110216    0.005207    0.897758 ^ clkbuf_3_6_0_wb_clk_i/A (sky130_fd_sc_hd__clkbuf_8)
    12    0.040512    0.082979    0.171162    1.068919 ^ clkbuf_3_6_0_wb_clk_i/X (sky130_fd_sc_hd__clkbuf_8)
                                                         clknet_3_6_0_wb_clk_i (net)
                      0.083204    0.002850    1.071769 ^ _751_/CLK (sky130_fd_sc_hd__dfrtp_2)
     4    0.013380    0.082210    0.372063    1.443832 ^ _751_/Q (sky130_fd_sc_hd__dfrtp_2)
                                                         timer.sec_div[24] (net)
                      0.082213    0.000594    1.444426 ^ hold141/A (sky130_fd_sc_hd__dlygate4sd3_1)
     3    0.016708    0.177863    0.614456    2.058881 ^ hold141/X (sky130_fd_sc_hd__dlygate4sd3_1)
                                                         net141 (net)
                      0.177867    0.001021    2.059902 ^ _473_/A (sky130_fd_sc_hd__xor2_2)
     1    0.002265    0.028546    0.079875    2.139776 v _473_/X (sky130_fd_sc_hd__xor2_2)
                                                         _050_ (net)
                      0.028546    0.000153    2.139929 v _751_/D (sky130_fd_sc_hd__dfrtp_2)
                                              2.139929   data arrival time

                                  0.000000    0.000000   clock wb_clk_i (rise edge)
                                  0.000000    0.000000   clock source latency
     2    0.173040    0.776047    0.641528    0.641528 ^ wb_clk_i (in)
                                                         wb_clk_i (net)
                      0.816176    0.000000    0.641528 ^ clkbuf_0_wb_clk_i/A (sky130_fd_sc_hd__clkbuf_16)
    17    0.079963    0.109695    0.344975    0.986503 ^ clkbuf_0_wb_clk_i/X (sky130_fd_sc_hd__clkbuf_16)
                                                         clknet_0_wb_clk_i (net)
                      0.110216    0.005756    0.992258 ^ clkbuf_3_6_0_wb_clk_i/A (sky130_fd_sc_hd__clkbuf_8)
    12    0.040512    0.082979    0.189178    1.181437 ^ clkbuf_3_6_0_wb_clk_i/X (sky130_fd_sc_hd__clkbuf_8)
                                                         clknet_3_6_0_wb_clk_i (net)
                      0.083204    0.003150    1.184586 ^ _751_/CLK (sky130_fd_sc_hd__dfrtp_2)
                                  0.250000    1.434587   clock uncertainty
                                 -0.112818    1.321769   clock reconvergence pessimism
                                 -0.026703    1.295066   library hold time
                                              1.295066   data required time
---------------------------------------------------------------------------------------------
                                              1.295066   data required time
                                             -2.139929   data arrival time
---------------------------------------------------------------------------------------------
                                              0.844863   slack (MET)


Startpoint: _675_ (rising edge-triggered flip-flop clocked by wb_clk_i)
Endpoint: _675_ (rising edge-triggered flip-flop clocked by wb_clk_i)
Path Group: wb_clk_i
Path Type: min

Fanout         Cap        Slew       Delay        Time   Description
---------------------------------------------------------------------------------------------
                                  0.000000    0.000000   clock wb_clk_i (rise edge)
                                  0.000000    0.000000   clock source latency
     2    0.173040    0.776047    0.580430    0.580430 ^ wb_clk_i (in)
                                                         wb_clk_i (net)
                      0.816176    0.000000    0.580430 ^ clkbuf_0_wb_clk_i/A (sky130_fd_sc_hd__clkbuf_16)
    17    0.079963    0.109695    0.312120    0.892550 ^ clkbuf_0_wb_clk_i/X (sky130_fd_sc_hd__clkbuf_16)
                                                         clknet_0_wb_clk_i (net)
                      0.110422    0.006298    0.898848 ^ clkbuf_3_4_0_wb_clk_i/A (sky130_fd_sc_hd__clkbuf_8)
    11    0.039410    0.081236    0.170141    1.068989 ^ clkbuf_3_4_0_wb_clk_i/X (sky130_fd_sc_hd__clkbuf_8)
                                                         clknet_3_4_0_wb_clk_i (net)
                      0.081328    0.002318    1.071307 ^ _675_/CLK (sky130_fd_sc_hd__dfrtp_2)
     9    0.044983    0.219792    0.471480    1.542787 ^ _675_/Q (sky130_fd_sc_hd__dfrtp_2)
                                                         timer.dig_cnt[0] (net)
                      0.219804    0.001785    1.544572 ^ _388_/B (sky130_fd_sc_hd__xor2_2)
     1    0.002152    0.028260    0.079277    1.623849 v _388_/X (sky130_fd_sc_hd__xor2_2)
                                                         _150_ (net)
                      0.028260    0.000137    1.623986 v hold44/A (sky130_fd_sc_hd__dlygate4sd3_1)
     1    0.002554    0.051663    0.512421    2.136407 v hold44/X (sky130_fd_sc_hd__dlygate4sd3_1)
                                                         net44 (net)
                      0.051663    0.000164    2.136571 v _675_/D (sky130_fd_sc_hd__dfrtp_2)
                                              2.136571   data arrival time

                                  0.000000    0.000000   clock wb_clk_i (rise edge)
                                  0.000000    0.000000   clock source latency
     2    0.173040    0.776047    0.641528    0.641528 ^ wb_clk_i (in)
                                                         wb_clk_i (net)
                      0.816176    0.000000    0.641528 ^ clkbuf_0_wb_clk_i/A (sky130_fd_sc_hd__clkbuf_16)
    17    0.079963    0.109695    0.344975    0.986503 ^ clkbuf_0_wb_clk_i/X (sky130_fd_sc_hd__clkbuf_16)
                                                         clknet_0_wb_clk_i (net)
                      0.110422    0.006960    0.993463 ^ clkbuf_3_4_0_wb_clk_i/A (sky130_fd_sc_hd__clkbuf_8)
    11    0.039410    0.081236    0.188051    1.181514 ^ clkbuf_3_4_0_wb_clk_i/X (sky130_fd_sc_hd__clkbuf_8)
                                                         clknet_3_4_0_wb_clk_i (net)
                      0.081328    0.002562    1.184076 ^ _675_/CLK (sky130_fd_sc_hd__dfrtp_2)
                                  0.250000    1.434076   clock uncertainty
                                 -0.112769    1.321307   clock reconvergence pessimism
                                 -0.036538    1.284769   library hold time
                                              1.284769   data required time
---------------------------------------------------------------------------------------------
                                              1.284769   data required time
                                             -2.136571   data arrival time
---------------------------------------------------------------------------------------------
                                              0.851803   slack (MET)


Startpoint: _751_ (rising edge-triggered flip-flop clocked by wb_clk_i)
Endpoint: _754_ (rising edge-triggered flip-flop clocked by wb_clk_i)
Path Group: wb_clk_i
Path Type: min

Fanout         Cap        Slew       Delay        Time   Description
---------------------------------------------------------------------------------------------
                                  0.000000    0.000000   clock wb_clk_i (rise edge)
                                  0.000000    0.000000   clock source latency
     2    0.173040    0.776047    0.580430    0.580430 ^ wb_clk_i (in)
                                                         wb_clk_i (net)
                      0.816176    0.000000    0.580430 ^ clkbuf_0_wb_clk_i/A (sky130_fd_sc_hd__clkbuf_16)
    17    0.079963    0.109695    0.312120    0.892550 ^ clkbuf_0_wb_clk_i/X (sky130_fd_sc_hd__clkbuf_16)
                                                         clknet_0_wb_clk_i (net)
                      0.110216    0.005207    0.897758 ^ clkbuf_3_6_0_wb_clk_i/A (sky130_fd_sc_hd__clkbuf_8)
    12    0.040512    0.082979    0.171162    1.068919 ^ clkbuf_3_6_0_wb_clk_i/X (sky130_fd_sc_hd__clkbuf_8)
                                                         clknet_3_6_0_wb_clk_i (net)
                      0.083204    0.002850    1.071769 ^ _751_/CLK (sky130_fd_sc_hd__dfrtp_2)
     4    0.012848    0.063723    0.410103    1.481872 v _751_/Q (sky130_fd_sc_hd__dfrtp_2)
                                                         timer.sec_div[24] (net)
                      0.063723    0.000602    1.482474 v _477_/B (sky130_fd_sc_hd__and4_2)
     1    0.004769    0.039085    0.204855    1.687329 v _477_/X (sky130_fd_sc_hd__and4_2)
                                                         _263_ (net)
                      0.039085    0.000306    1.687635 v _478_/D (sky130_fd_sc_hd__and4_2)
     5    0.022481    0.076667    0.264807    1.952442 v _478_/X (sky130_fd_sc_hd__and4_2)
                                                         _264_ (net)
                      0.076694    0.001300    1.953742 v _480_/A_N (sky130_fd_sc_hd__and2b_2)
     1    0.002246    0.032177    0.198418    2.152160 ^ _480_/X (sky130_fd_sc_hd__and2b_2)
                                                         _053_ (net)
                      0.032177    0.000154    2.152314 ^ _754_/D (sky130_fd_sc_hd__dfrtp_2)
                                              2.152314   data arrival time

                                  0.000000    0.000000   clock wb_clk_i (rise edge)
                                  0.000000    0.000000   clock source latency
     2    0.173040    0.776047    0.641528    0.641528 ^ wb_clk_i (in)
                                                         wb_clk_i (net)
                      0.816176    0.000000    0.641528 ^ clkbuf_0_wb_clk_i/A (sky130_fd_sc_hd__clkbuf_16)
    17    0.079963    0.109695    0.344975    0.986503 ^ clkbuf_0_wb_clk_i/X (sky130_fd_sc_hd__clkbuf_16)
                                                         clknet_0_wb_clk_i (net)
                      0.110216    0.005756    0.992258 ^ clkbuf_3_6_0_wb_clk_i/A (sky130_fd_sc_hd__clkbuf_8)
    12    0.040512    0.082979    0.189178    1.181437 ^ clkbuf_3_6_0_wb_clk_i/X (sky130_fd_sc_hd__clkbuf_8)
                                                         clknet_3_6_0_wb_clk_i (net)
                      0.083263    0.003641    1.185078 ^ _754_/CLK (sky130_fd_sc_hd__dfrtp_2)
                                  0.250000    1.435078   clock uncertainty
                                 -0.112518    1.322561   clock reconvergence pessimism
                                 -0.026805    1.295755   library hold time
                                              1.295755   data required time
---------------------------------------------------------------------------------------------
                                              1.295755   data required time
                                             -2.152314   data arrival time
---------------------------------------------------------------------------------------------
                                              0.856559   slack (MET)


Startpoint: _718_ (rising edge-triggered flip-flop clocked by wb_clk_i)
Endpoint: _723_ (rising edge-triggered flip-flop clocked by wb_clk_i)
Path Group: wb_clk_i
Path Type: min

Fanout         Cap        Slew       Delay        Time   Description
---------------------------------------------------------------------------------------------
                                  0.000000    0.000000   clock wb_clk_i (rise edge)
                                  0.000000    0.000000   clock source latency
     2    0.173040    0.776047    0.580430    0.580430 ^ wb_clk_i (in)
                                                         wb_clk_i (net)
                      0.816176    0.000000    0.580430 ^ clkbuf_0_wb_clk_i/A (sky130_fd_sc_hd__clkbuf_16)
    17    0.079963    0.109695    0.312120    0.892550 ^ clkbuf_0_wb_clk_i/X (sky130_fd_sc_hd__clkbuf_16)
                                                         clknet_0_wb_clk_i (net)
                      0.110505    0.006689    0.899240 ^ clkbuf_3_2_0_wb_clk_i/A (sky130_fd_sc_hd__clkbuf_8)
    11    0.038341    0.079269    0.169095    1.068334 ^ clkbuf_3_2_0_wb_clk_i/X (sky130_fd_sc_hd__clkbuf_8)
                                                         clknet_3_2_0_wb_clk_i (net)
                      0.079318    0.001723    1.070057 ^ _718_/CLK (sky130_fd_sc_hd__dfrtp_2)
     4    0.013988    0.066075    0.411201    1.481258 v _718_/Q (sky130_fd_sc_hd__dfrtp_2)
                                                         timer.scan_div[24] (net)
                      0.066081    0.001075    1.482333 v _553_/A (sky130_fd_sc_hd__and4_2)
     1    0.003939    0.037379    0.176565    1.658898 v _553_/X (sky130_fd_sc_hd__and4_2)
                                                         _307_ (net)
                      0.037379    0.000332    1.659230 v _554_/D (sky130_fd_sc_hd__and4_2)
     5    0.027861    0.088819    0.275508    1.934737 v _554_/X (sky130_fd_sc_hd__and4_2)
                                                         _308_ (net)
                      0.088916    0.002498    1.937235 v _558_/C (sky130_fd_sc_hd__nand3_2)
     2    0.011876    0.080930    0.107952    2.045187 ^ _558_/Y (sky130_fd_sc_hd__nand3_2)
                                                         _310_ (net)
                      0.080933    0.000531    2.045718 ^ _560_/A (sky130_fd_sc_hd__and2_2)
     1    0.002416    0.035169    0.127127    2.172844 ^ _560_/X (sky130_fd_sc_hd__and2_2)
                                                         _022_ (net)
                      0.035169    0.000160    2.173004 ^ _723_/D (sky130_fd_sc_hd__dfrtp_2)
                                              2.173004   data arrival time

                                  0.000000    0.000000   clock wb_clk_i (rise edge)
                                  0.000000    0.000000   clock source latency
     2    0.173040    0.776047    0.641528    0.641528 ^ wb_clk_i (in)
                                                         wb_clk_i (net)
                      0.816176    0.000000    0.641528 ^ clkbuf_0_wb_clk_i/A (sky130_fd_sc_hd__clkbuf_16)
    17    0.079963    0.109695    0.344975    0.986503 ^ clkbuf_0_wb_clk_i/X (sky130_fd_sc_hd__clkbuf_16)
                                                         clknet_0_wb_clk_i (net)
                      0.110620    0.007955    0.994458 ^ clkbuf_3_0_0_wb_clk_i/A (sky130_fd_sc_hd__clkbuf_8)
    11    0.037435    0.077850    0.185790    1.180247 ^ clkbuf_3_0_0_wb_clk_i/X (sky130_fd_sc_hd__clkbuf_8)
                                                         clknet_3_0_0_wb_clk_i (net)
                      0.077958    0.002666    1.182913 ^ _723_/CLK (sky130_fd_sc_hd__dfrtp_2)
                                  0.250000    1.432913   clock uncertainty
                                 -0.093953    1.338961   clock reconvergence pessimism
                                 -0.028146    1.310815   library hold time
                                              1.310815   data required time
---------------------------------------------------------------------------------------------
                                              1.310815   data required time
                                             -2.173004   data arrival time
---------------------------------------------------------------------------------------------
                                              0.862189   slack (MET)


Startpoint: _681_ (rising edge-triggered flip-flop clocked by wb_clk_i)
Endpoint: _682_ (rising edge-triggered flip-flop clocked by wb_clk_i)
Path Group: wb_clk_i
Path Type: min

Fanout         Cap        Slew       Delay        Time   Description
---------------------------------------------------------------------------------------------
                                  0.000000    0.000000   clock wb_clk_i (rise edge)
                                  0.000000    0.000000   clock source latency
     2    0.173040    0.776047    0.580430    0.580430 ^ wb_clk_i (in)
                                                         wb_clk_i (net)
                      0.816176    0.000000    0.580430 ^ clkbuf_0_wb_clk_i/A (sky130_fd_sc_hd__clkbuf_16)
    17    0.079963    0.109695    0.312120    0.892550 ^ clkbuf_0_wb_clk_i/X (sky130_fd_sc_hd__clkbuf_16)
                                                         clknet_0_wb_clk_i (net)
                      0.110560    0.006938    0.899488 ^ clkbuf_3_7_0_wb_clk_i/A (sky130_fd_sc_hd__clkbuf_8)
    12    0.039052    0.080674    0.169794    1.069282 ^ clkbuf_3_7_0_wb_clk_i/X (sky130_fd_sc_hd__clkbuf_8)
                                                         clknet_3_7_0_wb_clk_i (net)
                      0.080757    0.002194    1.071476 ^ _681_/CLK (sky130_fd_sc_hd__dfrtp_2)
     3    0.013482    0.065010    0.410662    1.482138 v _681_/Q (sky130_fd_sc_hd__dfrtp_2)
                                                         timer.min_ones[0] (net)
                      0.065010    0.000784    1.482922 v _362_/A (sky130_fd_sc_hd__nand2_2)
     1    0.002998    0.032256    0.053105    1.536027 ^ _362_/Y (sky130_fd_sc_hd__nand2_2)
                                                         _189_ (net)
                      0.032256    0.000132    1.536160 ^ _372_/A2 (sky130_fd_sc_hd__a22o_2)
     1    0.002758    0.032585    0.120789    1.656949 ^ _372_/X (sky130_fd_sc_hd__a22o_2)
                                                         _157_ (net)
                      0.032585    0.000174    1.657123 ^ hold140/A (sky130_fd_sc_hd__dlygate4sd3_1)
     1    0.002536    0.050623    0.501852    2.158975 ^ hold140/X (sky130_fd_sc_hd__dlygate4sd3_1)
                                                         net140 (net)
                      0.050623    0.000176    2.159151 ^ _682_/D (sky130_fd_sc_hd__dfrtp_2)
                                              2.159151   data arrival time

                                  0.000000    0.000000   clock wb_clk_i (rise edge)
                                  0.000000    0.000000   clock source latency
     2    0.173040    0.776047    0.641528    0.641528 ^ wb_clk_i (in)
                                                         wb_clk_i (net)
                      0.816176    0.000000    0.641528 ^ clkbuf_0_wb_clk_i/A (sky130_fd_sc_hd__clkbuf_16)
    17    0.079963    0.109695    0.344975    0.986503 ^ clkbuf_0_wb_clk_i/X (sky130_fd_sc_hd__clkbuf_16)
                                                         clknet_0_wb_clk_i (net)
                      0.110560    0.007668    0.994171 ^ clkbuf_3_7_0_wb_clk_i/A (sky130_fd_sc_hd__clkbuf_8)
    12    0.039052    0.080674    0.187667    1.181838 ^ clkbuf_3_7_0_wb_clk_i/X (sky130_fd_sc_hd__clkbuf_8)
                                                         clknet_3_7_0_wb_clk_i (net)
                      0.080759    0.002448    1.184286 ^ _682_/CLK (sky130_fd_sc_hd__dfrtp_2)
                                  0.250000    1.434286   clock uncertainty
                                 -0.112556    1.321730   clock reconvergence pessimism
                                 -0.030950    1.290779   library hold time
                                              1.290779   data required time
---------------------------------------------------------------------------------------------
                                              1.290779   data required time
                                             -2.159151   data arrival time
---------------------------------------------------------------------------------------------
                                              0.868371   slack (MET)


Startpoint: _731_ (rising edge-triggered flip-flop clocked by wb_clk_i)
Endpoint: _734_ (rising edge-triggered flip-flop clocked by wb_clk_i)
Path Group: wb_clk_i
Path Type: min

Fanout         Cap        Slew       Delay        Time   Description
---------------------------------------------------------------------------------------------
                                  0.000000    0.000000   clock wb_clk_i (rise edge)
                                  0.000000    0.000000   clock source latency
     2    0.173040    0.776047    0.580430    0.580430 ^ wb_clk_i (in)
                                                         wb_clk_i (net)
                      0.816176    0.000000    0.580430 ^ clkbuf_0_wb_clk_i/A (sky130_fd_sc_hd__clkbuf_16)
    17    0.079963    0.109695    0.312120    0.892550 ^ clkbuf_0_wb_clk_i/X (sky130_fd_sc_hd__clkbuf_16)
                                                         clknet_0_wb_clk_i (net)
                      0.110216    0.005207    0.897758 ^ clkbuf_3_6_0_wb_clk_i/A (sky130_fd_sc_hd__clkbuf_8)
    12    0.040512    0.082979    0.171162    1.068919 ^ clkbuf_3_6_0_wb_clk_i/X (sky130_fd_sc_hd__clkbuf_8)
                                                         clknet_3_6_0_wb_clk_i (net)
                      0.082987    0.000964    1.069883 ^ _731_/CLK (sky130_fd_sc_hd__dfrtp_2)
     4    0.015282    0.068808    0.415388    1.485271 v _731_/Q (sky130_fd_sc_hd__dfrtp_2)
                                                         timer.sec_div[4] (net)
                      0.068817    0.001307    1.486579 v _425_/B (sky130_fd_sc_hd__nand4_2)
     2    0.007467    0.070985    0.096660    1.583238 ^ _425_/Y (sky130_fd_sc_hd__nand4_2)
                                                         _232_ (net)
                      0.070985    0.000239    1.583477 ^ _429_/A2 (sky130_fd_sc_hd__a211oi_2)
     1    0.002567    0.031519    0.060176    1.643653 v _429_/Y (sky130_fd_sc_hd__a211oi_2)
                                                         _063_ (net)
                      0.031519    0.000153    1.643806 v hold149/A (sky130_fd_sc_hd__dlygate4sd3_1)
     1    0.002329    0.050464    0.511700    2.155506 v hold149/X (sky130_fd_sc_hd__dlygate4sd3_1)
                                                         net149 (net)
                      0.050464    0.000099    2.155605 v _734_/D (sky130_fd_sc_hd__dfrtp_2)
                                              2.155605   data arrival time

                                  0.000000    0.000000   clock wb_clk_i (rise edge)
                                  0.000000    0.000000   clock source latency
     2    0.173040    0.776047    0.641528    0.641528 ^ wb_clk_i (in)
                                                         wb_clk_i (net)
                      0.816176    0.000000    0.641528 ^ clkbuf_0_wb_clk_i/A (sky130_fd_sc_hd__clkbuf_16)
    17    0.079963    0.109695    0.344975    0.986503 ^ clkbuf_0_wb_clk_i/X (sky130_fd_sc_hd__clkbuf_16)
                                                         clknet_0_wb_clk_i (net)
                      0.110216    0.005756    0.992258 ^ clkbuf_3_6_0_wb_clk_i/A (sky130_fd_sc_hd__clkbuf_8)
    12    0.040512    0.082979    0.189178    1.181437 ^ clkbuf_3_6_0_wb_clk_i/X (sky130_fd_sc_hd__clkbuf_8)
                                                         clknet_3_6_0_wb_clk_i (net)
                      0.083104    0.002051    1.183488 ^ _734_/CLK (sky130_fd_sc_hd__dfrtp_2)
                                  0.250000    1.433488   clock uncertainty
                                 -0.112518    1.320970   clock reconvergence pessimism
                                 -0.035645    1.285325   library hold time
                                              1.285325   data required time
---------------------------------------------------------------------------------------------
                                              1.285325   data required time
                                             -2.155605   data arrival time
---------------------------------------------------------------------------------------------
                                              0.870280   slack (MET)


Startpoint: _685_ (rising edge-triggered flip-flop clocked by wb_clk_i)
Endpoint: _683_ (rising edge-triggered flip-flop clocked by wb_clk_i)
Path Group: wb_clk_i
Path Type: min

Fanout         Cap        Slew       Delay        Time   Description
---------------------------------------------------------------------------------------------
                                  0.000000    0.000000   clock wb_clk_i (rise edge)
                                  0.000000    0.000000   clock source latency
     2    0.173040    0.776047    0.580430    0.580430 ^ wb_clk_i (in)
                                                         wb_clk_i (net)
                      0.816176    0.000000    0.580430 ^ clkbuf_0_wb_clk_i/A (sky130_fd_sc_hd__clkbuf_16)
    17    0.079963    0.109695    0.312120    0.892550 ^ clkbuf_0_wb_clk_i/X (sky130_fd_sc_hd__clkbuf_16)
                                                         clknet_0_wb_clk_i (net)
                      0.110683    0.007464    0.900014 ^ clkbuf_3_5_0_wb_clk_i/A (sky130_fd_sc_hd__clkbuf_8)
    11    0.040685    0.082957    0.171889    1.071903 ^ clkbuf_3_5_0_wb_clk_i/X (sky130_fd_sc_hd__clkbuf_8)
                                                         clknet_3_5_0_wb_clk_i (net)
                      0.083009    0.001812    1.073715 ^ _685_/CLK (sky130_fd_sc_hd__dfrtp_2)
     2    0.004301    0.043421    0.380293    1.454008 v _685_/Q (sky130_fd_sc_hd__dfrtp_2)
                                                         timer.sec_tens[0] (net)
                      0.043421    0.000233    1.454241 v _356_/B (sky130_fd_sc_hd__and4b_2)
     6    0.027732    0.094646    0.254429    1.708670 v _356_/X (sky130_fd_sc_hd__and4b_2)
                                                         _186_ (net)
                      0.094704    0.002039    1.710709 v _363_/D (sky130_fd_sc_hd__and4_2)
     2    0.012021    0.055495    0.266979    1.977688 v _363_/X (sky130_fd_sc_hd__and4_2)
                                                         _190_ (net)
                      0.055500    0.000566    1.978254 v _370_/A_N (sky130_fd_sc_hd__and2b_2)
     1    0.002582    0.033630    0.190846    2.169101 ^ _370_/X (sky130_fd_sc_hd__and2b_2)
                                                         _158_ (net)
                      0.033630    0.000164    2.169265 ^ _683_/D (sky130_fd_sc_hd__dfrtp_2)
                                              2.169265   data arrival time

                                  0.000000    0.000000   clock wb_clk_i (rise edge)
                                  0.000000    0.000000   clock source latency
     2    0.173040    0.776047    0.641528    0.641528 ^ wb_clk_i (in)
                                                         wb_clk_i (net)
                      0.816176    0.000000    0.641528 ^ clkbuf_0_wb_clk_i/A (sky130_fd_sc_hd__clkbuf_16)
    17    0.079963    0.109695    0.344975    0.986503 ^ clkbuf_0_wb_clk_i/X (sky130_fd_sc_hd__clkbuf_16)
                                                         clknet_0_wb_clk_i (net)
                      0.110683    0.008250    0.994753 ^ clkbuf_3_5_0_wb_clk_i/A (sky130_fd_sc_hd__clkbuf_8)
    11    0.040685    0.082957    0.189982    1.184735 ^ clkbuf_3_5_0_wb_clk_i/X (sky130_fd_sc_hd__clkbuf_8)
                                                         clknet_3_5_0_wb_clk_i (net)
                      0.083023    0.002217    1.186952 ^ _683_/CLK (sky130_fd_sc_hd__dfrtp_2)
                                  0.250000    1.436952   clock uncertainty
                                 -0.112832    1.324120   clock reconvergence pessimism
                                 -0.027138    1.296983   library hold time
                                              1.296983   data required time
---------------------------------------------------------------------------------------------
                                              1.296983   data required time
                                             -2.169265   data arrival time
---------------------------------------------------------------------------------------------
                                              0.872282   slack (MET)


Startpoint: _735_ (rising edge-triggered flip-flop clocked by wb_clk_i)
Endpoint: _742_ (rising edge-triggered flip-flop clocked by wb_clk_i)
Path Group: wb_clk_i
Path Type: min

Fanout         Cap        Slew       Delay        Time   Description
---------------------------------------------------------------------------------------------
                                  0.000000    0.000000   clock wb_clk_i (rise edge)
                                  0.000000    0.000000   clock source latency
     2    0.173040    0.776047    0.580430    0.580430 ^ wb_clk_i (in)
                                                         wb_clk_i (net)
                      0.816176    0.000000    0.580430 ^ clkbuf_0_wb_clk_i/A (sky130_fd_sc_hd__clkbuf_16)
    17    0.079963    0.109695    0.312120    0.892550 ^ clkbuf_0_wb_clk_i/X (sky130_fd_sc_hd__clkbuf_16)
                                                         clknet_0_wb_clk_i (net)
                      0.110683    0.007464    0.900014 ^ clkbuf_3_5_0_wb_clk_i/A (sky130_fd_sc_hd__clkbuf_8)
    11    0.040685    0.082957    0.171889    1.071903 ^ clkbuf_3_5_0_wb_clk_i/X (sky130_fd_sc_hd__clkbuf_8)
                                                         clknet_3_5_0_wb_clk_i (net)
                      0.083007    0.001782    1.073685 ^ _735_/CLK (sky130_fd_sc_hd__dfrtp_2)
     3    0.008634    0.062971    0.353253    1.426938 ^ _735_/Q (sky130_fd_sc_hd__dfrtp_2)
                                                         timer.sec_div[8] (net)
                      0.063035    0.000486    1.427424 ^ _438_/A (sky130_fd_sc_hd__and4_2)
     2    0.004900    0.060528    0.194421    1.621844 ^ _438_/X (sky130_fd_sc_hd__and4_2)
                                                         _240_ (net)
                      0.060528    0.000268    1.622112 ^ _445_/C (sky130_fd_sc_hd__and4_2)
     9    0.035183    0.199049    0.331987    1.954099 ^ _445_/X (sky130_fd_sc_hd__and4_2)
                                                         _245_ (net)
                      0.199074    0.002186    1.956285 ^ _450_/A (sky130_fd_sc_hd__and2_2)
     2    0.010945    0.073008    0.197926    2.154211 ^ _450_/X (sky130_fd_sc_hd__and2_2)
                                                         _248_ (net)
                      0.073008    0.000229    2.154440 ^ _451_/B (sky130_fd_sc_hd__nor2_2)
     1    0.003175    0.022101    0.033658    2.188098 v _451_/Y (sky130_fd_sc_hd__nor2_2)
                                                         _040_ (net)
                      0.022101    0.000195    2.188293 v _742_/D (sky130_fd_sc_hd__dfrtp_2)
                                              2.188293   data arrival time

                                  0.000000    0.000000   clock wb_clk_i (rise edge)
                                  0.000000    0.000000   clock source latency
     2    0.173040    0.776047    0.641528    0.641528 ^ wb_clk_i (in)
                                                         wb_clk_i (net)
                      0.816176    0.000000    0.641528 ^ clkbuf_0_wb_clk_i/A (sky130_fd_sc_hd__clkbuf_16)
    17    0.079963    0.109695    0.344975    0.986503 ^ clkbuf_0_wb_clk_i/X (sky130_fd_sc_hd__clkbuf_16)
                                                         clknet_0_wb_clk_i (net)
                      0.110422    0.006960    0.993463 ^ clkbuf_3_4_0_wb_clk_i/A (sky130_fd_sc_hd__clkbuf_8)
    11    0.039410    0.081236    0.188051    1.181514 ^ clkbuf_3_4_0_wb_clk_i/X (sky130_fd_sc_hd__clkbuf_8)
                                                         clknet_3_4_0_wb_clk_i (net)
                      0.081304    0.002246    1.183760 ^ _742_/CLK (sky130_fd_sc_hd__dfrtp_2)
                                  0.250000    1.433760   clock uncertainty
                                 -0.093953    1.339808   clock reconvergence pessimism
                                 -0.024514    1.315294   library hold time
                                              1.315294   data required time
---------------------------------------------------------------------------------------------
                                              1.315294   data required time
                                             -2.188293   data arrival time
---------------------------------------------------------------------------------------------
                                              0.872999   slack (MET)


Startpoint: _719_ (rising edge-triggered flip-flop clocked by wb_clk_i)
Endpoint: _720_ (rising edge-triggered flip-flop clocked by wb_clk_i)
Path Group: wb_clk_i
Path Type: min

Fanout         Cap        Slew       Delay        Time   Description
---------------------------------------------------------------------------------------------
                                  0.000000    0.000000   clock wb_clk_i (rise edge)
                                  0.000000    0.000000   clock source latency
     2    0.173040    0.776047    0.580430    0.580430 ^ wb_clk_i (in)
                                                         wb_clk_i (net)
                      0.816176    0.000000    0.580430 ^ clkbuf_0_wb_clk_i/A (sky130_fd_sc_hd__clkbuf_16)
    17    0.079963    0.109695    0.312120    0.892550 ^ clkbuf_0_wb_clk_i/X (sky130_fd_sc_hd__clkbuf_16)
                                                         clknet_0_wb_clk_i (net)
                      0.110505    0.006689    0.899240 ^ clkbuf_3_2_0_wb_clk_i/A (sky130_fd_sc_hd__clkbuf_8)
    11    0.038341    0.079269    0.169095    1.068334 ^ clkbuf_3_2_0_wb_clk_i/X (sky130_fd_sc_hd__clkbuf_8)
                                                         clknet_3_2_0_wb_clk_i (net)
                      0.079336    0.001980    1.070314 ^ _719_/CLK (sky130_fd_sc_hd__dfrtp_2)
     2    0.006635    0.054405    0.343877    1.414191 ^ _719_/Q (sky130_fd_sc_hd__dfrtp_2)
                                                         timer.scan_div[25] (net)
                      0.054405    0.000343    1.414534 ^ _550_/B (sky130_fd_sc_hd__and3_2)
     1    0.009370    0.071594    0.184884    1.599418 ^ _550_/X (sky130_fd_sc_hd__and3_2)
                                                         _306_ (net)
                      0.071596    0.000515    1.599933 ^ _552_/B (sky130_fd_sc_hd__xor2_2)
     1    0.001848    0.027415    0.050686    1.650618 v _552_/X (sky130_fd_sc_hd__xor2_2)
                                                         _019_ (net)
                      0.027415    0.000078    1.650697 v hold71/A (sky130_fd_sc_hd__dlygate4sd3_1)
     1    0.002270    0.050264    0.509660    2.160357 v hold71/X (sky130_fd_sc_hd__dlygate4sd3_1)
                                                         net71 (net)
                      0.050264    0.000152    2.160509 v _720_/D (sky130_fd_sc_hd__dfrtp_2)
                                              2.160509   data arrival time

                                  0.000000    0.000000   clock wb_clk_i (rise edge)
                                  0.000000    0.000000   clock source latency
     2    0.173040    0.776047    0.641528    0.641528 ^ wb_clk_i (in)
                                                         wb_clk_i (net)
                      0.816176    0.000000    0.641528 ^ clkbuf_0_wb_clk_i/A (sky130_fd_sc_hd__clkbuf_16)
    17    0.079963    0.109695    0.344975    0.986503 ^ clkbuf_0_wb_clk_i/X (sky130_fd_sc_hd__clkbuf_16)
                                                         clknet_0_wb_clk_i (net)
                      0.110505    0.007393    0.993896 ^ clkbuf_3_2_0_wb_clk_i/A (sky130_fd_sc_hd__clkbuf_8)
    11    0.038341    0.079269    0.186894    1.180791 ^ clkbuf_3_2_0_wb_clk_i/X (sky130_fd_sc_hd__clkbuf_8)
                                                         clknet_3_2_0_wb_clk_i (net)
                      0.079341    0.002248    1.183038 ^ _720_/CLK (sky130_fd_sc_hd__dfrtp_2)
                                  0.250000    1.433038   clock uncertainty
                                 -0.112456    1.320582   clock reconvergence pessimism
                                 -0.036422    1.284160   library hold time
                                              1.284160   data required time
---------------------------------------------------------------------------------------------
                                              1.284160   data required time
                                             -2.160509   data arrival time
---------------------------------------------------------------------------------------------
                                              0.876349   slack (MET)


Startpoint: _748_ (rising edge-triggered flip-flop clocked by wb_clk_i)
Endpoint: _749_ (rising edge-triggered flip-flop clocked by wb_clk_i)
Path Group: wb_clk_i
Path Type: min

Fanout         Cap        Slew       Delay        Time   Description
---------------------------------------------------------------------------------------------
                                  0.000000    0.000000   clock wb_clk_i (rise edge)
                                  0.000000    0.000000   clock source latency
     2    0.173040    0.776047    0.580430    0.580430 ^ wb_clk_i (in)
                                                         wb_clk_i (net)
                      0.816176    0.000000    0.580430 ^ clkbuf_0_wb_clk_i/A (sky130_fd_sc_hd__clkbuf_16)
    17    0.079963    0.109695    0.312120    0.892550 ^ clkbuf_0_wb_clk_i/X (sky130_fd_sc_hd__clkbuf_16)
                                                         clknet_0_wb_clk_i (net)
                      0.110467    0.006512    0.899062 ^ clkbuf_3_1_0_wb_clk_i/A (sky130_fd_sc_hd__clkbuf_8)
    11    0.038866    0.080091    0.169705    1.068768 ^ clkbuf_3_1_0_wb_clk_i/X (sky130_fd_sc_hd__clkbuf_8)
                                                         clknet_3_1_0_wb_clk_i (net)
                      0.080198    0.002436    1.071204 ^ _748_/CLK (sky130_fd_sc_hd__dfrtp_2)
     3    0.007783    0.059275    0.348833    1.420037 ^ _748_/Q (sky130_fd_sc_hd__dfrtp_2)
                                                         timer.sec_div[21] (net)
                      0.059275    0.000386    1.420423 ^ _464_/A (sky130_fd_sc_hd__and3_2)
     1    0.009175    0.070693    0.179404    1.599828 ^ _464_/X (sky130_fd_sc_hd__and3_2)
                                                         _256_ (net)
                      0.070695    0.000486    1.600313 ^ _467_/B (sky130_fd_sc_hd__xor2_2)
     1    0.002076    0.028009    0.051214    1.651528 v _467_/X (sky130_fd_sc_hd__xor2_2)
                                                         _048_ (net)
                      0.028009    0.000138    1.651666 v hold64/A (sky130_fd_sc_hd__dlygate4sd3_1)
     1    0.002431    0.050960    0.511261    2.162927 v hold64/X (sky130_fd_sc_hd__dlygate4sd3_1)
                                                         net64 (net)
                      0.050960    0.000164    2.163091 v _749_/D (sky130_fd_sc_hd__dfrtp_2)
                                              2.163091   data arrival time

                                  0.000000    0.000000   clock wb_clk_i (rise edge)
                                  0.000000    0.000000   clock source latency
     2    0.173040    0.776047    0.641528    0.641528 ^ wb_clk_i (in)
                                                         wb_clk_i (net)
                      0.816176    0.000000    0.641528 ^ clkbuf_0_wb_clk_i/A (sky130_fd_sc_hd__clkbuf_16)
    17    0.079963    0.109695    0.344975    0.986503 ^ clkbuf_0_wb_clk_i/X (sky130_fd_sc_hd__clkbuf_16)
                                                         clknet_0_wb_clk_i (net)
                      0.110467    0.007198    0.993701 ^ clkbuf_3_1_0_wb_clk_i/A (sky130_fd_sc_hd__clkbuf_8)
    11    0.038866    0.080091    0.187569    1.181270 ^ clkbuf_3_1_0_wb_clk_i/X (sky130_fd_sc_hd__clkbuf_8)
                                                         clknet_3_1_0_wb_clk_i (net)
                      0.080183    0.002523    1.183793 ^ _749_/CLK (sky130_fd_sc_hd__dfrtp_2)
                                  0.250000    1.433793   clock uncertainty
                                 -0.112502    1.321291   clock reconvergence pessimism
                                 -0.036513    1.284778   library hold time
                                              1.284778   data required time
---------------------------------------------------------------------------------------------
                                              1.284778   data required time
                                             -2.163091   data arrival time
---------------------------------------------------------------------------------------------
                                              0.878314   slack (MET)


Startpoint: _752_ (rising edge-triggered flip-flop clocked by wb_clk_i)
Endpoint: _753_ (rising edge-triggered flip-flop clocked by wb_clk_i)
Path Group: wb_clk_i
Path Type: min

Fanout         Cap        Slew       Delay        Time   Description
---------------------------------------------------------------------------------------------
                                  0.000000    0.000000   clock wb_clk_i (rise edge)
                                  0.000000    0.000000   clock source latency
     2    0.173040    0.776047    0.580430    0.580430 ^ wb_clk_i (in)
                                                         wb_clk_i (net)
                      0.816176    0.000000    0.580430 ^ clkbuf_0_wb_clk_i/A (sky130_fd_sc_hd__clkbuf_16)
    17    0.079963    0.109695    0.312120    0.892550 ^ clkbuf_0_wb_clk_i/X (sky130_fd_sc_hd__clkbuf_16)
                                                         clknet_0_wb_clk_i (net)
                      0.110216    0.005207    0.897758 ^ clkbuf_3_6_0_wb_clk_i/A (sky130_fd_sc_hd__clkbuf_8)
    12    0.040512    0.082979    0.171162    1.068919 ^ clkbuf_3_6_0_wb_clk_i/X (sky130_fd_sc_hd__clkbuf_8)
                                                         clknet_3_6_0_wb_clk_i (net)
                      0.083310    0.003612    1.072532 ^ _752_/CLK (sky130_fd_sc_hd__dfrtp_2)
     2    0.006130    0.052343    0.343260    1.415792 ^ _752_/Q (sky130_fd_sc_hd__dfrtp_2)
                                                         timer.sec_div[25] (net)
                      0.052343    0.000260    1.416052 ^ _474_/A (sky130_fd_sc_hd__and3_2)
     1    0.010101    0.075040    0.181160    1.597212 ^ _474_/X (sky130_fd_sc_hd__and3_2)
                                                         _262_ (net)
                      0.075043    0.000560    1.597771 ^ _476_/B (sky130_fd_sc_hd__xor2_2)
     1    0.002726    0.029849    0.054608    1.652379 v _476_/X (sky130_fd_sc_hd__xor2_2)
                                                         _052_ (net)
                      0.029849    0.000159    1.652538 v hold56/A (sky130_fd_sc_hd__dlygate4sd3_1)
     1    0.002572    0.051752    0.513161    2.165699 v hold56/X (sky130_fd_sc_hd__dlygate4sd3_1)
                                                         net56 (net)
                      0.051752    0.000165    2.165864 v _753_/D (sky130_fd_sc_hd__dfrtp_2)
                                              2.165864   data arrival time

                                  0.000000    0.000000   clock wb_clk_i (rise edge)
                                  0.000000    0.000000   clock source latency
     2    0.173040    0.776047    0.641528    0.641528 ^ wb_clk_i (in)
                                                         wb_clk_i (net)
                      0.816176    0.000000    0.641528 ^ clkbuf_0_wb_clk_i/A (sky130_fd_sc_hd__clkbuf_16)
    17    0.079963    0.109695    0.344975    0.986503 ^ clkbuf_0_wb_clk_i/X (sky130_fd_sc_hd__clkbuf_16)
                                                         clknet_0_wb_clk_i (net)
                      0.110216    0.005756    0.992258 ^ clkbuf_3_6_0_wb_clk_i/A (sky130_fd_sc_hd__clkbuf_8)
    12    0.040512    0.082979    0.189178    1.181437 ^ clkbuf_3_6_0_wb_clk_i/X (sky130_fd_sc_hd__clkbuf_8)
                                                         clknet_3_6_0_wb_clk_i (net)
                      0.083287    0.003821    1.185258 ^ _753_/CLK (sky130_fd_sc_hd__dfrtp_2)
                                  0.250000    1.435258   clock uncertainty
                                 -0.112518    1.322740   clock reconvergence pessimism
                                 -0.036128    1.286613   library hold time
                                              1.286613   data required time
---------------------------------------------------------------------------------------------
                                              1.286613   data required time
                                             -2.165864   data arrival time
---------------------------------------------------------------------------------------------
                                              0.879251   slack (MET)


Startpoint: _722_ (rising edge-triggered flip-flop clocked by wb_clk_i)
Endpoint: _725_ (rising edge-triggered flip-flop clocked by wb_clk_i)
Path Group: wb_clk_i
Path Type: min

Fanout         Cap        Slew       Delay        Time   Description
---------------------------------------------------------------------------------------------
                                  0.000000    0.000000   clock wb_clk_i (rise edge)
                                  0.000000    0.000000   clock source latency
     2    0.173040    0.776047    0.580430    0.580430 ^ wb_clk_i (in)
                                                         wb_clk_i (net)
                      0.816176    0.000000    0.580430 ^ clkbuf_0_wb_clk_i/A (sky130_fd_sc_hd__clkbuf_16)
    17    0.079963    0.109695    0.312120    0.892550 ^ clkbuf_0_wb_clk_i/X (sky130_fd_sc_hd__clkbuf_16)
                                                         clknet_0_wb_clk_i (net)
                      0.110620    0.007197    0.899748 ^ clkbuf_3_0_0_wb_clk_i/A (sky130_fd_sc_hd__clkbuf_8)
    11    0.037435    0.077850    0.168095    1.067843 ^ clkbuf_3_0_0_wb_clk_i/X (sky130_fd_sc_hd__clkbuf_8)
                                                         clknet_3_0_0_wb_clk_i (net)
                      0.077956    0.002391    1.070233 ^ _722_/CLK (sky130_fd_sc_hd__dfrtp_2)
     2    0.005648    0.050423    0.339387    1.409620 ^ _722_/Q (sky130_fd_sc_hd__dfrtp_2)
                                                         timer.scan_div[28] (net)
                      0.050423    0.000307    1.409927 ^ _561_/A (sky130_fd_sc_hd__and4_2)
     1    0.008870    0.078989    0.210521    1.620448 ^ _561_/X (sky130_fd_sc_hd__and4_2)
                                                         _312_ (net)
                      0.078989    0.000210    1.620658 ^ _563_/B (sky130_fd_sc_hd__xor2_2)
     1    0.001862    0.027444    0.052666    1.673324 v _563_/X (sky130_fd_sc_hd__xor2_2)
                                                         _025_ (net)
                      0.027444    0.000080    1.673404 v hold30/A (sky130_fd_sc_hd__dlygate4sd3_1)
     1    0.002243    0.050166    0.509440    2.182843 v hold30/X (sky130_fd_sc_hd__dlygate4sd3_1)
                                                         net30 (net)
                      0.050166    0.000154    2.182997 v _725_/D (sky130_fd_sc_hd__dfrtp_2)
                                              2.182997   data arrival time

                                  0.000000    0.000000   clock wb_clk_i (rise edge)
                                  0.000000    0.000000   clock source latency
     2    0.173040    0.776047    0.641528    0.641528 ^ wb_clk_i (in)
                                                         wb_clk_i (net)
                      0.816176    0.000000    0.641528 ^ clkbuf_0_wb_clk_i/A (sky130_fd_sc_hd__clkbuf_16)
    17    0.079963    0.109695    0.344975    0.986503 ^ clkbuf_0_wb_clk_i/X (sky130_fd_sc_hd__clkbuf_16)
                                                         clknet_0_wb_clk_i (net)
                      0.110505    0.007393    0.993896 ^ clkbuf_3_2_0_wb_clk_i/A (sky130_fd_sc_hd__clkbuf_8)
    11    0.038341    0.079269    0.186894    1.180791 ^ clkbuf_3_2_0_wb_clk_i/X (sky130_fd_sc_hd__clkbuf_8)
                                                         clknet_3_2_0_wb_clk_i (net)
                      0.079344    0.002289    1.183080 ^ _725_/CLK (sky130_fd_sc_hd__dfrtp_2)
                                  0.250000    1.433080   clock uncertainty
                                 -0.093953    1.339127   clock reconvergence pessimism
                                 -0.036382    1.302746   library hold time
                                              1.302746   data required time
---------------------------------------------------------------------------------------------
                                              1.302746   data required time
                                             -2.182997   data arrival time
---------------------------------------------------------------------------------------------
                                              0.880251   slack (MET)


Startpoint: _708_ (rising edge-triggered flip-flop clocked by wb_clk_i)
Endpoint: _711_ (rising edge-triggered flip-flop clocked by wb_clk_i)
Path Group: wb_clk_i
Path Type: min

Fanout         Cap        Slew       Delay        Time   Description
---------------------------------------------------------------------------------------------
                                  0.000000    0.000000   clock wb_clk_i (rise edge)
                                  0.000000    0.000000   clock source latency
     2    0.173040    0.776047    0.580430    0.580430 ^ wb_clk_i (in)
                                                         wb_clk_i (net)
                      0.816176    0.000000    0.580430 ^ clkbuf_0_wb_clk_i/A (sky130_fd_sc_hd__clkbuf_16)
    17    0.079963    0.109695    0.312120    0.892550 ^ clkbuf_0_wb_clk_i/X (sky130_fd_sc_hd__clkbuf_16)
                                                         clknet_0_wb_clk_i (net)
                      0.110467    0.006512    0.899062 ^ clkbuf_3_1_0_wb_clk_i/A (sky130_fd_sc_hd__clkbuf_8)
    11    0.038866    0.080091    0.169705    1.068768 ^ clkbuf_3_1_0_wb_clk_i/X (sky130_fd_sc_hd__clkbuf_8)
                                                         clknet_3_1_0_wb_clk_i (net)
                      0.080145    0.001817    1.070585 ^ _708_/CLK (sky130_fd_sc_hd__dfrtp_2)
     2    0.005051    0.048122    0.337775    1.408360 ^ _708_/Q (sky130_fd_sc_hd__dfrtp_2)
                                                         timer.scan_div[14] (net)
                      0.048122    0.000202    1.408562 ^ _525_/C (sky130_fd_sc_hd__and4_2)
     4    0.013689    0.100572    0.248532    1.657094 ^ _525_/X (sky130_fd_sc_hd__and4_2)
                                                         _291_ (net)
                      0.100576    0.000785    1.657879 ^ _526_/B (sky130_fd_sc_hd__and2_2)
     6    0.035951    0.188388    0.252455    1.910335 ^ _526_/X (sky130_fd_sc_hd__and2_2)
                                                         _292_ (net)
                      0.188534    0.003002    1.913336 ^ _530_/C (sky130_fd_sc_hd__and3_2)
     2    0.015927    0.099749    0.244346    2.157682 ^ _530_/X (sky130_fd_sc_hd__and3_2)
                                                         _294_ (net)
                      0.099758    0.000939    2.158622 ^ _531_/B (sky130_fd_sc_hd__nor2_2)
     1    0.002810    0.025395    0.036152    2.194773 v _531_/Y (sky130_fd_sc_hd__nor2_2)
                                                         _009_ (net)
                      0.025395    0.000173    2.194947 v _711_/D (sky130_fd_sc_hd__dfrtp_2)
                                              2.194947   data arrival time

                                  0.000000    0.000000   clock wb_clk_i (rise edge)
                                  0.000000    0.000000   clock source latency
     2    0.173040    0.776047    0.641528    0.641528 ^ wb_clk_i (in)
                                                         wb_clk_i (net)
                      0.816176    0.000000    0.641528 ^ clkbuf_0_wb_clk_i/A (sky130_fd_sc_hd__clkbuf_16)
    17    0.079963    0.109695    0.344975    0.986503 ^ clkbuf_0_wb_clk_i/X (sky130_fd_sc_hd__clkbuf_16)
                                                         clknet_0_wb_clk_i (net)
                      0.110620    0.007955    0.994458 ^ clkbuf_3_0_0_wb_clk_i/A (sky130_fd_sc_hd__clkbuf_8)
    11    0.037435    0.077850    0.185790    1.180247 ^ clkbuf_3_0_0_wb_clk_i/X (sky130_fd_sc_hd__clkbuf_8)
                                                         clknet_3_0_0_wb_clk_i (net)
                      0.077895    0.001832    1.182080 ^ _711_/CLK (sky130_fd_sc_hd__dfrtp_2)
                                  0.250000    1.432080   clock uncertainty
                                 -0.093953    1.338127   clock reconvergence pessimism
                                 -0.026631    1.311496   library hold time
                                              1.311496   data required time
---------------------------------------------------------------------------------------------
                                              1.311496   data required time
                                             -2.194947   data arrival time
---------------------------------------------------------------------------------------------
                                              0.883451   slack (MET)


Startpoint: _689_ (rising edge-triggered flip-flop clocked by wb_clk_i)
Endpoint: _689_ (rising edge-triggered flip-flop clocked by wb_clk_i)
Path Group: wb_clk_i
Path Type: min

Fanout         Cap        Slew       Delay        Time   Description
---------------------------------------------------------------------------------------------
                                  0.000000    0.000000   clock wb_clk_i (rise edge)
                                  0.000000    0.000000   clock source latency
     2    0.173040    0.776047    0.580430    0.580430 ^ wb_clk_i (in)
                                                         wb_clk_i (net)
                      0.816176    0.000000    0.580430 ^ clkbuf_0_wb_clk_i/A (sky130_fd_sc_hd__clkbuf_16)
    17    0.079963    0.109695    0.312120    0.892550 ^ clkbuf_0_wb_clk_i/X (sky130_fd_sc_hd__clkbuf_16)
                                                         clknet_0_wb_clk_i (net)
                      0.110560    0.006938    0.899488 ^ clkbuf_3_7_0_wb_clk_i/A (sky130_fd_sc_hd__clkbuf_8)
    12    0.039052    0.080674    0.169794    1.069282 ^ clkbuf_3_7_0_wb_clk_i/X (sky130_fd_sc_hd__clkbuf_8)
                                                         clknet_3_7_0_wb_clk_i (net)
                      0.080730    0.001858    1.071140 ^ _689_/CLK (sky130_fd_sc_hd__dfrtp_2)
     5    0.019245    0.107605    0.390107    1.461247 ^ _689_/Q (sky130_fd_sc_hd__dfrtp_2)
                                                         timer.sec_ones[0] (net)
                      0.107607    0.000635    1.461883 ^ _340_/B (sky130_fd_sc_hd__and2_2)
     2    0.009192    0.064981    0.164823    1.626706 ^ _340_/X (sky130_fd_sc_hd__and2_2)
                                                         _175_ (net)
                      0.064985    0.000569    1.627275 ^ _350_/A (sky130_fd_sc_hd__nor2_2)
     1    0.002665    0.020773    0.037325    1.664600 v _350_/Y (sky130_fd_sc_hd__nor2_2)
                                                         _164_ (net)
                      0.020773    0.000157    1.664757 v hold107/A (sky130_fd_sc_hd__dlygate4sd3_1)
     1    0.002809    0.053211    0.511939    2.176696 v hold107/X (sky130_fd_sc_hd__dlygate4sd3_1)
                                                         net107 (net)
                      0.053211    0.000173    2.176868 v _689_/D (sky130_fd_sc_hd__dfrtp_2)
                                              2.176868   data arrival time

                                  0.000000    0.000000   clock wb_clk_i (rise edge)
                                  0.000000    0.000000   clock source latency
     2    0.173040    0.776047    0.641528    0.641528 ^ wb_clk_i (in)
                                                         wb_clk_i (net)
                      0.816176    0.000000    0.641528 ^ clkbuf_0_wb_clk_i/A (sky130_fd_sc_hd__clkbuf_16)
    17    0.079963    0.109695    0.344975    0.986503 ^ clkbuf_0_wb_clk_i/X (sky130_fd_sc_hd__clkbuf_16)
                                                         clknet_0_wb_clk_i (net)
                      0.110560    0.007668    0.994171 ^ clkbuf_3_7_0_wb_clk_i/A (sky130_fd_sc_hd__clkbuf_8)
    12    0.039052    0.080674    0.187667    1.181838 ^ clkbuf_3_7_0_wb_clk_i/X (sky130_fd_sc_hd__clkbuf_8)
                                                         clknet_3_7_0_wb_clk_i (net)
                      0.080730    0.002054    1.183892 ^ _689_/CLK (sky130_fd_sc_hd__dfrtp_2)
                                  0.250000    1.433892   clock uncertainty
                                 -0.112751    1.321140   clock reconvergence pessimism
                                 -0.037304    1.283836   library hold time
                                              1.283836   data required time
---------------------------------------------------------------------------------------------
                                              1.283836   data required time
                                             -2.176868   data arrival time
---------------------------------------------------------------------------------------------
                                              0.893032   slack (MET)


Startpoint: _748_ (rising edge-triggered flip-flop clocked by wb_clk_i)
Endpoint: _750_ (rising edge-triggered flip-flop clocked by wb_clk_i)
Path Group: wb_clk_i
Path Type: min

Fanout         Cap        Slew       Delay        Time   Description
---------------------------------------------------------------------------------------------
                                  0.000000    0.000000   clock wb_clk_i (rise edge)
                                  0.000000    0.000000   clock source latency
     2    0.173040    0.776047    0.580430    0.580430 ^ wb_clk_i (in)
                                                         wb_clk_i (net)
                      0.816176    0.000000    0.580430 ^ clkbuf_0_wb_clk_i/A (sky130_fd_sc_hd__clkbuf_16)
    17    0.079963    0.109695    0.312120    0.892550 ^ clkbuf_0_wb_clk_i/X (sky130_fd_sc_hd__clkbuf_16)
                                                         clknet_0_wb_clk_i (net)
                      0.110467    0.006512    0.899062 ^ clkbuf_3_1_0_wb_clk_i/A (sky130_fd_sc_hd__clkbuf_8)
    11    0.038866    0.080091    0.169705    1.068768 ^ clkbuf_3_1_0_wb_clk_i/X (sky130_fd_sc_hd__clkbuf_8)
                                                         clknet_3_1_0_wb_clk_i (net)
                      0.080198    0.002436    1.071204 ^ _748_/CLK (sky130_fd_sc_hd__dfrtp_2)
     3    0.007783    0.059275    0.348833    1.420037 ^ _748_/Q (sky130_fd_sc_hd__dfrtp_2)
                                                         timer.sec_div[21] (net)
                      0.059275    0.000398    1.420435 ^ _466_/A (sky130_fd_sc_hd__and4_2)
     1    0.008844    0.078835    0.213025    1.633460 ^ _466_/X (sky130_fd_sc_hd__and4_2)
                                                         _257_ (net)
                      0.078835    0.000208    1.633667 ^ _468_/B (sky130_fd_sc_hd__xor2_2)
     1    0.001939    0.027644    0.052894    1.686561 v _468_/X (sky130_fd_sc_hd__xor2_2)
                                                         _049_ (net)
                      0.027644    0.000084    1.686645 v hold40/A (sky130_fd_sc_hd__dlygate4sd3_1)
     1    0.002363    0.050618    0.510547    2.197192 v hold40/X (sky130_fd_sc_hd__dlygate4sd3_1)
                                                         net40 (net)
                      0.050618    0.000159    2.197351 v _750_/D (sky130_fd_sc_hd__dfrtp_2)
                                              2.197351   data arrival time

                                  0.000000    0.000000   clock wb_clk_i (rise edge)
                                  0.000000    0.000000   clock source latency
     2    0.173040    0.776047    0.641528    0.641528 ^ wb_clk_i (in)
                                                         wb_clk_i (net)
                      0.816176    0.000000    0.641528 ^ clkbuf_0_wb_clk_i/A (sky130_fd_sc_hd__clkbuf_16)
    17    0.079963    0.109695    0.344975    0.986503 ^ clkbuf_0_wb_clk_i/X (sky130_fd_sc_hd__clkbuf_16)
                                                         clknet_0_wb_clk_i (net)
                      0.110196    0.005623    0.992126 ^ clkbuf_3_3_0_wb_clk_i/A (sky130_fd_sc_hd__clkbuf_8)
    11    0.039059    0.080400    0.187693    1.179819 ^ clkbuf_3_3_0_wb_clk_i/X (sky130_fd_sc_hd__clkbuf_8)
                                                         clknet_3_3_0_wb_clk_i (net)
                      0.080471    0.002243    1.182062 ^ _750_/CLK (sky130_fd_sc_hd__dfrtp_2)
                                  0.250000    1.432062   clock uncertainty
                                 -0.093953    1.338109   clock reconvergence pessimism
                                 -0.036309    1.301801   library hold time
                                              1.301801   data required time
---------------------------------------------------------------------------------------------
                                              1.301801   data required time
                                             -2.197351   data arrival time
---------------------------------------------------------------------------------------------
                                              0.895550   slack (MET)


Startpoint: _715_ (rising edge-triggered flip-flop clocked by wb_clk_i)
Endpoint: _717_ (rising edge-triggered flip-flop clocked by wb_clk_i)
Path Group: wb_clk_i
Path Type: min

Fanout         Cap        Slew       Delay        Time   Description
---------------------------------------------------------------------------------------------
                                  0.000000    0.000000   clock wb_clk_i (rise edge)
                                  0.000000    0.000000   clock source latency
     2    0.173040    0.776047    0.580430    0.580430 ^ wb_clk_i (in)
                                                         wb_clk_i (net)
                      0.816176    0.000000    0.580430 ^ clkbuf_0_wb_clk_i/A (sky130_fd_sc_hd__clkbuf_16)
    17    0.079963    0.109695    0.312120    0.892550 ^ clkbuf_0_wb_clk_i/X (sky130_fd_sc_hd__clkbuf_16)
                                                         clknet_0_wb_clk_i (net)
                      0.110505    0.006689    0.899240 ^ clkbuf_3_2_0_wb_clk_i/A (sky130_fd_sc_hd__clkbuf_8)
    11    0.038341    0.079269    0.169095    1.068334 ^ clkbuf_3_2_0_wb_clk_i/X (sky130_fd_sc_hd__clkbuf_8)
                                                         clknet_3_2_0_wb_clk_i (net)
                      0.079334    0.001943    1.070277 ^ _715_/CLK (sky130_fd_sc_hd__dfrtp_2)
     3    0.008208    0.061129    0.350195    1.420473 ^ _715_/Q (sky130_fd_sc_hd__dfrtp_2)
                                                         timer.scan_div[21] (net)
                      0.061129    0.000489    1.420962 ^ _542_/A (sky130_fd_sc_hd__and3_2)
     1    0.004050    0.048101    0.157575    1.578537 ^ _542_/X (sky130_fd_sc_hd__and3_2)
                                                         _301_ (net)
                      0.048101    0.000260    1.578797 ^ _547_/A2 (sky130_fd_sc_hd__o21ba_2)
     1    0.002856    0.033084    0.109145    1.687942 ^ _547_/X (sky130_fd_sc_hd__o21ba_2)
                                                         _016_ (net)
                      0.033085    0.000199    1.688141 ^ hold86/A (sky130_fd_sc_hd__dlygate4sd3_1)
     1    0.002250    0.048380    0.499468    2.187609 ^ hold86/X (sky130_fd_sc_hd__dlygate4sd3_1)
                                                         net86 (net)
                      0.048380    0.000155    2.187764 ^ _717_/D (sky130_fd_sc_hd__dfrtp_2)
                                              2.187764   data arrival time

                                  0.000000    0.000000   clock wb_clk_i (rise edge)
                                  0.000000    0.000000   clock source latency
     2    0.173040    0.776047    0.641528    0.641528 ^ wb_clk_i (in)
                                                         wb_clk_i (net)
                      0.816176    0.000000    0.641528 ^ clkbuf_0_wb_clk_i/A (sky130_fd_sc_hd__clkbuf_16)
    17    0.079963    0.109695    0.344975    0.986503 ^ clkbuf_0_wb_clk_i/X (sky130_fd_sc_hd__clkbuf_16)
                                                         clknet_0_wb_clk_i (net)
                      0.110505    0.007393    0.993896 ^ clkbuf_3_2_0_wb_clk_i/A (sky130_fd_sc_hd__clkbuf_8)
    11    0.038341    0.079269    0.186894    1.180791 ^ clkbuf_3_2_0_wb_clk_i/X (sky130_fd_sc_hd__clkbuf_8)
                                                         clknet_3_2_0_wb_clk_i (net)
                      0.079297    0.001516    1.182307 ^ _717_/CLK (sky130_fd_sc_hd__dfrtp_2)
                                  0.250000    1.432307   clock uncertainty
                                 -0.112456    1.319850   clock reconvergence pessimism
                                 -0.030688    1.289163   library hold time
                                              1.289163   data required time
---------------------------------------------------------------------------------------------
                                              1.289163   data required time
                                             -2.187764   data arrival time
---------------------------------------------------------------------------------------------
                                              0.898602   slack (MET)


Startpoint: _691_ (rising edge-triggered flip-flop clocked by wb_clk_i)
Endpoint: _692_ (rising edge-triggered flip-flop clocked by wb_clk_i)
Path Group: wb_clk_i
Path Type: min

Fanout         Cap        Slew       Delay        Time   Description
---------------------------------------------------------------------------------------------
                                  0.000000    0.000000   clock wb_clk_i (rise edge)
                                  0.000000    0.000000   clock source latency
     2    0.173040    0.776047    0.580430    0.580430 ^ wb_clk_i (in)
                                                         wb_clk_i (net)
                      0.816176    0.000000    0.580430 ^ clkbuf_0_wb_clk_i/A (sky130_fd_sc_hd__clkbuf_16)
    17    0.079963    0.109695    0.312120    0.892550 ^ clkbuf_0_wb_clk_i/X (sky130_fd_sc_hd__clkbuf_16)
                                                         clknet_0_wb_clk_i (net)
                      0.110560    0.006938    0.899488 ^ clkbuf_3_7_0_wb_clk_i/A (sky130_fd_sc_hd__clkbuf_8)
    12    0.039052    0.080674    0.169794    1.069282 ^ clkbuf_3_7_0_wb_clk_i/X (sky130_fd_sc_hd__clkbuf_8)
                                                         clknet_3_7_0_wb_clk_i (net)
                      0.080718    0.001669    1.070951 ^ _691_/CLK (sky130_fd_sc_hd__dfrtp_2)
     4    0.013731    0.065479    0.411341    1.482292 v _691_/Q (sky130_fd_sc_hd__dfrtp_2)
                                                         timer.sec_ones[2] (net)
                      0.065479    0.000696    1.482988 v _342_/A1 (sky130_fd_sc_hd__a21oi_2)
     1    0.006089    0.103378    0.133583    1.616571 ^ _342_/Y (sky130_fd_sc_hd__a21oi_2)
                                                         _177_ (net)
                      0.103379    0.000420    1.616991 ^ _345_/B1 (sky130_fd_sc_hd__a311oi_2)
     1    0.002684    0.040852    0.051675    1.668666 v _345_/Y (sky130_fd_sc_hd__a311oi_2)
                                                         _167_ (net)
                      0.040853    0.000183    1.668849 v hold113/A (sky130_fd_sc_hd__dlygate4sd3_1)
     1    0.002452    0.050971    0.516196    2.185045 v hold113/X (sky130_fd_sc_hd__dlygate4sd3_1)
                                                         net113 (net)
                      0.050971    0.000159    2.185204 v _692_/D (sky130_fd_sc_hd__dfrtp_2)
                                              2.185204   data arrival time

                                  0.000000    0.000000   clock wb_clk_i (rise edge)
                                  0.000000    0.000000   clock source latency
     2    0.173040    0.776047    0.641528    0.641528 ^ wb_clk_i (in)
                                                         wb_clk_i (net)
                      0.816176    0.000000    0.641528 ^ clkbuf_0_wb_clk_i/A (sky130_fd_sc_hd__clkbuf_16)
    17    0.079963    0.109695    0.344975    0.986503 ^ clkbuf_0_wb_clk_i/X (sky130_fd_sc_hd__clkbuf_16)
                                                         clknet_0_wb_clk_i (net)
                      0.110560    0.007668    0.994171 ^ clkbuf_3_7_0_wb_clk_i/A (sky130_fd_sc_hd__clkbuf_8)
    12    0.039052    0.080674    0.187667    1.181838 ^ clkbuf_3_7_0_wb_clk_i/X (sky130_fd_sc_hd__clkbuf_8)
                                                         clknet_3_7_0_wb_clk_i (net)
                      0.080722    0.001927    1.183765 ^ _692_/CLK (sky130_fd_sc_hd__dfrtp_2)
                                  0.250000    1.433765   clock uncertainty
                                 -0.112556    1.321209   clock reconvergence pessimism
                                 -0.036395    1.284814   library hold time
                                              1.284814   data required time
---------------------------------------------------------------------------------------------
                                              1.284814   data required time
                                             -2.185204   data arrival time
---------------------------------------------------------------------------------------------
                                              0.900390   slack (MET)


Startpoint: _698_ (rising edge-triggered flip-flop clocked by wb_clk_i)
Endpoint: _707_ (rising edge-triggered flip-flop clocked by wb_clk_i)
Path Group: wb_clk_i
Path Type: min

Fanout         Cap        Slew       Delay        Time   Description
---------------------------------------------------------------------------------------------
                                  0.000000    0.000000   clock wb_clk_i (rise edge)
                                  0.000000    0.000000   clock source latency
     2    0.173040    0.776047    0.580430    0.580430 ^ wb_clk_i (in)
                                                         wb_clk_i (net)
                      0.816176    0.000000    0.580430 ^ clkbuf_0_wb_clk_i/A (sky130_fd_sc_hd__clkbuf_16)
    17    0.079963    0.109695    0.312120    0.892550 ^ clkbuf_0_wb_clk_i/X (sky130_fd_sc_hd__clkbuf_16)
                                                         clknet_0_wb_clk_i (net)
                      0.110467    0.006512    0.899062 ^ clkbuf_3_1_0_wb_clk_i/A (sky130_fd_sc_hd__clkbuf_8)
    11    0.038866    0.080091    0.169705    1.068768 ^ clkbuf_3_1_0_wb_clk_i/X (sky130_fd_sc_hd__clkbuf_8)
                                                         clknet_3_1_0_wb_clk_i (net)
                      0.080146    0.001822    1.070589 ^ _698_/CLK (sky130_fd_sc_hd__dfrtp_2)
     2    0.006433    0.053574    0.343339    1.413928 ^ _698_/Q (sky130_fd_sc_hd__dfrtp_2)
                                                         timer.scan_div[4] (net)
                      0.053574    0.000381    1.414310 ^ _499_/B (sky130_fd_sc_hd__and2_2)
     4    0.010537    0.071154    0.154932    1.569242 ^ _499_/X (sky130_fd_sc_hd__and2_2)
                                                         _275_ (net)
                      0.071154    0.000291    1.569533 ^ _516_/B (sky130_fd_sc_hd__and4_2)
     8    0.036599    0.203481    0.334443    1.903976 ^ _516_/X (sky130_fd_sc_hd__and4_2)
                                                         _286_ (net)
                      0.203511    0.002381    1.906357 ^ _520_/C (sky130_fd_sc_hd__and3_2)
     3    0.018245    0.110376    0.255307    2.161664 ^ _520_/X (sky130_fd_sc_hd__and3_2)
                                                         _288_ (net)
                      0.110382    0.000914    2.162578 ^ _521_/B (sky130_fd_sc_hd__nor2_2)
     1    0.002217    0.023342    0.035254    2.197833 v _521_/Y (sky130_fd_sc_hd__nor2_2)
                                                         _005_ (net)
                      0.023342    0.000151    2.197984 v _707_/D (sky130_fd_sc_hd__dfrtp_2)
                                              2.197984   data arrival time

                                  0.000000    0.000000   clock wb_clk_i (rise edge)
                                  0.000000    0.000000   clock source latency
     2    0.173040    0.776047    0.641528    0.641528 ^ wb_clk_i (in)
                                                         wb_clk_i (net)
                      0.816176    0.000000    0.641528 ^ clkbuf_0_wb_clk_i/A (sky130_fd_sc_hd__clkbuf_16)
    17    0.079963    0.109695    0.344975    0.986503 ^ clkbuf_0_wb_clk_i/X (sky130_fd_sc_hd__clkbuf_16)
                                                         clknet_0_wb_clk_i (net)
                      0.110467    0.007198    0.993701 ^ clkbuf_3_1_0_wb_clk_i/A (sky130_fd_sc_hd__clkbuf_8)
    11    0.038866    0.080091    0.187569    1.181270 ^ clkbuf_3_1_0_wb_clk_i/X (sky130_fd_sc_hd__clkbuf_8)
                                                         clknet_3_1_0_wb_clk_i (net)
                      0.080154    0.002142    1.183412 ^ _707_/CLK (sky130_fd_sc_hd__dfrtp_2)
                                  0.250000    1.433412   clock uncertainty
                                 -0.112502    1.320910   clock reconvergence pessimism
                                 -0.025281    1.295629   library hold time
                                              1.295629   data required time
---------------------------------------------------------------------------------------------
                                              1.295629   data required time
                                             -2.197984   data arrival time
---------------------------------------------------------------------------------------------
                                              0.902354   slack (MET)


Startpoint: _756_ (rising edge-triggered flip-flop clocked by wb_clk_i)
Endpoint: _758_ (rising edge-triggered flip-flop clocked by wb_clk_i)
Path Group: wb_clk_i
Path Type: min

Fanout         Cap        Slew       Delay        Time   Description
---------------------------------------------------------------------------------------------
                                  0.000000    0.000000   clock wb_clk_i (rise edge)
                                  0.000000    0.000000   clock source latency
     2    0.173040    0.776047    0.580430    0.580430 ^ wb_clk_i (in)
                                                         wb_clk_i (net)
                      0.816176    0.000000    0.580430 ^ clkbuf_0_wb_clk_i/A (sky130_fd_sc_hd__clkbuf_16)
    17    0.079963    0.109695    0.312120    0.892550 ^ clkbuf_0_wb_clk_i/X (sky130_fd_sc_hd__clkbuf_16)
                                                         clknet_0_wb_clk_i (net)
                      0.110196    0.005088    0.897638 ^ clkbuf_3_3_0_wb_clk_i/A (sky130_fd_sc_hd__clkbuf_8)
    11    0.039059    0.080400    0.169817    1.067455 ^ clkbuf_3_3_0_wb_clk_i/X (sky130_fd_sc_hd__clkbuf_8)
                                                         clknet_3_3_0_wb_clk_i (net)
                      0.080468    0.001999    1.069454 ^ _756_/CLK (sky130_fd_sc_hd__dfrtp_2)
     2    0.005441    0.049611    0.339424    1.408878 ^ _756_/Q (sky130_fd_sc_hd__dfrtp_2)
                                                         timer.sec_div[29] (net)
                      0.049611    0.000340    1.409218 ^ _485_/A (sky130_fd_sc_hd__and4_2)
     1    0.009404    0.081745    0.212803    1.622021 ^ _485_/X (sky130_fd_sc_hd__and4_2)
                                                         _268_ (net)
                      0.081747    0.000507    1.622529 ^ _487_/B (sky130_fd_sc_hd__xor2_2)
     1    0.002520    0.029241    0.055717    1.678245 v _487_/X (sky130_fd_sc_hd__xor2_2)
                                                         _058_ (net)
                      0.029241    0.000146    1.678391 v hold32/A (sky130_fd_sc_hd__dlygate4sd3_1)
     1    0.002201    0.049999    0.509743    2.188134 v hold32/X (sky130_fd_sc_hd__dlygate4sd3_1)
                                                         net32 (net)
                      0.049999    0.000152    2.188286 v _758_/D (sky130_fd_sc_hd__dfrtp_2)
                                              2.188286   data arrival time

                                  0.000000    0.000000   clock wb_clk_i (rise edge)
                                  0.000000    0.000000   clock source latency
     2    0.173040    0.776047    0.641528    0.641528 ^ wb_clk_i (in)
                                                         wb_clk_i (net)
                      0.816176    0.000000    0.641528 ^ clkbuf_0_wb_clk_i/A (sky130_fd_sc_hd__clkbuf_16)
    17    0.079963    0.109695    0.344975    0.986503 ^ clkbuf_0_wb_clk_i/X (sky130_fd_sc_hd__clkbuf_16)
                                                         clknet_0_wb_clk_i (net)
                      0.110196    0.005623    0.992126 ^ clkbuf_3_3_0_wb_clk_i/A (sky130_fd_sc_hd__clkbuf_8)
    11    0.039059    0.080400    0.187693    1.179819 ^ clkbuf_3_3_0_wb_clk_i/X (sky130_fd_sc_hd__clkbuf_8)
                                                         clknet_3_3_0_wb_clk_i (net)
                      0.080469    0.002224    1.182042 ^ _758_/CLK (sky130_fd_sc_hd__dfrtp_2)
                                  0.250000    1.432042   clock uncertainty
                                 -0.112363    1.319679   clock reconvergence pessimism
                                 -0.036057    1.283622   library hold time
                                              1.283622   data required time
---------------------------------------------------------------------------------------------
                                              1.283622   data required time
                                             -2.188286   data arrival time
---------------------------------------------------------------------------------------------
                                              0.904665   slack (MET)


Startpoint: _689_ (rising edge-triggered flip-flop clocked by wb_clk_i)
Endpoint: _686_ (rising edge-triggered flip-flop clocked by wb_clk_i)
Path Group: wb_clk_i
Path Type: min

Fanout         Cap        Slew       Delay        Time   Description
---------------------------------------------------------------------------------------------
                                  0.000000    0.000000   clock wb_clk_i (rise edge)
                                  0.000000    0.000000   clock source latency
     2    0.173040    0.776047    0.580430    0.580430 ^ wb_clk_i (in)
                                                         wb_clk_i (net)
                      0.816176    0.000000    0.580430 ^ clkbuf_0_wb_clk_i/A (sky130_fd_sc_hd__clkbuf_16)
    17    0.079963    0.109695    0.312120    0.892550 ^ clkbuf_0_wb_clk_i/X (sky130_fd_sc_hd__clkbuf_16)
                                                         clknet_0_wb_clk_i (net)
                      0.110560    0.006938    0.899488 ^ clkbuf_3_7_0_wb_clk_i/A (sky130_fd_sc_hd__clkbuf_8)
    12    0.039052    0.080674    0.169794    1.069282 ^ clkbuf_3_7_0_wb_clk_i/X (sky130_fd_sc_hd__clkbuf_8)
                                                         clknet_3_7_0_wb_clk_i (net)
                      0.080730    0.001858    1.071140 ^ _689_/CLK (sky130_fd_sc_hd__dfrtp_2)
     5    0.019245    0.107605    0.390107    1.461247 ^ _689_/Q (sky130_fd_sc_hd__dfrtp_2)
                                                         timer.sec_ones[0] (net)
                      0.107612    0.000939    1.462186 ^ _343_/B (sky130_fd_sc_hd__and4b_2)
     3    0.010459    0.088120    0.245893    1.708078 ^ _343_/X (sky130_fd_sc_hd__and4b_2)
                                                         _178_ (net)
                      0.088121    0.000474    1.708552 ^ _344_/B (sky130_fd_sc_hd__and2b_2)
     5    0.027892    0.147215    0.221917    1.930469 ^ _344_/X (sky130_fd_sc_hd__and2b_2)
                                                         _179_ (net)
                      0.147248    0.002045    1.932514 ^ _359_/A2 (sky130_fd_sc_hd__a21o_2)
     1    0.002317    0.025859    0.130897    2.063411 ^ _359_/X (sky130_fd_sc_hd__a21o_2)
                                                         _188_ (net)
                      0.025859    0.000148    2.063559 ^ _360_/C (sky130_fd_sc_hd__and3b_2)
     1    0.003349    0.044657    0.159354    2.222913 ^ _360_/X (sky130_fd_sc_hd__and3b_2)
                                                         _161_ (net)
                      0.044657    0.000204    2.223117 ^ _686_/D (sky130_fd_sc_hd__dfrtp_2)
                                              2.223117   data arrival time

                                  0.000000    0.000000   clock wb_clk_i (rise edge)
                                  0.000000    0.000000   clock source latency
     2    0.173040    0.776047    0.641528    0.641528 ^ wb_clk_i (in)
                                                         wb_clk_i (net)
                      0.816176    0.000000    0.641528 ^ clkbuf_0_wb_clk_i/A (sky130_fd_sc_hd__clkbuf_16)
    17    0.079963    0.109695    0.344975    0.986503 ^ clkbuf_0_wb_clk_i/X (sky130_fd_sc_hd__clkbuf_16)
                                                         clknet_0_wb_clk_i (net)
                      0.110683    0.008250    0.994753 ^ clkbuf_3_5_0_wb_clk_i/A (sky130_fd_sc_hd__clkbuf_8)
    11    0.040685    0.082957    0.189982    1.184735 ^ clkbuf_3_5_0_wb_clk_i/X (sky130_fd_sc_hd__clkbuf_8)
                                                         clknet_3_5_0_wb_clk_i (net)
                      0.083000    0.001852    1.186587 ^ _686_/CLK (sky130_fd_sc_hd__dfrtp_2)
                                  0.250000    1.436587   clock uncertainty
                                 -0.093953    1.342634   clock reconvergence pessimism
                                 -0.029414    1.313221   library hold time
                                              1.313221   data required time
---------------------------------------------------------------------------------------------
                                              1.313221   data required time
                                             -2.223117   data arrival time
---------------------------------------------------------------------------------------------
                                              0.909896   slack (MET)


Startpoint: _743_ (rising edge-triggered flip-flop clocked by wb_clk_i)
Endpoint: _745_ (rising edge-triggered flip-flop clocked by wb_clk_i)
Path Group: wb_clk_i
Path Type: min

Fanout         Cap        Slew       Delay        Time   Description
---------------------------------------------------------------------------------------------
                                  0.000000    0.000000   clock wb_clk_i (rise edge)
                                  0.000000    0.000000   clock source latency
     2    0.173040    0.776047    0.580430    0.580430 ^ wb_clk_i (in)
                                                         wb_clk_i (net)
                      0.816176    0.000000    0.580430 ^ clkbuf_0_wb_clk_i/A (sky130_fd_sc_hd__clkbuf_16)
    17    0.079963    0.109695    0.312120    0.892550 ^ clkbuf_0_wb_clk_i/X (sky130_fd_sc_hd__clkbuf_16)
                                                         clknet_0_wb_clk_i (net)
                      0.110422    0.006298    0.898848 ^ clkbuf_3_4_0_wb_clk_i/A (sky130_fd_sc_hd__clkbuf_8)
    11    0.039410    0.081236    0.170141    1.068989 ^ clkbuf_3_4_0_wb_clk_i/X (sky130_fd_sc_hd__clkbuf_8)
                                                         clknet_3_4_0_wb_clk_i (net)
                      0.081327    0.002297    1.071286 ^ _743_/CLK (sky130_fd_sc_hd__dfrtp_2)
     2    0.006467    0.053719    0.343893    1.415179 ^ _743_/Q (sky130_fd_sc_hd__dfrtp_2)
                                                         timer.sec_div[16] (net)
                      0.053719    0.000375    1.415555 ^ _455_/B (sky130_fd_sc_hd__and4_2)
     2    0.011516    0.091883    0.235369    1.650923 ^ _455_/X (sky130_fd_sc_hd__and4_2)
                                                         _251_ (net)
                      0.091885    0.000568    1.651491 ^ _458_/B (sky130_fd_sc_hd__xor2_2)
     1    0.001979    0.027782    0.056469    1.707960 v _458_/X (sky130_fd_sc_hd__xor2_2)
                                                         _043_ (net)
                      0.027782    0.000087    1.708047 v hold52/A (sky130_fd_sc_hd__dlygate4sd3_1)
     1    0.002257    0.050212    0.509680    2.217727 v hold52/X (sky130_fd_sc_hd__dlygate4sd3_1)
                                                         net52 (net)
                      0.050212    0.000152    2.217879 v _745_/D (sky130_fd_sc_hd__dfrtp_2)
                                              2.217879   data arrival time

                                  0.000000    0.000000   clock wb_clk_i (rise edge)
                                  0.000000    0.000000   clock source latency
     2    0.173040    0.776047    0.641528    0.641528 ^ wb_clk_i (in)
                                                         wb_clk_i (net)
                      0.816176    0.000000    0.641528 ^ clkbuf_0_wb_clk_i/A (sky130_fd_sc_hd__clkbuf_16)
    17    0.079963    0.109695    0.344975    0.986503 ^ clkbuf_0_wb_clk_i/X (sky130_fd_sc_hd__clkbuf_16)
                                                         clknet_0_wb_clk_i (net)
                      0.110216    0.005756    0.992258 ^ clkbuf_3_6_0_wb_clk_i/A (sky130_fd_sc_hd__clkbuf_8)
    12    0.040512    0.082979    0.189178    1.181437 ^ clkbuf_3_6_0_wb_clk_i/X (sky130_fd_sc_hd__clkbuf_8)
                                                         clknet_3_6_0_wb_clk_i (net)
                      0.083247    0.003511    1.184948 ^ _745_/CLK (sky130_fd_sc_hd__dfrtp_2)
                                  0.250000    1.434948   clock uncertainty
                                 -0.093953    1.340996   clock reconvergence pessimism
                                 -0.035510    1.305486   library hold time
                                              1.305486   data required time
---------------------------------------------------------------------------------------------
                                              1.305486   data required time
                                             -2.217879   data arrival time
---------------------------------------------------------------------------------------------
                                              0.912393   slack (MET)


Startpoint: _678_ (rising edge-triggered flip-flop clocked by wb_clk_i)
Endpoint: _680_ (rising edge-triggered flip-flop clocked by wb_clk_i)
Path Group: wb_clk_i
Path Type: min

Fanout         Cap        Slew       Delay        Time   Description
---------------------------------------------------------------------------------------------
                                  0.000000    0.000000   clock wb_clk_i (rise edge)
                                  0.000000    0.000000   clock source latency
     2    0.173040    0.776047    0.580430    0.580430 ^ wb_clk_i (in)
                                                         wb_clk_i (net)
                      0.816176    0.000000    0.580430 ^ clkbuf_0_wb_clk_i/A (sky130_fd_sc_hd__clkbuf_16)
    17    0.079963    0.109695    0.312120    0.892550 ^ clkbuf_0_wb_clk_i/X (sky130_fd_sc_hd__clkbuf_16)
                                                         clknet_0_wb_clk_i (net)
                      0.110683    0.007464    0.900014 ^ clkbuf_3_5_0_wb_clk_i/A (sky130_fd_sc_hd__clkbuf_8)
    11    0.040685    0.082957    0.171889    1.071903 ^ clkbuf_3_5_0_wb_clk_i/X (sky130_fd_sc_hd__clkbuf_8)
                                                         clknet_3_5_0_wb_clk_i (net)
                      0.083013    0.001873    1.073776 ^ _678_/CLK (sky130_fd_sc_hd__dfrtp_2)
     4    0.012942    0.080352    0.370542    1.444318 ^ _678_/Q (sky130_fd_sc_hd__dfrtp_2)
                                                         timer.min_tens[1] (net)
                      0.080356    0.000613    1.444931 ^ _375_/B (sky130_fd_sc_hd__and3_2)
     1    0.009892    0.074070    0.194482    1.639413 ^ _375_/X (sky130_fd_sc_hd__and3_2)
                                                         _198_ (net)
                      0.074074    0.000561    1.639974 ^ _376_/B (sky130_fd_sc_hd__xor2_2)
     1    0.002025    0.027884    0.051941    1.691915 v _376_/X (sky130_fd_sc_hd__xor2_2)
                                                         _155_ (net)
                      0.027884    0.000086    1.692001 v hold46/A (sky130_fd_sc_hd__dlygate4sd3_1)
     1    0.002364    0.050620    0.510644    2.202645 v hold46/X (sky130_fd_sc_hd__dlygate4sd3_1)
                                                         net46 (net)
                      0.050620    0.000157    2.202801 v _680_/D (sky130_fd_sc_hd__dfrtp_2)
                                              2.202801   data arrival time

                                  0.000000    0.000000   clock wb_clk_i (rise edge)
                                  0.000000    0.000000   clock source latency
     2    0.173040    0.776047    0.641528    0.641528 ^ wb_clk_i (in)
                                                         wb_clk_i (net)
                      0.816176    0.000000    0.641528 ^ clkbuf_0_wb_clk_i/A (sky130_fd_sc_hd__clkbuf_16)
    17    0.079963    0.109695    0.344975    0.986503 ^ clkbuf_0_wb_clk_i/X (sky130_fd_sc_hd__clkbuf_16)
                                                         clknet_0_wb_clk_i (net)
                      0.110683    0.008250    0.994753 ^ clkbuf_3_5_0_wb_clk_i/A (sky130_fd_sc_hd__clkbuf_8)
    11    0.040685    0.082957    0.189982    1.184735 ^ clkbuf_3_5_0_wb_clk_i/X (sky130_fd_sc_hd__clkbuf_8)
                                                         clknet_3_5_0_wb_clk_i (net)
                      0.083003    0.001907    1.186642 ^ _680_/CLK (sky130_fd_sc_hd__dfrtp_2)
                                  0.250000    1.436642   clock uncertainty
                                 -0.112832    1.323810   clock reconvergence pessimism
                                 -0.035731    1.288079   library hold time
                                              1.288079   data required time
---------------------------------------------------------------------------------------------
                                              1.288079   data required time
                                             -2.202801   data arrival time
---------------------------------------------------------------------------------------------
                                              0.914723   slack (MET)


Startpoint: _710_ (rising edge-triggered flip-flop clocked by wb_clk_i)
Endpoint: _713_ (rising edge-triggered flip-flop clocked by wb_clk_i)
Path Group: wb_clk_i
Path Type: min

Fanout         Cap        Slew       Delay        Time   Description
---------------------------------------------------------------------------------------------
                                  0.000000    0.000000   clock wb_clk_i (rise edge)
                                  0.000000    0.000000   clock source latency
     2    0.173040    0.776047    0.580430    0.580430 ^ wb_clk_i (in)
                                                         wb_clk_i (net)
                      0.816176    0.000000    0.580430 ^ clkbuf_0_wb_clk_i/A (sky130_fd_sc_hd__clkbuf_16)
    17    0.079963    0.109695    0.312120    0.892550 ^ clkbuf_0_wb_clk_i/X (sky130_fd_sc_hd__clkbuf_16)
                                                         clknet_0_wb_clk_i (net)
                      0.110620    0.007197    0.899748 ^ clkbuf_3_0_0_wb_clk_i/A (sky130_fd_sc_hd__clkbuf_8)
    11    0.037435    0.077850    0.168095    1.067843 ^ clkbuf_3_0_0_wb_clk_i/X (sky130_fd_sc_hd__clkbuf_8)
                                                         clknet_3_0_0_wb_clk_i (net)
                      0.077890    0.001581    1.069423 ^ _710_/CLK (sky130_fd_sc_hd__dfrtp_2)
     3    0.008162    0.060925    0.349517    1.418941 ^ _710_/Q (sky130_fd_sc_hd__dfrtp_2)
                                                         timer.scan_div[16] (net)
                      0.060925    0.000434    1.419375 ^ _532_/A (sky130_fd_sc_hd__and4_2)
     1    0.003282    0.051923    0.183823    1.603197 ^ _532_/X (sky130_fd_sc_hd__and4_2)
                                                         _295_ (net)
                      0.051933    0.000229    1.603427 ^ _536_/A2 (sky130_fd_sc_hd__o21a_2)
     1    0.002294    0.027244    0.097882    1.701309 ^ _536_/X (sky130_fd_sc_hd__o21a_2)
                                                         _011_ (net)
                      0.027244    0.000145    1.701454 ^ hold62/A (sky130_fd_sc_hd__dlygate4sd3_1)
     1    0.002722    0.052191    0.501850    2.203304 ^ hold62/X (sky130_fd_sc_hd__dlygate4sd3_1)
                                                         net62 (net)
                      0.052191    0.000189    2.203493 ^ _713_/D (sky130_fd_sc_hd__dfrtp_2)
                                              2.203493   data arrival time

                                  0.000000    0.000000   clock wb_clk_i (rise edge)
                                  0.000000    0.000000   clock source latency
     2    0.173040    0.776047    0.641528    0.641528 ^ wb_clk_i (in)
                                                         wb_clk_i (net)
                      0.816176    0.000000    0.641528 ^ clkbuf_0_wb_clk_i/A (sky130_fd_sc_hd__clkbuf_16)
    17    0.079963    0.109695    0.344975    0.986503 ^ clkbuf_0_wb_clk_i/X (sky130_fd_sc_hd__clkbuf_16)
                                                         clknet_0_wb_clk_i (net)
                      0.110620    0.007955    0.994458 ^ clkbuf_3_0_0_wb_clk_i/A (sky130_fd_sc_hd__clkbuf_8)
    11    0.037435    0.077850    0.185790    1.180247 ^ clkbuf_3_0_0_wb_clk_i/X (sky130_fd_sc_hd__clkbuf_8)
                                                         clknet_3_0_0_wb_clk_i (net)
                      0.077891    0.001748    1.181995 ^ _713_/CLK (sky130_fd_sc_hd__dfrtp_2)
                                  0.250000    1.431996   clock uncertainty
                                 -0.112404    1.319591   clock reconvergence pessimism
                                 -0.031666    1.287925   library hold time
                                              1.287925   data required time
---------------------------------------------------------------------------------------------
                                              1.287925   data required time
                                             -2.203493   data arrival time
---------------------------------------------------------------------------------------------
                                              0.915568   slack (MET)


Startpoint: _755_ (rising edge-triggered flip-flop clocked by wb_clk_i)
Endpoint: _756_ (rising edge-triggered flip-flop clocked by wb_clk_i)
Path Group: wb_clk_i
Path Type: min

Fanout         Cap        Slew       Delay        Time   Description
---------------------------------------------------------------------------------------------
                                  0.000000    0.000000   clock wb_clk_i (rise edge)
                                  0.000000    0.000000   clock source latency
     2    0.173040    0.776047    0.580430    0.580430 ^ wb_clk_i (in)
                                                         wb_clk_i (net)
                      0.816176    0.000000    0.580430 ^ clkbuf_0_wb_clk_i/A (sky130_fd_sc_hd__clkbuf_16)
    17    0.079963    0.109695    0.312120    0.892550 ^ clkbuf_0_wb_clk_i/X (sky130_fd_sc_hd__clkbuf_16)
                                                         clknet_0_wb_clk_i (net)
                      0.110196    0.005088    0.897638 ^ clkbuf_3_3_0_wb_clk_i/A (sky130_fd_sc_hd__clkbuf_8)
    11    0.039059    0.080400    0.169817    1.067455 ^ clkbuf_3_3_0_wb_clk_i/X (sky130_fd_sc_hd__clkbuf_8)
                                                         clknet_3_3_0_wb_clk_i (net)
                      0.080472    0.002044    1.069499 ^ _755_/CLK (sky130_fd_sc_hd__dfrtp_2)
     4    0.013415    0.082352    0.371160    1.440659 ^ _755_/Q (sky130_fd_sc_hd__dfrtp_2)
                                                         timer.sec_div[28] (net)
                      0.082358    0.000728    1.441387 ^ _482_/B (sky130_fd_sc_hd__and3_2)
     2    0.014708    0.094298    0.213805    1.655192 ^ _482_/X (sky130_fd_sc_hd__and3_2)
                                                         _266_ (net)
                      0.094308    0.000963    1.656155 ^ _484_/A (sky130_fd_sc_hd__nor2_2)
     1    0.002461    0.021728    0.042649    1.698804 v _484_/Y (sky130_fd_sc_hd__nor2_2)
                                                         _055_ (net)
                      0.021728    0.000156    1.698960 v hold74/A (sky130_fd_sc_hd__dlygate4sd3_1)
     1    0.002619    0.052080    0.510615    2.209575 v hold74/X (sky130_fd_sc_hd__dlygate4sd3_1)
                                                         net74 (net)
                      0.052080    0.000169    2.209743 v _756_/D (sky130_fd_sc_hd__dfrtp_2)
                                              2.209743   data arrival time

                                  0.000000    0.000000   clock wb_clk_i (rise edge)
                                  0.000000    0.000000   clock source latency
     2    0.173040    0.776047    0.641528    0.641528 ^ wb_clk_i (in)
                                                         wb_clk_i (net)
                      0.816176    0.000000    0.641528 ^ clkbuf_0_wb_clk_i/A (sky130_fd_sc_hd__clkbuf_16)
    17    0.079963    0.109695    0.344975    0.986503 ^ clkbuf_0_wb_clk_i/X (sky130_fd_sc_hd__clkbuf_16)
                                                         clknet_0_wb_clk_i (net)
                      0.110196    0.005623    0.992126 ^ clkbuf_3_3_0_wb_clk_i/A (sky130_fd_sc_hd__clkbuf_8)
    11    0.039059    0.080400    0.187693    1.179819 ^ clkbuf_3_3_0_wb_clk_i/X (sky130_fd_sc_hd__clkbuf_8)
                                                         clknet_3_3_0_wb_clk_i (net)
                      0.080468    0.002209    1.182028 ^ _756_/CLK (sky130_fd_sc_hd__dfrtp_2)
                                  0.250000    1.432028   clock uncertainty
                                 -0.112363    1.319664   clock reconvergence pessimism
                                 -0.036904    1.282760   library hold time
                                              1.282760   data required time
---------------------------------------------------------------------------------------------
                                              1.282760   data required time
                                             -2.209743   data arrival time
---------------------------------------------------------------------------------------------
                                              0.926983   slack (MET)


Startpoint: _728_ (rising edge-triggered flip-flop clocked by wb_clk_i)
Endpoint: _728_ (rising edge-triggered flip-flop clocked by wb_clk_i)
Path Group: wb_clk_i
Path Type: min

Fanout         Cap        Slew       Delay        Time   Description
---------------------------------------------------------------------------------------------
                                  0.000000    0.000000   clock wb_clk_i (rise edge)
                                  0.000000    0.000000   clock source latency
     2    0.173040    0.776047    0.580430    0.580430 ^ wb_clk_i (in)
                                                         wb_clk_i (net)
                      0.816176    0.000000    0.580430 ^ clkbuf_0_wb_clk_i/A (sky130_fd_sc_hd__clkbuf_16)
    17    0.079963    0.109695    0.312120    0.892550 ^ clkbuf_0_wb_clk_i/X (sky130_fd_sc_hd__clkbuf_16)
                                                         clknet_0_wb_clk_i (net)
                      0.110560    0.006938    0.899488 ^ clkbuf_3_7_0_wb_clk_i/A (sky130_fd_sc_hd__clkbuf_8)
    12    0.039052    0.080674    0.169794    1.069282 ^ clkbuf_3_7_0_wb_clk_i/X (sky130_fd_sc_hd__clkbuf_8)
                                                         clknet_3_7_0_wb_clk_i (net)
                      0.080728    0.001821    1.071103 ^ _728_/CLK (sky130_fd_sc_hd__dfrtp_2)
     2    0.005939    0.051579    0.341538    1.412641 ^ _728_/Q (sky130_fd_sc_hd__dfrtp_2)
                                                         timer.sec_div[1] (net)
                      0.051579    0.000303    1.412945 ^ hold180/A (sky130_fd_sc_hd__dlygate4sd3_1)
     3    0.010368    0.119279    0.565025    1.977970 ^ hold180/X (sky130_fd_sc_hd__dlygate4sd3_1)
                                                         net180 (net)
                      0.119279    0.000422    1.978392 ^ _406_/B (sky130_fd_sc_hd__or2_2)
     2    0.005613    0.041754    0.125941    2.104333 ^ _406_/X (sky130_fd_sc_hd__or2_2)
                                                         _220_ (net)
                      0.041756    0.000312    2.104645 ^ _415_/A (sky130_fd_sc_hd__and2_2)
     1    0.002838    0.036931    0.115906    2.220551 ^ _415_/X (sky130_fd_sc_hd__and2_2)
                                                         _045_ (net)
                      0.036931    0.000179    2.220730 ^ _728_/D (sky130_fd_sc_hd__dfrtp_2)
                                              2.220730   data arrival time

                                  0.000000    0.000000   clock wb_clk_i (rise edge)
                                  0.000000    0.000000   clock source latency
     2    0.173040    0.776047    0.641528    0.641528 ^ wb_clk_i (in)
                                                         wb_clk_i (net)
                      0.816176    0.000000    0.641528 ^ clkbuf_0_wb_clk_i/A (sky130_fd_sc_hd__clkbuf_16)
    17    0.079963    0.109695    0.344975    0.986503 ^ clkbuf_0_wb_clk_i/X (sky130_fd_sc_hd__clkbuf_16)
                                                         clknet_0_wb_clk_i (net)
                      0.110560    0.007668    0.994171 ^ clkbuf_3_7_0_wb_clk_i/A (sky130_fd_sc_hd__clkbuf_8)
    12    0.039052    0.080674    0.187667    1.181838 ^ clkbuf_3_7_0_wb_clk_i/X (sky130_fd_sc_hd__clkbuf_8)
                                                         clknet_3_7_0_wb_clk_i (net)
                      0.080728    0.002013    1.183851 ^ _728_/CLK (sky130_fd_sc_hd__dfrtp_2)
                                  0.250000    1.433851   clock uncertainty
                                 -0.112747    1.321103   clock reconvergence pessimism
                                 -0.028131    1.292972   library hold time
                                              1.292972   data required time
---------------------------------------------------------------------------------------------
                                              1.292972   data required time
                                             -2.220730   data arrival time
---------------------------------------------------------------------------------------------
                                              0.927758   slack (MET)


Startpoint: _708_ (rising edge-triggered flip-flop clocked by wb_clk_i)
Endpoint: _708_ (rising edge-triggered flip-flop clocked by wb_clk_i)
Path Group: wb_clk_i
Path Type: min

Fanout         Cap        Slew       Delay        Time   Description
---------------------------------------------------------------------------------------------
                                  0.000000    0.000000   clock wb_clk_i (rise edge)
                                  0.000000    0.000000   clock source latency
     2    0.173040    0.776047    0.580430    0.580430 ^ wb_clk_i (in)
                                                         wb_clk_i (net)
                      0.816176    0.000000    0.580430 ^ clkbuf_0_wb_clk_i/A (sky130_fd_sc_hd__clkbuf_16)
    17    0.079963    0.109695    0.312120    0.892550 ^ clkbuf_0_wb_clk_i/X (sky130_fd_sc_hd__clkbuf_16)
                                                         clknet_0_wb_clk_i (net)
                      0.110467    0.006512    0.899062 ^ clkbuf_3_1_0_wb_clk_i/A (sky130_fd_sc_hd__clkbuf_8)
    11    0.038866    0.080091    0.169705    1.068768 ^ clkbuf_3_1_0_wb_clk_i/X (sky130_fd_sc_hd__clkbuf_8)
                                                         clknet_3_1_0_wb_clk_i (net)
                      0.080145    0.001817    1.070585 ^ _708_/CLK (sky130_fd_sc_hd__dfrtp_2)
     2    0.005051    0.048122    0.337775    1.408360 ^ _708_/Q (sky130_fd_sc_hd__dfrtp_2)
                                                         timer.scan_div[14] (net)
                      0.048122    0.000138    1.408498 ^ hold176/A (sky130_fd_sc_hd__dlygate4sd3_1)
     3    0.014033    0.153025    0.587850    1.996349 ^ hold176/X (sky130_fd_sc_hd__dlygate4sd3_1)
                                                         net176 (net)
                      0.153025    0.000210    1.996558 ^ _522_/A (sky130_fd_sc_hd__nor2_2)
     1    0.002500    0.026801    0.051285    2.047843 v _522_/Y (sky130_fd_sc_hd__nor2_2)
                                                         _289_ (net)
                      0.026801    0.000151    2.047994 v _524_/A_N (sky130_fd_sc_hd__and2b_2)
     1    0.002279    0.032377    0.177554    2.225547 ^ _524_/X (sky130_fd_sc_hd__and2b_2)
                                                         _006_ (net)
                      0.032377    0.000157    2.225705 ^ _708_/D (sky130_fd_sc_hd__dfrtp_2)
                                              2.225705   data arrival time

                                  0.000000    0.000000   clock wb_clk_i (rise edge)
                                  0.000000    0.000000   clock source latency
     2    0.173040    0.776047    0.641528    0.641528 ^ wb_clk_i (in)
                                                         wb_clk_i (net)
                      0.816176    0.000000    0.641528 ^ clkbuf_0_wb_clk_i/A (sky130_fd_sc_hd__clkbuf_16)
    17    0.079963    0.109695    0.344975    0.986503 ^ clkbuf_0_wb_clk_i/X (sky130_fd_sc_hd__clkbuf_16)
                                                         clknet_0_wb_clk_i (net)
                      0.110467    0.007198    0.993701 ^ clkbuf_3_1_0_wb_clk_i/A (sky130_fd_sc_hd__clkbuf_8)
    11    0.038866    0.080091    0.187569    1.181270 ^ clkbuf_3_1_0_wb_clk_i/X (sky130_fd_sc_hd__clkbuf_8)
                                                         clknet_3_1_0_wb_clk_i (net)
                      0.080145    0.002008    1.183278 ^ _708_/CLK (sky130_fd_sc_hd__dfrtp_2)
                                  0.250000    1.433278   clock uncertainty
                                 -0.112693    1.320585   clock reconvergence pessimism
                                 -0.027272    1.293313   library hold time
                                              1.293313   data required time
---------------------------------------------------------------------------------------------
                                              1.293313   data required time
                                             -2.225705   data arrival time
---------------------------------------------------------------------------------------------
                                              0.932392   slack (MET)


Startpoint: _689_ (rising edge-triggered flip-flop clocked by wb_clk_i)
Endpoint: _690_ (rising edge-triggered flip-flop clocked by wb_clk_i)
Path Group: wb_clk_i
Path Type: min

Fanout         Cap        Slew       Delay        Time   Description
---------------------------------------------------------------------------------------------
                                  0.000000    0.000000   clock wb_clk_i (rise edge)
                                  0.000000    0.000000   clock source latency
     2    0.173040    0.776047    0.580430    0.580430 ^ wb_clk_i (in)
                                                         wb_clk_i (net)
                      0.816176    0.000000    0.580430 ^ clkbuf_0_wb_clk_i/A (sky130_fd_sc_hd__clkbuf_16)
    17    0.079963    0.109695    0.312120    0.892550 ^ clkbuf_0_wb_clk_i/X (sky130_fd_sc_hd__clkbuf_16)
                                                         clknet_0_wb_clk_i (net)
                      0.110560    0.006938    0.899488 ^ clkbuf_3_7_0_wb_clk_i/A (sky130_fd_sc_hd__clkbuf_8)
    12    0.039052    0.080674    0.169794    1.069282 ^ clkbuf_3_7_0_wb_clk_i/X (sky130_fd_sc_hd__clkbuf_8)
                                                         clknet_3_7_0_wb_clk_i (net)
                      0.080730    0.001858    1.071140 ^ _689_/CLK (sky130_fd_sc_hd__dfrtp_2)
     5    0.019245    0.107605    0.390107    1.461247 ^ _689_/Q (sky130_fd_sc_hd__dfrtp_2)
                                                         timer.sec_ones[0] (net)
                      0.107607    0.000635    1.461883 ^ _340_/B (sky130_fd_sc_hd__and2_2)
     2    0.009192    0.064981    0.164823    1.626706 ^ _340_/X (sky130_fd_sc_hd__and2_2)
                                                         _175_ (net)
                      0.064983    0.000462    1.627168 ^ _348_/A2 (sky130_fd_sc_hd__o21a_2)
     1    0.002818    0.029574    0.103899    1.731066 ^ _348_/X (sky130_fd_sc_hd__o21a_2)
                                                         _165_ (net)
                      0.029574    0.000167    1.731233 ^ hold157/A (sky130_fd_sc_hd__dlygate4sd3_1)
     1    0.002481    0.050161    0.500436    2.231669 ^ hold157/X (sky130_fd_sc_hd__dlygate4sd3_1)
                                                         net157 (net)
                      0.050161    0.000166    2.231835 ^ _690_/D (sky130_fd_sc_hd__dfrtp_2)
                                              2.231835   data arrival time

                                  0.000000    0.000000   clock wb_clk_i (rise edge)
                                  0.000000    0.000000   clock source latency
     2    0.173040    0.776047    0.641528    0.641528 ^ wb_clk_i (in)
                                                         wb_clk_i (net)
                      0.816176    0.000000    0.641528 ^ clkbuf_0_wb_clk_i/A (sky130_fd_sc_hd__clkbuf_16)
    17    0.079963    0.109695    0.344975    0.986503 ^ clkbuf_0_wb_clk_i/X (sky130_fd_sc_hd__clkbuf_16)
                                                         clknet_0_wb_clk_i (net)
                      0.110560    0.007668    0.994171 ^ clkbuf_3_7_0_wb_clk_i/A (sky130_fd_sc_hd__clkbuf_8)
    12    0.039052    0.080674    0.187667    1.181838 ^ clkbuf_3_7_0_wb_clk_i/X (sky130_fd_sc_hd__clkbuf_8)
                                                         clknet_3_7_0_wb_clk_i (net)
                      0.080752    0.002363    1.184201 ^ _690_/CLK (sky130_fd_sc_hd__dfrtp_2)
                                  0.250000    1.434201   clock uncertainty
                                 -0.112556    1.321645   clock reconvergence pessimism
                                 -0.030856    1.290789   library hold time
                                              1.290789   data required time
---------------------------------------------------------------------------------------------
                                              1.290789   data required time
                                             -2.231835   data arrival time
---------------------------------------------------------------------------------------------
                                              0.941046   slack (MET)


Startpoint: _755_ (rising edge-triggered flip-flop clocked by wb_clk_i)
Endpoint: _757_ (rising edge-triggered flip-flop clocked by wb_clk_i)
Path Group: wb_clk_i
Path Type: min

Fanout         Cap        Slew       Delay        Time   Description
---------------------------------------------------------------------------------------------
                                  0.000000    0.000000   clock wb_clk_i (rise edge)
                                  0.000000    0.000000   clock source latency
     2    0.173040    0.776047    0.580430    0.580430 ^ wb_clk_i (in)
                                                         wb_clk_i (net)
                      0.816176    0.000000    0.580430 ^ clkbuf_0_wb_clk_i/A (sky130_fd_sc_hd__clkbuf_16)
    17    0.079963    0.109695    0.312120    0.892550 ^ clkbuf_0_wb_clk_i/X (sky130_fd_sc_hd__clkbuf_16)
                                                         clknet_0_wb_clk_i (net)
                      0.110196    0.005088    0.897638 ^ clkbuf_3_3_0_wb_clk_i/A (sky130_fd_sc_hd__clkbuf_8)
    11    0.039059    0.080400    0.169817    1.067455 ^ clkbuf_3_3_0_wb_clk_i/X (sky130_fd_sc_hd__clkbuf_8)
                                                         clknet_3_3_0_wb_clk_i (net)
                      0.080472    0.002044    1.069499 ^ _755_/CLK (sky130_fd_sc_hd__dfrtp_2)
     4    0.013415    0.082352    0.371160    1.440659 ^ _755_/Q (sky130_fd_sc_hd__dfrtp_2)
                                                         timer.sec_div[28] (net)
                      0.082358    0.000728    1.441387 ^ _482_/B (sky130_fd_sc_hd__and3_2)
     2    0.014708    0.094298    0.213805    1.655192 ^ _482_/X (sky130_fd_sc_hd__and3_2)
                                                         _266_ (net)
                      0.094305    0.000840    1.656032 ^ _486_/B (sky130_fd_sc_hd__xor2_2)
     1    0.002343    0.028765    0.058463    1.714495 v _486_/X (sky130_fd_sc_hd__xor2_2)
                                                         _057_ (net)
                      0.028765    0.000144    1.714638 v hold42/A (sky130_fd_sc_hd__dlygate4sd3_1)
     1    0.002331    0.050485    0.510683    2.225322 v hold42/X (sky130_fd_sc_hd__dlygate4sd3_1)
                                                         net42 (net)
                      0.050485    0.000161    2.225483 v _757_/D (sky130_fd_sc_hd__dfrtp_2)
                                              2.225483   data arrival time

                                  0.000000    0.000000   clock wb_clk_i (rise edge)
                                  0.000000    0.000000   clock source latency
     2    0.173040    0.776047    0.641528    0.641528 ^ wb_clk_i (in)
                                                         wb_clk_i (net)
                      0.816176    0.000000    0.641528 ^ clkbuf_0_wb_clk_i/A (sky130_fd_sc_hd__clkbuf_16)
    17    0.079963    0.109695    0.344975    0.986503 ^ clkbuf_0_wb_clk_i/X (sky130_fd_sc_hd__clkbuf_16)
                                                         clknet_0_wb_clk_i (net)
                      0.110196    0.005623    0.992126 ^ clkbuf_3_3_0_wb_clk_i/A (sky130_fd_sc_hd__clkbuf_8)
    11    0.039059    0.080400    0.187693    1.179819 ^ clkbuf_3_3_0_wb_clk_i/X (sky130_fd_sc_hd__clkbuf_8)
                                                         clknet_3_3_0_wb_clk_i (net)
                      0.080464    0.002147    1.181965 ^ _757_/CLK (sky130_fd_sc_hd__dfrtp_2)
                                  0.250000    1.431965   clock uncertainty
                                 -0.112363    1.319602   clock reconvergence pessimism
                                 -0.036256    1.283346   library hold time
                                              1.283346   data required time
---------------------------------------------------------------------------------------------
                                              1.283346   data required time
                                             -2.225483   data arrival time
---------------------------------------------------------------------------------------------
                                              0.942137   slack (MET)


Startpoint: _705_ (rising edge-triggered flip-flop clocked by wb_clk_i)
Endpoint: _726_ (rising edge-triggered flip-flop clocked by wb_clk_i)
Path Group: wb_clk_i
Path Type: min

Fanout         Cap        Slew       Delay        Time   Description
---------------------------------------------------------------------------------------------
                                  0.000000    0.000000   clock wb_clk_i (rise edge)
                                  0.000000    0.000000   clock source latency
     2    0.173040    0.776047    0.580430    0.580430 ^ wb_clk_i (in)
                                                         wb_clk_i (net)
                      0.816176    0.000000    0.580430 ^ clkbuf_0_wb_clk_i/A (sky130_fd_sc_hd__clkbuf_16)
    17    0.079963    0.109695    0.312120    0.892550 ^ clkbuf_0_wb_clk_i/X (sky130_fd_sc_hd__clkbuf_16)
                                                         clknet_0_wb_clk_i (net)
                      0.110196    0.005088    0.897638 ^ clkbuf_3_3_0_wb_clk_i/A (sky130_fd_sc_hd__clkbuf_8)
    11    0.039059    0.080400    0.169817    1.067455 ^ clkbuf_3_3_0_wb_clk_i/X (sky130_fd_sc_hd__clkbuf_8)
                                                         clknet_3_3_0_wb_clk_i (net)
                      0.080450    0.001744    1.069199 ^ _705_/CLK (sky130_fd_sc_hd__dfrtp_2)
     1    0.002168    0.035494    0.322888    1.392087 ^ _705_/Q (sky130_fd_sc_hd__dfrtp_2)
                                                         timer.scan_div[11] (net)
                      0.035494    0.000142    1.392228 ^ hold83/A (sky130_fd_sc_hd__dlygate4sd3_1)
     3    0.008365    0.101410    0.546566    1.938794 ^ hold83/X (sky130_fd_sc_hd__dlygate4sd3_1)
                                                         net83 (net)
                      0.101410    0.000435    1.939229 ^ _398_/D (sky130_fd_sc_hd__or4_2)
     1    0.004022    0.033973    0.118760    2.057989 ^ _398_/X (sky130_fd_sc_hd__or4_2)
                                                         _213_ (net)
                      0.033985    0.000254    2.058243 ^ _399_/D (sky130_fd_sc_hd__or4_2)
     4    0.018107    0.097096    0.141829    2.200073 ^ _399_/X (sky130_fd_sc_hd__or4_2)
                                                         _214_ (net)
                      0.097124    0.001500    2.201572 ^ _400_/A (sky130_fd_sc_hd__inv_2)
     1    0.011861    0.042590    0.055314    2.256886 v _400_/Y (sky130_fd_sc_hd__inv_2)
                                                         _000_ (net)
                      0.042642    0.001046    2.257932 v _726_/D (sky130_fd_sc_hd__dfrtp_2)
                                              2.257932   data arrival time

                                  0.000000    0.000000   clock wb_clk_i (rise edge)
                                  0.000000    0.000000   clock source latency
     2    0.173040    0.776047    0.641528    0.641528 ^ wb_clk_i (in)
                                                         wb_clk_i (net)
                      0.816176    0.000000    0.641528 ^ clkbuf_0_wb_clk_i/A (sky130_fd_sc_hd__clkbuf_16)
    17    0.079963    0.109695    0.344975    0.986503 ^ clkbuf_0_wb_clk_i/X (sky130_fd_sc_hd__clkbuf_16)
                                                         clknet_0_wb_clk_i (net)
                      0.110422    0.006960    0.993463 ^ clkbuf_3_4_0_wb_clk_i/A (sky130_fd_sc_hd__clkbuf_8)
    11    0.039410    0.081236    0.188051    1.181514 ^ clkbuf_3_4_0_wb_clk_i/X (sky130_fd_sc_hd__clkbuf_8)
                                                         clknet_3_4_0_wb_clk_i (net)
                      0.081310    0.002326    1.183840 ^ _726_/CLK (sky130_fd_sc_hd__dfrtp_2)
                                  0.250000    1.433840   clock uncertainty
                                 -0.093953    1.339887   clock reconvergence pessimism
                                 -0.032871    1.307016   library hold time
                                              1.307016   data required time
---------------------------------------------------------------------------------------------
                                              1.307016   data required time
                                             -2.257932   data arrival time
---------------------------------------------------------------------------------------------
                                              0.950916   slack (MET)


Startpoint: _731_ (rising edge-triggered flip-flop clocked by wb_clk_i)
Endpoint: _733_ (rising edge-triggered flip-flop clocked by wb_clk_i)
Path Group: wb_clk_i
Path Type: min

Fanout         Cap        Slew       Delay        Time   Description
---------------------------------------------------------------------------------------------
                                  0.000000    0.000000   clock wb_clk_i (rise edge)
                                  0.000000    0.000000   clock source latency
     2    0.173040    0.776047    0.580430    0.580430 ^ wb_clk_i (in)
                                                         wb_clk_i (net)
                      0.816176    0.000000    0.580430 ^ clkbuf_0_wb_clk_i/A (sky130_fd_sc_hd__clkbuf_16)
    17    0.079963    0.109695    0.312120    0.892550 ^ clkbuf_0_wb_clk_i/X (sky130_fd_sc_hd__clkbuf_16)
                                                         clknet_0_wb_clk_i (net)
                      0.110216    0.005207    0.897758 ^ clkbuf_3_6_0_wb_clk_i/A (sky130_fd_sc_hd__clkbuf_8)
    12    0.040512    0.082979    0.171162    1.068919 ^ clkbuf_3_6_0_wb_clk_i/X (sky130_fd_sc_hd__clkbuf_8)
                                                         clknet_3_6_0_wb_clk_i (net)
                      0.082987    0.000964    1.069883 ^ _731_/CLK (sky130_fd_sc_hd__dfrtp_2)
     4    0.015282    0.068808    0.415388    1.485271 v _731_/Q (sky130_fd_sc_hd__dfrtp_2)
                                                         timer.sec_div[4] (net)
                      0.068817    0.001307    1.486579 v _425_/B (sky130_fd_sc_hd__nand4_2)
     2    0.007467    0.070985    0.096660    1.583238 ^ _425_/Y (sky130_fd_sc_hd__nand4_2)
                                                         _232_ (net)
                      0.070985    0.000132    1.583371 ^ _426_/C (sky130_fd_sc_hd__and3_2)
     1    0.001892    0.037858    0.158007    1.741377 ^ _426_/X (sky130_fd_sc_hd__and3_2)
                                                         _062_ (net)
                      0.037858    0.000082    1.741459 ^ hold179/A (sky130_fd_sc_hd__dlygate4sd3_1)
     1    0.002627    0.051400    0.504311    2.245770 ^ hold179/X (sky130_fd_sc_hd__dlygate4sd3_1)
                                                         net179 (net)
                      0.051400    0.000166    2.245936 ^ _733_/D (sky130_fd_sc_hd__dfrtp_2)
                                              2.245936   data arrival time

                                  0.000000    0.000000   clock wb_clk_i (rise edge)
                                  0.000000    0.000000   clock source latency
     2    0.173040    0.776047    0.641528    0.641528 ^ wb_clk_i (in)
                                                         wb_clk_i (net)
                      0.816176    0.000000    0.641528 ^ clkbuf_0_wb_clk_i/A (sky130_fd_sc_hd__clkbuf_16)
    17    0.079963    0.109695    0.344975    0.986503 ^ clkbuf_0_wb_clk_i/X (sky130_fd_sc_hd__clkbuf_16)
                                                         clknet_0_wb_clk_i (net)
                      0.110216    0.005756    0.992258 ^ clkbuf_3_6_0_wb_clk_i/A (sky130_fd_sc_hd__clkbuf_8)
    12    0.040512    0.082979    0.189178    1.181437 ^ clkbuf_3_6_0_wb_clk_i/X (sky130_fd_sc_hd__clkbuf_8)
                                                         clknet_3_6_0_wb_clk_i (net)
                      0.083093    0.001887    1.183324 ^ _733_/CLK (sky130_fd_sc_hd__dfrtp_2)
                                  0.250000    1.433324   clock uncertainty
                                 -0.112518    1.320806   clock reconvergence pessimism
                                 -0.030791    1.290015   library hold time
                                              1.290015   data required time
---------------------------------------------------------------------------------------------
                                              1.290015   data required time
                                             -2.245936   data arrival time
---------------------------------------------------------------------------------------------
                                              0.955921   slack (MET)


Startpoint: _696_ (rising edge-triggered flip-flop clocked by wb_clk_i)
Endpoint: _696_ (rising edge-triggered flip-flop clocked by wb_clk_i)
Path Group: wb_clk_i
Path Type: min

Fanout         Cap        Slew       Delay        Time   Description
---------------------------------------------------------------------------------------------
                                  0.000000    0.000000   clock wb_clk_i (rise edge)
                                  0.000000    0.000000   clock source latency
     2    0.173040    0.776047    0.580430    0.580430 ^ wb_clk_i (in)
                                                         wb_clk_i (net)
                      0.816176    0.000000    0.580430 ^ clkbuf_0_wb_clk_i/A (sky130_fd_sc_hd__clkbuf_16)
    17    0.079963    0.109695    0.312120    0.892550 ^ clkbuf_0_wb_clk_i/X (sky130_fd_sc_hd__clkbuf_16)
                                                         clknet_0_wb_clk_i (net)
                      0.110467    0.006512    0.899062 ^ clkbuf_3_1_0_wb_clk_i/A (sky130_fd_sc_hd__clkbuf_8)
    11    0.038866    0.080091    0.169705    1.068768 ^ clkbuf_3_1_0_wb_clk_i/X (sky130_fd_sc_hd__clkbuf_8)
                                                         clknet_3_1_0_wb_clk_i (net)
                      0.080141    0.001746    1.070514 ^ _696_/CLK (sky130_fd_sc_hd__dfrtp_2)
     2    0.006148    0.052422    0.342155    1.412669 ^ _696_/Q (sky130_fd_sc_hd__dfrtp_2)
                                                         timer.scan_div[2] (net)
                      0.052422    0.000379    1.413048 ^ hold189/A (sky130_fd_sc_hd__dlygate4sd3_1)
     3    0.011678    0.131329    0.573801    1.986848 ^ hold189/X (sky130_fd_sc_hd__dlygate4sd3_1)
                                                         net189 (net)
                      0.131329    0.000298    1.987147 ^ _491_/A (sky130_fd_sc_hd__or2_2)
     1    0.001944    0.025461    0.116741    2.103888 ^ _491_/X (sky130_fd_sc_hd__or2_2)
                                                         _270_ (net)
                      0.025461    0.000124    2.104012 ^ _493_/B (sky130_fd_sc_hd__and3_2)
     1    0.002620    0.041092    0.144899    2.248911 ^ _493_/X (sky130_fd_sc_hd__and3_2)
                                                         _023_ (net)
                      0.041092    0.000169    2.249080 ^ _696_/D (sky130_fd_sc_hd__dfrtp_2)
                                              2.249080   data arrival time

                                  0.000000    0.000000   clock wb_clk_i (rise edge)
                                  0.000000    0.000000   clock source latency
     2    0.173040    0.776047    0.641528    0.641528 ^ wb_clk_i (in)
                                                         wb_clk_i (net)
                      0.816176    0.000000    0.641528 ^ clkbuf_0_wb_clk_i/A (sky130_fd_sc_hd__clkbuf_16)
    17    0.079963    0.109695    0.344975    0.986503 ^ clkbuf_0_wb_clk_i/X (sky130_fd_sc_hd__clkbuf_16)
                                                         clknet_0_wb_clk_i (net)
                      0.110467    0.007198    0.993701 ^ clkbuf_3_1_0_wb_clk_i/A (sky130_fd_sc_hd__clkbuf_8)
    11    0.038866    0.080091    0.187569    1.181270 ^ clkbuf_3_1_0_wb_clk_i/X (sky130_fd_sc_hd__clkbuf_8)
                                                         clknet_3_1_0_wb_clk_i (net)
                      0.080141    0.001930    1.183199 ^ _696_/CLK (sky130_fd_sc_hd__dfrtp_2)
                                  0.250000    1.433199   clock uncertainty
                                 -0.112686    1.320514   clock reconvergence pessimism
                                 -0.029069    1.291444   library hold time
                                              1.291444   data required time
---------------------------------------------------------------------------------------------
                                              1.291444   data required time
                                             -2.249080   data arrival time
---------------------------------------------------------------------------------------------
                                              0.957635   slack (MET)


Startpoint: _698_ (rising edge-triggered flip-flop clocked by wb_clk_i)
Endpoint: _699_ (rising edge-triggered flip-flop clocked by wb_clk_i)
Path Group: wb_clk_i
Path Type: min

Fanout         Cap        Slew       Delay        Time   Description
---------------------------------------------------------------------------------------------
                                  0.000000    0.000000   clock wb_clk_i (rise edge)
                                  0.000000    0.000000   clock source latency
     2    0.173040    0.776047    0.580430    0.580430 ^ wb_clk_i (in)
                                                         wb_clk_i (net)
                      0.816176    0.000000    0.580430 ^ clkbuf_0_wb_clk_i/A (sky130_fd_sc_hd__clkbuf_16)
    17    0.079963    0.109695    0.312120    0.892550 ^ clkbuf_0_wb_clk_i/X (sky130_fd_sc_hd__clkbuf_16)
                                                         clknet_0_wb_clk_i (net)
                      0.110467    0.006512    0.899062 ^ clkbuf_3_1_0_wb_clk_i/A (sky130_fd_sc_hd__clkbuf_8)
    11    0.038866    0.080091    0.169705    1.068768 ^ clkbuf_3_1_0_wb_clk_i/X (sky130_fd_sc_hd__clkbuf_8)
                                                         clknet_3_1_0_wb_clk_i (net)
                      0.080146    0.001822    1.070589 ^ _698_/CLK (sky130_fd_sc_hd__dfrtp_2)
     2    0.006433    0.053574    0.343339    1.413928 ^ _698_/Q (sky130_fd_sc_hd__dfrtp_2)
                                                         timer.scan_div[4] (net)
                      0.053574    0.000381    1.414310 ^ _499_/B (sky130_fd_sc_hd__and2_2)
     4    0.010537    0.071154    0.154932    1.569242 ^ _499_/X (sky130_fd_sc_hd__and2_2)
                                                         _275_ (net)
                      0.071157    0.000512    1.569754 ^ _500_/B (sky130_fd_sc_hd__and2_2)
     2    0.011082    0.073650    0.162030    1.731783 ^ _500_/X (sky130_fd_sc_hd__and2_2)
                                                         _276_ (net)
                      0.073650    0.000221    1.732004 ^ _501_/B1 (sky130_fd_sc_hd__a21oi_2)
     1    0.002682    0.026568    0.031688    1.763692 v _501_/Y (sky130_fd_sc_hd__a21oi_2)
                                                         _028_ (net)
                      0.026568    0.000156    1.763848 v hold130/A (sky130_fd_sc_hd__dlygate4sd3_1)
     1    0.002385    0.050716    0.510336    2.274184 v hold130/X (sky130_fd_sc_hd__dlygate4sd3_1)
                                                         net130 (net)
                      0.050716    0.000156    2.274340 v _699_/D (sky130_fd_sc_hd__dfrtp_2)
                                              2.274340   data arrival time

                                  0.000000    0.000000   clock wb_clk_i (rise edge)
                                  0.000000    0.000000   clock source latency
     2    0.173040    0.776047    0.641528    0.641528 ^ wb_clk_i (in)
                                                         wb_clk_i (net)
                      0.816176    0.000000    0.641528 ^ clkbuf_0_wb_clk_i/A (sky130_fd_sc_hd__clkbuf_16)
    17    0.079963    0.109695    0.344975    0.986503 ^ clkbuf_0_wb_clk_i/X (sky130_fd_sc_hd__clkbuf_16)
                                                         clknet_0_wb_clk_i (net)
                      0.110196    0.005623    0.992126 ^ clkbuf_3_3_0_wb_clk_i/A (sky130_fd_sc_hd__clkbuf_8)
    11    0.039059    0.080400    0.187693    1.179819 ^ clkbuf_3_3_0_wb_clk_i/X (sky130_fd_sc_hd__clkbuf_8)
                                                         clknet_3_3_0_wb_clk_i (net)
                      0.080476    0.002315    1.182133 ^ _699_/CLK (sky130_fd_sc_hd__dfrtp_2)
                                  0.250000    1.432133   clock uncertainty
                                 -0.093953    1.338181   clock reconvergence pessimism
                                 -0.036347    1.301834   library hold time
                                              1.301834   data required time
---------------------------------------------------------------------------------------------
                                              1.301834   data required time
                                             -2.274340   data arrival time
---------------------------------------------------------------------------------------------
                                              0.972506   slack (MET)


Startpoint: _685_ (rising edge-triggered flip-flop clocked by wb_clk_i)
Endpoint: _681_ (rising edge-triggered flip-flop clocked by wb_clk_i)
Path Group: wb_clk_i
Path Type: min

Fanout         Cap        Slew       Delay        Time   Description
---------------------------------------------------------------------------------------------
                                  0.000000    0.000000   clock wb_clk_i (rise edge)
                                  0.000000    0.000000   clock source latency
     2    0.173040    0.776047    0.580430    0.580430 ^ wb_clk_i (in)
                                                         wb_clk_i (net)
                      0.816176    0.000000    0.580430 ^ clkbuf_0_wb_clk_i/A (sky130_fd_sc_hd__clkbuf_16)
    17    0.079963    0.109695    0.312120    0.892550 ^ clkbuf_0_wb_clk_i/X (sky130_fd_sc_hd__clkbuf_16)
                                                         clknet_0_wb_clk_i (net)
                      0.110683    0.007464    0.900014 ^ clkbuf_3_5_0_wb_clk_i/A (sky130_fd_sc_hd__clkbuf_8)
    11    0.040685    0.082957    0.171889    1.071903 ^ clkbuf_3_5_0_wb_clk_i/X (sky130_fd_sc_hd__clkbuf_8)
                                                         clknet_3_5_0_wb_clk_i (net)
                      0.083009    0.001812    1.073715 ^ _685_/CLK (sky130_fd_sc_hd__dfrtp_2)
     2    0.004516    0.045724    0.336585    1.410300 ^ _685_/Q (sky130_fd_sc_hd__dfrtp_2)
                                                         timer.sec_tens[0] (net)
                      0.045724    0.000244    1.410545 ^ _356_/B (sky130_fd_sc_hd__and4b_2)
     6    0.029270    0.175078    0.301822    1.712366 ^ _356_/X (sky130_fd_sc_hd__and4b_2)
                                                         _186_ (net)
                      0.175098    0.001806    1.714173 ^ _373_/B (sky130_fd_sc_hd__xor2_2)
     1    0.001779    0.027250    0.071051    1.785223 v _373_/X (sky130_fd_sc_hd__xor2_2)
                                                         _156_ (net)
                      0.027250    0.000076    1.785300 v hold145/A (sky130_fd_sc_hd__dlygate4sd3_1)
     1    0.002357    0.050597    0.510350    2.295650 v hold145/X (sky130_fd_sc_hd__dlygate4sd3_1)
                                                         net145 (net)
                      0.050597    0.000155    2.295805 v _681_/D (sky130_fd_sc_hd__dfrtp_2)
                                              2.295805   data arrival time

                                  0.000000    0.000000   clock wb_clk_i (rise edge)
                                  0.000000    0.000000   clock source latency
     2    0.173040    0.776047    0.641528    0.641528 ^ wb_clk_i (in)
                                                         wb_clk_i (net)
                      0.816176    0.000000    0.641528 ^ clkbuf_0_wb_clk_i/A (sky130_fd_sc_hd__clkbuf_16)
    17    0.079963    0.109695    0.344975    0.986503 ^ clkbuf_0_wb_clk_i/X (sky130_fd_sc_hd__clkbuf_16)
                                                         clknet_0_wb_clk_i (net)
                      0.110560    0.007668    0.994171 ^ clkbuf_3_7_0_wb_clk_i/A (sky130_fd_sc_hd__clkbuf_8)
    12    0.039052    0.080674    0.187667    1.181838 ^ clkbuf_3_7_0_wb_clk_i/X (sky130_fd_sc_hd__clkbuf_8)
                                                         clknet_3_7_0_wb_clk_i (net)
                      0.080757    0.002425    1.184263 ^ _681_/CLK (sky130_fd_sc_hd__dfrtp_2)
                                  0.250000    1.434263   clock uncertainty
                                 -0.093953    1.340311   clock reconvergence pessimism
                                 -0.036235    1.304076   library hold time
                                              1.304076   data required time
---------------------------------------------------------------------------------------------
                                              1.304076   data required time
                                             -2.295805   data arrival time
---------------------------------------------------------------------------------------------
                                              0.991729   slack (MET)


Startpoint: _740_ (rising edge-triggered flip-flop clocked by wb_clk_i)
Endpoint: _693_ (rising edge-triggered flip-flop clocked by wb_clk_i)
Path Group: wb_clk_i
Path Type: min

Fanout         Cap        Slew       Delay        Time   Description
---------------------------------------------------------------------------------------------
                                  0.000000    0.000000   clock wb_clk_i (rise edge)
                                  0.000000    0.000000   clock source latency
     2    0.173040    0.776047    0.580430    0.580430 ^ wb_clk_i (in)
                                                         wb_clk_i (net)
                      0.816176    0.000000    0.580430 ^ clkbuf_0_wb_clk_i/A (sky130_fd_sc_hd__clkbuf_16)
    17    0.079963    0.109695    0.312120    0.892550 ^ clkbuf_0_wb_clk_i/X (sky130_fd_sc_hd__clkbuf_16)
                                                         clknet_0_wb_clk_i (net)
                      0.110422    0.006298    0.898848 ^ clkbuf_3_4_0_wb_clk_i/A (sky130_fd_sc_hd__clkbuf_8)
    11    0.039410    0.081236    0.170141    1.068989 ^ clkbuf_3_4_0_wb_clk_i/X (sky130_fd_sc_hd__clkbuf_8)
                                                         clknet_3_4_0_wb_clk_i (net)
                      0.081288    0.001809    1.070798 ^ _740_/CLK (sky130_fd_sc_hd__dfrtp_2)
     1    0.002501    0.036753    0.325042    1.395839 ^ _740_/Q (sky130_fd_sc_hd__dfrtp_2)
                                                         timer.sec_div[13] (net)
                      0.036753    0.000155    1.395995 ^ hold94/A (sky130_fd_sc_hd__dlygate4sd3_1)
     3    0.008530    0.102696    0.548239    1.944234 ^ hold94/X (sky130_fd_sc_hd__dlygate4sd3_1)
                                                         net94 (net)
                      0.102696    0.000407    1.944641 ^ _409_/A (sky130_fd_sc_hd__or4_2)
     1    0.004252    0.035001    0.124960    2.069602 ^ _409_/X (sky130_fd_sc_hd__or4_2)
                                                         _223_ (net)
                      0.035013    0.000204    2.069805 ^ _411_/C (sky130_fd_sc_hd__or4_2)
     6    0.025054    0.130166    0.167143    2.236949 ^ _411_/X (sky130_fd_sc_hd__or4_2)
                                                         _225_ (net)
                      0.130247    0.001675    2.238624 ^ _412_/A (sky130_fd_sc_hd__inv_2)
     3    0.013773    0.050639    0.068167    2.306791 v _412_/Y (sky130_fd_sc_hd__inv_2)
                                                         _033_ (net)
                      0.050646    0.000561    2.307352 v _693_/D (sky130_fd_sc_hd__dfrtp_2)
                                              2.307352   data arrival time

                                  0.000000    0.000000   clock wb_clk_i (rise edge)
                                  0.000000    0.000000   clock source latency
     2    0.173040    0.776047    0.641528    0.641528 ^ wb_clk_i (in)
                                                         wb_clk_i (net)
                      0.816176    0.000000    0.641528 ^ clkbuf_0_wb_clk_i/A (sky130_fd_sc_hd__clkbuf_16)
    17    0.079963    0.109695    0.344975    0.986503 ^ clkbuf_0_wb_clk_i/X (sky130_fd_sc_hd__clkbuf_16)
                                                         clknet_0_wb_clk_i (net)
                      0.110560    0.007668    0.994171 ^ clkbuf_3_7_0_wb_clk_i/A (sky130_fd_sc_hd__clkbuf_8)
    12    0.039052    0.080674    0.187667    1.181838 ^ clkbuf_3_7_0_wb_clk_i/X (sky130_fd_sc_hd__clkbuf_8)
                                                         clknet_3_7_0_wb_clk_i (net)
                      0.080778    0.002674    1.184512 ^ _693_/CLK (sky130_fd_sc_hd__dfrtp_2)
                                  0.250000    1.434512   clock uncertainty
                                 -0.093953    1.340559   clock reconvergence pessimism
                                 -0.036250    1.304309   library hold time
                                              1.304309   data required time
---------------------------------------------------------------------------------------------
                                              1.304309   data required time
                                             -2.307352   data arrival time
---------------------------------------------------------------------------------------------
                                              1.003042   slack (MET)


Startpoint: _731_ (rising edge-triggered flip-flop clocked by wb_clk_i)
Endpoint: _731_ (rising edge-triggered flip-flop clocked by wb_clk_i)
Path Group: wb_clk_i
Path Type: min

Fanout         Cap        Slew       Delay        Time   Description
---------------------------------------------------------------------------------------------
                                  0.000000    0.000000   clock wb_clk_i (rise edge)
                                  0.000000    0.000000   clock source latency
     2    0.173040    0.776047    0.580430    0.580430 ^ wb_clk_i (in)
                                                         wb_clk_i (net)
                      0.816176    0.000000    0.580430 ^ clkbuf_0_wb_clk_i/A (sky130_fd_sc_hd__clkbuf_16)
    17    0.079963    0.109695    0.312120    0.892550 ^ clkbuf_0_wb_clk_i/X (sky130_fd_sc_hd__clkbuf_16)
                                                         clknet_0_wb_clk_i (net)
                      0.110216    0.005207    0.897758 ^ clkbuf_3_6_0_wb_clk_i/A (sky130_fd_sc_hd__clkbuf_8)
    12    0.040512    0.082979    0.171162    1.068919 ^ clkbuf_3_6_0_wb_clk_i/X (sky130_fd_sc_hd__clkbuf_8)
                                                         clknet_3_6_0_wb_clk_i (net)
                      0.082987    0.000964    1.069883 ^ _731_/CLK (sky130_fd_sc_hd__dfrtp_2)
     4    0.015904    0.092983    0.379934    1.449817 ^ _731_/Q (sky130_fd_sc_hd__dfrtp_2)
                                                         timer.sec_div[4] (net)
                      0.092987    0.000695    1.450513 ^ hold193/A (sky130_fd_sc_hd__dlygate4sd3_1)
     3    0.011221    0.127046    0.581865    2.032377 ^ hold193/X (sky130_fd_sc_hd__dlygate4sd3_1)
                                                         net193 (net)
                      0.127047    0.000677    2.033054 ^ _420_/A (sky130_fd_sc_hd__nand2_2)
     2    0.010505    0.063052    0.079142    2.112196 v _420_/Y (sky130_fd_sc_hd__nand2_2)
                                                         _229_ (net)
                      0.063080    0.000483    2.112679 v _422_/B (sky130_fd_sc_hd__and3_2)
     1    0.002833    0.033899    0.185471    2.298150 v _422_/X (sky130_fd_sc_hd__and3_2)
                                                         _060_ (net)
                      0.033899    0.000173    2.298323 v _731_/D (sky130_fd_sc_hd__dfrtp_2)
                                              2.298323   data arrival time

                                  0.000000    0.000000   clock wb_clk_i (rise edge)
                                  0.000000    0.000000   clock source latency
     2    0.173040    0.776047    0.641528    0.641528 ^ wb_clk_i (in)
                                                         wb_clk_i (net)
                      0.816176    0.000000    0.641528 ^ clkbuf_0_wb_clk_i/A (sky130_fd_sc_hd__clkbuf_16)
    17    0.079963    0.109695    0.344975    0.986503 ^ clkbuf_0_wb_clk_i/X (sky130_fd_sc_hd__clkbuf_16)
                                                         clknet_0_wb_clk_i (net)
                      0.110216    0.005756    0.992258 ^ clkbuf_3_6_0_wb_clk_i/A (sky130_fd_sc_hd__clkbuf_8)
    12    0.040512    0.082979    0.189178    1.181437 ^ clkbuf_3_6_0_wb_clk_i/X (sky130_fd_sc_hd__clkbuf_8)
                                                         clknet_3_6_0_wb_clk_i (net)
                      0.082987    0.001065    1.182502 ^ _731_/CLK (sky130_fd_sc_hd__dfrtp_2)
                                  0.250000    1.432502   clock uncertainty
                                 -0.112619    1.319883   clock reconvergence pessimism
                                 -0.028931    1.290952   library hold time
                                              1.290952   data required time
---------------------------------------------------------------------------------------------
                                              1.290952   data required time
                                             -2.298323   data arrival time
---------------------------------------------------------------------------------------------
                                              1.007371   slack (MET)


Startpoint: _698_ (rising edge-triggered flip-flop clocked by wb_clk_i)
Endpoint: _700_ (rising edge-triggered flip-flop clocked by wb_clk_i)
Path Group: wb_clk_i
Path Type: min

Fanout         Cap        Slew       Delay        Time   Description
---------------------------------------------------------------------------------------------
                                  0.000000    0.000000   clock wb_clk_i (rise edge)
                                  0.000000    0.000000   clock source latency
     2    0.173040    0.776047    0.580430    0.580430 ^ wb_clk_i (in)
                                                         wb_clk_i (net)
                      0.816176    0.000000    0.580430 ^ clkbuf_0_wb_clk_i/A (sky130_fd_sc_hd__clkbuf_16)
    17    0.079963    0.109695    0.312120    0.892550 ^ clkbuf_0_wb_clk_i/X (sky130_fd_sc_hd__clkbuf_16)
                                                         clknet_0_wb_clk_i (net)
                      0.110467    0.006512    0.899062 ^ clkbuf_3_1_0_wb_clk_i/A (sky130_fd_sc_hd__clkbuf_8)
    11    0.038866    0.080091    0.169705    1.068768 ^ clkbuf_3_1_0_wb_clk_i/X (sky130_fd_sc_hd__clkbuf_8)
                                                         clknet_3_1_0_wb_clk_i (net)
                      0.080146    0.001822    1.070589 ^ _698_/CLK (sky130_fd_sc_hd__dfrtp_2)
     2    0.006433    0.053574    0.343339    1.413928 ^ _698_/Q (sky130_fd_sc_hd__dfrtp_2)
                                                         timer.scan_div[4] (net)
                      0.053574    0.000381    1.414310 ^ _499_/B (sky130_fd_sc_hd__and2_2)
     4    0.010537    0.071154    0.154932    1.569242 ^ _499_/X (sky130_fd_sc_hd__and2_2)
                                                         _275_ (net)
                      0.071156    0.000460    1.569702 ^ _502_/C (sky130_fd_sc_hd__and3_2)
     2    0.010438    0.076679    0.198584    1.768286 ^ _502_/X (sky130_fd_sc_hd__and3_2)
                                                         _277_ (net)
                      0.076684    0.000661    1.768947 ^ _504_/A (sky130_fd_sc_hd__nor2_2)
     1    0.002786    0.021232    0.039996    1.808943 v _504_/Y (sky130_fd_sc_hd__nor2_2)
                                                         _029_ (net)
                      0.021233    0.000158    1.809101 v hold91/A (sky130_fd_sc_hd__dlygate4sd3_1)
     1    0.002385    0.050745    0.508435    2.317536 v hold91/X (sky130_fd_sc_hd__dlygate4sd3_1)
                                                         net91 (net)
                      0.050745    0.000156    2.317693 v _700_/D (sky130_fd_sc_hd__dfrtp_2)
                                              2.317693   data arrival time

                                  0.000000    0.000000   clock wb_clk_i (rise edge)
                                  0.000000    0.000000   clock source latency
     2    0.173040    0.776047    0.641528    0.641528 ^ wb_clk_i (in)
                                                         wb_clk_i (net)
                      0.816176    0.000000    0.641528 ^ clkbuf_0_wb_clk_i/A (sky130_fd_sc_hd__clkbuf_16)
    17    0.079963    0.109695    0.344975    0.986503 ^ clkbuf_0_wb_clk_i/X (sky130_fd_sc_hd__clkbuf_16)
                                                         clknet_0_wb_clk_i (net)
                      0.110196    0.005623    0.992126 ^ clkbuf_3_3_0_wb_clk_i/A (sky130_fd_sc_hd__clkbuf_8)
    11    0.039059    0.080400    0.187693    1.179819 ^ clkbuf_3_3_0_wb_clk_i/X (sky130_fd_sc_hd__clkbuf_8)
                                                         clknet_3_3_0_wb_clk_i (net)
                      0.080456    0.002035    1.181853 ^ _700_/CLK (sky130_fd_sc_hd__dfrtp_2)
                                  0.250000    1.431853   clock uncertainty
                                 -0.093953    1.337901   clock reconvergence pessimism
                                 -0.036363    1.301538   library hold time
                                              1.301538   data required time
---------------------------------------------------------------------------------------------
                                              1.301538   data required time
                                             -2.317693   data arrival time
---------------------------------------------------------------------------------------------
                                              1.016155   slack (MET)


Startpoint: _689_ (rising edge-triggered flip-flop clocked by wb_clk_i)
Endpoint: _691_ (rising edge-triggered flip-flop clocked by wb_clk_i)
Path Group: wb_clk_i
Path Type: min

Fanout         Cap        Slew       Delay        Time   Description
---------------------------------------------------------------------------------------------
                                  0.000000    0.000000   clock wb_clk_i (rise edge)
                                  0.000000    0.000000   clock source latency
     2    0.173040    0.776047    0.580430    0.580430 ^ wb_clk_i (in)
                                                         wb_clk_i (net)
                      0.816176    0.000000    0.580430 ^ clkbuf_0_wb_clk_i/A (sky130_fd_sc_hd__clkbuf_16)
    17    0.079963    0.109695    0.312120    0.892550 ^ clkbuf_0_wb_clk_i/X (sky130_fd_sc_hd__clkbuf_16)
                                                         clknet_0_wb_clk_i (net)
                      0.110560    0.006938    0.899488 ^ clkbuf_3_7_0_wb_clk_i/A (sky130_fd_sc_hd__clkbuf_8)
    12    0.039052    0.080674    0.169794    1.069282 ^ clkbuf_3_7_0_wb_clk_i/X (sky130_fd_sc_hd__clkbuf_8)
                                                         clknet_3_7_0_wb_clk_i (net)
                      0.080730    0.001858    1.071140 ^ _689_/CLK (sky130_fd_sc_hd__dfrtp_2)
     5    0.019245    0.107605    0.390107    1.461247 ^ _689_/Q (sky130_fd_sc_hd__dfrtp_2)
                                                         timer.sec_ones[0] (net)
                      0.107611    0.000891    1.462138 ^ _341_/C (sky130_fd_sc_hd__and3_2)
     4    0.025744    0.144306    0.260998    1.723136 ^ _341_/X (sky130_fd_sc_hd__and3_2)
                                                         _176_ (net)
                      0.144314    0.001179    1.724315 ^ _346_/B (sky130_fd_sc_hd__xor2_2)
     1    0.003465    0.031836    0.074019    1.798334 v _346_/X (sky130_fd_sc_hd__xor2_2)
                                                         _166_ (net)
                      0.031836    0.000202    1.798536 v hold143/A (sky130_fd_sc_hd__dlygate4sd3_1)
     1    0.002794    0.053081    0.515829    2.314364 v hold143/X (sky130_fd_sc_hd__dlygate4sd3_1)
                                                         net143 (net)
                      0.053081    0.000113    2.314477 v _691_/D (sky130_fd_sc_hd__dfrtp_2)
                                              2.314477   data arrival time

                                  0.000000    0.000000   clock wb_clk_i (rise edge)
                                  0.000000    0.000000   clock source latency
     2    0.173040    0.776047    0.641528    0.641528 ^ wb_clk_i (in)
                                                         wb_clk_i (net)
                      0.816176    0.000000    0.641528 ^ clkbuf_0_wb_clk_i/A (sky130_fd_sc_hd__clkbuf_16)
    17    0.079963    0.109695    0.344975    0.986503 ^ clkbuf_0_wb_clk_i/X (sky130_fd_sc_hd__clkbuf_16)
                                                         clknet_0_wb_clk_i (net)
                      0.110560    0.007668    0.994171 ^ clkbuf_3_7_0_wb_clk_i/A (sky130_fd_sc_hd__clkbuf_8)
    12    0.039052    0.080674    0.187667    1.181838 ^ clkbuf_3_7_0_wb_clk_i/X (sky130_fd_sc_hd__clkbuf_8)
                                                         clknet_3_7_0_wb_clk_i (net)
                      0.080718    0.001844    1.183682 ^ _691_/CLK (sky130_fd_sc_hd__dfrtp_2)
                                  0.250000    1.433682   clock uncertainty
                                 -0.112556    1.321126   clock reconvergence pessimism
                                 -0.037255    1.283872   library hold time
                                              1.283872   data required time
---------------------------------------------------------------------------------------------
                                              1.283872   data required time
                                             -2.314477   data arrival time
---------------------------------------------------------------------------------------------
                                              1.030606   slack (MET)


Startpoint: _710_ (rising edge-triggered flip-flop clocked by wb_clk_i)
Endpoint: _714_ (rising edge-triggered flip-flop clocked by wb_clk_i)
Path Group: wb_clk_i
Path Type: min

Fanout         Cap        Slew       Delay        Time   Description
---------------------------------------------------------------------------------------------
                                  0.000000    0.000000   clock wb_clk_i (rise edge)
                                  0.000000    0.000000   clock source latency
     2    0.173040    0.776047    0.580430    0.580430 ^ wb_clk_i (in)
                                                         wb_clk_i (net)
                      0.816176    0.000000    0.580430 ^ clkbuf_0_wb_clk_i/A (sky130_fd_sc_hd__clkbuf_16)
    17    0.079963    0.109695    0.312120    0.892550 ^ clkbuf_0_wb_clk_i/X (sky130_fd_sc_hd__clkbuf_16)
                                                         clknet_0_wb_clk_i (net)
                      0.110620    0.007197    0.899748 ^ clkbuf_3_0_0_wb_clk_i/A (sky130_fd_sc_hd__clkbuf_8)
    11    0.037435    0.077850    0.168095    1.067843 ^ clkbuf_3_0_0_wb_clk_i/X (sky130_fd_sc_hd__clkbuf_8)
                                                         clknet_3_0_0_wb_clk_i (net)
                      0.077890    0.001581    1.069423 ^ _710_/CLK (sky130_fd_sc_hd__dfrtp_2)
     3    0.007937    0.051944    0.391177    1.460601 v _710_/Q (sky130_fd_sc_hd__dfrtp_2)
                                                         timer.scan_div[16] (net)
                      0.051944    0.000482    1.461083 v _534_/A (sky130_fd_sc_hd__and4_2)
     3    0.009504    0.050366    0.188090    1.649172 v _534_/X (sky130_fd_sc_hd__and4_2)
                                                         _296_ (net)
                      0.050370    0.000450    1.649623 v _535_/B (sky130_fd_sc_hd__nand2_2)
     2    0.014591    0.086130    0.095264    1.744887 ^ _535_/Y (sky130_fd_sc_hd__nand2_2)
                                                         _297_ (net)
                      0.086179    0.000878    1.745765 ^ _538_/B (sky130_fd_sc_hd__xnor2_2)
     1    0.002513    0.029622    0.054590    1.800355 v _538_/Y (sky130_fd_sc_hd__xnor2_2)
                                                         _013_ (net)
                      0.029622    0.000157    1.800512 v hold48/A (sky130_fd_sc_hd__dlygate4sd3_1)
     1    0.002727    0.052674    0.514416    2.314927 v hold48/X (sky130_fd_sc_hd__dlygate4sd3_1)
                                                         net48 (net)
                      0.052674    0.000167    2.315094 v _714_/D (sky130_fd_sc_hd__dfrtp_2)
                                              2.315094   data arrival time

                                  0.000000    0.000000   clock wb_clk_i (rise edge)
                                  0.000000    0.000000   clock source latency
     2    0.173040    0.776047    0.641528    0.641528 ^ wb_clk_i (in)
                                                         wb_clk_i (net)
                      0.816176    0.000000    0.641528 ^ clkbuf_0_wb_clk_i/A (sky130_fd_sc_hd__clkbuf_16)
    17    0.079963    0.109695    0.344975    0.986503 ^ clkbuf_0_wb_clk_i/X (sky130_fd_sc_hd__clkbuf_16)
                                                         clknet_0_wb_clk_i (net)
                      0.110620    0.007955    0.994458 ^ clkbuf_3_0_0_wb_clk_i/A (sky130_fd_sc_hd__clkbuf_8)
    11    0.037435    0.077850    0.185790    1.180247 ^ clkbuf_3_0_0_wb_clk_i/X (sky130_fd_sc_hd__clkbuf_8)
                                                         clknet_3_0_0_wb_clk_i (net)
                      0.077893    0.001798    1.182045 ^ _714_/CLK (sky130_fd_sc_hd__dfrtp_2)
                                  0.250000    1.432046   clock uncertainty
                                 -0.112404    1.319641   clock reconvergence pessimism
                                 -0.037733    1.281908   library hold time
                                              1.281908   data required time
---------------------------------------------------------------------------------------------
                                              1.281908   data required time
                                             -2.315094   data arrival time
---------------------------------------------------------------------------------------------
                                              1.033186   slack (MET)


Startpoint: _735_ (rising edge-triggered flip-flop clocked by wb_clk_i)
Endpoint: _738_ (rising edge-triggered flip-flop clocked by wb_clk_i)
Path Group: wb_clk_i
Path Type: min

Fanout         Cap        Slew       Delay        Time   Description
---------------------------------------------------------------------------------------------
                                  0.000000    0.000000   clock wb_clk_i (rise edge)
                                  0.000000    0.000000   clock source latency
     2    0.173040    0.776047    0.580430    0.580430 ^ wb_clk_i (in)
                                                         wb_clk_i (net)
                      0.816176    0.000000    0.580430 ^ clkbuf_0_wb_clk_i/A (sky130_fd_sc_hd__clkbuf_16)
    17    0.079963    0.109695    0.312120    0.892550 ^ clkbuf_0_wb_clk_i/X (sky130_fd_sc_hd__clkbuf_16)
                                                         clknet_0_wb_clk_i (net)
                      0.110683    0.007464    0.900014 ^ clkbuf_3_5_0_wb_clk_i/A (sky130_fd_sc_hd__clkbuf_8)
    11    0.040685    0.082957    0.171889    1.071903 ^ clkbuf_3_5_0_wb_clk_i/X (sky130_fd_sc_hd__clkbuf_8)
                                                         clknet_3_5_0_wb_clk_i (net)
                      0.083007    0.001782    1.073685 ^ _735_/CLK (sky130_fd_sc_hd__dfrtp_2)
     3    0.008634    0.062971    0.353253    1.426938 ^ _735_/Q (sky130_fd_sc_hd__dfrtp_2)
                                                         timer.sec_div[8] (net)
                      0.063035    0.000486    1.427424 ^ _438_/A (sky130_fd_sc_hd__and4_2)
     2    0.004900    0.060528    0.194421    1.621844 ^ _438_/X (sky130_fd_sc_hd__and4_2)
                                                         _240_ (net)
                      0.060528    0.000258    1.622102 ^ _439_/C (sky130_fd_sc_hd__and3_2)
     3    0.015814    0.099212    0.216374    1.838477 ^ _439_/X (sky130_fd_sc_hd__and3_2)
                                                         _241_ (net)
                      0.099224    0.001062    1.839539 ^ _440_/B1 (sky130_fd_sc_hd__a21oi_2)
     1    0.001914    0.026300    0.032237    1.871775 v _440_/Y (sky130_fd_sc_hd__a21oi_2)
                                                         _036_ (net)
                      0.026300    0.000124    1.871899 v hold136/A (sky130_fd_sc_hd__dlygate4sd3_1)
     1    0.002568    0.051763    0.511817    2.383716 v hold136/X (sky130_fd_sc_hd__dlygate4sd3_1)
                                                         net136 (net)
                      0.051763    0.000164    2.383881 v _738_/D (sky130_fd_sc_hd__dfrtp_2)
                                              2.383881   data arrival time

                                  0.000000    0.000000   clock wb_clk_i (rise edge)
                                  0.000000    0.000000   clock source latency
     2    0.173040    0.776047    0.641528    0.641528 ^ wb_clk_i (in)
                                                         wb_clk_i (net)
                      0.816176    0.000000    0.641528 ^ clkbuf_0_wb_clk_i/A (sky130_fd_sc_hd__clkbuf_16)
    17    0.079963    0.109695    0.344975    0.986503 ^ clkbuf_0_wb_clk_i/X (sky130_fd_sc_hd__clkbuf_16)
                                                         clknet_0_wb_clk_i (net)
                      0.110216    0.005756    0.992258 ^ clkbuf_3_6_0_wb_clk_i/A (sky130_fd_sc_hd__clkbuf_8)
    12    0.040512    0.082979    0.189178    1.181437 ^ clkbuf_3_6_0_wb_clk_i/X (sky130_fd_sc_hd__clkbuf_8)
                                                         clknet_3_6_0_wb_clk_i (net)
                      0.083157    0.002685    1.184122 ^ _738_/CLK (sky130_fd_sc_hd__dfrtp_2)
                                  0.250000    1.434122   clock uncertainty
                                 -0.093953    1.340169   clock reconvergence pessimism
                                 -0.036162    1.304008   library hold time
                                              1.304008   data required time
---------------------------------------------------------------------------------------------
                                              1.304008   data required time
                                             -2.383881   data arrival time
---------------------------------------------------------------------------------------------
                                              1.079873   slack (MET)


Startpoint: _698_ (rising edge-triggered flip-flop clocked by wb_clk_i)
Endpoint: _701_ (rising edge-triggered flip-flop clocked by wb_clk_i)
Path Group: wb_clk_i
Path Type: min

Fanout         Cap        Slew       Delay        Time   Description
---------------------------------------------------------------------------------------------
                                  0.000000    0.000000   clock wb_clk_i (rise edge)
                                  0.000000    0.000000   clock source latency
     2    0.173040    0.776047    0.580430    0.580430 ^ wb_clk_i (in)
                                                         wb_clk_i (net)
                      0.816176    0.000000    0.580430 ^ clkbuf_0_wb_clk_i/A (sky130_fd_sc_hd__clkbuf_16)
    17    0.079963    0.109695    0.312120    0.892550 ^ clkbuf_0_wb_clk_i/X (sky130_fd_sc_hd__clkbuf_16)
                                                         clknet_0_wb_clk_i (net)
                      0.110467    0.006512    0.899062 ^ clkbuf_3_1_0_wb_clk_i/A (sky130_fd_sc_hd__clkbuf_8)
    11    0.038866    0.080091    0.169705    1.068768 ^ clkbuf_3_1_0_wb_clk_i/X (sky130_fd_sc_hd__clkbuf_8)
                                                         clknet_3_1_0_wb_clk_i (net)
                      0.080146    0.001822    1.070589 ^ _698_/CLK (sky130_fd_sc_hd__dfrtp_2)
     2    0.006433    0.053574    0.343339    1.413928 ^ _698_/Q (sky130_fd_sc_hd__dfrtp_2)
                                                         timer.scan_div[4] (net)
                      0.053574    0.000381    1.414310 ^ _499_/B (sky130_fd_sc_hd__and2_2)
     4    0.010537    0.071154    0.154932    1.569242 ^ _499_/X (sky130_fd_sc_hd__and2_2)
                                                         _275_ (net)
                      0.071156    0.000460    1.569702 ^ _502_/C (sky130_fd_sc_hd__and3_2)
     2    0.010438    0.076679    0.198584    1.768286 ^ _502_/X (sky130_fd_sc_hd__and3_2)
                                                         _277_ (net)
                      0.076682    0.000537    1.768824 ^ _507_/A2 (sky130_fd_sc_hd__o21ba_2)
     1    0.003097    0.034330    0.117590    1.886414 ^ _507_/X (sky130_fd_sc_hd__o21ba_2)
                                                         _030_ (net)
                      0.034331    0.000199    1.886613 ^ hold93/A (sky130_fd_sc_hd__dlygate4sd3_1)
     1    0.002382    0.049343    0.501024    2.387637 ^ hold93/X (sky130_fd_sc_hd__dlygate4sd3_1)
                                                         net93 (net)
                      0.049343    0.000161    2.387798 ^ _701_/D (sky130_fd_sc_hd__dfrtp_2)
                                              2.387798   data arrival time

                                  0.000000    0.000000   clock wb_clk_i (rise edge)
                                  0.000000    0.000000   clock source latency
     2    0.173040    0.776047    0.641528    0.641528 ^ wb_clk_i (in)
                                                         wb_clk_i (net)
                      0.816176    0.000000    0.641528 ^ clkbuf_0_wb_clk_i/A (sky130_fd_sc_hd__clkbuf_16)
    17    0.079963    0.109695    0.344975    0.986503 ^ clkbuf_0_wb_clk_i/X (sky130_fd_sc_hd__clkbuf_16)
                                                         clknet_0_wb_clk_i (net)
                      0.110196    0.005623    0.992126 ^ clkbuf_3_3_0_wb_clk_i/A (sky130_fd_sc_hd__clkbuf_8)
    11    0.039059    0.080400    0.187693    1.179819 ^ clkbuf_3_3_0_wb_clk_i/X (sky130_fd_sc_hd__clkbuf_8)
                                                         clknet_3_3_0_wb_clk_i (net)
                      0.080439    0.001749    1.181568 ^ _701_/CLK (sky130_fd_sc_hd__dfrtp_2)
                                  0.250000    1.431568   clock uncertainty
                                 -0.093953    1.337615   clock reconvergence pessimism
                                 -0.030730    1.306885   library hold time
                                              1.306885   data required time
---------------------------------------------------------------------------------------------
                                              1.306885   data required time
                                             -2.387798   data arrival time
---------------------------------------------------------------------------------------------
                                              1.080913   slack (MET)


Startpoint: _743_ (rising edge-triggered flip-flop clocked by wb_clk_i)
Endpoint: _746_ (rising edge-triggered flip-flop clocked by wb_clk_i)
Path Group: wb_clk_i
Path Type: min

Fanout         Cap        Slew       Delay        Time   Description
---------------------------------------------------------------------------------------------
                                  0.000000    0.000000   clock wb_clk_i (rise edge)
                                  0.000000    0.000000   clock source latency
     2    0.173040    0.776047    0.580430    0.580430 ^ wb_clk_i (in)
                                                         wb_clk_i (net)
                      0.816176    0.000000    0.580430 ^ clkbuf_0_wb_clk_i/A (sky130_fd_sc_hd__clkbuf_16)
    17    0.079963    0.109695    0.312120    0.892550 ^ clkbuf_0_wb_clk_i/X (sky130_fd_sc_hd__clkbuf_16)
                                                         clknet_0_wb_clk_i (net)
                      0.110422    0.006298    0.898848 ^ clkbuf_3_4_0_wb_clk_i/A (sky130_fd_sc_hd__clkbuf_8)
    11    0.039410    0.081236    0.170141    1.068989 ^ clkbuf_3_4_0_wb_clk_i/X (sky130_fd_sc_hd__clkbuf_8)
                                                         clknet_3_4_0_wb_clk_i (net)
                      0.081327    0.002297    1.071286 ^ _743_/CLK (sky130_fd_sc_hd__dfrtp_2)
     2    0.006467    0.053719    0.343893    1.415179 ^ _743_/Q (sky130_fd_sc_hd__dfrtp_2)
                                                         timer.sec_div[16] (net)
                      0.053719    0.000375    1.415555 ^ _455_/B (sky130_fd_sc_hd__and4_2)
     2    0.011516    0.091883    0.235369    1.650923 ^ _455_/X (sky130_fd_sc_hd__and4_2)
                                                         _251_ (net)
                      0.091884    0.000508    1.651432 ^ _457_/B (sky130_fd_sc_hd__and2_2)
     1    0.004803    0.045783    0.143592    1.795023 ^ _457_/X (sky130_fd_sc_hd__and2_2)
                                                         _252_ (net)
                      0.045795    0.000330    1.795353 ^ _461_/A2 (sky130_fd_sc_hd__o21ba_2)
     1    0.002712    0.032381    0.107796    1.903149 ^ _461_/X (sky130_fd_sc_hd__o21ba_2)
                                                         _044_ (net)
                      0.032390    0.000165    1.903314 ^ hold82/A (sky130_fd_sc_hd__dlygate4sd3_1)
     1    0.002366    0.049221    0.500284    2.403598 ^ hold82/X (sky130_fd_sc_hd__dlygate4sd3_1)
                                                         net82 (net)
                      0.049221    0.000157    2.403755 ^ _746_/D (sky130_fd_sc_hd__dfrtp_2)
                                              2.403755   data arrival time

                                  0.000000    0.000000   clock wb_clk_i (rise edge)
                                  0.000000    0.000000   clock source latency
     2    0.173040    0.776047    0.641528    0.641528 ^ wb_clk_i (in)
                                                         wb_clk_i (net)
                      0.816176    0.000000    0.641528 ^ clkbuf_0_wb_clk_i/A (sky130_fd_sc_hd__clkbuf_16)
    17    0.079963    0.109695    0.344975    0.986503 ^ clkbuf_0_wb_clk_i/X (sky130_fd_sc_hd__clkbuf_16)
                                                         clknet_0_wb_clk_i (net)
                      0.110422    0.006960    0.993463 ^ clkbuf_3_4_0_wb_clk_i/A (sky130_fd_sc_hd__clkbuf_8)
    11    0.039410    0.081236    0.188051    1.181514 ^ clkbuf_3_4_0_wb_clk_i/X (sky130_fd_sc_hd__clkbuf_8)
                                                         clknet_3_4_0_wb_clk_i (net)
                      0.081378    0.003095    1.184609 ^ _746_/CLK (sky130_fd_sc_hd__dfrtp_2)
                                  0.250000    1.434609   clock uncertainty
                                 -0.112525    1.322084   clock reconvergence pessimism
                                 -0.030577    1.291508   library hold time
                                              1.291508   data required time
---------------------------------------------------------------------------------------------
                                              1.291508   data required time
                                             -2.403755   data arrival time
---------------------------------------------------------------------------------------------
                                              1.112247   slack (MET)


Startpoint: _708_ (rising edge-triggered flip-flop clocked by wb_clk_i)
Endpoint: _709_ (rising edge-triggered flip-flop clocked by wb_clk_i)
Path Group: wb_clk_i
Path Type: min

Fanout         Cap        Slew       Delay        Time   Description
---------------------------------------------------------------------------------------------
                                  0.000000    0.000000   clock wb_clk_i (rise edge)
                                  0.000000    0.000000   clock source latency
     2    0.173040    0.776047    0.580430    0.580430 ^ wb_clk_i (in)
                                                         wb_clk_i (net)
                      0.816176    0.000000    0.580430 ^ clkbuf_0_wb_clk_i/A (sky130_fd_sc_hd__clkbuf_16)
    17    0.079963    0.109695    0.312120    0.892550 ^ clkbuf_0_wb_clk_i/X (sky130_fd_sc_hd__clkbuf_16)
                                                         clknet_0_wb_clk_i (net)
                      0.110467    0.006512    0.899062 ^ clkbuf_3_1_0_wb_clk_i/A (sky130_fd_sc_hd__clkbuf_8)
    11    0.038866    0.080091    0.169705    1.068768 ^ clkbuf_3_1_0_wb_clk_i/X (sky130_fd_sc_hd__clkbuf_8)
                                                         clknet_3_1_0_wb_clk_i (net)
                      0.080145    0.001817    1.070585 ^ _708_/CLK (sky130_fd_sc_hd__dfrtp_2)
     2    0.005051    0.048122    0.337775    1.408360 ^ _708_/Q (sky130_fd_sc_hd__dfrtp_2)
                                                         timer.scan_div[14] (net)
                      0.048122    0.000202    1.408562 ^ _525_/C (sky130_fd_sc_hd__and4_2)
     4    0.013689    0.100572    0.248532    1.657094 ^ _525_/X (sky130_fd_sc_hd__and4_2)
                                                         _291_ (net)
                      0.100576    0.000785    1.657879 ^ _526_/B (sky130_fd_sc_hd__and2_2)
     6    0.035951    0.188388    0.252455    1.910335 ^ _526_/X (sky130_fd_sc_hd__and2_2)
                                                         _292_ (net)
                      0.188489    0.001963    1.912297 ^ _527_/B1 (sky130_fd_sc_hd__a21oi_2)
     1    0.002427    0.027671    0.039305    1.951603 v _527_/Y (sky130_fd_sc_hd__a21oi_2)
                                                         _007_ (net)
                      0.027672    0.000093    1.951696 v hold120/A (sky130_fd_sc_hd__dlygate4sd3_1)
     1    0.002378    0.050675    0.510683    2.462379 v hold120/X (sky130_fd_sc_hd__dlygate4sd3_1)
                                                         net120 (net)
                      0.050675    0.000156    2.462536 v _709_/D (sky130_fd_sc_hd__dfrtp_2)
                                              2.462536   data arrival time

                                  0.000000    0.000000   clock wb_clk_i (rise edge)
                                  0.000000    0.000000   clock source latency
     2    0.173040    0.776047    0.641528    0.641528 ^ wb_clk_i (in)
                                                         wb_clk_i (net)
                      0.816176    0.000000    0.641528 ^ clkbuf_0_wb_clk_i/A (sky130_fd_sc_hd__clkbuf_16)
    17    0.079963    0.109695    0.344975    0.986503 ^ clkbuf_0_wb_clk_i/X (sky130_fd_sc_hd__clkbuf_16)
                                                         clknet_0_wb_clk_i (net)
                      0.110620    0.007955    0.994458 ^ clkbuf_3_0_0_wb_clk_i/A (sky130_fd_sc_hd__clkbuf_8)
    11    0.037435    0.077850    0.185790    1.180247 ^ clkbuf_3_0_0_wb_clk_i/X (sky130_fd_sc_hd__clkbuf_8)
                                                         clknet_3_0_0_wb_clk_i (net)
                      0.077896    0.001837    1.182084 ^ _709_/CLK (sky130_fd_sc_hd__dfrtp_2)
                                  0.250000    1.432084   clock uncertainty
                                 -0.093953    1.338132   clock reconvergence pessimism
                                 -0.036919    1.301212   library hold time
                                              1.301212   data required time
---------------------------------------------------------------------------------------------
                                              1.301212   data required time
                                             -2.462536   data arrival time
---------------------------------------------------------------------------------------------
                                              1.161323   slack (MET)


Startpoint: _733_ (rising edge-triggered flip-flop clocked by wb_clk_i)
Endpoint: _735_ (rising edge-triggered flip-flop clocked by wb_clk_i)
Path Group: wb_clk_i
Path Type: min

Fanout         Cap        Slew       Delay        Time   Description
---------------------------------------------------------------------------------------------
                                  0.000000    0.000000   clock wb_clk_i (rise edge)
                                  0.000000    0.000000   clock source latency
     2    0.173040    0.776047    0.580430    0.580430 ^ wb_clk_i (in)
                                                         wb_clk_i (net)
                      0.816176    0.000000    0.580430 ^ clkbuf_0_wb_clk_i/A (sky130_fd_sc_hd__clkbuf_16)
    17    0.079963    0.109695    0.312120    0.892550 ^ clkbuf_0_wb_clk_i/X (sky130_fd_sc_hd__clkbuf_16)
                                                         clknet_0_wb_clk_i (net)
                      0.110216    0.005207    0.897758 ^ clkbuf_3_6_0_wb_clk_i/A (sky130_fd_sc_hd__clkbuf_8)
    12    0.040512    0.082979    0.171162    1.068919 ^ clkbuf_3_6_0_wb_clk_i/X (sky130_fd_sc_hd__clkbuf_8)
                                                         clknet_3_6_0_wb_clk_i (net)
                      0.083093    0.001707    1.070627 ^ _733_/CLK (sky130_fd_sc_hd__dfrtp_2)
     2    0.006428    0.053566    0.344316    1.414943 ^ _733_/Q (sky130_fd_sc_hd__dfrtp_2)
                                                         timer.sec_div[6] (net)
                      0.053566    0.000468    1.415411 ^ _427_/C (sky130_fd_sc_hd__and4_2)
     3    0.007951    0.074526    0.223282    1.638692 ^ _427_/X (sky130_fd_sc_hd__and4_2)
                                                         _233_ (net)
                      0.074528    0.000476    1.639168 ^ _428_/B (sky130_fd_sc_hd__and2_2)
     4    0.017010    0.100239    0.183347    1.822515 ^ _428_/X (sky130_fd_sc_hd__and2_2)
                                                         _234_ (net)
                      0.100241    0.000611    1.823126 ^ _431_/A2 (sky130_fd_sc_hd__o211a_2)
     1    0.002276    0.038108    0.156958    1.980083 ^ _431_/X (sky130_fd_sc_hd__o211a_2)
                                                         _064_ (net)
                      0.038108    0.000144    1.980228 ^ hold162/A (sky130_fd_sc_hd__dlygate4sd3_1)
     1    0.002534    0.050611    0.503545    2.483773 ^ hold162/X (sky130_fd_sc_hd__dlygate4sd3_1)
                                                         net162 (net)
                      0.050611    0.000172    2.483945 ^ _735_/D (sky130_fd_sc_hd__dfrtp_2)
                                              2.483945   data arrival time

                                  0.000000    0.000000   clock wb_clk_i (rise edge)
                                  0.000000    0.000000   clock source latency
     2    0.173040    0.776047    0.641528    0.641528 ^ wb_clk_i (in)
                                                         wb_clk_i (net)
                      0.816176    0.000000    0.641528 ^ clkbuf_0_wb_clk_i/A (sky130_fd_sc_hd__clkbuf_16)
    17    0.079963    0.109695    0.344975    0.986503 ^ clkbuf_0_wb_clk_i/X (sky130_fd_sc_hd__clkbuf_16)
                                                         clknet_0_wb_clk_i (net)
                      0.110683    0.008250    0.994753 ^ clkbuf_3_5_0_wb_clk_i/A (sky130_fd_sc_hd__clkbuf_8)
    11    0.040685    0.082957    0.189982    1.184735 ^ clkbuf_3_5_0_wb_clk_i/X (sky130_fd_sc_hd__clkbuf_8)
                                                         clknet_3_5_0_wb_clk_i (net)
                      0.083007    0.001970    1.186705 ^ _735_/CLK (sky130_fd_sc_hd__dfrtp_2)
                                  0.250000    1.436705   clock uncertainty
                                 -0.093953    1.342752   clock reconvergence pessimism
                                 -0.030640    1.312112   library hold time
                                              1.312112   data required time
---------------------------------------------------------------------------------------------
                                              1.312112   data required time
                                             -2.483945   data arrival time
---------------------------------------------------------------------------------------------
                                              1.171833   slack (MET)


Startpoint: _696_ (rising edge-triggered flip-flop clocked by wb_clk_i)
Endpoint: _698_ (rising edge-triggered flip-flop clocked by wb_clk_i)
Path Group: wb_clk_i
Path Type: min

Fanout         Cap        Slew       Delay        Time   Description
---------------------------------------------------------------------------------------------
                                  0.000000    0.000000   clock wb_clk_i (rise edge)
                                  0.000000    0.000000   clock source latency
     2    0.173040    0.776047    0.580430    0.580430 ^ wb_clk_i (in)
                                                         wb_clk_i (net)
                      0.816176    0.000000    0.580430 ^ clkbuf_0_wb_clk_i/A (sky130_fd_sc_hd__clkbuf_16)
    17    0.079963    0.109695    0.312120    0.892550 ^ clkbuf_0_wb_clk_i/X (sky130_fd_sc_hd__clkbuf_16)
                                                         clknet_0_wb_clk_i (net)
                      0.110467    0.006512    0.899062 ^ clkbuf_3_1_0_wb_clk_i/A (sky130_fd_sc_hd__clkbuf_8)
    11    0.038866    0.080091    0.169705    1.068768 ^ clkbuf_3_1_0_wb_clk_i/X (sky130_fd_sc_hd__clkbuf_8)
                                                         clknet_3_1_0_wb_clk_i (net)
                      0.080141    0.001746    1.070514 ^ _696_/CLK (sky130_fd_sc_hd__dfrtp_2)
     2    0.005871    0.046842    0.384789    1.455303 v _696_/Q (sky130_fd_sc_hd__dfrtp_2)
                                                         timer.scan_div[2] (net)
                      0.046842    0.000434    1.455737 v _494_/D (sky130_fd_sc_hd__and4_2)
     6    0.018723    0.068594    0.260315    1.716052 v _494_/X (sky130_fd_sc_hd__and4_2)
                                                         _272_ (net)
                      0.068624    0.001291    1.717342 v _497_/B (sky130_fd_sc_hd__nand2_2)
     2    0.007424    0.054047    0.079301    1.796643 ^ _497_/Y (sky130_fd_sc_hd__nand2_2)
                                                         _274_ (net)
                      0.054050    0.000428    1.797072 ^ _498_/C (sky130_fd_sc_hd__and3_2)
     1    0.003285    0.044090    0.162381    1.959452 ^ _498_/X (sky130_fd_sc_hd__and3_2)
                                                         _027_ (net)
                      0.044090    0.000196    1.959648 ^ hold188/A (sky130_fd_sc_hd__dlygate4sd3_1)
     1    0.003128    0.055725    0.510710    2.470358 ^ hold188/X (sky130_fd_sc_hd__dlygate4sd3_1)
                                                         net188 (net)
                      0.055725    0.000197    2.470555 ^ _698_/D (sky130_fd_sc_hd__dfrtp_2)
                                              2.470555   data arrival time

                                  0.000000    0.000000   clock wb_clk_i (rise edge)
                                  0.000000    0.000000   clock source latency
     2    0.173040    0.776047    0.641528    0.641528 ^ wb_clk_i (in)
                                                         wb_clk_i (net)
                      0.816176    0.000000    0.641528 ^ clkbuf_0_wb_clk_i/A (sky130_fd_sc_hd__clkbuf_16)
    17    0.079963    0.109695    0.344975    0.986503 ^ clkbuf_0_wb_clk_i/X (sky130_fd_sc_hd__clkbuf_16)
                                                         clknet_0_wb_clk_i (net)
                      0.110467    0.007198    0.993701 ^ clkbuf_3_1_0_wb_clk_i/A (sky130_fd_sc_hd__clkbuf_8)
    11    0.038866    0.080091    0.187569    1.181270 ^ clkbuf_3_1_0_wb_clk_i/X (sky130_fd_sc_hd__clkbuf_8)
                                                         clknet_3_1_0_wb_clk_i (net)
                      0.080146    0.002014    1.183283 ^ _698_/CLK (sky130_fd_sc_hd__dfrtp_2)
                                  0.250000    1.433283   clock uncertainty
                                 -0.112502    1.320781   clock reconvergence pessimism
                                 -0.032086    1.288695   library hold time
                                              1.288695   data required time
---------------------------------------------------------------------------------------------
                                              1.288695   data required time
                                             -2.470555   data arrival time
---------------------------------------------------------------------------------------------
                                              1.181860   slack (MET)


Startpoint: _683_ (rising edge-triggered flip-flop clocked by wb_clk_i)
Endpoint: _684_ (rising edge-triggered flip-flop clocked by wb_clk_i)
Path Group: wb_clk_i
Path Type: min

Fanout         Cap        Slew       Delay        Time   Description
---------------------------------------------------------------------------------------------
                                  0.000000    0.000000   clock wb_clk_i (rise edge)
                                  0.000000    0.000000   clock source latency
     2    0.173040    0.776047    0.580430    0.580430 ^ wb_clk_i (in)
                                                         wb_clk_i (net)
                      0.816176    0.000000    0.580430 ^ clkbuf_0_wb_clk_i/A (sky130_fd_sc_hd__clkbuf_16)
    17    0.079963    0.109695    0.312120    0.892550 ^ clkbuf_0_wb_clk_i/X (sky130_fd_sc_hd__clkbuf_16)
                                                         clknet_0_wb_clk_i (net)
                      0.110683    0.007464    0.900014 ^ clkbuf_3_5_0_wb_clk_i/A (sky130_fd_sc_hd__clkbuf_8)
    11    0.040685    0.082957    0.171889    1.071903 ^ clkbuf_3_5_0_wb_clk_i/X (sky130_fd_sc_hd__clkbuf_8)
                                                         clknet_3_5_0_wb_clk_i (net)
                      0.083023    0.002006    1.073909 ^ _683_/CLK (sky130_fd_sc_hd__dfrtp_2)
     3    0.014971    0.088983    0.376963    1.450873 ^ _683_/Q (sky130_fd_sc_hd__dfrtp_2)
                                                         timer.min_ones[2] (net)
                      0.088993    0.000969    1.451842 ^ _364_/A_N (sky130_fd_sc_hd__and2b_2)
     3    0.010371    0.053960    0.230149    1.681990 v _364_/X (sky130_fd_sc_hd__and2b_2)
                                                         _191_ (net)
                      0.053963    0.000461    1.682451 v _367_/B (sky130_fd_sc_hd__and3_2)
     2    0.011838    0.055778    0.212269    1.894720 v _367_/X (sky130_fd_sc_hd__and3_2)
                                                         _194_ (net)
                      0.055788    0.000706    1.895426 v _368_/B (sky130_fd_sc_hd__nor2_2)
     1    0.002237    0.055162    0.065361    1.960787 ^ _368_/Y (sky130_fd_sc_hd__nor2_2)
                                                         _159_ (net)
                      0.055162    0.000151    1.960938 ^ hold160/A (sky130_fd_sc_hd__dlygate4sd3_1)
     1    0.003087    0.055382    0.513720    2.474658 ^ hold160/X (sky130_fd_sc_hd__dlygate4sd3_1)
                                                         net160 (net)
                      0.055382    0.000191    2.474849 ^ _684_/D (sky130_fd_sc_hd__dfrtp_2)
                                              2.474849   data arrival time

                                  0.000000    0.000000   clock wb_clk_i (rise edge)
                                  0.000000    0.000000   clock source latency
     2    0.173040    0.776047    0.641528    0.641528 ^ wb_clk_i (in)
                                                         wb_clk_i (net)
                      0.816176    0.000000    0.641528 ^ clkbuf_0_wb_clk_i/A (sky130_fd_sc_hd__clkbuf_16)
    17    0.079963    0.109695    0.344975    0.986503 ^ clkbuf_0_wb_clk_i/X (sky130_fd_sc_hd__clkbuf_16)
                                                         clknet_0_wb_clk_i (net)
                      0.110683    0.008250    0.994753 ^ clkbuf_3_5_0_wb_clk_i/A (sky130_fd_sc_hd__clkbuf_8)
    11    0.040685    0.082957    0.189982    1.184735 ^ clkbuf_3_5_0_wb_clk_i/X (sky130_fd_sc_hd__clkbuf_8)
                                                         clknet_3_5_0_wb_clk_i (net)
                      0.083023    0.002212    1.186948 ^ _684_/CLK (sky130_fd_sc_hd__dfrtp_2)
                                  0.250000    1.436948   clock uncertainty
                                 -0.112832    1.324116   clock reconvergence pessimism
                                 -0.031622    1.292494   library hold time
                                              1.292494   data required time
---------------------------------------------------------------------------------------------
                                              1.292494   data required time
                                             -2.474849   data arrival time
---------------------------------------------------------------------------------------------
                                              1.182355   slack (MET)


Startpoint: _708_ (rising edge-triggered flip-flop clocked by wb_clk_i)
Endpoint: _718_ (rising edge-triggered flip-flop clocked by wb_clk_i)
Path Group: wb_clk_i
Path Type: min

Fanout         Cap        Slew       Delay        Time   Description
---------------------------------------------------------------------------------------------
                                  0.000000    0.000000   clock wb_clk_i (rise edge)
                                  0.000000    0.000000   clock source latency
     2    0.173040    0.776047    0.580430    0.580430 ^ wb_clk_i (in)
                                                         wb_clk_i (net)
                      0.816176    0.000000    0.580430 ^ clkbuf_0_wb_clk_i/A (sky130_fd_sc_hd__clkbuf_16)
    17    0.079963    0.109695    0.312120    0.892550 ^ clkbuf_0_wb_clk_i/X (sky130_fd_sc_hd__clkbuf_16)
                                                         clknet_0_wb_clk_i (net)
                      0.110467    0.006512    0.899062 ^ clkbuf_3_1_0_wb_clk_i/A (sky130_fd_sc_hd__clkbuf_8)
    11    0.038866    0.080091    0.169705    1.068768 ^ clkbuf_3_1_0_wb_clk_i/X (sky130_fd_sc_hd__clkbuf_8)
                                                         clknet_3_1_0_wb_clk_i (net)
                      0.080145    0.001817    1.070585 ^ _708_/CLK (sky130_fd_sc_hd__dfrtp_2)
     2    0.005051    0.048122    0.337775    1.408360 ^ _708_/Q (sky130_fd_sc_hd__dfrtp_2)
                                                         timer.scan_div[14] (net)
                      0.048122    0.000202    1.408562 ^ _525_/C (sky130_fd_sc_hd__and4_2)
     4    0.013689    0.100572    0.248532    1.657094 ^ _525_/X (sky130_fd_sc_hd__and4_2)
                                                         _291_ (net)
                      0.100607    0.001659    1.658753 ^ _546_/B (sky130_fd_sc_hd__and3_2)
     5    0.024046    0.136642    0.250782    1.909535 ^ _546_/X (sky130_fd_sc_hd__and3_2)
                                                         _304_ (net)
                      0.136650    0.001159    1.910693 ^ _549_/B (sky130_fd_sc_hd__xor2_2)
     1    0.002044    0.027951    0.066816    1.977509 v _549_/X (sky130_fd_sc_hd__xor2_2)
                                                         _017_ (net)
                      0.027951    0.000129    1.977638 v hold134/A (sky130_fd_sc_hd__dlygate4sd3_1)
     1    0.002613    0.052012    0.512816    2.490454 v hold134/X (sky130_fd_sc_hd__dlygate4sd3_1)
                                                         net134 (net)
                      0.052012    0.000166    2.490620 v _718_/D (sky130_fd_sc_hd__dfrtp_2)
                                              2.490620   data arrival time

                                  0.000000    0.000000   clock wb_clk_i (rise edge)
                                  0.000000    0.000000   clock source latency
     2    0.173040    0.776047    0.641528    0.641528 ^ wb_clk_i (in)
                                                         wb_clk_i (net)
                      0.816176    0.000000    0.641528 ^ clkbuf_0_wb_clk_i/A (sky130_fd_sc_hd__clkbuf_16)
    17    0.079963    0.109695    0.344975    0.986503 ^ clkbuf_0_wb_clk_i/X (sky130_fd_sc_hd__clkbuf_16)
                                                         clknet_0_wb_clk_i (net)
                      0.110505    0.007393    0.993896 ^ clkbuf_3_2_0_wb_clk_i/A (sky130_fd_sc_hd__clkbuf_8)
    11    0.038341    0.079269    0.186894    1.180791 ^ clkbuf_3_2_0_wb_clk_i/X (sky130_fd_sc_hd__clkbuf_8)
                                                         clknet_3_2_0_wb_clk_i (net)
                      0.079318    0.001904    1.182695 ^ _718_/CLK (sky130_fd_sc_hd__dfrtp_2)
                                  0.250000    1.432695   clock uncertainty
                                 -0.093953    1.338742   clock reconvergence pessimism
                                 -0.037139    1.301603   library hold time
                                              1.301603   data required time
---------------------------------------------------------------------------------------------
                                              1.301603   data required time
                                             -2.490620   data arrival time
---------------------------------------------------------------------------------------------
                                              1.189016   slack (MET)


Startpoint: _698_ (rising edge-triggered flip-flop clocked by wb_clk_i)
Endpoint: _706_ (rising edge-triggered flip-flop clocked by wb_clk_i)
Path Group: wb_clk_i
Path Type: min

Fanout         Cap        Slew       Delay        Time   Description
---------------------------------------------------------------------------------------------
                                  0.000000    0.000000   clock wb_clk_i (rise edge)
                                  0.000000    0.000000   clock source latency
     2    0.173040    0.776047    0.580430    0.580430 ^ wb_clk_i (in)
                                                         wb_clk_i (net)
                      0.816176    0.000000    0.580430 ^ clkbuf_0_wb_clk_i/A (sky130_fd_sc_hd__clkbuf_16)
    17    0.079963    0.109695    0.312120    0.892550 ^ clkbuf_0_wb_clk_i/X (sky130_fd_sc_hd__clkbuf_16)
                                                         clknet_0_wb_clk_i (net)
                      0.110467    0.006512    0.899062 ^ clkbuf_3_1_0_wb_clk_i/A (sky130_fd_sc_hd__clkbuf_8)
    11    0.038866    0.080091    0.169705    1.068768 ^ clkbuf_3_1_0_wb_clk_i/X (sky130_fd_sc_hd__clkbuf_8)
                                                         clknet_3_1_0_wb_clk_i (net)
                      0.080146    0.001822    1.070589 ^ _698_/CLK (sky130_fd_sc_hd__dfrtp_2)
     2    0.006433    0.053574    0.343339    1.413928 ^ _698_/Q (sky130_fd_sc_hd__dfrtp_2)
                                                         timer.scan_div[4] (net)
                      0.053574    0.000381    1.414310 ^ _499_/B (sky130_fd_sc_hd__and2_2)
     4    0.010537    0.071154    0.154932    1.569242 ^ _499_/X (sky130_fd_sc_hd__and2_2)
                                                         _275_ (net)
                      0.071154    0.000291    1.569533 ^ _516_/B (sky130_fd_sc_hd__and4_2)
     8    0.036599    0.203481    0.334443    1.903976 ^ _516_/X (sky130_fd_sc_hd__and4_2)
                                                         _286_ (net)
                      0.203517    0.002568    1.906544 ^ _518_/B (sky130_fd_sc_hd__xor2_2)
     1    0.002063    0.027994    0.076478    1.983022 v _518_/X (sky130_fd_sc_hd__xor2_2)
                                                         _004_ (net)
                      0.027994    0.000087    1.983109 v hold100/A (sky130_fd_sc_hd__dlygate4sd3_1)
     1    0.002649    0.052222    0.513138    2.496247 v hold100/X (sky130_fd_sc_hd__dlygate4sd3_1)
                                                         net100 (net)
                      0.052222    0.000167    2.496414 v _706_/D (sky130_fd_sc_hd__dfrtp_2)
                                              2.496414   data arrival time

                                  0.000000    0.000000   clock wb_clk_i (rise edge)
                                  0.000000    0.000000   clock source latency
     2    0.173040    0.776047    0.641528    0.641528 ^ wb_clk_i (in)
                                                         wb_clk_i (net)
                      0.816176    0.000000    0.641528 ^ clkbuf_0_wb_clk_i/A (sky130_fd_sc_hd__clkbuf_16)
    17    0.079963    0.109695    0.344975    0.986503 ^ clkbuf_0_wb_clk_i/X (sky130_fd_sc_hd__clkbuf_16)
                                                         clknet_0_wb_clk_i (net)
                      0.110505    0.007393    0.993896 ^ clkbuf_3_2_0_wb_clk_i/A (sky130_fd_sc_hd__clkbuf_8)
    11    0.038341    0.079269    0.186894    1.180791 ^ clkbuf_3_2_0_wb_clk_i/X (sky130_fd_sc_hd__clkbuf_8)
                                                         clknet_3_2_0_wb_clk_i (net)
                      0.079347    0.002330    1.183120 ^ _706_/CLK (sky130_fd_sc_hd__dfrtp_2)
                                  0.250000    1.433120   clock uncertainty
                                 -0.093953    1.339168   clock reconvergence pessimism
                                 -0.037217    1.301950   library hold time
                                              1.301950   data required time
---------------------------------------------------------------------------------------------
                                              1.301950   data required time
                                             -2.496414   data arrival time
---------------------------------------------------------------------------------------------
                                              1.194463   slack (MET)


Startpoint: _708_ (rising edge-triggered flip-flop clocked by wb_clk_i)
Endpoint: _710_ (rising edge-triggered flip-flop clocked by wb_clk_i)
Path Group: wb_clk_i
Path Type: min

Fanout         Cap        Slew       Delay        Time   Description
---------------------------------------------------------------------------------------------
                                  0.000000    0.000000   clock wb_clk_i (rise edge)
                                  0.000000    0.000000   clock source latency
     2    0.173040    0.776047    0.580430    0.580430 ^ wb_clk_i (in)
                                                         wb_clk_i (net)
                      0.816176    0.000000    0.580430 ^ clkbuf_0_wb_clk_i/A (sky130_fd_sc_hd__clkbuf_16)
    17    0.079963    0.109695    0.312120    0.892550 ^ clkbuf_0_wb_clk_i/X (sky130_fd_sc_hd__clkbuf_16)
                                                         clknet_0_wb_clk_i (net)
                      0.110467    0.006512    0.899062 ^ clkbuf_3_1_0_wb_clk_i/A (sky130_fd_sc_hd__clkbuf_8)
    11    0.038866    0.080091    0.169705    1.068768 ^ clkbuf_3_1_0_wb_clk_i/X (sky130_fd_sc_hd__clkbuf_8)
                                                         clknet_3_1_0_wb_clk_i (net)
                      0.080145    0.001817    1.070585 ^ _708_/CLK (sky130_fd_sc_hd__dfrtp_2)
     2    0.005051    0.048122    0.337775    1.408360 ^ _708_/Q (sky130_fd_sc_hd__dfrtp_2)
                                                         timer.scan_div[14] (net)
                      0.048122    0.000202    1.408562 ^ _525_/C (sky130_fd_sc_hd__and4_2)
     4    0.013689    0.100572    0.248532    1.657094 ^ _525_/X (sky130_fd_sc_hd__and4_2)
                                                         _291_ (net)
                      0.100576    0.000785    1.657879 ^ _526_/B (sky130_fd_sc_hd__and2_2)
     6    0.035951    0.188388    0.252455    1.910335 ^ _526_/X (sky130_fd_sc_hd__and2_2)
                                                         _292_ (net)
                      0.188501    0.002294    1.912629 ^ _528_/B (sky130_fd_sc_hd__xor2_2)
     1    0.001676    0.026977    0.072418    1.985047 v _528_/X (sky130_fd_sc_hd__xor2_2)
                                                         _008_ (net)
                      0.026977    0.000072    1.985120 v hold132/A (sky130_fd_sc_hd__dlygate4sd3_1)
     1    0.002543    0.051608    0.511850    2.496969 v hold132/X (sky130_fd_sc_hd__dlygate4sd3_1)
                                                         net132 (net)
                      0.051608    0.000161    2.497131 v _710_/D (sky130_fd_sc_hd__dfrtp_2)
                                              2.497131   data arrival time

                                  0.000000    0.000000   clock wb_clk_i (rise edge)
                                  0.000000    0.000000   clock source latency
     2    0.173040    0.776047    0.641528    0.641528 ^ wb_clk_i (in)
                                                         wb_clk_i (net)
                      0.816176    0.000000    0.641528 ^ clkbuf_0_wb_clk_i/A (sky130_fd_sc_hd__clkbuf_16)
    17    0.079963    0.109695    0.344975    0.986503 ^ clkbuf_0_wb_clk_i/X (sky130_fd_sc_hd__clkbuf_16)
                                                         clknet_0_wb_clk_i (net)
                      0.110620    0.007955    0.994458 ^ clkbuf_3_0_0_wb_clk_i/A (sky130_fd_sc_hd__clkbuf_8)
    11    0.037435    0.077850    0.185790    1.180247 ^ clkbuf_3_0_0_wb_clk_i/X (sky130_fd_sc_hd__clkbuf_8)
                                                         clknet_3_0_0_wb_clk_i (net)
                      0.077890    0.001747    1.181994 ^ _710_/CLK (sky130_fd_sc_hd__dfrtp_2)
                                  0.250000    1.431994   clock uncertainty
                                 -0.093953    1.338042   clock reconvergence pessimism
                                 -0.037300    1.300742   library hold time
                                              1.300742   data required time
---------------------------------------------------------------------------------------------
                                              1.300742   data required time
                                             -2.497131   data arrival time
---------------------------------------------------------------------------------------------
                                              1.196389   slack (MET)


Startpoint: _689_ (rising edge-triggered flip-flop clocked by wb_clk_i)
Endpoint: _685_ (rising edge-triggered flip-flop clocked by wb_clk_i)
Path Group: wb_clk_i
Path Type: min

Fanout         Cap        Slew       Delay        Time   Description
---------------------------------------------------------------------------------------------
                                  0.000000    0.000000   clock wb_clk_i (rise edge)
                                  0.000000    0.000000   clock source latency
     2    0.173040    0.776047    0.580430    0.580430 ^ wb_clk_i (in)
                                                         wb_clk_i (net)
                      0.816176    0.000000    0.580430 ^ clkbuf_0_wb_clk_i/A (sky130_fd_sc_hd__clkbuf_16)
    17    0.079963    0.109695    0.312120    0.892550 ^ clkbuf_0_wb_clk_i/X (sky130_fd_sc_hd__clkbuf_16)
                                                         clknet_0_wb_clk_i (net)
                      0.110560    0.006938    0.899488 ^ clkbuf_3_7_0_wb_clk_i/A (sky130_fd_sc_hd__clkbuf_8)
    12    0.039052    0.080674    0.169794    1.069282 ^ clkbuf_3_7_0_wb_clk_i/X (sky130_fd_sc_hd__clkbuf_8)
                                                         clknet_3_7_0_wb_clk_i (net)
                      0.080730    0.001858    1.071140 ^ _689_/CLK (sky130_fd_sc_hd__dfrtp_2)
     5    0.019245    0.107605    0.390107    1.461247 ^ _689_/Q (sky130_fd_sc_hd__dfrtp_2)
                                                         timer.sec_ones[0] (net)
                      0.107612    0.000939    1.462186 ^ _343_/B (sky130_fd_sc_hd__and4b_2)
     3    0.010459    0.088120    0.245893    1.708078 ^ _343_/X (sky130_fd_sc_hd__and4b_2)
                                                         _178_ (net)
                      0.088121    0.000474    1.708552 ^ _344_/B (sky130_fd_sc_hd__and2b_2)
     5    0.027892    0.147215    0.221917    1.930469 ^ _344_/X (sky130_fd_sc_hd__and2b_2)
                                                         _179_ (net)
                      0.147243    0.001911    1.932381 ^ _361_/B (sky130_fd_sc_hd__xnor2_2)
     1    0.002140    0.030268    0.061796    1.994176 v _361_/Y (sky130_fd_sc_hd__xnor2_2)
                                                         _160_ (net)
                      0.030268    0.000094    1.994271 v hold175/A (sky130_fd_sc_hd__dlygate4sd3_1)
     1    0.002740    0.052743    0.514747    2.509017 v hold175/X (sky130_fd_sc_hd__dlygate4sd3_1)
                                                         net175 (net)
                      0.052743    0.000190    2.509207 v _685_/D (sky130_fd_sc_hd__dfrtp_2)
                                              2.509207   data arrival time

                                  0.000000    0.000000   clock wb_clk_i (rise edge)
                                  0.000000    0.000000   clock source latency
     2    0.173040    0.776047    0.641528    0.641528 ^ wb_clk_i (in)
                                                         wb_clk_i (net)
                      0.816176    0.000000    0.641528 ^ clkbuf_0_wb_clk_i/A (sky130_fd_sc_hd__clkbuf_16)
    17    0.079963    0.109695    0.344975    0.986503 ^ clkbuf_0_wb_clk_i/X (sky130_fd_sc_hd__clkbuf_16)
                                                         clknet_0_wb_clk_i (net)
                      0.110683    0.008250    0.994753 ^ clkbuf_3_5_0_wb_clk_i/A (sky130_fd_sc_hd__clkbuf_8)
    11    0.040685    0.082957    0.189982    1.184735 ^ clkbuf_3_5_0_wb_clk_i/X (sky130_fd_sc_hd__clkbuf_8)
                                                         clknet_3_5_0_wb_clk_i (net)
                      0.083009    0.002003    1.186738 ^ _685_/CLK (sky130_fd_sc_hd__dfrtp_2)
                                  0.250000    1.436738   clock uncertainty
                                 -0.093953    1.342785   clock reconvergence pessimism
                                 -0.036594    1.306191   library hold time
                                              1.306191   data required time
---------------------------------------------------------------------------------------------
                                              1.306191   data required time
                                             -2.509207   data arrival time
---------------------------------------------------------------------------------------------
                                              1.203016   slack (MET)


Startpoint: _751_ (rising edge-triggered flip-flop clocked by wb_clk_i)
Endpoint: _755_ (rising edge-triggered flip-flop clocked by wb_clk_i)
Path Group: wb_clk_i
Path Type: min

Fanout         Cap        Slew       Delay        Time   Description
---------------------------------------------------------------------------------------------
                                  0.000000    0.000000   clock wb_clk_i (rise edge)
                                  0.000000    0.000000   clock source latency
     2    0.173040    0.776047    0.580430    0.580430 ^ wb_clk_i (in)
                                                         wb_clk_i (net)
                      0.816176    0.000000    0.580430 ^ clkbuf_0_wb_clk_i/A (sky130_fd_sc_hd__clkbuf_16)
    17    0.079963    0.109695    0.312120    0.892550 ^ clkbuf_0_wb_clk_i/X (sky130_fd_sc_hd__clkbuf_16)
                                                         clknet_0_wb_clk_i (net)
                      0.110216    0.005207    0.897758 ^ clkbuf_3_6_0_wb_clk_i/A (sky130_fd_sc_hd__clkbuf_8)
    12    0.040512    0.082979    0.171162    1.068919 ^ clkbuf_3_6_0_wb_clk_i/X (sky130_fd_sc_hd__clkbuf_8)
                                                         clknet_3_6_0_wb_clk_i (net)
                      0.083204    0.002850    1.071769 ^ _751_/CLK (sky130_fd_sc_hd__dfrtp_2)
     4    0.013380    0.082210    0.372063    1.443832 ^ _751_/Q (sky130_fd_sc_hd__dfrtp_2)
                                                         timer.sec_div[24] (net)
                      0.082214    0.000626    1.444457 ^ _477_/B (sky130_fd_sc_hd__and4_2)
     1    0.004881    0.060465    0.210167    1.654624 ^ _477_/X (sky130_fd_sc_hd__and4_2)
                                                         _263_ (net)
                      0.060465    0.000316    1.654940 ^ _478_/D (sky130_fd_sc_hd__and4_2)
     5    0.023953    0.148465    0.294912    1.949852 ^ _478_/X (sky130_fd_sc_hd__and4_2)
                                                         _264_ (net)
                      0.148500    0.002095    1.951947 ^ _481_/B (sky130_fd_sc_hd__xor2_2)
     1    0.002260    0.028518    0.069472    2.021420 v _481_/X (sky130_fd_sc_hd__xor2_2)
                                                         _054_ (net)
                      0.028518    0.000146    2.021566 v hold102/A (sky130_fd_sc_hd__dlygate4sd3_1)
     1    0.002307    0.050406    0.510400    2.531965 v hold102/X (sky130_fd_sc_hd__dlygate4sd3_1)
                                                         net102 (net)
                      0.050406    0.000099    2.532064 v _755_/D (sky130_fd_sc_hd__dfrtp_2)
                                              2.532064   data arrival time

                                  0.000000    0.000000   clock wb_clk_i (rise edge)
                                  0.000000    0.000000   clock source latency
     2    0.173040    0.776047    0.641528    0.641528 ^ wb_clk_i (in)
                                                         wb_clk_i (net)
                      0.816176    0.000000    0.641528 ^ clkbuf_0_wb_clk_i/A (sky130_fd_sc_hd__clkbuf_16)
    17    0.079963    0.109695    0.344975    0.986503 ^ clkbuf_0_wb_clk_i/X (sky130_fd_sc_hd__clkbuf_16)
                                                         clknet_0_wb_clk_i (net)
                      0.110196    0.005623    0.992126 ^ clkbuf_3_3_0_wb_clk_i/A (sky130_fd_sc_hd__clkbuf_8)
    11    0.039059    0.080400    0.187693    1.179819 ^ clkbuf_3_3_0_wb_clk_i/X (sky130_fd_sc_hd__clkbuf_8)
                                                         clknet_3_3_0_wb_clk_i (net)
                      0.080472    0.002259    1.182078 ^ _755_/CLK (sky130_fd_sc_hd__dfrtp_2)
                                  0.250000    1.432078   clock uncertainty
                                 -0.093953    1.338125   clock reconvergence pessimism
                                 -0.036222    1.301903   library hold time
                                              1.301903   data required time
---------------------------------------------------------------------------------------------
                                              1.301903   data required time
                                             -2.532064   data arrival time
---------------------------------------------------------------------------------------------
                                              1.230161   slack (MET)


Startpoint: _735_ (rising edge-triggered flip-flop clocked by wb_clk_i)
Endpoint: _741_ (rising edge-triggered flip-flop clocked by wb_clk_i)
Path Group: wb_clk_i
Path Type: min

Fanout         Cap        Slew       Delay        Time   Description
---------------------------------------------------------------------------------------------
                                  0.000000    0.000000   clock wb_clk_i (rise edge)
                                  0.000000    0.000000   clock source latency
     2    0.173040    0.776047    0.580430    0.580430 ^ wb_clk_i (in)
                                                         wb_clk_i (net)
                      0.816176    0.000000    0.580430 ^ clkbuf_0_wb_clk_i/A (sky130_fd_sc_hd__clkbuf_16)
    17    0.079963    0.109695    0.312120    0.892550 ^ clkbuf_0_wb_clk_i/X (sky130_fd_sc_hd__clkbuf_16)
                                                         clknet_0_wb_clk_i (net)
                      0.110683    0.007464    0.900014 ^ clkbuf_3_5_0_wb_clk_i/A (sky130_fd_sc_hd__clkbuf_8)
    11    0.040685    0.082957    0.171889    1.071903 ^ clkbuf_3_5_0_wb_clk_i/X (sky130_fd_sc_hd__clkbuf_8)
                                                         clknet_3_5_0_wb_clk_i (net)
                      0.083007    0.001782    1.073685 ^ _735_/CLK (sky130_fd_sc_hd__dfrtp_2)
     3    0.008634    0.062971    0.353253    1.426938 ^ _735_/Q (sky130_fd_sc_hd__dfrtp_2)
                                                         timer.sec_div[8] (net)
                      0.063035    0.000486    1.427424 ^ _438_/A (sky130_fd_sc_hd__and4_2)
     2    0.004900    0.060528    0.194421    1.621844 ^ _438_/X (sky130_fd_sc_hd__and4_2)
                                                         _240_ (net)
                      0.060528    0.000268    1.622112 ^ _445_/C (sky130_fd_sc_hd__and4_2)
     9    0.035183    0.199049    0.331987    1.954099 ^ _445_/X (sky130_fd_sc_hd__and4_2)
                                                         _245_ (net)
                      0.199081    0.002400    1.956499 ^ _447_/B (sky130_fd_sc_hd__xor2_2)
     1    0.001755    0.027186    0.074284    2.030783 v _447_/X (sky130_fd_sc_hd__xor2_2)
                                                         _039_ (net)
                      0.027186    0.000075    2.030858 v hold88/A (sky130_fd_sc_hd__dlygate4sd3_1)
     1    0.002546    0.051625    0.511954    2.542812 v hold88/X (sky130_fd_sc_hd__dlygate4sd3_1)
                                                         net88 (net)
                      0.051625    0.000162    2.542974 v _741_/D (sky130_fd_sc_hd__dfrtp_2)
                                              2.542974   data arrival time

                                  0.000000    0.000000   clock wb_clk_i (rise edge)
                                  0.000000    0.000000   clock source latency
     2    0.173040    0.776047    0.641528    0.641528 ^ wb_clk_i (in)
                                                         wb_clk_i (net)
                      0.816176    0.000000    0.641528 ^ clkbuf_0_wb_clk_i/A (sky130_fd_sc_hd__clkbuf_16)
    17    0.079963    0.109695    0.344975    0.986503 ^ clkbuf_0_wb_clk_i/X (sky130_fd_sc_hd__clkbuf_16)
                                                         clknet_0_wb_clk_i (net)
                      0.110216    0.005756    0.992258 ^ clkbuf_3_6_0_wb_clk_i/A (sky130_fd_sc_hd__clkbuf_8)
    12    0.040512    0.082979    0.189178    1.181437 ^ clkbuf_3_6_0_wb_clk_i/X (sky130_fd_sc_hd__clkbuf_8)
                                                         clknet_3_6_0_wb_clk_i (net)
                      0.083174    0.002857    1.184294 ^ _741_/CLK (sky130_fd_sc_hd__dfrtp_2)
                                  0.250000    1.434294   clock uncertainty
                                 -0.093953    1.340342   clock reconvergence pessimism
                                 -0.036102    1.304240   library hold time
                                              1.304240   data required time
---------------------------------------------------------------------------------------------
                                              1.304240   data required time
                                             -2.542974   data arrival time
---------------------------------------------------------------------------------------------
                                              1.238734   slack (MET)


Startpoint: _698_ (rising edge-triggered flip-flop clocked by wb_clk_i)
Endpoint: _702_ (rising edge-triggered flip-flop clocked by wb_clk_i)
Path Group: wb_clk_i
Path Type: min

Fanout         Cap        Slew       Delay        Time   Description
---------------------------------------------------------------------------------------------
                                  0.000000    0.000000   clock wb_clk_i (rise edge)
                                  0.000000    0.000000   clock source latency
     2    0.173040    0.776047    0.580430    0.580430 ^ wb_clk_i (in)
                                                         wb_clk_i (net)
                      0.816176    0.000000    0.580430 ^ clkbuf_0_wb_clk_i/A (sky130_fd_sc_hd__clkbuf_16)
    17    0.079963    0.109695    0.312120    0.892550 ^ clkbuf_0_wb_clk_i/X (sky130_fd_sc_hd__clkbuf_16)
                                                         clknet_0_wb_clk_i (net)
                      0.110467    0.006512    0.899062 ^ clkbuf_3_1_0_wb_clk_i/A (sky130_fd_sc_hd__clkbuf_8)
    11    0.038866    0.080091    0.169705    1.068768 ^ clkbuf_3_1_0_wb_clk_i/X (sky130_fd_sc_hd__clkbuf_8)
                                                         clknet_3_1_0_wb_clk_i (net)
                      0.080146    0.001822    1.070589 ^ _698_/CLK (sky130_fd_sc_hd__dfrtp_2)
     2    0.006433    0.053574    0.343339    1.413928 ^ _698_/Q (sky130_fd_sc_hd__dfrtp_2)
                                                         timer.scan_div[4] (net)
                      0.053574    0.000381    1.414310 ^ _499_/B (sky130_fd_sc_hd__and2_2)
     4    0.010537    0.071154    0.154932    1.569242 ^ _499_/X (sky130_fd_sc_hd__and2_2)
                                                         _275_ (net)
                      0.071155    0.000391    1.569633 ^ _506_/B (sky130_fd_sc_hd__and3_2)
     4    0.013228    0.087761    0.205654    1.775287 ^ _506_/X (sky130_fd_sc_hd__and3_2)
                                                         _280_ (net)
                      0.087765    0.000667    1.775954 ^ _508_/B (sky130_fd_sc_hd__and2_2)
     3    0.021644    0.122039    0.202232    1.978187 ^ _508_/X (sky130_fd_sc_hd__and2_2)
                                                         _281_ (net)
                      0.122043    0.000806    1.978992 ^ _510_/A (sky130_fd_sc_hd__nor2_2)
     1    0.001827    0.020110    0.046023    2.025016 v _510_/Y (sky130_fd_sc_hd__nor2_2)
                                                         _031_ (net)
                      0.020110    0.000080    2.025095 v hold116/A (sky130_fd_sc_hd__dlygate4sd3_1)
     1    0.003029    0.054586    0.513610    2.538705 v hold116/X (sky130_fd_sc_hd__dlygate4sd3_1)
                                                         net116 (net)
                      0.054586    0.000193    2.538898 v _702_/D (sky130_fd_sc_hd__dfrtp_2)
                                              2.538898   data arrival time

                                  0.000000    0.000000   clock wb_clk_i (rise edge)
                                  0.000000    0.000000   clock source latency
     2    0.173040    0.776047    0.641528    0.641528 ^ wb_clk_i (in)
                                                         wb_clk_i (net)
                      0.816176    0.000000    0.641528 ^ clkbuf_0_wb_clk_i/A (sky130_fd_sc_hd__clkbuf_16)
    17    0.079963    0.109695    0.344975    0.986503 ^ clkbuf_0_wb_clk_i/X (sky130_fd_sc_hd__clkbuf_16)
                                                         clknet_0_wb_clk_i (net)
                      0.110196    0.005623    0.992126 ^ clkbuf_3_3_0_wb_clk_i/A (sky130_fd_sc_hd__clkbuf_8)
    11    0.039059    0.080400    0.187693    1.179819 ^ clkbuf_3_3_0_wb_clk_i/X (sky130_fd_sc_hd__clkbuf_8)
                                                         clknet_3_3_0_wb_clk_i (net)
                      0.080443    0.001810    1.181629 ^ _702_/CLK (sky130_fd_sc_hd__dfrtp_2)
                                  0.250000    1.431629   clock uncertainty
                                 -0.093953    1.337676   clock reconvergence pessimism
                                 -0.037930    1.299747   library hold time
                                              1.299747   data required time
---------------------------------------------------------------------------------------------
                                              1.299747   data required time
                                             -2.538898   data arrival time
---------------------------------------------------------------------------------------------
                                              1.239152   slack (MET)


Startpoint: _721_ (rising edge-triggered flip-flop clocked by wb_clk_i)
Endpoint: _722_ (rising edge-triggered flip-flop clocked by wb_clk_i)
Path Group: wb_clk_i
Path Type: min

Fanout         Cap        Slew       Delay        Time   Description
---------------------------------------------------------------------------------------------
                                  0.000000    0.000000   clock wb_clk_i (rise edge)
                                  0.000000    0.000000   clock source latency
     2    0.173040    0.776047    0.580430    0.580430 ^ wb_clk_i (in)
                                                         wb_clk_i (net)
                      0.816176    0.000000    0.580430 ^ clkbuf_0_wb_clk_i/A (sky130_fd_sc_hd__clkbuf_16)
    17    0.079963    0.109695    0.312120    0.892550 ^ clkbuf_0_wb_clk_i/X (sky130_fd_sc_hd__clkbuf_16)
                                                         clknet_0_wb_clk_i (net)
                      0.110620    0.007197    0.899748 ^ clkbuf_3_0_0_wb_clk_i/A (sky130_fd_sc_hd__clkbuf_8)
    11    0.037435    0.077850    0.168095    1.067843 ^ clkbuf_3_0_0_wb_clk_i/X (sky130_fd_sc_hd__clkbuf_8)
                                                         clknet_3_0_0_wb_clk_i (net)
                      0.077917    0.001954    1.069797 ^ _721_/CLK (sky130_fd_sc_hd__dfrtp_2)
     2    0.006055    0.052043    0.341015    1.410811 ^ _721_/Q (sky130_fd_sc_hd__dfrtp_2)
                                                         timer.scan_div[27] (net)
                      0.052043    0.000352    1.411163 ^ _553_/D (sky130_fd_sc_hd__and4_2)
     1    0.004051    0.056607    0.208441    1.619604 ^ _553_/X (sky130_fd_sc_hd__and4_2)
                                                         _307_ (net)
                      0.056607    0.000345    1.619949 ^ _554_/D (sky130_fd_sc_hd__and4_2)
     5    0.029413    0.174478    0.314408    1.934357 ^ _554_/X (sky130_fd_sc_hd__and4_2)
                                                         _308_ (net)
                      0.174526    0.002635    1.936992 ^ _557_/B (sky130_fd_sc_hd__xor2_2)
     1    0.003257    0.031411    0.077976    2.014968 v _557_/X (sky130_fd_sc_hd__xor2_2)
                                                         _021_ (net)
                      0.031411    0.000190    2.015159 v hold118/A (sky130_fd_sc_hd__dlygate4sd3_1)
     1    0.002523    0.051457    0.513319    2.528477 v hold118/X (sky130_fd_sc_hd__dlygate4sd3_1)
                                                         net118 (net)
                      0.051457    0.000162    2.528639 v _722_/D (sky130_fd_sc_hd__dfrtp_2)
                                              2.528639   data arrival time

                                  0.000000    0.000000   clock wb_clk_i (rise edge)
                                  0.000000    0.000000   clock source latency
     2    0.173040    0.776047    0.641528    0.641528 ^ wb_clk_i (in)
                                                         wb_clk_i (net)
                      0.816176    0.000000    0.641528 ^ clkbuf_0_wb_clk_i/A (sky130_fd_sc_hd__clkbuf_16)
    17    0.079963    0.109695    0.344975    0.986503 ^ clkbuf_0_wb_clk_i/X (sky130_fd_sc_hd__clkbuf_16)
                                                         clknet_0_wb_clk_i (net)
                      0.110620    0.007955    0.994458 ^ clkbuf_3_0_0_wb_clk_i/A (sky130_fd_sc_hd__clkbuf_8)
    11    0.037435    0.077850    0.185790    1.180247 ^ clkbuf_3_0_0_wb_clk_i/X (sky130_fd_sc_hd__clkbuf_8)
                                                         clknet_3_0_0_wb_clk_i (net)
                      0.077956    0.002642    1.182889 ^ _722_/CLK (sky130_fd_sc_hd__dfrtp_2)
                                  0.250000    1.432889   clock uncertainty
                                 -0.112404    1.320485   clock reconvergence pessimism
                                 -0.037224    1.283262   library hold time
                                              1.283262   data required time
---------------------------------------------------------------------------------------------
                                              1.283262   data required time
                                             -2.528639   data arrival time
---------------------------------------------------------------------------------------------
                                              1.245378   slack (MET)


Startpoint: _733_ (rising edge-triggered flip-flop clocked by wb_clk_i)
Endpoint: _736_ (rising edge-triggered flip-flop clocked by wb_clk_i)
Path Group: wb_clk_i
Path Type: min

Fanout         Cap        Slew       Delay        Time   Description
---------------------------------------------------------------------------------------------
                                  0.000000    0.000000   clock wb_clk_i (rise edge)
                                  0.000000    0.000000   clock source latency
     2    0.173040    0.776047    0.580430    0.580430 ^ wb_clk_i (in)
                                                         wb_clk_i (net)
                      0.816176    0.000000    0.580430 ^ clkbuf_0_wb_clk_i/A (sky130_fd_sc_hd__clkbuf_16)
    17    0.079963    0.109695    0.312120    0.892550 ^ clkbuf_0_wb_clk_i/X (sky130_fd_sc_hd__clkbuf_16)
                                                         clknet_0_wb_clk_i (net)
                      0.110216    0.005207    0.897758 ^ clkbuf_3_6_0_wb_clk_i/A (sky130_fd_sc_hd__clkbuf_8)
    12    0.040512    0.082979    0.171162    1.068919 ^ clkbuf_3_6_0_wb_clk_i/X (sky130_fd_sc_hd__clkbuf_8)
                                                         clknet_3_6_0_wb_clk_i (net)
                      0.083093    0.001707    1.070627 ^ _733_/CLK (sky130_fd_sc_hd__dfrtp_2)
     2    0.006428    0.053566    0.344316    1.414943 ^ _733_/Q (sky130_fd_sc_hd__dfrtp_2)
                                                         timer.sec_div[6] (net)
                      0.053566    0.000468    1.415411 ^ _427_/C (sky130_fd_sc_hd__and4_2)
     3    0.007951    0.074526    0.223282    1.638692 ^ _427_/X (sky130_fd_sc_hd__and4_2)
                                                         _233_ (net)
                      0.074528    0.000476    1.639168 ^ _428_/B (sky130_fd_sc_hd__and2_2)
     4    0.017010    0.100239    0.183347    1.822515 ^ _428_/X (sky130_fd_sc_hd__and2_2)
                                                         _234_ (net)
                      0.100239    0.000234    1.822749 ^ _430_/B (sky130_fd_sc_hd__nand2_2)
     3    0.013605    0.064219    0.085179    1.907927 v _430_/Y (sky130_fd_sc_hd__nand2_2)
                                                         _235_ (net)
                      0.064263    0.000818    1.908745 v _434_/A2 (sky130_fd_sc_hd__a21oi_2)
     1    0.003699    0.077930    0.129033    2.037778 ^ _434_/Y (sky130_fd_sc_hd__a21oi_2)
                                                         _065_ (net)
                      0.077930    0.000214    2.037993 ^ hold155/A (sky130_fd_sc_hd__dlygate4sd3_1)
     1    0.003096    0.055467    0.520016    2.558008 ^ hold155/X (sky130_fd_sc_hd__dlygate4sd3_1)
                                                         net155 (net)
                      0.055467    0.000187    2.558196 ^ _736_/D (sky130_fd_sc_hd__dfrtp_2)
                                              2.558196   data arrival time

                                  0.000000    0.000000   clock wb_clk_i (rise edge)
                                  0.000000    0.000000   clock source latency
     2    0.173040    0.776047    0.641528    0.641528 ^ wb_clk_i (in)
                                                         wb_clk_i (net)
                      0.816176    0.000000    0.641528 ^ clkbuf_0_wb_clk_i/A (sky130_fd_sc_hd__clkbuf_16)
    17    0.079963    0.109695    0.344975    0.986503 ^ clkbuf_0_wb_clk_i/X (sky130_fd_sc_hd__clkbuf_16)
                                                         clknet_0_wb_clk_i (net)
                      0.110422    0.006960    0.993463 ^ clkbuf_3_4_0_wb_clk_i/A (sky130_fd_sc_hd__clkbuf_8)
    11    0.039410    0.081236    0.188051    1.181514 ^ clkbuf_3_4_0_wb_clk_i/X (sky130_fd_sc_hd__clkbuf_8)
                                                         clknet_3_4_0_wb_clk_i (net)
                      0.081322    0.002478    1.183992 ^ _736_/CLK (sky130_fd_sc_hd__dfrtp_2)
                                  0.250000    1.433992   clock uncertainty
                                 -0.093953    1.340039   clock reconvergence pessimism
                                 -0.031872    1.308167   library hold time
                                              1.308167   data required time
---------------------------------------------------------------------------------------------
                                              1.308167   data required time
                                             -2.558196   data arrival time
---------------------------------------------------------------------------------------------
                                              1.250029   slack (MET)


Startpoint: _735_ (rising edge-triggered flip-flop clocked by wb_clk_i)
Endpoint: _739_ (rising edge-triggered flip-flop clocked by wb_clk_i)
Path Group: wb_clk_i
Path Type: min

Fanout         Cap        Slew       Delay        Time   Description
---------------------------------------------------------------------------------------------
                                  0.000000    0.000000   clock wb_clk_i (rise edge)
                                  0.000000    0.000000   clock source latency
     2    0.173040    0.776047    0.580430    0.580430 ^ wb_clk_i (in)
                                                         wb_clk_i (net)
                      0.816176    0.000000    0.580430 ^ clkbuf_0_wb_clk_i/A (sky130_fd_sc_hd__clkbuf_16)
    17    0.079963    0.109695    0.312120    0.892550 ^ clkbuf_0_wb_clk_i/X (sky130_fd_sc_hd__clkbuf_16)
                                                         clknet_0_wb_clk_i (net)
                      0.110683    0.007464    0.900014 ^ clkbuf_3_5_0_wb_clk_i/A (sky130_fd_sc_hd__clkbuf_8)
    11    0.040685    0.082957    0.171889    1.071903 ^ clkbuf_3_5_0_wb_clk_i/X (sky130_fd_sc_hd__clkbuf_8)
                                                         clknet_3_5_0_wb_clk_i (net)
                      0.083007    0.001782    1.073685 ^ _735_/CLK (sky130_fd_sc_hd__dfrtp_2)
     3    0.008634    0.062971    0.353253    1.426938 ^ _735_/Q (sky130_fd_sc_hd__dfrtp_2)
                                                         timer.sec_div[8] (net)
                      0.063035    0.000486    1.427424 ^ _438_/A (sky130_fd_sc_hd__and4_2)
     2    0.004900    0.060528    0.194421    1.621844 ^ _438_/X (sky130_fd_sc_hd__and4_2)
                                                         _240_ (net)
                      0.060528    0.000258    1.622102 ^ _439_/C (sky130_fd_sc_hd__and3_2)
     3    0.015814    0.099212    0.216374    1.838477 ^ _439_/X (sky130_fd_sc_hd__and3_2)
                                                         _241_ (net)
                      0.099219    0.000849    1.839326 ^ _441_/B (sky130_fd_sc_hd__and2_2)
     2    0.009561    0.066678    0.163876    2.003202 ^ _441_/X (sky130_fd_sc_hd__and2_2)
                                                         _242_ (net)
                      0.066684    0.000637    2.003839 ^ _443_/A (sky130_fd_sc_hd__nor2_2)
     1    0.001657    0.019333    0.035259    2.039097 v _443_/Y (sky130_fd_sc_hd__nor2_2)
                                                         _037_ (net)
                      0.019333    0.000072    2.039170 v hold98/A (sky130_fd_sc_hd__dlygate4sd3_1)
     1    0.003148    0.055357    0.514380    2.553550 v hold98/X (sky130_fd_sc_hd__dlygate4sd3_1)
                                                         net98 (net)
                      0.055357    0.000200    2.553750 v _739_/D (sky130_fd_sc_hd__dfrtp_2)
                                              2.553750   data arrival time

                                  0.000000    0.000000   clock wb_clk_i (rise edge)
                                  0.000000    0.000000   clock source latency
     2    0.173040    0.776047    0.641528    0.641528 ^ wb_clk_i (in)
                                                         wb_clk_i (net)
                      0.816176    0.000000    0.641528 ^ clkbuf_0_wb_clk_i/A (sky130_fd_sc_hd__clkbuf_16)
    17    0.079963    0.109695    0.344975    0.986503 ^ clkbuf_0_wb_clk_i/X (sky130_fd_sc_hd__clkbuf_16)
                                                         clknet_0_wb_clk_i (net)
                      0.110422    0.006960    0.993463 ^ clkbuf_3_4_0_wb_clk_i/A (sky130_fd_sc_hd__clkbuf_8)
    11    0.039410    0.081236    0.188051    1.181514 ^ clkbuf_3_4_0_wb_clk_i/X (sky130_fd_sc_hd__clkbuf_8)
                                                         clknet_3_4_0_wb_clk_i (net)
                      0.081246    0.001070    1.182584 ^ _739_/CLK (sky130_fd_sc_hd__dfrtp_2)
                                  0.250000    1.432584   clock uncertainty
                                 -0.093953    1.338631   clock reconvergence pessimism
                                 -0.038060    1.300571   library hold time
                                              1.300571   data required time
---------------------------------------------------------------------------------------------
                                              1.300571   data required time
                                             -2.553750   data arrival time
---------------------------------------------------------------------------------------------
                                              1.253179   slack (MET)


Startpoint: _710_ (rising edge-triggered flip-flop clocked by wb_clk_i)
Endpoint: _716_ (rising edge-triggered flip-flop clocked by wb_clk_i)
Path Group: wb_clk_i
Path Type: min

Fanout         Cap        Slew       Delay        Time   Description
---------------------------------------------------------------------------------------------
                                  0.000000    0.000000   clock wb_clk_i (rise edge)
                                  0.000000    0.000000   clock source latency
     2    0.173040    0.776047    0.580430    0.580430 ^ wb_clk_i (in)
                                                         wb_clk_i (net)
                      0.816176    0.000000    0.580430 ^ clkbuf_0_wb_clk_i/A (sky130_fd_sc_hd__clkbuf_16)
    17    0.079963    0.109695    0.312120    0.892550 ^ clkbuf_0_wb_clk_i/X (sky130_fd_sc_hd__clkbuf_16)
                                                         clknet_0_wb_clk_i (net)
                      0.110620    0.007197    0.899748 ^ clkbuf_3_0_0_wb_clk_i/A (sky130_fd_sc_hd__clkbuf_8)
    11    0.037435    0.077850    0.168095    1.067843 ^ clkbuf_3_0_0_wb_clk_i/X (sky130_fd_sc_hd__clkbuf_8)
                                                         clknet_3_0_0_wb_clk_i (net)
                      0.077890    0.001581    1.069423 ^ _710_/CLK (sky130_fd_sc_hd__dfrtp_2)
     3    0.007937    0.051944    0.391177    1.460601 v _710_/Q (sky130_fd_sc_hd__dfrtp_2)
                                                         timer.scan_div[16] (net)
                      0.051944    0.000482    1.461083 v _534_/A (sky130_fd_sc_hd__and4_2)
     3    0.009504    0.050366    0.188090    1.649172 v _534_/X (sky130_fd_sc_hd__and4_2)
                                                         _296_ (net)
                      0.050368    0.000381    1.649554 v _537_/D (sky130_fd_sc_hd__and4_2)
     3    0.013283    0.057923    0.250130    1.899684 v _537_/X (sky130_fd_sc_hd__and4_2)
                                                         _298_ (net)
                      0.057937    0.000774    1.900458 v _540_/B (sky130_fd_sc_hd__nand2_2)
     2    0.012094    0.074666    0.090505    1.990963 ^ _540_/Y (sky130_fd_sc_hd__nand2_2)
                                                         _300_ (net)
                      0.074668    0.000463    1.991427 ^ _543_/B (sky130_fd_sc_hd__xnor2_2)
     1    0.002367    0.028018    0.051984    2.043411 v _543_/Y (sky130_fd_sc_hd__xnor2_2)
                                                         _015_ (net)
                      0.028018    0.000159    2.043569 v hold50/A (sky130_fd_sc_hd__dlygate4sd3_1)
     1    0.002474    0.051204    0.511638    2.555207 v hold50/X (sky130_fd_sc_hd__dlygate4sd3_1)
                                                         net50 (net)
                      0.051204    0.000160    2.555367 v _716_/D (sky130_fd_sc_hd__dfrtp_2)
                                              2.555367   data arrival time

                                  0.000000    0.000000   clock wb_clk_i (rise edge)
                                  0.000000    0.000000   clock source latency
     2    0.173040    0.776047    0.641528    0.641528 ^ wb_clk_i (in)
                                                         wb_clk_i (net)
                      0.816176    0.000000    0.641528 ^ clkbuf_0_wb_clk_i/A (sky130_fd_sc_hd__clkbuf_16)
    17    0.079963    0.109695    0.344975    0.986503 ^ clkbuf_0_wb_clk_i/X (sky130_fd_sc_hd__clkbuf_16)
                                                         clknet_0_wb_clk_i (net)
                      0.110505    0.007393    0.993896 ^ clkbuf_3_2_0_wb_clk_i/A (sky130_fd_sc_hd__clkbuf_8)
    11    0.038341    0.079269    0.186894    1.180791 ^ clkbuf_3_2_0_wb_clk_i/X (sky130_fd_sc_hd__clkbuf_8)
                                                         clknet_3_2_0_wb_clk_i (net)
                      0.079293    0.001434    1.182225 ^ _716_/CLK (sky130_fd_sc_hd__dfrtp_2)
                                  0.250000    1.432225   clock uncertainty
                                 -0.093953    1.338272   clock reconvergence pessimism
                                 -0.036816    1.301457   library hold time
                                              1.301457   data required time
---------------------------------------------------------------------------------------------
                                              1.301457   data required time
                                             -2.555367   data arrival time
---------------------------------------------------------------------------------------------
                                              1.253911   slack (MET)


Startpoint: _698_ (rising edge-triggered flip-flop clocked by wb_clk_i)
Endpoint: _703_ (rising edge-triggered flip-flop clocked by wb_clk_i)
Path Group: wb_clk_i
Path Type: min

Fanout         Cap        Slew       Delay        Time   Description
---------------------------------------------------------------------------------------------
                                  0.000000    0.000000   clock wb_clk_i (rise edge)
                                  0.000000    0.000000   clock source latency
     2    0.173040    0.776047    0.580430    0.580430 ^ wb_clk_i (in)
                                                         wb_clk_i (net)
                      0.816176    0.000000    0.580430 ^ clkbuf_0_wb_clk_i/A (sky130_fd_sc_hd__clkbuf_16)
    17    0.079963    0.109695    0.312120    0.892550 ^ clkbuf_0_wb_clk_i/X (sky130_fd_sc_hd__clkbuf_16)
                                                         clknet_0_wb_clk_i (net)
                      0.110467    0.006512    0.899062 ^ clkbuf_3_1_0_wb_clk_i/A (sky130_fd_sc_hd__clkbuf_8)
    11    0.038866    0.080091    0.169705    1.068768 ^ clkbuf_3_1_0_wb_clk_i/X (sky130_fd_sc_hd__clkbuf_8)
                                                         clknet_3_1_0_wb_clk_i (net)
                      0.080146    0.001822    1.070589 ^ _698_/CLK (sky130_fd_sc_hd__dfrtp_2)
     2    0.006433    0.053574    0.343339    1.413928 ^ _698_/Q (sky130_fd_sc_hd__dfrtp_2)
                                                         timer.scan_div[4] (net)
                      0.053574    0.000381    1.414310 ^ _499_/B (sky130_fd_sc_hd__and2_2)
     4    0.010537    0.071154    0.154932    1.569242 ^ _499_/X (sky130_fd_sc_hd__and2_2)
                                                         _275_ (net)
                      0.071155    0.000391    1.569633 ^ _506_/B (sky130_fd_sc_hd__and3_2)
     4    0.013228    0.087761    0.205654    1.775287 ^ _506_/X (sky130_fd_sc_hd__and3_2)
                                                         _280_ (net)
                      0.087765    0.000667    1.775954 ^ _508_/B (sky130_fd_sc_hd__and2_2)
     3    0.021644    0.122039    0.202232    1.978187 ^ _508_/X (sky130_fd_sc_hd__and2_2)
                                                         _281_ (net)
                      0.122045    0.000967    1.979154 ^ _511_/B (sky130_fd_sc_hd__xor2_2)
     1    0.002126    0.028167    0.065018    2.044172 v _511_/X (sky130_fd_sc_hd__xor2_2)
                                                         _032_ (net)
                      0.028167    0.000134    2.044306 v hold111/A (sky130_fd_sc_hd__dlygate4sd3_1)
     1    0.002611    0.051993    0.512870    2.557175 v hold111/X (sky130_fd_sc_hd__dlygate4sd3_1)
                                                         net111 (net)
                      0.051993    0.000170    2.557345 v _703_/D (sky130_fd_sc_hd__dfrtp_2)
                                              2.557345   data arrival time

                                  0.000000    0.000000   clock wb_clk_i (rise edge)
                                  0.000000    0.000000   clock source latency
     2    0.173040    0.776047    0.641528    0.641528 ^ wb_clk_i (in)
                                                         wb_clk_i (net)
                      0.816176    0.000000    0.641528 ^ clkbuf_0_wb_clk_i/A (sky130_fd_sc_hd__clkbuf_16)
    17    0.079963    0.109695    0.344975    0.986503 ^ clkbuf_0_wb_clk_i/X (sky130_fd_sc_hd__clkbuf_16)
                                                         clknet_0_wb_clk_i (net)
                      0.110505    0.007393    0.993896 ^ clkbuf_3_2_0_wb_clk_i/A (sky130_fd_sc_hd__clkbuf_8)
    11    0.038341    0.079269    0.186894    1.180791 ^ clkbuf_3_2_0_wb_clk_i/X (sky130_fd_sc_hd__clkbuf_8)
                                                         clknet_3_2_0_wb_clk_i (net)
                      0.079363    0.002532    1.183323 ^ _703_/CLK (sky130_fd_sc_hd__dfrtp_2)
                                  0.250000    1.433323   clock uncertainty
                                 -0.093953    1.339370   clock reconvergence pessimism
                                 -0.037121    1.302250   library hold time
                                              1.302250   data required time
---------------------------------------------------------------------------------------------
                                              1.302250   data required time
                                             -2.557345   data arrival time
---------------------------------------------------------------------------------------------
                                              1.255095   slack (MET)


Startpoint: _698_ (rising edge-triggered flip-flop clocked by wb_clk_i)
Endpoint: _704_ (rising edge-triggered flip-flop clocked by wb_clk_i)
Path Group: wb_clk_i
Path Type: min

Fanout         Cap        Slew       Delay        Time   Description
---------------------------------------------------------------------------------------------
                                  0.000000    0.000000   clock wb_clk_i (rise edge)
                                  0.000000    0.000000   clock source latency
     2    0.173040    0.776047    0.580430    0.580430 ^ wb_clk_i (in)
                                                         wb_clk_i (net)
                      0.816176    0.000000    0.580430 ^ clkbuf_0_wb_clk_i/A (sky130_fd_sc_hd__clkbuf_16)
    17    0.079963    0.109695    0.312120    0.892550 ^ clkbuf_0_wb_clk_i/X (sky130_fd_sc_hd__clkbuf_16)
                                                         clknet_0_wb_clk_i (net)
                      0.110467    0.006512    0.899062 ^ clkbuf_3_1_0_wb_clk_i/A (sky130_fd_sc_hd__clkbuf_8)
    11    0.038866    0.080091    0.169705    1.068768 ^ clkbuf_3_1_0_wb_clk_i/X (sky130_fd_sc_hd__clkbuf_8)
                                                         clknet_3_1_0_wb_clk_i (net)
                      0.080146    0.001822    1.070589 ^ _698_/CLK (sky130_fd_sc_hd__dfrtp_2)
     2    0.006433    0.053574    0.343339    1.413928 ^ _698_/Q (sky130_fd_sc_hd__dfrtp_2)
                                                         timer.scan_div[4] (net)
                      0.053574    0.000381    1.414310 ^ _499_/B (sky130_fd_sc_hd__and2_2)
     4    0.010537    0.071154    0.154932    1.569242 ^ _499_/X (sky130_fd_sc_hd__and2_2)
                                                         _275_ (net)
                      0.071155    0.000391    1.569633 ^ _506_/B (sky130_fd_sc_hd__and3_2)
     4    0.013228    0.087761    0.205654    1.775287 ^ _506_/X (sky130_fd_sc_hd__and3_2)
                                                         _280_ (net)
                      0.087766    0.000729    1.776016 ^ _513_/D (sky130_fd_sc_hd__and4_2)
     2    0.009307    0.081293    0.242521    2.018537 ^ _513_/X (sky130_fd_sc_hd__and4_2)
                                                         _284_ (net)
                      0.081295    0.000544    2.019082 ^ _514_/B (sky130_fd_sc_hd__nor2_2)
     1    0.002793    0.022663    0.033600    2.052682 v _514_/Y (sky130_fd_sc_hd__nor2_2)
                                                         _002_ (net)
                      0.022663    0.000172    2.052854 v hold138/A (sky130_fd_sc_hd__dlygate4sd3_1)
     1    0.002551    0.051685    0.510324    2.563178 v hold138/X (sky130_fd_sc_hd__dlygate4sd3_1)
                                                         net138 (net)
                      0.051685    0.000177    2.563356 v _704_/D (sky130_fd_sc_hd__dfrtp_2)
                                              2.563356   data arrival time

                                  0.000000    0.000000   clock wb_clk_i (rise edge)
                                  0.000000    0.000000   clock source latency
     2    0.173040    0.776047    0.641528    0.641528 ^ wb_clk_i (in)
                                                         wb_clk_i (net)
                      0.816176    0.000000    0.641528 ^ clkbuf_0_wb_clk_i/A (sky130_fd_sc_hd__clkbuf_16)
    17    0.079963    0.109695    0.344975    0.986503 ^ clkbuf_0_wb_clk_i/X (sky130_fd_sc_hd__clkbuf_16)
                                                         clknet_0_wb_clk_i (net)
                      0.110505    0.007393    0.993896 ^ clkbuf_3_2_0_wb_clk_i/A (sky130_fd_sc_hd__clkbuf_8)
    11    0.038341    0.079269    0.186894    1.180791 ^ clkbuf_3_2_0_wb_clk_i/X (sky130_fd_sc_hd__clkbuf_8)
                                                         clknet_3_2_0_wb_clk_i (net)
                      0.079367    0.002571    1.183362 ^ _704_/CLK (sky130_fd_sc_hd__dfrtp_2)
                                  0.250000    1.433362   clock uncertainty
                                 -0.093953    1.339409   clock reconvergence pessimism
                                 -0.036995    1.302415   library hold time
                                              1.302415   data required time
---------------------------------------------------------------------------------------------
                                              1.302415   data required time
                                             -2.563356   data arrival time
---------------------------------------------------------------------------------------------
                                              1.260941   slack (MET)


Startpoint: _683_ (rising edge-triggered flip-flop clocked by wb_clk_i)
Endpoint: _677_ (rising edge-triggered flip-flop clocked by wb_clk_i)
Path Group: wb_clk_i
Path Type: min

Fanout         Cap        Slew       Delay        Time   Description
---------------------------------------------------------------------------------------------
                                  0.000000    0.000000   clock wb_clk_i (rise edge)
                                  0.000000    0.000000   clock source latency
     2    0.173040    0.776047    0.580430    0.580430 ^ wb_clk_i (in)
                                                         wb_clk_i (net)
                      0.816176    0.000000    0.580430 ^ clkbuf_0_wb_clk_i/A (sky130_fd_sc_hd__clkbuf_16)
    17    0.079963    0.109695    0.312120    0.892550 ^ clkbuf_0_wb_clk_i/X (sky130_fd_sc_hd__clkbuf_16)
                                                         clknet_0_wb_clk_i (net)
                      0.110683    0.007464    0.900014 ^ clkbuf_3_5_0_wb_clk_i/A (sky130_fd_sc_hd__clkbuf_8)
    11    0.040685    0.082957    0.171889    1.071903 ^ clkbuf_3_5_0_wb_clk_i/X (sky130_fd_sc_hd__clkbuf_8)
                                                         clknet_3_5_0_wb_clk_i (net)
                      0.083023    0.002006    1.073909 ^ _683_/CLK (sky130_fd_sc_hd__dfrtp_2)
     3    0.014971    0.088983    0.376963    1.450873 ^ _683_/Q (sky130_fd_sc_hd__dfrtp_2)
                                                         timer.min_ones[2] (net)
                      0.088993    0.000969    1.451842 ^ _364_/A_N (sky130_fd_sc_hd__and2b_2)
     3    0.010371    0.053960    0.230149    1.681990 v _364_/X (sky130_fd_sc_hd__and2b_2)
                                                         _191_ (net)
                      0.053966    0.000570    1.682560 v _374_/C (sky130_fd_sc_hd__and4_2)
     5    0.021327    0.074018    0.259572    1.942132 v _374_/X (sky130_fd_sc_hd__and4_2)
                                                         _197_ (net)
                      0.074033    0.000990    1.943122 v _383_/A (sky130_fd_sc_hd__nor2_2)
     1    0.003845    0.071012    0.105858    2.048980 ^ _383_/Y (sky130_fd_sc_hd__nor2_2)
                                                         _152_ (net)
                      0.071012    0.000223    2.049204 ^ hold69/A (sky130_fd_sc_hd__dlygate4sd3_1)
     1    0.002670    0.051781    0.514311    2.563515 ^ hold69/X (sky130_fd_sc_hd__dlygate4sd3_1)
                                                         net69 (net)
                      0.051781    0.000173    2.563687 ^ _677_/D (sky130_fd_sc_hd__dfrtp_2)
                                              2.563687   data arrival time

                                  0.000000    0.000000   clock wb_clk_i (rise edge)
                                  0.000000    0.000000   clock source latency
     2    0.173040    0.776047    0.641528    0.641528 ^ wb_clk_i (in)
                                                         wb_clk_i (net)
                      0.816176    0.000000    0.641528 ^ clkbuf_0_wb_clk_i/A (sky130_fd_sc_hd__clkbuf_16)
    17    0.079963    0.109695    0.344975    0.986503 ^ clkbuf_0_wb_clk_i/X (sky130_fd_sc_hd__clkbuf_16)
                                                         clknet_0_wb_clk_i (net)
                      0.110683    0.008250    0.994753 ^ clkbuf_3_5_0_wb_clk_i/A (sky130_fd_sc_hd__clkbuf_8)
    11    0.040685    0.082957    0.189982    1.184735 ^ clkbuf_3_5_0_wb_clk_i/X (sky130_fd_sc_hd__clkbuf_8)
                                                         clknet_3_5_0_wb_clk_i (net)
                      0.083022    0.002198    1.186933 ^ _677_/CLK (sky130_fd_sc_hd__dfrtp_2)
                                  0.250000    1.436933   clock uncertainty
                                 -0.112832    1.324101   clock reconvergence pessimism
                                 -0.030880    1.293221   library hold time
                                              1.293221   data required time
---------------------------------------------------------------------------------------------
                                              1.293221   data required time
                                             -2.563687   data arrival time
---------------------------------------------------------------------------------------------
                                              1.270466   slack (MET)


Startpoint: _705_ (rising edge-triggered flip-flop clocked by wb_clk_i)
Endpoint: _705_ (rising edge-triggered flip-flop clocked by wb_clk_i)
Path Group: wb_clk_i
Path Type: min

Fanout         Cap        Slew       Delay        Time   Description
---------------------------------------------------------------------------------------------
                                  0.000000    0.000000   clock wb_clk_i (rise edge)
                                  0.000000    0.000000   clock source latency
     2    0.173040    0.776047    0.580430    0.580430 ^ wb_clk_i (in)
                                                         wb_clk_i (net)
                      0.816176    0.000000    0.580430 ^ clkbuf_0_wb_clk_i/A (sky130_fd_sc_hd__clkbuf_16)
    17    0.079963    0.109695    0.312120    0.892550 ^ clkbuf_0_wb_clk_i/X (sky130_fd_sc_hd__clkbuf_16)
                                                         clknet_0_wb_clk_i (net)
                      0.110196    0.005088    0.897638 ^ clkbuf_3_3_0_wb_clk_i/A (sky130_fd_sc_hd__clkbuf_8)
    11    0.039059    0.080400    0.169817    1.067455 ^ clkbuf_3_3_0_wb_clk_i/X (sky130_fd_sc_hd__clkbuf_8)
                                                         clknet_3_3_0_wb_clk_i (net)
                      0.080450    0.001744    1.069199 ^ _705_/CLK (sky130_fd_sc_hd__dfrtp_2)
     1    0.002168    0.035494    0.322888    1.392087 ^ _705_/Q (sky130_fd_sc_hd__dfrtp_2)
                                                         timer.scan_div[11] (net)
                      0.035494    0.000142    1.392228 ^ hold83/A (sky130_fd_sc_hd__dlygate4sd3_1)
     3    0.008365    0.101410    0.546566    1.938794 ^ hold83/X (sky130_fd_sc_hd__dlygate4sd3_1)
                                                         net83 (net)
                      0.101410    0.000487    1.939281 ^ _517_/A1 (sky130_fd_sc_hd__o21ba_2)
     1    0.002620    0.031998    0.135973    2.075254 ^ _517_/X (sky130_fd_sc_hd__o21ba_2)
                                                         _003_ (net)
                      0.031998    0.000159    2.075413 ^ hold84/A (sky130_fd_sc_hd__dlygate4sd3_1)
     1    0.002452    0.049924    0.500926    2.576339 ^ hold84/X (sky130_fd_sc_hd__dlygate4sd3_1)
                                                         net84 (net)
                      0.049924    0.000171    2.576509 ^ _705_/D (sky130_fd_sc_hd__dfrtp_2)
                                              2.576509   data arrival time

                                  0.000000    0.000000   clock wb_clk_i (rise edge)
                                  0.000000    0.000000   clock source latency
     2    0.173040    0.776047    0.641528    0.641528 ^ wb_clk_i (in)
                                                         wb_clk_i (net)
                      0.816176    0.000000    0.641528 ^ clkbuf_0_wb_clk_i/A (sky130_fd_sc_hd__clkbuf_16)
    17    0.079963    0.109695    0.344975    0.986503 ^ clkbuf_0_wb_clk_i/X (sky130_fd_sc_hd__clkbuf_16)
                                                         clknet_0_wb_clk_i (net)
                      0.110196    0.005623    0.992126 ^ clkbuf_3_3_0_wb_clk_i/A (sky130_fd_sc_hd__clkbuf_8)
    11    0.039059    0.080400    0.187693    1.179819 ^ clkbuf_3_3_0_wb_clk_i/X (sky130_fd_sc_hd__clkbuf_8)
                                                         clknet_3_3_0_wb_clk_i (net)
                      0.080450    0.001927    1.181746 ^ _705_/CLK (sky130_fd_sc_hd__dfrtp_2)
                                  0.250000    1.431746   clock uncertainty
                                 -0.112547    1.319199   clock reconvergence pessimism
                                 -0.030848    1.288350   library hold time
                                              1.288350   data required time
---------------------------------------------------------------------------------------------
                                              1.288350   data required time
                                             -2.576509   data arrival time
---------------------------------------------------------------------------------------------
                                              1.288159   slack (MET)


Startpoint: _740_ (rising edge-triggered flip-flop clocked by wb_clk_i)
Endpoint: _740_ (rising edge-triggered flip-flop clocked by wb_clk_i)
Path Group: wb_clk_i
Path Type: min

Fanout         Cap        Slew       Delay        Time   Description
---------------------------------------------------------------------------------------------
                                  0.000000    0.000000   clock wb_clk_i (rise edge)
                                  0.000000    0.000000   clock source latency
     2    0.173040    0.776047    0.580430    0.580430 ^ wb_clk_i (in)
                                                         wb_clk_i (net)
                      0.816176    0.000000    0.580430 ^ clkbuf_0_wb_clk_i/A (sky130_fd_sc_hd__clkbuf_16)
    17    0.079963    0.109695    0.312120    0.892550 ^ clkbuf_0_wb_clk_i/X (sky130_fd_sc_hd__clkbuf_16)
                                                         clknet_0_wb_clk_i (net)
                      0.110422    0.006298    0.898848 ^ clkbuf_3_4_0_wb_clk_i/A (sky130_fd_sc_hd__clkbuf_8)
    11    0.039410    0.081236    0.170141    1.068989 ^ clkbuf_3_4_0_wb_clk_i/X (sky130_fd_sc_hd__clkbuf_8)
                                                         clknet_3_4_0_wb_clk_i (net)
                      0.081288    0.001809    1.070798 ^ _740_/CLK (sky130_fd_sc_hd__dfrtp_2)
     1    0.002501    0.036753    0.325042    1.395839 ^ _740_/Q (sky130_fd_sc_hd__dfrtp_2)
                                                         timer.sec_div[13] (net)
                      0.036753    0.000155    1.395995 ^ hold94/A (sky130_fd_sc_hd__dlygate4sd3_1)
     3    0.008530    0.102696    0.548239    1.944234 ^ hold94/X (sky130_fd_sc_hd__dlygate4sd3_1)
                                                         net94 (net)
                      0.102696    0.000246    1.944480 ^ _446_/A1 (sky130_fd_sc_hd__o21ba_2)
     1    0.002754    0.032605    0.136973    2.081453 ^ _446_/X (sky130_fd_sc_hd__o21ba_2)
                                                         _038_ (net)
                      0.032614    0.000187    2.081640 ^ hold95/A (sky130_fd_sc_hd__dlygate4sd3_1)
     1    0.002315    0.048849    0.499900    2.581541 ^ hold95/X (sky130_fd_sc_hd__dlygate4sd3_1)
                                                         net95 (net)
                      0.048849    0.000158    2.581698 ^ _740_/D (sky130_fd_sc_hd__dfrtp_2)
                                              2.581698   data arrival time

                                  0.000000    0.000000   clock wb_clk_i (rise edge)
                                  0.000000    0.000000   clock source latency
     2    0.173040    0.776047    0.641528    0.641528 ^ wb_clk_i (in)
                                                         wb_clk_i (net)
                      0.816176    0.000000    0.641528 ^ clkbuf_0_wb_clk_i/A (sky130_fd_sc_hd__clkbuf_16)
    17    0.079963    0.109695    0.344975    0.986503 ^ clkbuf_0_wb_clk_i/X (sky130_fd_sc_hd__clkbuf_16)
                                                         clknet_0_wb_clk_i (net)
                      0.110422    0.006960    0.993463 ^ clkbuf_3_4_0_wb_clk_i/A (sky130_fd_sc_hd__clkbuf_8)
    11    0.039410    0.081236    0.188051    1.181514 ^ clkbuf_3_4_0_wb_clk_i/X (sky130_fd_sc_hd__clkbuf_8)
                                                         clknet_3_4_0_wb_clk_i (net)
                      0.081288    0.001999    1.183513 ^ _740_/CLK (sky130_fd_sc_hd__dfrtp_2)
                                  0.250000    1.433513   clock uncertainty
                                 -0.112715    1.320798   clock reconvergence pessimism
                                 -0.030512    1.290286   library hold time
                                              1.290286   data required time
---------------------------------------------------------------------------------------------
                                              1.290286   data required time
                                             -2.581698   data arrival time
---------------------------------------------------------------------------------------------
                                              1.291413   slack (MET)


Startpoint: _727_ (rising edge-triggered flip-flop clocked by wb_clk_i)
Endpoint: _727_ (rising edge-triggered flip-flop clocked by wb_clk_i)
Path Group: wb_clk_i
Path Type: min

Fanout         Cap        Slew       Delay        Time   Description
---------------------------------------------------------------------------------------------
                                  0.000000    0.000000   clock wb_clk_i (rise edge)
                                  0.000000    0.000000   clock source latency
     2    0.173040    0.776047    0.580430    0.580430 ^ wb_clk_i (in)
                                                         wb_clk_i (net)
                      0.816176    0.000000    0.580430 ^ clkbuf_0_wb_clk_i/A (sky130_fd_sc_hd__clkbuf_16)
    17    0.079963    0.109695    0.312120    0.892550 ^ clkbuf_0_wb_clk_i/X (sky130_fd_sc_hd__clkbuf_16)
                                                         clknet_0_wb_clk_i (net)
                      0.110560    0.006938    0.899488 ^ clkbuf_3_7_0_wb_clk_i/A (sky130_fd_sc_hd__clkbuf_8)
    12    0.039052    0.080674    0.169794    1.069282 ^ clkbuf_3_7_0_wb_clk_i/X (sky130_fd_sc_hd__clkbuf_8)
                                                         clknet_3_7_0_wb_clk_i (net)
                      0.080790    0.002545    1.071827 ^ _727_/CLK (sky130_fd_sc_hd__dfrtp_2)
     1    0.002077    0.035109    0.322498    1.394325 ^ _727_/Q (sky130_fd_sc_hd__dfrtp_2)
                                                         timer.sec_div[0] (net)
                      0.035109    0.000137    1.394461 ^ hold27/A (sky130_fd_sc_hd__dlygate4sd3_1)
     5    0.019497    0.203633    0.619361    2.013823 ^ hold27/X (sky130_fd_sc_hd__dlygate4sd3_1)
                                                         net27 (net)
                      0.203633    0.000358    2.014181 ^ _413_/A (sky130_fd_sc_hd__nor2_2)
     1    0.002149    0.022447    0.054629    2.068810 v _413_/Y (sky130_fd_sc_hd__nor2_2)
                                                         _034_ (net)
                      0.022448    0.000140    2.068950 v hold28/A (sky130_fd_sc_hd__dlygate4sd3_1)
     1    0.002403    0.050849    0.508995    2.577945 v hold28/X (sky130_fd_sc_hd__dlygate4sd3_1)
                                                         net28 (net)
                      0.050849    0.000158    2.578103 v _727_/D (sky130_fd_sc_hd__dfrtp_2)
                                              2.578103   data arrival time

                                  0.000000    0.000000   clock wb_clk_i (rise edge)
                                  0.000000    0.000000   clock source latency
     2    0.173040    0.776047    0.641528    0.641528 ^ wb_clk_i (in)
                                                         wb_clk_i (net)
                      0.816176    0.000000    0.641528 ^ clkbuf_0_wb_clk_i/A (sky130_fd_sc_hd__clkbuf_16)
    17    0.079963    0.109695    0.344975    0.986503 ^ clkbuf_0_wb_clk_i/X (sky130_fd_sc_hd__clkbuf_16)
                                                         clknet_0_wb_clk_i (net)
                      0.110560    0.007668    0.994171 ^ clkbuf_3_7_0_wb_clk_i/A (sky130_fd_sc_hd__clkbuf_8)
    12    0.039052    0.080674    0.187667    1.181838 ^ clkbuf_3_7_0_wb_clk_i/X (sky130_fd_sc_hd__clkbuf_8)
                                                         clknet_3_7_0_wb_clk_i (net)
                      0.080790    0.002813    1.184651 ^ _727_/CLK (sky130_fd_sc_hd__dfrtp_2)
                                  0.250000    1.434651   clock uncertainty
                                 -0.112824    1.321827   clock reconvergence pessimism
                                 -0.036330    1.285497   library hold time
                                              1.285497   data required time
---------------------------------------------------------------------------------------------
                                              1.285497   data required time
                                             -2.578103   data arrival time
---------------------------------------------------------------------------------------------
                                              1.292606   slack (MET)


Startpoint: _724_ (rising edge-triggered flip-flop clocked by wb_clk_i)
Endpoint: _724_ (rising edge-triggered flip-flop clocked by wb_clk_i)
Path Group: wb_clk_i
Path Type: min

Fanout         Cap        Slew       Delay        Time   Description
---------------------------------------------------------------------------------------------
                                  0.000000    0.000000   clock wb_clk_i (rise edge)
                                  0.000000    0.000000   clock source latency
     2    0.173040    0.776047    0.580430    0.580430 ^ wb_clk_i (in)
                                                         wb_clk_i (net)
                      0.816176    0.000000    0.580430 ^ clkbuf_0_wb_clk_i/A (sky130_fd_sc_hd__clkbuf_16)
    17    0.079963    0.109695    0.312120    0.892550 ^ clkbuf_0_wb_clk_i/X (sky130_fd_sc_hd__clkbuf_16)
                                                         clknet_0_wb_clk_i (net)
                      0.110620    0.007197    0.899748 ^ clkbuf_3_0_0_wb_clk_i/A (sky130_fd_sc_hd__clkbuf_8)
    11    0.037435    0.077850    0.168095    1.067843 ^ clkbuf_3_0_0_wb_clk_i/X (sky130_fd_sc_hd__clkbuf_8)
                                                         clknet_3_0_0_wb_clk_i (net)
                      0.077941    0.002228    1.070071 ^ _724_/CLK (sky130_fd_sc_hd__dfrtp_2)
     2    0.005775    0.050924    0.339885    1.409956 ^ _724_/Q (sky130_fd_sc_hd__dfrtp_2)
                                                         timer.scan_div[30] (net)
                      0.050924    0.000291    1.410247 ^ hold35/A (sky130_fd_sc_hd__dlygate4sd3_1)
     2    0.012676    0.140497    0.579906    1.990153 ^ hold35/X (sky130_fd_sc_hd__dlygate4sd3_1)
                                                         net35 (net)
                      0.140497    0.000447    1.990600 ^ _562_/A (sky130_fd_sc_hd__xnor2_2)
     1    0.002815    0.030327    0.075563    2.066164 v _562_/Y (sky130_fd_sc_hd__xnor2_2)
                                                         _024_ (net)
                      0.030327    0.000163    2.066326 v hold36/A (sky130_fd_sc_hd__dlygate4sd3_1)
     1    0.002360    0.050584    0.511514    2.577841 v hold36/X (sky130_fd_sc_hd__dlygate4sd3_1)
                                                         net36 (net)
                      0.050584    0.000156    2.577996 v _724_/D (sky130_fd_sc_hd__dfrtp_2)
                                              2.577996   data arrival time

                                  0.000000    0.000000   clock wb_clk_i (rise edge)
                                  0.000000    0.000000   clock source latency
     2    0.173040    0.776047    0.641528    0.641528 ^ wb_clk_i (in)
                                                         wb_clk_i (net)
                      0.816176    0.000000    0.641528 ^ clkbuf_0_wb_clk_i/A (sky130_fd_sc_hd__clkbuf_16)
    17    0.079963    0.109695    0.344975    0.986503 ^ clkbuf_0_wb_clk_i/X (sky130_fd_sc_hd__clkbuf_16)
                                                         clknet_0_wb_clk_i (net)
                      0.110620    0.007955    0.994458 ^ clkbuf_3_0_0_wb_clk_i/A (sky130_fd_sc_hd__clkbuf_8)
    11    0.037435    0.077850    0.185790    1.180247 ^ clkbuf_3_0_0_wb_clk_i/X (sky130_fd_sc_hd__clkbuf_8)
                                                         clknet_3_0_0_wb_clk_i (net)
                      0.077941    0.002463    1.182710 ^ _724_/CLK (sky130_fd_sc_hd__dfrtp_2)
                                  0.250000    1.432710   clock uncertainty
                                 -0.112639    1.320071   clock reconvergence pessimism
                                 -0.036872    1.283199   library hold time
                                              1.283199   data required time
---------------------------------------------------------------------------------------------
                                              1.283199   data required time
                                             -2.577996   data arrival time
---------------------------------------------------------------------------------------------
                                              1.294797   slack (MET)


Startpoint: _697_ (rising edge-triggered flip-flop clocked by wb_clk_i)
Endpoint: _697_ (rising edge-triggered flip-flop clocked by wb_clk_i)
Path Group: wb_clk_i
Path Type: min

Fanout         Cap        Slew       Delay        Time   Description
---------------------------------------------------------------------------------------------
                                  0.000000    0.000000   clock wb_clk_i (rise edge)
                                  0.000000    0.000000   clock source latency
     2    0.173040    0.776047    0.580430    0.580430 ^ wb_clk_i (in)
                                                         wb_clk_i (net)
                      0.816176    0.000000    0.580430 ^ clkbuf_0_wb_clk_i/A (sky130_fd_sc_hd__clkbuf_16)
    17    0.079963    0.109695    0.312120    0.892550 ^ clkbuf_0_wb_clk_i/X (sky130_fd_sc_hd__clkbuf_16)
                                                         clknet_0_wb_clk_i (net)
                      0.110467    0.006512    0.899062 ^ clkbuf_3_1_0_wb_clk_i/A (sky130_fd_sc_hd__clkbuf_8)
    11    0.038866    0.080091    0.169705    1.068768 ^ clkbuf_3_1_0_wb_clk_i/X (sky130_fd_sc_hd__clkbuf_8)
                                                         clknet_3_1_0_wb_clk_i (net)
                      0.080127    0.001529    1.070297 ^ _697_/CLK (sky130_fd_sc_hd__dfrtp_2)
     1    0.002662    0.037304    0.325527    1.395824 ^ _697_/Q (sky130_fd_sc_hd__dfrtp_2)
                                                         timer.scan_div[3] (net)
                      0.037304    0.000164    1.395989 ^ hold37/A (sky130_fd_sc_hd__dlygate4sd3_1)
     3    0.015108    0.162984    0.591234    1.987223 ^ hold37/X (sky130_fd_sc_hd__dlygate4sd3_1)
                                                         net37 (net)
                      0.162988    0.000995    1.988218 ^ _495_/A (sky130_fd_sc_hd__xnor2_2)
     1    0.002027    0.026299    0.075485    2.063703 v _495_/Y (sky130_fd_sc_hd__xnor2_2)
                                                         _026_ (net)
                      0.026299    0.000133    2.063836 v hold38/A (sky130_fd_sc_hd__dlygate4sd3_1)
     1    0.002870    0.053580    0.514411    2.578247 v hold38/X (sky130_fd_sc_hd__dlygate4sd3_1)
                                                         net38 (net)
                      0.053580    0.000179    2.578426 v _697_/D (sky130_fd_sc_hd__dfrtp_2)
                                              2.578426   data arrival time

                                  0.000000    0.000000   clock wb_clk_i (rise edge)
                                  0.000000    0.000000   clock source latency
     2    0.173040    0.776047    0.641528    0.641528 ^ wb_clk_i (in)
                                                         wb_clk_i (net)
                      0.816176    0.000000    0.641528 ^ clkbuf_0_wb_clk_i/A (sky130_fd_sc_hd__clkbuf_16)
    17    0.079963    0.109695    0.344975    0.986503 ^ clkbuf_0_wb_clk_i/X (sky130_fd_sc_hd__clkbuf_16)
                                                         clknet_0_wb_clk_i (net)
                      0.110467    0.007198    0.993701 ^ clkbuf_3_1_0_wb_clk_i/A (sky130_fd_sc_hd__clkbuf_8)
    11    0.038866    0.080091    0.187569    1.181270 ^ clkbuf_3_1_0_wb_clk_i/X (sky130_fd_sc_hd__clkbuf_8)
                                                         clknet_3_1_0_wb_clk_i (net)
                      0.080127    0.001690    1.182960 ^ _697_/CLK (sky130_fd_sc_hd__dfrtp_2)
                                  0.250000    1.432960   clock uncertainty
                                 -0.112663    1.320297   clock reconvergence pessimism
                                 -0.037592    1.282705   library hold time
                                              1.282705   data required time
---------------------------------------------------------------------------------------------
                                              1.282705   data required time
                                             -2.578426   data arrival time
---------------------------------------------------------------------------------------------
                                              1.295721   slack (MET)


Startpoint: _694_ (rising edge-triggered flip-flop clocked by wb_clk_i)
Endpoint: _695_ (rising edge-triggered flip-flop clocked by wb_clk_i)
Path Group: wb_clk_i
Path Type: min

Fanout         Cap        Slew       Delay        Time   Description
---------------------------------------------------------------------------------------------
                                  0.000000    0.000000   clock wb_clk_i (rise edge)
                                  0.000000    0.000000   clock source latency
     2    0.173040    0.776047    0.580430    0.580430 ^ wb_clk_i (in)
                                                         wb_clk_i (net)
                      0.816176    0.000000    0.580430 ^ clkbuf_0_wb_clk_i/A (sky130_fd_sc_hd__clkbuf_16)
    17    0.079963    0.109695    0.312120    0.892550 ^ clkbuf_0_wb_clk_i/X (sky130_fd_sc_hd__clkbuf_16)
                                                         clknet_0_wb_clk_i (net)
                      0.110467    0.006512    0.899062 ^ clkbuf_3_1_0_wb_clk_i/A (sky130_fd_sc_hd__clkbuf_8)
    11    0.038866    0.080091    0.169705    1.068768 ^ clkbuf_3_1_0_wb_clk_i/X (sky130_fd_sc_hd__clkbuf_8)
                                                         clknet_3_1_0_wb_clk_i (net)
                      0.080131    0.001590    1.070357 ^ _694_/CLK (sky130_fd_sc_hd__dfrtp_2)
     2    0.007640    0.058626    0.348180    1.418537 ^ _694_/Q (sky130_fd_sc_hd__dfrtp_2)
                                                         timer.scan_div[0] (net)
                      0.058626    0.000505    1.419042 ^ _395_/A (sky130_fd_sc_hd__nor2_2)
     1    0.002060    0.021116    0.034678    1.453721 v _395_/Y (sky130_fd_sc_hd__nor2_2)
                                                         _210_ (net)
                      0.021117    0.000132    1.453853 v hold122/A (sky130_fd_sc_hd__dlygate4sd3_1)
     2    0.007807    0.078487    0.544256    1.998108 v hold122/X (sky130_fd_sc_hd__dlygate4sd3_1)
                                                         net122 (net)
                      0.078487    0.000514    1.998622 v _490_/A (sky130_fd_sc_hd__nor2_2)
     1    0.002888    0.061220    0.100663    2.099285 ^ _490_/Y (sky130_fd_sc_hd__nor2_2)
                                                         _012_ (net)
                      0.061220    0.000173    2.099458 ^ hold123/A (sky130_fd_sc_hd__dlygate4sd3_1)
     1    0.002304    0.048792    0.508358    2.607815 ^ hold123/X (sky130_fd_sc_hd__dlygate4sd3_1)
                                                         net123 (net)
                      0.048792    0.000158    2.607974 ^ _695_/D (sky130_fd_sc_hd__dfrtp_2)
                                              2.607974   data arrival time

                                  0.000000    0.000000   clock wb_clk_i (rise edge)
                                  0.000000    0.000000   clock source latency
     2    0.173040    0.776047    0.641528    0.641528 ^ wb_clk_i (in)
                                                         wb_clk_i (net)
                      0.816176    0.000000    0.641528 ^ clkbuf_0_wb_clk_i/A (sky130_fd_sc_hd__clkbuf_16)
    17    0.079963    0.109695    0.344975    0.986503 ^ clkbuf_0_wb_clk_i/X (sky130_fd_sc_hd__clkbuf_16)
                                                         clknet_0_wb_clk_i (net)
                      0.110467    0.007198    0.993701 ^ clkbuf_3_1_0_wb_clk_i/A (sky130_fd_sc_hd__clkbuf_8)
    11    0.038866    0.080091    0.187569    1.181270 ^ clkbuf_3_1_0_wb_clk_i/X (sky130_fd_sc_hd__clkbuf_8)
                                                         clknet_3_1_0_wb_clk_i (net)
                      0.080120    0.001553    1.182822 ^ _695_/CLK (sky130_fd_sc_hd__dfrtp_2)
                                  0.250000    1.432822   clock uncertainty
                                 -0.112502    1.320321   clock reconvergence pessimism
                                 -0.030660    1.289661   library hold time
                                              1.289661   data required time
---------------------------------------------------------------------------------------------
                                              1.289661   data required time
                                             -2.607974   data arrival time
---------------------------------------------------------------------------------------------
                                              1.318313   slack (MET)


Startpoint: _744_ (rising edge-triggered flip-flop clocked by wb_clk_i)
Endpoint: _744_ (rising edge-triggered flip-flop clocked by wb_clk_i)
Path Group: wb_clk_i
Path Type: min

Fanout         Cap        Slew       Delay        Time   Description
---------------------------------------------------------------------------------------------
                                  0.000000    0.000000   clock wb_clk_i (rise edge)
                                  0.000000    0.000000   clock source latency
     2    0.173040    0.776047    0.580430    0.580430 ^ wb_clk_i (in)
                                                         wb_clk_i (net)
                      0.816176    0.000000    0.580430 ^ clkbuf_0_wb_clk_i/A (sky130_fd_sc_hd__clkbuf_16)
    17    0.079963    0.109695    0.312120    0.892550 ^ clkbuf_0_wb_clk_i/X (sky130_fd_sc_hd__clkbuf_16)
                                                         clknet_0_wb_clk_i (net)
                      0.110422    0.006298    0.898848 ^ clkbuf_3_4_0_wb_clk_i/A (sky130_fd_sc_hd__clkbuf_8)
    11    0.039410    0.081236    0.170141    1.068989 ^ clkbuf_3_4_0_wb_clk_i/X (sky130_fd_sc_hd__clkbuf_8)
                                                         clknet_3_4_0_wb_clk_i (net)
                      0.081362    0.002661    1.071650 ^ _744_/CLK (sky130_fd_sc_hd__dfrtp_2)
     1    0.002298    0.036038    0.323926    1.395576 ^ _744_/Q (sky130_fd_sc_hd__dfrtp_2)
                                                         timer.sec_div[17] (net)
                      0.036038    0.000159    1.395735 ^ hold53/A (sky130_fd_sc_hd__dlygate4sd3_1)
     4    0.019017    0.199269    0.616253    2.011988 ^ hold53/X (sky130_fd_sc_hd__dlygate4sd3_1)
                                                         net53 (net)
                      0.199273    0.001150    2.013138 ^ _456_/A (sky130_fd_sc_hd__xor2_2)
     1    0.002822    0.030146    0.085773    2.098911 v _456_/X (sky130_fd_sc_hd__xor2_2)
                                                         _042_ (net)
                      0.030146    0.000167    2.099078 v hold54/A (sky130_fd_sc_hd__dlygate4sd3_1)
     1    0.002316    0.050428    0.511083    2.610160 v hold54/X (sky130_fd_sc_hd__dlygate4sd3_1)
                                                         net54 (net)
                      0.050428    0.000100    2.610261 v _744_/D (sky130_fd_sc_hd__dfrtp_2)
                                              2.610261   data arrival time

                                  0.000000    0.000000   clock wb_clk_i (rise edge)
                                  0.000000    0.000000   clock source latency
     2    0.173040    0.776047    0.641528    0.641528 ^ wb_clk_i (in)
                                                         wb_clk_i (net)
                      0.816176    0.000000    0.641528 ^ clkbuf_0_wb_clk_i/A (sky130_fd_sc_hd__clkbuf_16)
    17    0.079963    0.109695    0.344975    0.986503 ^ clkbuf_0_wb_clk_i/X (sky130_fd_sc_hd__clkbuf_16)
                                                         clknet_0_wb_clk_i (net)
                      0.110422    0.006960    0.993463 ^ clkbuf_3_4_0_wb_clk_i/A (sky130_fd_sc_hd__clkbuf_8)
    11    0.039410    0.081236    0.188051    1.181514 ^ clkbuf_3_4_0_wb_clk_i/X (sky130_fd_sc_hd__clkbuf_8)
                                                         clknet_3_4_0_wb_clk_i (net)
                      0.081362    0.002941    1.184455 ^ _744_/CLK (sky130_fd_sc_hd__dfrtp_2)
                                  0.250000    1.434455   clock uncertainty
                                 -0.112805    1.321650   clock reconvergence pessimism
                                 -0.036028    1.285622   library hold time
                                              1.285622   data required time
---------------------------------------------------------------------------------------------
                                              1.285622   data required time
                                             -2.610261   data arrival time
---------------------------------------------------------------------------------------------
                                              1.324639   slack (MET)


Startpoint: _729_ (rising edge-triggered flip-flop clocked by wb_clk_i)
Endpoint: _729_ (rising edge-triggered flip-flop clocked by wb_clk_i)
Path Group: wb_clk_i
Path Type: min

Fanout         Cap        Slew       Delay        Time   Description
---------------------------------------------------------------------------------------------
                                  0.000000    0.000000   clock wb_clk_i (rise edge)
                                  0.000000    0.000000   clock source latency
     2    0.173040    0.776047    0.580430    0.580430 ^ wb_clk_i (in)
                                                         wb_clk_i (net)
                      0.816176    0.000000    0.580430 ^ clkbuf_0_wb_clk_i/A (sky130_fd_sc_hd__clkbuf_16)
    17    0.079963    0.109695    0.312120    0.892550 ^ clkbuf_0_wb_clk_i/X (sky130_fd_sc_hd__clkbuf_16)
                                                         clknet_0_wb_clk_i (net)
                      0.110560    0.006938    0.899488 ^ clkbuf_3_7_0_wb_clk_i/A (sky130_fd_sc_hd__clkbuf_8)
    12    0.039052    0.080674    0.169794    1.069282 ^ clkbuf_3_7_0_wb_clk_i/X (sky130_fd_sc_hd__clkbuf_8)
                                                         clknet_3_7_0_wb_clk_i (net)
                      0.080758    0.002204    1.071486 ^ _729_/CLK (sky130_fd_sc_hd__dfrtp_2)
     1    0.002318    0.036122    0.323824    1.395311 ^ _729_/Q (sky130_fd_sc_hd__dfrtp_2)
                                                         timer.sec_div[2] (net)
                      0.036122    0.000160    1.395471 ^ hold59/A (sky130_fd_sc_hd__dlygate4sd3_1)
     4    0.018581    0.195146    0.613665    2.009136 ^ hold59/X (sky130_fd_sc_hd__dlygate4sd3_1)
                                                         net59 (net)
                      0.195146    0.000657    2.009793 ^ _416_/A (sky130_fd_sc_hd__xnor2_2)
     1    0.002707    0.029156    0.083035    2.092828 v _416_/Y (sky130_fd_sc_hd__xnor2_2)
                                                         _056_ (net)
                      0.029157    0.000102    2.092930 v hold60/A (sky130_fd_sc_hd__dlygate4sd3_1)
     1    0.003409    0.057082    0.520053    2.612983 v hold60/X (sky130_fd_sc_hd__dlygate4sd3_1)
                                                         net60 (net)
                      0.057082    0.000232    2.613215 v _729_/D (sky130_fd_sc_hd__dfrtp_2)
                                              2.613215   data arrival time

                                  0.000000    0.000000   clock wb_clk_i (rise edge)
                                  0.000000    0.000000   clock source latency
     2    0.173040    0.776047    0.641528    0.641528 ^ wb_clk_i (in)
                                                         wb_clk_i (net)
                      0.816176    0.000000    0.641528 ^ clkbuf_0_wb_clk_i/A (sky130_fd_sc_hd__clkbuf_16)
    17    0.079963    0.109695    0.344975    0.986503 ^ clkbuf_0_wb_clk_i/X (sky130_fd_sc_hd__clkbuf_16)
                                                         clknet_0_wb_clk_i (net)
                      0.110560    0.007668    0.994171 ^ clkbuf_3_7_0_wb_clk_i/A (sky130_fd_sc_hd__clkbuf_8)
    12    0.039052    0.080674    0.187667    1.181838 ^ clkbuf_3_7_0_wb_clk_i/X (sky130_fd_sc_hd__clkbuf_8)
                                                         clknet_3_7_0_wb_clk_i (net)
                      0.080758    0.002436    1.184274 ^ _729_/CLK (sky130_fd_sc_hd__dfrtp_2)
                                  0.250000    1.434274   clock uncertainty
                                 -0.112788    1.321486   clock reconvergence pessimism
                                 -0.038873    1.282613   library hold time
                                              1.282613   data required time
---------------------------------------------------------------------------------------------
                                              1.282613   data required time
                                             -2.613215   data arrival time
---------------------------------------------------------------------------------------------
                                              1.330602   slack (MET)


Startpoint: _718_ (rising edge-triggered flip-flop clocked by wb_clk_i)
Endpoint: _721_ (rising edge-triggered flip-flop clocked by wb_clk_i)
Path Group: wb_clk_i
Path Type: min

Fanout         Cap        Slew       Delay        Time   Description
---------------------------------------------------------------------------------------------
                                  0.000000    0.000000   clock wb_clk_i (rise edge)
                                  0.000000    0.000000   clock source latency
     2    0.173040    0.776047    0.580430    0.580430 ^ wb_clk_i (in)
                                                         wb_clk_i (net)
                      0.816176    0.000000    0.580430 ^ clkbuf_0_wb_clk_i/A (sky130_fd_sc_hd__clkbuf_16)
    17    0.079963    0.109695    0.312120    0.892550 ^ clkbuf_0_wb_clk_i/X (sky130_fd_sc_hd__clkbuf_16)
                                                         clknet_0_wb_clk_i (net)
                      0.110505    0.006689    0.899240 ^ clkbuf_3_2_0_wb_clk_i/A (sky130_fd_sc_hd__clkbuf_8)
    11    0.038341    0.079269    0.169095    1.068334 ^ clkbuf_3_2_0_wb_clk_i/X (sky130_fd_sc_hd__clkbuf_8)
                                                         clknet_3_2_0_wb_clk_i (net)
                      0.079318    0.001723    1.070057 ^ _718_/CLK (sky130_fd_sc_hd__dfrtp_2)
     4    0.013988    0.066075    0.411201    1.481258 v _718_/Q (sky130_fd_sc_hd__dfrtp_2)
                                                         timer.scan_div[24] (net)
                      0.066081    0.001075    1.482333 v _553_/A (sky130_fd_sc_hd__and4_2)
     1    0.003939    0.037379    0.176565    1.658898 v _553_/X (sky130_fd_sc_hd__and4_2)
                                                         _307_ (net)
                      0.037379    0.000332    1.659230 v _554_/D (sky130_fd_sc_hd__and4_2)
     5    0.027861    0.088819    0.275508    1.934737 v _554_/X (sky130_fd_sc_hd__and4_2)
                                                         _308_ (net)
                      0.088878    0.001991    1.936728 v _556_/A_N (sky130_fd_sc_hd__and2b_2)
     1    0.002001    0.031125    0.202530    2.139258 ^ _556_/X (sky130_fd_sc_hd__and2b_2)
                                                         _020_ (net)
                      0.031125    0.000087    2.139345 ^ hold164/A (sky130_fd_sc_hd__dlygate4sd3_1)
     1    0.002407    0.049549    0.500258    2.639603 ^ hold164/X (sky130_fd_sc_hd__dlygate4sd3_1)
                                                         net164 (net)
                      0.049549    0.000164    2.639767 ^ _721_/D (sky130_fd_sc_hd__dfrtp_2)
                                              2.639767   data arrival time

                                  0.000000    0.000000   clock wb_clk_i (rise edge)
                                  0.000000    0.000000   clock source latency
     2    0.173040    0.776047    0.641528    0.641528 ^ wb_clk_i (in)
                                                         wb_clk_i (net)
                      0.816176    0.000000    0.641528 ^ clkbuf_0_wb_clk_i/A (sky130_fd_sc_hd__clkbuf_16)
    17    0.079963    0.109695    0.344975    0.986503 ^ clkbuf_0_wb_clk_i/X (sky130_fd_sc_hd__clkbuf_16)
                                                         clknet_0_wb_clk_i (net)
                      0.110620    0.007955    0.994458 ^ clkbuf_3_0_0_wb_clk_i/A (sky130_fd_sc_hd__clkbuf_8)
    11    0.037435    0.077850    0.185790    1.180247 ^ clkbuf_3_0_0_wb_clk_i/X (sky130_fd_sc_hd__clkbuf_8)
                                                         clknet_3_0_0_wb_clk_i (net)
                      0.077917    0.002159    1.182406 ^ _721_/CLK (sky130_fd_sc_hd__dfrtp_2)
                                  0.250000    1.432406   clock uncertainty
                                 -0.093953    1.338454   clock reconvergence pessimism
                                 -0.031118    1.307336   library hold time
                                              1.307336   data required time
---------------------------------------------------------------------------------------------
                                              1.307336   data required time
                                             -2.639767   data arrival time
---------------------------------------------------------------------------------------------
                                              1.332430   slack (MET)


Startpoint: _712_ (rising edge-triggered flip-flop clocked by wb_clk_i)
Endpoint: _712_ (rising edge-triggered flip-flop clocked by wb_clk_i)
Path Group: wb_clk_i
Path Type: min

Fanout         Cap        Slew       Delay        Time   Description
---------------------------------------------------------------------------------------------
                                  0.000000    0.000000   clock wb_clk_i (rise edge)
                                  0.000000    0.000000   clock source latency
     2    0.173040    0.776047    0.580430    0.580430 ^ wb_clk_i (in)
                                                         wb_clk_i (net)
                      0.816176    0.000000    0.580430 ^ clkbuf_0_wb_clk_i/A (sky130_fd_sc_hd__clkbuf_16)
    17    0.079963    0.109695    0.312120    0.892550 ^ clkbuf_0_wb_clk_i/X (sky130_fd_sc_hd__clkbuf_16)
                                                         clknet_0_wb_clk_i (net)
                      0.110620    0.007197    0.899748 ^ clkbuf_3_0_0_wb_clk_i/A (sky130_fd_sc_hd__clkbuf_8)
    11    0.037435    0.077850    0.168095    1.067843 ^ clkbuf_3_0_0_wb_clk_i/X (sky130_fd_sc_hd__clkbuf_8)
                                                         clknet_3_0_0_wb_clk_i (net)
                      0.077899    0.001712    1.069555 ^ _712_/CLK (sky130_fd_sc_hd__dfrtp_2)
     1    0.002761    0.037656    0.325290    1.394845 ^ _712_/Q (sky130_fd_sc_hd__dfrtp_2)
                                                         timer.scan_div[18] (net)
                      0.037656    0.000168    1.395013 ^ hold57/A (sky130_fd_sc_hd__dlygate4sd3_1)
     4    0.018914    0.198262    0.616265    2.011277 ^ hold57/X (sky130_fd_sc_hd__dlygate4sd3_1)
                                                         net57 (net)
                      0.198263    0.000791    2.012068 ^ _533_/A (sky130_fd_sc_hd__xor2_2)
     1    0.002569    0.029412    0.084458    2.096526 v _533_/X (sky130_fd_sc_hd__xor2_2)
                                                         _010_ (net)
                      0.029412    0.000161    2.096687 v hold58/A (sky130_fd_sc_hd__dlygate4sd3_1)
     1    0.003044    0.054661    0.517061    2.613748 v hold58/X (sky130_fd_sc_hd__dlygate4sd3_1)
                                                         net58 (net)
                      0.054661    0.000184    2.613932 v _712_/D (sky130_fd_sc_hd__dfrtp_2)
                                              2.613932   data arrival time

                                  0.000000    0.000000   clock wb_clk_i (rise edge)
                                  0.000000    0.000000   clock source latency
     2    0.173040    0.776047    0.641528    0.641528 ^ wb_clk_i (in)
                                                         wb_clk_i (net)
                      0.816176    0.000000    0.641528 ^ clkbuf_0_wb_clk_i/A (sky130_fd_sc_hd__clkbuf_16)
    17    0.079963    0.109695    0.344975    0.986503 ^ clkbuf_0_wb_clk_i/X (sky130_fd_sc_hd__clkbuf_16)
                                                         clknet_0_wb_clk_i (net)
                      0.110620    0.007955    0.994458 ^ clkbuf_3_0_0_wb_clk_i/A (sky130_fd_sc_hd__clkbuf_8)
    11    0.037435    0.077850    0.185790    1.180247 ^ clkbuf_3_0_0_wb_clk_i/X (sky130_fd_sc_hd__clkbuf_8)
                                                         clknet_3_0_0_wb_clk_i (net)
                      0.077899    0.001892    1.182140 ^ _712_/CLK (sky130_fd_sc_hd__dfrtp_2)
                                  0.250000    1.432140   clock uncertainty
                                 -0.112585    1.319555   clock reconvergence pessimism
                                 -0.038541    1.281015   library hold time
                                              1.281015   data required time
---------------------------------------------------------------------------------------------
                                              1.281015   data required time
                                             -2.613932   data arrival time
---------------------------------------------------------------------------------------------
                                              1.332917   slack (MET)


Startpoint: _688_ (rising edge-triggered flip-flop clocked by wb_clk_i)
Endpoint: _688_ (rising edge-triggered flip-flop clocked by wb_clk_i)
Path Group: wb_clk_i
Path Type: min

Fanout         Cap        Slew       Delay        Time   Description
---------------------------------------------------------------------------------------------
                                  0.000000    0.000000   clock wb_clk_i (rise edge)
                                  0.000000    0.000000   clock source latency
     2    0.173040    0.776047    0.580430    0.580430 ^ wb_clk_i (in)
                                                         wb_clk_i (net)
                      0.816176    0.000000    0.580430 ^ clkbuf_0_wb_clk_i/A (sky130_fd_sc_hd__clkbuf_16)
    17    0.079963    0.109695    0.312120    0.892550 ^ clkbuf_0_wb_clk_i/X (sky130_fd_sc_hd__clkbuf_16)
                                                         clknet_0_wb_clk_i (net)
                      0.110560    0.006938    0.899488 ^ clkbuf_3_7_0_wb_clk_i/A (sky130_fd_sc_hd__clkbuf_8)
    12    0.039052    0.080674    0.169794    1.069282 ^ clkbuf_3_7_0_wb_clk_i/X (sky130_fd_sc_hd__clkbuf_8)
                                                         clknet_3_7_0_wb_clk_i (net)
                      0.080793    0.002573    1.071855 ^ _688_/CLK (sky130_fd_sc_hd__dfrtp_2)
     2    0.005952    0.051628    0.341653    1.413507 ^ _688_/Q (sky130_fd_sc_hd__dfrtp_2)
                                                         timer.sec_tens[3] (net)
                      0.051628    0.000243    1.413750 ^ hold77/A (sky130_fd_sc_hd__dlygate4sd3_1)
     2    0.018889    0.198207    0.620214    2.033965 ^ hold77/X (sky130_fd_sc_hd__dlygate4sd3_1)
                                                         net77 (net)
                      0.198212    0.001239    2.035203 ^ _353_/A (sky130_fd_sc_hd__xnor2_2)
     1    0.001661    0.025103    0.078713    2.113916 v _353_/Y (sky130_fd_sc_hd__xnor2_2)
                                                         _163_ (net)
                      0.025103    0.000073    2.113989 v hold78/A (sky130_fd_sc_hd__dlygate4sd3_1)
     1    0.002609    0.052009    0.511723    2.625711 v hold78/X (sky130_fd_sc_hd__dlygate4sd3_1)
                                                         net78 (net)
                      0.052009    0.000167    2.625879 v _688_/D (sky130_fd_sc_hd__dfrtp_2)
                                              2.625879   data arrival time

                                  0.000000    0.000000   clock wb_clk_i (rise edge)
                                  0.000000    0.000000   clock source latency
     2    0.173040    0.776047    0.641528    0.641528 ^ wb_clk_i (in)
                                                         wb_clk_i (net)
                      0.816176    0.000000    0.641528 ^ clkbuf_0_wb_clk_i/A (sky130_fd_sc_hd__clkbuf_16)
    17    0.079963    0.109695    0.344975    0.986503 ^ clkbuf_0_wb_clk_i/X (sky130_fd_sc_hd__clkbuf_16)
                                                         clknet_0_wb_clk_i (net)
                      0.110560    0.007668    0.994171 ^ clkbuf_3_7_0_wb_clk_i/A (sky130_fd_sc_hd__clkbuf_8)
    12    0.039052    0.080674    0.187667    1.181838 ^ clkbuf_3_7_0_wb_clk_i/X (sky130_fd_sc_hd__clkbuf_8)
                                                         clknet_3_7_0_wb_clk_i (net)
                      0.080793    0.002844    1.184682 ^ _688_/CLK (sky130_fd_sc_hd__dfrtp_2)
                                  0.250000    1.434682   clock uncertainty
                                 -0.112827    1.321855   clock reconvergence pessimism
                                 -0.036801    1.285054   library hold time
                                              1.285054   data required time
---------------------------------------------------------------------------------------------
                                              1.285054   data required time
                                             -2.625879   data arrival time
---------------------------------------------------------------------------------------------
                                              1.340825   slack (MET)


Startpoint: _678_ (rising edge-triggered flip-flop clocked by wb_clk_i)
Endpoint: _678_ (rising edge-triggered flip-flop clocked by wb_clk_i)
Path Group: wb_clk_i
Path Type: min

Fanout         Cap        Slew       Delay        Time   Description
---------------------------------------------------------------------------------------------
                                  0.000000    0.000000   clock wb_clk_i (rise edge)
                                  0.000000    0.000000   clock source latency
     2    0.173040    0.776047    0.580430    0.580430 ^ wb_clk_i (in)
                                                         wb_clk_i (net)
                      0.816176    0.000000    0.580430 ^ clkbuf_0_wb_clk_i/A (sky130_fd_sc_hd__clkbuf_16)
    17    0.079963    0.109695    0.312120    0.892550 ^ clkbuf_0_wb_clk_i/X (sky130_fd_sc_hd__clkbuf_16)
                                                         clknet_0_wb_clk_i (net)
                      0.110683    0.007464    0.900014 ^ clkbuf_3_5_0_wb_clk_i/A (sky130_fd_sc_hd__clkbuf_8)
    11    0.040685    0.082957    0.171889    1.071903 ^ clkbuf_3_5_0_wb_clk_i/X (sky130_fd_sc_hd__clkbuf_8)
                                                         clknet_3_5_0_wb_clk_i (net)
                      0.083013    0.001873    1.073776 ^ _678_/CLK (sky130_fd_sc_hd__dfrtp_2)
     4    0.012942    0.080352    0.370542    1.444318 ^ _678_/Q (sky130_fd_sc_hd__dfrtp_2)
                                                         timer.min_tens[1] (net)
                      0.080355    0.000574    1.444892 ^ hold152/A (sky130_fd_sc_hd__dlygate4sd3_1)
     2    0.007768    0.096619    0.555130    2.000022 ^ hold152/X (sky130_fd_sc_hd__dlygate4sd3_1)
                                                         net152 (net)
                      0.096733    0.000421    2.000443 ^ _381_/A1 (sky130_fd_sc_hd__o21ba_2)
     1    0.003541    0.037119    0.139500    2.139943 ^ _381_/X (sky130_fd_sc_hd__o21ba_2)
                                                         _153_ (net)
                      0.037132    0.000202    2.140146 ^ hold153/A (sky130_fd_sc_hd__dlygate4sd3_1)
     1    0.002330    0.048965    0.501429    2.641574 ^ hold153/X (sky130_fd_sc_hd__dlygate4sd3_1)
                                                         net153 (net)
                      0.048965    0.000159    2.641733 ^ _678_/D (sky130_fd_sc_hd__dfrtp_2)
                                              2.641733   data arrival time

                                  0.000000    0.000000   clock wb_clk_i (rise edge)
                                  0.000000    0.000000   clock source latency
     2    0.173040    0.776047    0.641528    0.641528 ^ wb_clk_i (in)
                                                         wb_clk_i (net)
                      0.816176    0.000000    0.641528 ^ clkbuf_0_wb_clk_i/A (sky130_fd_sc_hd__clkbuf_16)
    17    0.079963    0.109695    0.344975    0.986503 ^ clkbuf_0_wb_clk_i/X (sky130_fd_sc_hd__clkbuf_16)
                                                         clknet_0_wb_clk_i (net)
                      0.110683    0.008250    0.994753 ^ clkbuf_3_5_0_wb_clk_i/A (sky130_fd_sc_hd__clkbuf_8)
    11    0.040685    0.082957    0.189982    1.184735 ^ clkbuf_3_5_0_wb_clk_i/X (sky130_fd_sc_hd__clkbuf_8)
                                                         clknet_3_5_0_wb_clk_i (net)
                      0.083013    0.002070    1.186805 ^ _678_/CLK (sky130_fd_sc_hd__dfrtp_2)
                                  0.250000    1.436805   clock uncertainty
                                 -0.113029    1.323776   clock reconvergence pessimism
                                 -0.030300    1.293476   library hold time
                                              1.293476   data required time
---------------------------------------------------------------------------------------------
                                              1.293476   data required time
                                             -2.641733   data arrival time
---------------------------------------------------------------------------------------------
                                              1.348257   slack (MET)


Startpoint: _726_ (rising edge-triggered flip-flop clocked by wb_clk_i)
Endpoint: _676_ (rising edge-triggered flip-flop clocked by wb_clk_i)
Path Group: wb_clk_i
Path Type: min

Fanout         Cap        Slew       Delay        Time   Description
---------------------------------------------------------------------------------------------
                                  0.000000    0.000000   clock wb_clk_i (rise edge)
                                  0.000000    0.000000   clock source latency
     2    0.173040    0.776047    0.580430    0.580430 ^ wb_clk_i (in)
                                                         wb_clk_i (net)
                      0.816176    0.000000    0.580430 ^ clkbuf_0_wb_clk_i/A (sky130_fd_sc_hd__clkbuf_16)
    17    0.079963    0.109695    0.312120    0.892550 ^ clkbuf_0_wb_clk_i/X (sky130_fd_sc_hd__clkbuf_16)
                                                         clknet_0_wb_clk_i (net)
                      0.110422    0.006298    0.898848 ^ clkbuf_3_4_0_wb_clk_i/A (sky130_fd_sc_hd__clkbuf_8)
    11    0.039410    0.081236    0.170141    1.068989 ^ clkbuf_3_4_0_wb_clk_i/X (sky130_fd_sc_hd__clkbuf_8)
                                                         clknet_3_4_0_wb_clk_i (net)
                      0.081310    0.002104    1.071093 ^ _726_/CLK (sky130_fd_sc_hd__dfrtp_2)
     1    0.002674    0.037348    0.326009    1.397102 ^ _726_/Q (sky130_fd_sc_hd__dfrtp_2)
                                                         timer.scan (net)
                      0.037348    0.000169    1.397271 ^ hold43/A (sky130_fd_sc_hd__dlygate4sd3_1)
     2    0.014907    0.161126    0.589893    1.987163 ^ hold43/X (sky130_fd_sc_hd__dlygate4sd3_1)
                                                         net43 (net)
                      0.161127    0.000712    1.987875 ^ _387_/S (sky130_fd_sc_hd__mux2_1)
     1    0.003208    0.044395    0.150137    2.138012 ^ _387_/X (sky130_fd_sc_hd__mux2_1)
                                                         _151_ (net)
                      0.044395    0.000192    2.138204 ^ hold151/A (sky130_fd_sc_hd__dlygate4sd3_1)
     1    0.002393    0.049447    0.504235    2.642439 ^ hold151/X (sky130_fd_sc_hd__dlygate4sd3_1)
                                                         net151 (net)
                      0.049447    0.000161    2.642600 ^ _676_/D (sky130_fd_sc_hd__dfrtp_2)
                                              2.642600   data arrival time

                                  0.000000    0.000000   clock wb_clk_i (rise edge)
                                  0.000000    0.000000   clock source latency
     2    0.173040    0.776047    0.641528    0.641528 ^ wb_clk_i (in)
                                                         wb_clk_i (net)
                      0.816176    0.000000    0.641528 ^ clkbuf_0_wb_clk_i/A (sky130_fd_sc_hd__clkbuf_16)
    17    0.079963    0.109695    0.344975    0.986503 ^ clkbuf_0_wb_clk_i/X (sky130_fd_sc_hd__clkbuf_16)
                                                         clknet_0_wb_clk_i (net)
                      0.110422    0.006960    0.993463 ^ clkbuf_3_4_0_wb_clk_i/A (sky130_fd_sc_hd__clkbuf_8)
    11    0.039410    0.081236    0.188051    1.181514 ^ clkbuf_3_4_0_wb_clk_i/X (sky130_fd_sc_hd__clkbuf_8)
                                                         clknet_3_4_0_wb_clk_i (net)
                      0.081309    0.002319    1.183833 ^ _676_/CLK (sky130_fd_sc_hd__dfrtp_2)
                                  0.250000    1.433833   clock uncertainty
                                 -0.112525    1.321308   clock reconvergence pessimism
                                 -0.030632    1.290676   library hold time
                                              1.290676   data required time
---------------------------------------------------------------------------------------------
                                              1.290676   data required time
                                             -2.642600   data arrival time
---------------------------------------------------------------------------------------------
                                              1.351924   slack (MET)


Startpoint: _747_ (rising edge-triggered flip-flop clocked by wb_clk_i)
Endpoint: _747_ (rising edge-triggered flip-flop clocked by wb_clk_i)
Path Group: wb_clk_i
Path Type: min

Fanout         Cap        Slew       Delay        Time   Description
---------------------------------------------------------------------------------------------
                                  0.000000    0.000000   clock wb_clk_i (rise edge)
                                  0.000000    0.000000   clock source latency
     2    0.173040    0.776047    0.580430    0.580430 ^ wb_clk_i (in)
                                                         wb_clk_i (net)
                      0.816176    0.000000    0.580430 ^ clkbuf_0_wb_clk_i/A (sky130_fd_sc_hd__clkbuf_16)
    17    0.079963    0.109695    0.312120    0.892550 ^ clkbuf_0_wb_clk_i/X (sky130_fd_sc_hd__clkbuf_16)
                                                         clknet_0_wb_clk_i (net)
                      0.110467    0.006512    0.899062 ^ clkbuf_3_1_0_wb_clk_i/A (sky130_fd_sc_hd__clkbuf_8)
    11    0.038866    0.080091    0.169705    1.068768 ^ clkbuf_3_1_0_wb_clk_i/X (sky130_fd_sc_hd__clkbuf_8)
                                                         clknet_3_1_0_wb_clk_i (net)
                      0.080209    0.002544    1.071312 ^ _747_/CLK (sky130_fd_sc_hd__dfrtp_2)
     4    0.012105    0.077719    0.366269    1.437581 ^ _747_/Q (sky130_fd_sc_hd__dfrtp_2)
                                                         timer.sec_div[20] (net)
                      0.077721    0.000536    1.438117 ^ hold124/A (sky130_fd_sc_hd__dlygate4sd3_1)
     3    0.016878    0.179400    0.614513    2.052629 ^ hold124/X (sky130_fd_sc_hd__dlygate4sd3_1)
                                                         net124 (net)
                      0.179402    0.000912    2.053542 ^ _463_/A (sky130_fd_sc_hd__xor2_2)
     1    0.002788    0.030048    0.082409    2.135951 v _463_/X (sky130_fd_sc_hd__xor2_2)
                                                         _046_ (net)
                      0.030048    0.000159    2.136110 v hold125/A (sky130_fd_sc_hd__dlygate4sd3_1)
     1    0.002228    0.050088    0.510273    2.646384 v hold125/X (sky130_fd_sc_hd__dlygate4sd3_1)
                                                         net125 (net)
                      0.050088    0.000151    2.646534 v _747_/D (sky130_fd_sc_hd__dfrtp_2)
                                              2.646534   data arrival time

                                  0.000000    0.000000   clock wb_clk_i (rise edge)
                                  0.000000    0.000000   clock source latency
     2    0.173040    0.776047    0.641528    0.641528 ^ wb_clk_i (in)
                                                         wb_clk_i (net)
                      0.816176    0.000000    0.641528 ^ clkbuf_0_wb_clk_i/A (sky130_fd_sc_hd__clkbuf_16)
    17    0.079963    0.109695    0.344975    0.986503 ^ clkbuf_0_wb_clk_i/X (sky130_fd_sc_hd__clkbuf_16)
                                                         clknet_0_wb_clk_i (net)
                      0.110467    0.007198    0.993701 ^ clkbuf_3_1_0_wb_clk_i/A (sky130_fd_sc_hd__clkbuf_8)
    11    0.038866    0.080091    0.187569    1.181270 ^ clkbuf_3_1_0_wb_clk_i/X (sky130_fd_sc_hd__clkbuf_8)
                                                         clknet_3_1_0_wb_clk_i (net)
                      0.080209    0.002812    1.184081 ^ _747_/CLK (sky130_fd_sc_hd__dfrtp_2)
                                  0.250000    1.434081   clock uncertainty
                                 -0.112770    1.321312   clock reconvergence pessimism
                                 -0.036153    1.285159   library hold time
                                              1.285159   data required time
---------------------------------------------------------------------------------------------
                                              1.285159   data required time
                                             -2.646534   data arrival time
---------------------------------------------------------------------------------------------
                                              1.361375   slack (MET)


Startpoint: _732_ (rising edge-triggered flip-flop clocked by wb_clk_i)
Endpoint: _732_ (rising edge-triggered flip-flop clocked by wb_clk_i)
Path Group: wb_clk_i
Path Type: min

Fanout         Cap        Slew       Delay        Time   Description
---------------------------------------------------------------------------------------------
                                  0.000000    0.000000   clock wb_clk_i (rise edge)
                                  0.000000    0.000000   clock source latency
     2    0.173040    0.776047    0.580430    0.580430 ^ wb_clk_i (in)
                                                         wb_clk_i (net)
                      0.816176    0.000000    0.580430 ^ clkbuf_0_wb_clk_i/A (sky130_fd_sc_hd__clkbuf_16)
    17    0.079963    0.109695    0.312120    0.892550 ^ clkbuf_0_wb_clk_i/X (sky130_fd_sc_hd__clkbuf_16)
                                                         clknet_0_wb_clk_i (net)
                      0.110216    0.005207    0.897758 ^ clkbuf_3_6_0_wb_clk_i/A (sky130_fd_sc_hd__clkbuf_8)
    12    0.040512    0.082979    0.171162    1.068919 ^ clkbuf_3_6_0_wb_clk_i/X (sky130_fd_sc_hd__clkbuf_8)
                                                         clknet_3_6_0_wb_clk_i (net)
                      0.083072    0.001373    1.070293 ^ _732_/CLK (sky130_fd_sc_hd__dfrtp_2)
     1    0.002279    0.035959    0.324426    1.394719 ^ _732_/Q (sky130_fd_sc_hd__dfrtp_2)
                                                         timer.sec_div[5] (net)
                      0.035959    0.000156    1.394875 ^ hold108/A (sky130_fd_sc_hd__dlygate4sd3_1)
     5    0.024091    0.245179    0.649129    2.044004 ^ hold108/X (sky130_fd_sc_hd__dlygate4sd3_1)
                                                         net108 (net)
                      0.245179    0.000868    2.044872 ^ _423_/A (sky130_fd_sc_hd__xnor2_2)
     1    0.002060    0.026328    0.087057    2.131929 v _423_/Y (sky130_fd_sc_hd__xnor2_2)
                                                         _061_ (net)
                      0.026328    0.000132    2.132061 v hold109/A (sky130_fd_sc_hd__dlygate4sd3_1)
     1    0.002866    0.053552    0.514390    2.646451 v hold109/X (sky130_fd_sc_hd__dlygate4sd3_1)
                                                         net109 (net)
                      0.053552    0.000177    2.646629 v _732_/D (sky130_fd_sc_hd__dfrtp_2)
                                              2.646629   data arrival time

                                  0.000000    0.000000   clock wb_clk_i (rise edge)
                                  0.000000    0.000000   clock source latency
     2    0.173040    0.776047    0.641528    0.641528 ^ wb_clk_i (in)
                                                         wb_clk_i (net)
                      0.816176    0.000000    0.641528 ^ clkbuf_0_wb_clk_i/A (sky130_fd_sc_hd__clkbuf_16)
    17    0.079963    0.109695    0.344975    0.986503 ^ clkbuf_0_wb_clk_i/X (sky130_fd_sc_hd__clkbuf_16)
                                                         clknet_0_wb_clk_i (net)
                      0.110216    0.005756    0.992258 ^ clkbuf_3_6_0_wb_clk_i/A (sky130_fd_sc_hd__clkbuf_8)
    12    0.040512    0.082979    0.189178    1.181437 ^ clkbuf_3_6_0_wb_clk_i/X (sky130_fd_sc_hd__clkbuf_8)
                                                         clknet_3_6_0_wb_clk_i (net)
                      0.083072    0.001518    1.182955 ^ _732_/CLK (sky130_fd_sc_hd__dfrtp_2)
                                  0.250000    1.432955   clock uncertainty
                                 -0.112662    1.320293   clock reconvergence pessimism
                                 -0.036909    1.283384   library hold time
                                              1.283384   data required time
---------------------------------------------------------------------------------------------
                                              1.283384   data required time
                                             -2.646629   data arrival time
---------------------------------------------------------------------------------------------
                                              1.363245   slack (MET)


Startpoint: _728_ (rising edge-triggered flip-flop clocked by wb_clk_i)
Endpoint: _730_ (rising edge-triggered flip-flop clocked by wb_clk_i)
Path Group: wb_clk_i
Path Type: min

Fanout         Cap        Slew       Delay        Time   Description
---------------------------------------------------------------------------------------------
                                  0.000000    0.000000   clock wb_clk_i (rise edge)
                                  0.000000    0.000000   clock source latency
     2    0.173040    0.776047    0.580430    0.580430 ^ wb_clk_i (in)
                                                         wb_clk_i (net)
                      0.816176    0.000000    0.580430 ^ clkbuf_0_wb_clk_i/A (sky130_fd_sc_hd__clkbuf_16)
    17    0.079963    0.109695    0.312120    0.892550 ^ clkbuf_0_wb_clk_i/X (sky130_fd_sc_hd__clkbuf_16)
                                                         clknet_0_wb_clk_i (net)
                      0.110560    0.006938    0.899488 ^ clkbuf_3_7_0_wb_clk_i/A (sky130_fd_sc_hd__clkbuf_8)
    12    0.039052    0.080674    0.169794    1.069282 ^ clkbuf_3_7_0_wb_clk_i/X (sky130_fd_sc_hd__clkbuf_8)
                                                         clknet_3_7_0_wb_clk_i (net)
                      0.080728    0.001821    1.071103 ^ _728_/CLK (sky130_fd_sc_hd__dfrtp_2)
     2    0.005939    0.051579    0.341538    1.412641 ^ _728_/Q (sky130_fd_sc_hd__dfrtp_2)
                                                         timer.sec_div[1] (net)
                      0.051579    0.000365    1.413007 ^ _418_/A2 (sky130_fd_sc_hd__a31o_2)
     1    0.002234    0.029608    0.129953    1.542960 ^ _418_/X (sky130_fd_sc_hd__a31o_2)
                                                         _228_ (net)
                      0.029608    0.000153    1.543113 ^ hold167/A (sky130_fd_sc_hd__dlygate4sd3_1)
     1    0.002213    0.048110    0.498073    2.041186 ^ hold167/X (sky130_fd_sc_hd__dlygate4sd3_1)
                                                         net167 (net)
                      0.048110    0.000140    2.041327 ^ _419_/B (sky130_fd_sc_hd__and2b_2)
     1    0.002324    0.032546    0.120423    2.161750 ^ _419_/X (sky130_fd_sc_hd__and2b_2)
                                                         _059_ (net)
                      0.032546    0.000093    2.161843 ^ hold168/A (sky130_fd_sc_hd__dlygate4sd3_1)
     1    0.002380    0.049324    0.500452    2.662295 ^ hold168/X (sky130_fd_sc_hd__dlygate4sd3_1)
                                                         net168 (net)
                      0.049324    0.000165    2.662460 ^ _730_/D (sky130_fd_sc_hd__dfrtp_2)
                                              2.662460   data arrival time

                                  0.000000    0.000000   clock wb_clk_i (rise edge)
                                  0.000000    0.000000   clock source latency
     2    0.173040    0.776047    0.641528    0.641528 ^ wb_clk_i (in)
                                                         wb_clk_i (net)
                      0.816176    0.000000    0.641528 ^ clkbuf_0_wb_clk_i/A (sky130_fd_sc_hd__clkbuf_16)
    17    0.079963    0.109695    0.344975    0.986503 ^ clkbuf_0_wb_clk_i/X (sky130_fd_sc_hd__clkbuf_16)
                                                         clknet_0_wb_clk_i (net)
                      0.110560    0.007668    0.994171 ^ clkbuf_3_7_0_wb_clk_i/A (sky130_fd_sc_hd__clkbuf_8)
    12    0.039052    0.080674    0.187667    1.181838 ^ clkbuf_3_7_0_wb_clk_i/X (sky130_fd_sc_hd__clkbuf_8)
                                                         clknet_3_7_0_wb_clk_i (net)
                      0.080768    0.002557    1.184395 ^ _730_/CLK (sky130_fd_sc_hd__dfrtp_2)
                                  0.250000    1.434395   clock uncertainty
                                 -0.112556    1.321839   clock reconvergence pessimism
                                 -0.030681    1.291158   library hold time
                                              1.291158   data required time
---------------------------------------------------------------------------------------------
                                              1.291158   data required time
                                             -2.662460   data arrival time
---------------------------------------------------------------------------------------------
                                              1.371302   slack (MET)


Startpoint: _694_ (rising edge-triggered flip-flop clocked by wb_clk_i)
Endpoint: _694_ (rising edge-triggered flip-flop clocked by wb_clk_i)
Path Group: wb_clk_i
Path Type: min

Fanout         Cap        Slew       Delay        Time   Description
---------------------------------------------------------------------------------------------
                                  0.000000    0.000000   clock wb_clk_i (rise edge)
                                  0.000000    0.000000   clock source latency
     2    0.173040    0.776047    0.580430    0.580430 ^ wb_clk_i (in)
                                                         wb_clk_i (net)
                      0.816176    0.000000    0.580430 ^ clkbuf_0_wb_clk_i/A (sky130_fd_sc_hd__clkbuf_16)
    17    0.079963    0.109695    0.312120    0.892550 ^ clkbuf_0_wb_clk_i/X (sky130_fd_sc_hd__clkbuf_16)
                                                         clknet_0_wb_clk_i (net)
                      0.110467    0.006512    0.899062 ^ clkbuf_3_1_0_wb_clk_i/A (sky130_fd_sc_hd__clkbuf_8)
    11    0.038866    0.080091    0.169705    1.068768 ^ clkbuf_3_1_0_wb_clk_i/X (sky130_fd_sc_hd__clkbuf_8)
                                                         clknet_3_1_0_wb_clk_i (net)
                      0.080131    0.001590    1.070357 ^ _694_/CLK (sky130_fd_sc_hd__dfrtp_2)
     2    0.007640    0.058626    0.348180    1.418537 ^ _694_/Q (sky130_fd_sc_hd__dfrtp_2)
                                                         timer.scan_div[0] (net)
                      0.058626    0.000354    1.418891 ^ hold172/A (sky130_fd_sc_hd__dlygate4sd3_1)
     3    0.008646    0.103660    0.555462    1.974354 ^ hold172/X (sky130_fd_sc_hd__dlygate4sd3_1)
                                                         net172 (net)
                      0.103757    0.000496    1.974850 ^ _488_/A_N (sky130_fd_sc_hd__and2b_2)
     1    0.002225    0.033055    0.205816    2.180666 v _488_/X (sky130_fd_sc_hd__and2b_2)
                                                         _001_ (net)
                      0.033055    0.000150    2.180816 v hold173/A (sky130_fd_sc_hd__dlygate4sd3_1)
     1    0.002243    0.050117    0.511510    2.692326 v hold173/X (sky130_fd_sc_hd__dlygate4sd3_1)
                                                         net173 (net)
                      0.050117    0.000153    2.692479 v _694_/D (sky130_fd_sc_hd__dfrtp_2)
                                              2.692479   data arrival time

                                  0.000000    0.000000   clock wb_clk_i (rise edge)
                                  0.000000    0.000000   clock source latency
     2    0.173040    0.776047    0.641528    0.641528 ^ wb_clk_i (in)
                                                         wb_clk_i (net)
                      0.816176    0.000000    0.641528 ^ clkbuf_0_wb_clk_i/A (sky130_fd_sc_hd__clkbuf_16)
    17    0.079963    0.109695    0.344975    0.986503 ^ clkbuf_0_wb_clk_i/X (sky130_fd_sc_hd__clkbuf_16)
                                                         clknet_0_wb_clk_i (net)
                      0.110467    0.007198    0.993701 ^ clkbuf_3_1_0_wb_clk_i/A (sky130_fd_sc_hd__clkbuf_8)
    11    0.038866    0.080091    0.187569    1.181270 ^ clkbuf_3_1_0_wb_clk_i/X (sky130_fd_sc_hd__clkbuf_8)
                                                         clknet_3_1_0_wb_clk_i (net)
                      0.080131    0.001757    1.183026 ^ _694_/CLK (sky130_fd_sc_hd__dfrtp_2)
                                  0.250000    1.433026   clock uncertainty
                                 -0.112669    1.320357   clock reconvergence pessimism
                                 -0.036182    1.284175   library hold time
                                              1.284175   data required time
---------------------------------------------------------------------------------------------
                                              1.284175   data required time
                                             -2.692479   data arrival time
---------------------------------------------------------------------------------------------
                                              1.408304   slack (MET)


Startpoint: _689_ (rising edge-triggered flip-flop clocked by wb_clk_i)
Endpoint: _687_ (rising edge-triggered flip-flop clocked by wb_clk_i)
Path Group: wb_clk_i
Path Type: min

Fanout         Cap        Slew       Delay        Time   Description
---------------------------------------------------------------------------------------------
                                  0.000000    0.000000   clock wb_clk_i (rise edge)
                                  0.000000    0.000000   clock source latency
     2    0.173040    0.776047    0.580430    0.580430 ^ wb_clk_i (in)
                                                         wb_clk_i (net)
                      0.816176    0.000000    0.580430 ^ clkbuf_0_wb_clk_i/A (sky130_fd_sc_hd__clkbuf_16)
    17    0.079963    0.109695    0.312120    0.892550 ^ clkbuf_0_wb_clk_i/X (sky130_fd_sc_hd__clkbuf_16)
                                                         clknet_0_wb_clk_i (net)
                      0.110560    0.006938    0.899488 ^ clkbuf_3_7_0_wb_clk_i/A (sky130_fd_sc_hd__clkbuf_8)
    12    0.039052    0.080674    0.169794    1.069282 ^ clkbuf_3_7_0_wb_clk_i/X (sky130_fd_sc_hd__clkbuf_8)
                                                         clknet_3_7_0_wb_clk_i (net)
                      0.080730    0.001858    1.071140 ^ _689_/CLK (sky130_fd_sc_hd__dfrtp_2)
     5    0.018053    0.074895    0.421050    1.492190 v _689_/Q (sky130_fd_sc_hd__dfrtp_2)
                                                         timer.sec_ones[0] (net)
                      0.074972    0.000886    1.493076 v _343_/B (sky130_fd_sc_hd__and4b_2)
     3    0.009643    0.054645    0.225806    1.718882 v _343_/X (sky130_fd_sc_hd__and4b_2)
                                                         _178_ (net)
                      0.054647    0.000435    1.719317 v _344_/B (sky130_fd_sc_hd__and2b_2)
     5    0.026217    0.087632    0.239579    1.958897 v _344_/X (sky130_fd_sc_hd__and2b_2)
                                                         _179_ (net)
                      0.087692    0.001990    1.960886 v _357_/B (sky130_fd_sc_hd__nand3_2)
     3    0.014648    0.089372    0.116555    2.077441 ^ _357_/Y (sky130_fd_sc_hd__nand3_2)
                                                         _187_ (net)
                      0.089382    0.000933    2.078374 ^ _358_/C (sky130_fd_sc_hd__and3_2)
     1    0.003199    0.043714    0.169841    2.248214 ^ _358_/X (sky130_fd_sc_hd__and3_2)
                                                         _162_ (net)
                      0.043714    0.000212    2.248426 ^ hold183/A (sky130_fd_sc_hd__dlygate4sd3_1)
     1    0.002866    0.053440    0.508249    2.756675 ^ hold183/X (sky130_fd_sc_hd__dlygate4sd3_1)
                                                         net183 (net)
                      0.053440    0.000187    2.756862 ^ _687_/D (sky130_fd_sc_hd__dfrtp_2)
                                              2.756862   data arrival time

                                  0.000000    0.000000   clock wb_clk_i (rise edge)
                                  0.000000    0.000000   clock source latency
     2    0.173040    0.776047    0.641528    0.641528 ^ wb_clk_i (in)
                                                         wb_clk_i (net)
                      0.816176    0.000000    0.641528 ^ clkbuf_0_wb_clk_i/A (sky130_fd_sc_hd__clkbuf_16)
    17    0.079963    0.109695    0.344975    0.986503 ^ clkbuf_0_wb_clk_i/X (sky130_fd_sc_hd__clkbuf_16)
                                                         clknet_0_wb_clk_i (net)
                      0.110683    0.008250    0.994753 ^ clkbuf_3_5_0_wb_clk_i/A (sky130_fd_sc_hd__clkbuf_8)
    11    0.040685    0.082957    0.189982    1.184735 ^ clkbuf_3_5_0_wb_clk_i/X (sky130_fd_sc_hd__clkbuf_8)
                                                         clknet_3_5_0_wb_clk_i (net)
                      0.083002    0.001881    1.186616 ^ _687_/CLK (sky130_fd_sc_hd__dfrtp_2)
                                  0.250000    1.436616   clock uncertainty
                                 -0.093953    1.342664   clock reconvergence pessimism
                                 -0.031224    1.311439   library hold time
                                              1.311439   data required time
---------------------------------------------------------------------------------------------
                                              1.311439   data required time
                                             -2.756862   data arrival time
---------------------------------------------------------------------------------------------
                                              1.445423   slack (MET)


Startpoint: _737_ (rising edge-triggered flip-flop clocked by wb_clk_i)
Endpoint: _737_ (rising edge-triggered flip-flop clocked by wb_clk_i)
Path Group: wb_clk_i
Path Type: min

Fanout         Cap        Slew       Delay        Time   Description
---------------------------------------------------------------------------------------------
                                  0.000000    0.000000   clock wb_clk_i (rise edge)
                                  0.000000    0.000000   clock source latency
     2    0.173040    0.776047    0.580430    0.580430 ^ wb_clk_i (in)
                                                         wb_clk_i (net)
                      0.816176    0.000000    0.580430 ^ clkbuf_0_wb_clk_i/A (sky130_fd_sc_hd__clkbuf_16)
    17    0.079963    0.109695    0.312120    0.892550 ^ clkbuf_0_wb_clk_i/X (sky130_fd_sc_hd__clkbuf_16)
                                                         clknet_0_wb_clk_i (net)
                      0.110216    0.005207    0.897758 ^ clkbuf_3_6_0_wb_clk_i/A (sky130_fd_sc_hd__clkbuf_8)
    12    0.040512    0.082979    0.171162    1.068919 ^ clkbuf_3_6_0_wb_clk_i/X (sky130_fd_sc_hd__clkbuf_8)
                                                         clknet_3_6_0_wb_clk_i (net)
                      0.083111    0.001931    1.070850 ^ _737_/CLK (sky130_fd_sc_hd__dfrtp_2)
     2    0.007428    0.057721    0.348411    1.419262 ^ _737_/Q (sky130_fd_sc_hd__dfrtp_2)
                                                         timer.sec_div[10] (net)
                      0.057721    0.000354    1.419616 ^ hold190/A (sky130_fd_sc_hd__dlygate4sd3_1)
     3    0.010632    0.121723    0.568399    1.988015 ^ hold190/X (sky130_fd_sc_hd__dlygate4sd3_1)
                                                         net190 (net)
                      0.121723    0.000502    1.988517 ^ _435_/A (sky130_fd_sc_hd__or2_2)
     1    0.002131    0.026129    0.115042    2.103559 ^ _435_/X (sky130_fd_sc_hd__or2_2)
                                                         _238_ (net)
                      0.026129    0.000089    2.103647 ^ _437_/B (sky130_fd_sc_hd__and3_2)
     1    0.002043    0.038459    0.141705    2.245353 ^ _437_/X (sky130_fd_sc_hd__and3_2)
                                                         _035_ (net)
                      0.038459    0.000136    2.245489 ^ hold191/A (sky130_fd_sc_hd__dlygate4sd3_1)
     1    0.002745    0.052402    0.505542    2.751031 ^ hold191/X (sky130_fd_sc_hd__dlygate4sd3_1)
                                                         net191 (net)
                      0.052402    0.000177    2.751208 ^ _737_/D (sky130_fd_sc_hd__dfrtp_2)
                                              2.751208   data arrival time

                                  0.000000    0.000000   clock wb_clk_i (rise edge)
                                  0.000000    0.000000   clock source latency
     2    0.173040    0.776047    0.641528    0.641528 ^ wb_clk_i (in)
                                                         wb_clk_i (net)
                      0.816176    0.000000    0.641528 ^ clkbuf_0_wb_clk_i/A (sky130_fd_sc_hd__clkbuf_16)
    17    0.079963    0.109695    0.344975    0.986503 ^ clkbuf_0_wb_clk_i/X (sky130_fd_sc_hd__clkbuf_16)
                                                         clknet_0_wb_clk_i (net)
                      0.110216    0.005756    0.992258 ^ clkbuf_3_6_0_wb_clk_i/A (sky130_fd_sc_hd__clkbuf_8)
    12    0.040512    0.082979    0.189178    1.181437 ^ clkbuf_3_6_0_wb_clk_i/X (sky130_fd_sc_hd__clkbuf_8)
                                                         clknet_3_6_0_wb_clk_i (net)
                      0.083111    0.002135    1.183571 ^ _737_/CLK (sky130_fd_sc_hd__dfrtp_2)
                                  0.250000    1.433571   clock uncertainty
                                 -0.112721    1.320851   clock reconvergence pessimism
                                 -0.030995    1.289855   library hold time
                                              1.289855   data required time
---------------------------------------------------------------------------------------------
                                              1.289855   data required time
                                             -2.751208   data arrival time
---------------------------------------------------------------------------------------------
                                              1.461353   slack (MET)


Startpoint: wb_rst_i (input port clocked by wb_clk_i)
Endpoint: _743_ (removal check against rising-edge clock wb_clk_i)
Path Group: asynchronous
Path Type: min

Fanout         Cap        Slew       Delay        Time   Description
---------------------------------------------------------------------------------------------
                                  0.000000    0.000000   clock wb_clk_i (rise edge)
                                  0.000000    0.000000   clock network delay (propagated)
                                  5.000000    5.000000 v input external delay
     2    0.005043    0.013699    0.007831    5.007831 v wb_rst_i (in)
                                                         wb_rst_i (net)
                      0.013703    0.000000    5.007831 v input1/A (sky130_fd_sc_hd__buf_2)
     5    0.143937    0.321112    0.270219    5.278049 v input1/X (sky130_fd_sc_hd__buf_2)
                                                         net1 (net)
                      0.383907    0.102329    5.380379 v fanout25/A (sky130_fd_sc_hd__clkdlybuf4s25_1)
     8    0.042071    0.311666    0.535618    5.915997 v fanout25/X (sky130_fd_sc_hd__clkdlybuf4s25_1)
                                                         net25 (net)
                      0.311691    0.002782    5.918778 v _659_/A (sky130_fd_sc_hd__inv_2)
     1    0.003991    0.073315    0.109873    6.028651 ^ _659_/Y (sky130_fd_sc_hd__inv_2)
                                                         _134_ (net)
                      0.073315    0.000200    6.028851 ^ _743_/RESET_B (sky130_fd_sc_hd__dfrtp_2)
                                              6.028851   data arrival time

                                  0.000000    0.000000   clock wb_clk_i (rise edge)
                                  0.000000    0.000000   clock source latency
     2    0.173040    0.776047    0.641528    0.641528 ^ wb_clk_i (in)
                                                         wb_clk_i (net)
                      0.816176    0.000000    0.641528 ^ clkbuf_0_wb_clk_i/A (sky130_fd_sc_hd__clkbuf_16)
    17    0.079963    0.109695    0.344975    0.986503 ^ clkbuf_0_wb_clk_i/X (sky130_fd_sc_hd__clkbuf_16)
                                                         clknet_0_wb_clk_i (net)
                      0.110422    0.006960    0.993463 ^ clkbuf_3_4_0_wb_clk_i/A (sky130_fd_sc_hd__clkbuf_8)
    11    0.039410    0.081236    0.188051    1.181514 ^ clkbuf_3_4_0_wb_clk_i/X (sky130_fd_sc_hd__clkbuf_8)
                                                         clknet_3_4_0_wb_clk_i (net)
                      0.081327    0.002539    1.184053 ^ _743_/CLK (sky130_fd_sc_hd__dfrtp_2)
                                  0.250000    1.434053   clock uncertainty
                                  0.000000    1.434053   clock reconvergence pessimism
                                  0.337956    1.772009   library removal time
                                              1.772009   data required time
---------------------------------------------------------------------------------------------
                                              1.772009   data required time
                                             -6.028851   data arrival time
---------------------------------------------------------------------------------------------
                                              4.256842   slack (MET)


Startpoint: wb_rst_i (input port clocked by wb_clk_i)
Endpoint: _742_ (removal check against rising-edge clock wb_clk_i)
Path Group: asynchronous
Path Type: min

Fanout         Cap        Slew       Delay        Time   Description
---------------------------------------------------------------------------------------------
                                  0.000000    0.000000   clock wb_clk_i (rise edge)
                                  0.000000    0.000000   clock network delay (propagated)
                                  5.000000    5.000000 v input external delay
     2    0.005043    0.013699    0.007831    5.007831 v wb_rst_i (in)
                                                         wb_rst_i (net)
                      0.013703    0.000000    5.007831 v input1/A (sky130_fd_sc_hd__buf_2)
     5    0.143937    0.321112    0.270219    5.278049 v input1/X (sky130_fd_sc_hd__buf_2)
                                                         net1 (net)
                      0.383907    0.102329    5.380379 v fanout25/A (sky130_fd_sc_hd__clkdlybuf4s25_1)
     8    0.042071    0.311666    0.535618    5.915997 v fanout25/X (sky130_fd_sc_hd__clkdlybuf4s25_1)
                                                         net25 (net)
                      0.311739    0.004317    5.920314 v _658_/A (sky130_fd_sc_hd__inv_2)
     1    0.003924    0.072816    0.109247    6.029561 ^ _658_/Y (sky130_fd_sc_hd__inv_2)
                                                         _133_ (net)
                      0.072816    0.000196    6.029757 ^ _742_/RESET_B (sky130_fd_sc_hd__dfrtp_2)
                                              6.029757   data arrival time

                                  0.000000    0.000000   clock wb_clk_i (rise edge)
                                  0.000000    0.000000   clock source latency
     2    0.173040    0.776047    0.641528    0.641528 ^ wb_clk_i (in)
                                                         wb_clk_i (net)
                      0.816176    0.000000    0.641528 ^ clkbuf_0_wb_clk_i/A (sky130_fd_sc_hd__clkbuf_16)
    17    0.079963    0.109695    0.344975    0.986503 ^ clkbuf_0_wb_clk_i/X (sky130_fd_sc_hd__clkbuf_16)
                                                         clknet_0_wb_clk_i (net)
                      0.110422    0.006960    0.993463 ^ clkbuf_3_4_0_wb_clk_i/A (sky130_fd_sc_hd__clkbuf_8)
    11    0.039410    0.081236    0.188051    1.181514 ^ clkbuf_3_4_0_wb_clk_i/X (sky130_fd_sc_hd__clkbuf_8)
                                                         clknet_3_4_0_wb_clk_i (net)
                      0.081304    0.002246    1.183760 ^ _742_/CLK (sky130_fd_sc_hd__dfrtp_2)
                                  0.250000    1.433760   clock uncertainty
                                  0.000000    1.433760   clock reconvergence pessimism
                                  0.337814    1.771574   library removal time
                                              1.771574   data required time
---------------------------------------------------------------------------------------------
                                              1.771574   data required time
                                             -6.029757   data arrival time
---------------------------------------------------------------------------------------------
                                              4.258183   slack (MET)


Startpoint: wb_rst_i (input port clocked by wb_clk_i)
Endpoint: _739_ (removal check against rising-edge clock wb_clk_i)
Path Group: asynchronous
Path Type: min

Fanout         Cap        Slew       Delay        Time   Description
---------------------------------------------------------------------------------------------
                                  0.000000    0.000000   clock wb_clk_i (rise edge)
                                  0.000000    0.000000   clock network delay (propagated)
                                  5.000000    5.000000 v input external delay
     2    0.005043    0.013699    0.007831    5.007831 v wb_rst_i (in)
                                                         wb_rst_i (net)
                      0.013703    0.000000    5.007831 v input1/A (sky130_fd_sc_hd__buf_2)
     5    0.143937    0.321112    0.270219    5.278049 v input1/X (sky130_fd_sc_hd__buf_2)
                                                         net1 (net)
                      0.383907    0.102329    5.380379 v fanout25/A (sky130_fd_sc_hd__clkdlybuf4s25_1)
     8    0.042071    0.311666    0.535618    5.915997 v fanout25/X (sky130_fd_sc_hd__clkdlybuf4s25_1)
                                                         net25 (net)
                      0.311757    0.004755    5.920752 v _655_/A (sky130_fd_sc_hd__inv_2)
     1    0.003794    0.071852    0.108022    6.028774 ^ _655_/Y (sky130_fd_sc_hd__inv_2)
                                                         _130_ (net)
                      0.071852    0.000191    6.028965 ^ _739_/RESET_B (sky130_fd_sc_hd__dfrtp_2)
                                              6.028965   data arrival time

                                  0.000000    0.000000   clock wb_clk_i (rise edge)
                                  0.000000    0.000000   clock source latency
     2    0.173040    0.776047    0.641528    0.641528 ^ wb_clk_i (in)
                                                         wb_clk_i (net)
                      0.816176    0.000000    0.641528 ^ clkbuf_0_wb_clk_i/A (sky130_fd_sc_hd__clkbuf_16)
    17    0.079963    0.109695    0.344975    0.986503 ^ clkbuf_0_wb_clk_i/X (sky130_fd_sc_hd__clkbuf_16)
                                                         clknet_0_wb_clk_i (net)
                      0.110422    0.006960    0.993463 ^ clkbuf_3_4_0_wb_clk_i/A (sky130_fd_sc_hd__clkbuf_8)
    11    0.039410    0.081236    0.188051    1.181514 ^ clkbuf_3_4_0_wb_clk_i/X (sky130_fd_sc_hd__clkbuf_8)
                                                         clknet_3_4_0_wb_clk_i (net)
                      0.081246    0.001070    1.182584 ^ _739_/CLK (sky130_fd_sc_hd__dfrtp_2)
                                  0.250000    1.432584   clock uncertainty
                                  0.000000    1.432584   clock reconvergence pessimism
                                  0.337535    1.770119   library removal time
                                              1.770119   data required time
---------------------------------------------------------------------------------------------
                                              1.770119   data required time
                                             -6.028965   data arrival time
---------------------------------------------------------------------------------------------
                                              4.258846   slack (MET)


Startpoint: wb_rst_i (input port clocked by wb_clk_i)
Endpoint: _737_ (removal check against rising-edge clock wb_clk_i)
Path Group: asynchronous
Path Type: min

Fanout         Cap        Slew       Delay        Time   Description
---------------------------------------------------------------------------------------------
                                  0.000000    0.000000   clock wb_clk_i (rise edge)
                                  0.000000    0.000000   clock network delay (propagated)
                                  5.000000    5.000000 v input external delay
     2    0.005043    0.013699    0.007831    5.007831 v wb_rst_i (in)
                                                         wb_rst_i (net)
                      0.013703    0.000000    5.007831 v input1/A (sky130_fd_sc_hd__buf_2)
     5    0.143937    0.321112    0.270219    5.278049 v input1/X (sky130_fd_sc_hd__buf_2)
                                                         net1 (net)
                      0.383907    0.102329    5.380379 v fanout25/A (sky130_fd_sc_hd__clkdlybuf4s25_1)
     8    0.042071    0.311666    0.535618    5.915997 v fanout25/X (sky130_fd_sc_hd__clkdlybuf4s25_1)
                                                         net25 (net)
                      0.311752    0.004639    5.920635 v _653_/A (sky130_fd_sc_hd__inv_2)
     1    0.004151    0.074548    0.111399    6.032034 ^ _653_/Y (sky130_fd_sc_hd__inv_2)
                                                         _128_ (net)
                      0.074549    0.000210    6.032244 ^ _737_/RESET_B (sky130_fd_sc_hd__dfrtp_2)
                                              6.032244   data arrival time

                                  0.000000    0.000000   clock wb_clk_i (rise edge)
                                  0.000000    0.000000   clock source latency
     2    0.173040    0.776047    0.641528    0.641528 ^ wb_clk_i (in)
                                                         wb_clk_i (net)
                      0.816176    0.000000    0.641528 ^ clkbuf_0_wb_clk_i/A (sky130_fd_sc_hd__clkbuf_16)
    17    0.079963    0.109695    0.344975    0.986503 ^ clkbuf_0_wb_clk_i/X (sky130_fd_sc_hd__clkbuf_16)
                                                         clknet_0_wb_clk_i (net)
                      0.110216    0.005756    0.992258 ^ clkbuf_3_6_0_wb_clk_i/A (sky130_fd_sc_hd__clkbuf_8)
    12    0.040512    0.082979    0.189178    1.181437 ^ clkbuf_3_6_0_wb_clk_i/X (sky130_fd_sc_hd__clkbuf_8)
                                                         clknet_3_6_0_wb_clk_i (net)
                      0.083111    0.002135    1.183571 ^ _737_/CLK (sky130_fd_sc_hd__dfrtp_2)
                                  0.250000    1.433571   clock uncertainty
                                  0.000000    1.433571   clock reconvergence pessimism
                                  0.338782    1.772354   library removal time
                                              1.772354   data required time
---------------------------------------------------------------------------------------------
                                              1.772354   data required time
                                             -6.032244   data arrival time
---------------------------------------------------------------------------------------------
                                              4.259891   slack (MET)


Startpoint: wb_rst_i (input port clocked by wb_clk_i)
Endpoint: _736_ (removal check against rising-edge clock wb_clk_i)
Path Group: asynchronous
Path Type: min

Fanout         Cap        Slew       Delay        Time   Description
---------------------------------------------------------------------------------------------
                                  0.000000    0.000000   clock wb_clk_i (rise edge)
                                  0.000000    0.000000   clock network delay (propagated)
                                  5.000000    5.000000 v input external delay
     2    0.005043    0.013699    0.007831    5.007831 v wb_rst_i (in)
                                                         wb_rst_i (net)
                      0.013703    0.000000    5.007831 v input1/A (sky130_fd_sc_hd__buf_2)
     5    0.143937    0.321112    0.270219    5.278049 v input1/X (sky130_fd_sc_hd__buf_2)
                                                         net1 (net)
                      0.383907    0.102329    5.380379 v fanout25/A (sky130_fd_sc_hd__clkdlybuf4s25_1)
     8    0.042071    0.311666    0.535618    5.915997 v fanout25/X (sky130_fd_sc_hd__clkdlybuf4s25_1)
                                                         net25 (net)
                      0.311758    0.004786    5.920783 v _652_/A (sky130_fd_sc_hd__inv_2)
     1    0.004268    0.075457    0.112501    6.033284 ^ _652_/Y (sky130_fd_sc_hd__inv_2)
                                                         _127_ (net)
                      0.075457    0.000222    6.033507 ^ _736_/RESET_B (sky130_fd_sc_hd__dfrtp_2)
                                              6.033507   data arrival time

                                  0.000000    0.000000   clock wb_clk_i (rise edge)
                                  0.000000    0.000000   clock source latency
     2    0.173040    0.776047    0.641528    0.641528 ^ wb_clk_i (in)
                                                         wb_clk_i (net)
                      0.816176    0.000000    0.641528 ^ clkbuf_0_wb_clk_i/A (sky130_fd_sc_hd__clkbuf_16)
    17    0.079963    0.109695    0.344975    0.986503 ^ clkbuf_0_wb_clk_i/X (sky130_fd_sc_hd__clkbuf_16)
                                                         clknet_0_wb_clk_i (net)
                      0.110422    0.006960    0.993463 ^ clkbuf_3_4_0_wb_clk_i/A (sky130_fd_sc_hd__clkbuf_8)
    11    0.039410    0.081236    0.188051    1.181514 ^ clkbuf_3_4_0_wb_clk_i/X (sky130_fd_sc_hd__clkbuf_8)
                                                         clknet_3_4_0_wb_clk_i (net)
                      0.081322    0.002478    1.183992 ^ _736_/CLK (sky130_fd_sc_hd__dfrtp_2)
                                  0.250000    1.433992   clock uncertainty
                                  0.000000    1.433992   clock reconvergence pessimism
                                  0.338538    1.772530   library removal time
                                              1.772530   data required time
---------------------------------------------------------------------------------------------
                                              1.772530   data required time
                                             -6.033507   data arrival time
---------------------------------------------------------------------------------------------
                                              4.260977   slack (MET)


Startpoint: wb_rst_i (input port clocked by wb_clk_i)
Endpoint: _740_ (removal check against rising-edge clock wb_clk_i)
Path Group: asynchronous
Path Type: min

Fanout         Cap        Slew       Delay        Time   Description
---------------------------------------------------------------------------------------------
                                  0.000000    0.000000   clock wb_clk_i (rise edge)
                                  0.000000    0.000000   clock network delay (propagated)
                                  5.000000    5.000000 v input external delay
     2    0.005043    0.013699    0.007831    5.007831 v wb_rst_i (in)
                                                         wb_rst_i (net)
                      0.013703    0.000000    5.007831 v input1/A (sky130_fd_sc_hd__buf_2)
     5    0.143937    0.321112    0.270219    5.278049 v input1/X (sky130_fd_sc_hd__buf_2)
                                                         net1 (net)
                      0.383907    0.102329    5.380379 v fanout25/A (sky130_fd_sc_hd__clkdlybuf4s25_1)
     8    0.042071    0.311666    0.535618    5.915997 v fanout25/X (sky130_fd_sc_hd__clkdlybuf4s25_1)
                                                         net25 (net)
                      0.311729    0.004062    5.920059 v _656_/A (sky130_fd_sc_hd__inv_2)
     1    0.004578    0.076967    0.114748    6.034807 ^ _656_/Y (sky130_fd_sc_hd__inv_2)
                                                         _131_ (net)
                      0.076967    0.000233    6.035039 ^ _740_/RESET_B (sky130_fd_sc_hd__dfrtp_2)
                                              6.035039   data arrival time

                                  0.000000    0.000000   clock wb_clk_i (rise edge)
                                  0.000000    0.000000   clock source latency
     2    0.173040    0.776047    0.641528    0.641528 ^ wb_clk_i (in)
                                                         wb_clk_i (net)
                      0.816176    0.000000    0.641528 ^ clkbuf_0_wb_clk_i/A (sky130_fd_sc_hd__clkbuf_16)
    17    0.079963    0.109695    0.344975    0.986503 ^ clkbuf_0_wb_clk_i/X (sky130_fd_sc_hd__clkbuf_16)
                                                         clknet_0_wb_clk_i (net)
                      0.110422    0.006960    0.993463 ^ clkbuf_3_4_0_wb_clk_i/A (sky130_fd_sc_hd__clkbuf_8)
    11    0.039410    0.081236    0.188051    1.181514 ^ clkbuf_3_4_0_wb_clk_i/X (sky130_fd_sc_hd__clkbuf_8)
                                                         clknet_3_4_0_wb_clk_i (net)
                      0.081288    0.001999    1.183513 ^ _740_/CLK (sky130_fd_sc_hd__dfrtp_2)
                                  0.250000    1.433513   clock uncertainty
                                  0.000000    1.433513   clock reconvergence pessimism
                                  0.338940    1.772453   library removal time
                                              1.772453   data required time
---------------------------------------------------------------------------------------------
                                              1.772453   data required time
                                             -6.035039   data arrival time
---------------------------------------------------------------------------------------------
                                              4.262586   slack (MET)


Startpoint: wb_rst_i (input port clocked by wb_clk_i)
Endpoint: _716_ (removal check against rising-edge clock wb_clk_i)
Path Group: asynchronous
Path Type: min

Fanout         Cap        Slew       Delay        Time   Description
---------------------------------------------------------------------------------------------
                                  0.000000    0.000000   clock wb_clk_i (rise edge)
                                  0.000000    0.000000   clock network delay (propagated)
                                  5.000000    5.000000 v input external delay
     2    0.005043    0.013699    0.007831    5.007831 v wb_rst_i (in)
                                                         wb_rst_i (net)
                      0.013703    0.000000    5.007831 v input1/A (sky130_fd_sc_hd__buf_2)
     5    0.143937    0.321112    0.270219    5.278049 v input1/X (sky130_fd_sc_hd__buf_2)
                                                         net1 (net)
                      0.380069    0.098750    5.376800 v fanout19/A (sky130_fd_sc_hd__clkdlybuf4s25_1)
     2    0.011463    0.096608    0.382791    5.759590 v fanout19/X (sky130_fd_sc_hd__clkdlybuf4s25_1)
                                                         net19 (net)
                      0.096616    0.000889    5.760479 v wire20/A (sky130_fd_sc_hd__buf_4)
    19    0.070849    0.098226    0.209531    5.970010 v wire20/X (sky130_fd_sc_hd__buf_4)
                                                         net20 (net)
                      0.098786    0.005785    5.975795 v _632_/A (sky130_fd_sc_hd__inv_2)
     1    0.003936    0.037219    0.060768    6.036563 ^ _632_/Y (sky130_fd_sc_hd__inv_2)
                                                         _107_ (net)
                      0.037220    0.000199    6.036762 ^ _716_/RESET_B (sky130_fd_sc_hd__dfrtp_2)
                                              6.036762   data arrival time

                                  0.000000    0.000000   clock wb_clk_i (rise edge)
                                  0.000000    0.000000   clock source latency
     2    0.173040    0.776047    0.641528    0.641528 ^ wb_clk_i (in)
                                                         wb_clk_i (net)
                      0.816176    0.000000    0.641528 ^ clkbuf_0_wb_clk_i/A (sky130_fd_sc_hd__clkbuf_16)
    17    0.079963    0.109695    0.344975    0.986503 ^ clkbuf_0_wb_clk_i/X (sky130_fd_sc_hd__clkbuf_16)
                                                         clknet_0_wb_clk_i (net)
                      0.110505    0.007393    0.993896 ^ clkbuf_3_2_0_wb_clk_i/A (sky130_fd_sc_hd__clkbuf_8)
    11    0.038341    0.079269    0.186894    1.180791 ^ clkbuf_3_2_0_wb_clk_i/X (sky130_fd_sc_hd__clkbuf_8)
                                                         clknet_3_2_0_wb_clk_i (net)
                      0.079293    0.001434    1.182225 ^ _716_/CLK (sky130_fd_sc_hd__dfrtp_2)
                                  0.250000    1.432225   clock uncertainty
                                  0.000000    1.432225   clock reconvergence pessimism
                                  0.327562    1.759787   library removal time
                                              1.759787   data required time
---------------------------------------------------------------------------------------------
                                              1.759787   data required time
                                             -6.036762   data arrival time
---------------------------------------------------------------------------------------------
                                              4.276975   slack (MET)


Startpoint: wb_rst_i (input port clocked by wb_clk_i)
Endpoint: _717_ (removal check against rising-edge clock wb_clk_i)
Path Group: asynchronous
Path Type: min

Fanout         Cap        Slew       Delay        Time   Description
---------------------------------------------------------------------------------------------
                                  0.000000    0.000000   clock wb_clk_i (rise edge)
                                  0.000000    0.000000   clock network delay (propagated)
                                  5.000000    5.000000 v input external delay
     2    0.005043    0.013699    0.007831    5.007831 v wb_rst_i (in)
                                                         wb_rst_i (net)
                      0.013703    0.000000    5.007831 v input1/A (sky130_fd_sc_hd__buf_2)
     5    0.143937    0.321112    0.270219    5.278049 v input1/X (sky130_fd_sc_hd__buf_2)
                                                         net1 (net)
                      0.380069    0.098750    5.376800 v fanout19/A (sky130_fd_sc_hd__clkdlybuf4s25_1)
     2    0.011463    0.096608    0.382791    5.759590 v fanout19/X (sky130_fd_sc_hd__clkdlybuf4s25_1)
                                                         net19 (net)
                      0.096616    0.000889    5.760479 v wire20/A (sky130_fd_sc_hd__buf_4)
    19    0.070849    0.098226    0.209531    5.970010 v wire20/X (sky130_fd_sc_hd__buf_4)
                                                         net20 (net)
                      0.098693    0.005324    5.975334 v _633_/A (sky130_fd_sc_hd__inv_2)
     1    0.004177    0.038172    0.061915    6.037249 ^ _633_/Y (sky130_fd_sc_hd__inv_2)
                                                         _108_ (net)
                      0.038173    0.000218    6.037467 ^ _717_/RESET_B (sky130_fd_sc_hd__dfrtp_2)
                                              6.037467   data arrival time

                                  0.000000    0.000000   clock wb_clk_i (rise edge)
                                  0.000000    0.000000   clock source latency
     2    0.173040    0.776047    0.641528    0.641528 ^ wb_clk_i (in)
                                                         wb_clk_i (net)
                      0.816176    0.000000    0.641528 ^ clkbuf_0_wb_clk_i/A (sky130_fd_sc_hd__clkbuf_16)
    17    0.079963    0.109695    0.344975    0.986503 ^ clkbuf_0_wb_clk_i/X (sky130_fd_sc_hd__clkbuf_16)
                                                         clknet_0_wb_clk_i (net)
                      0.110505    0.007393    0.993896 ^ clkbuf_3_2_0_wb_clk_i/A (sky130_fd_sc_hd__clkbuf_8)
    11    0.038341    0.079269    0.186894    1.180791 ^ clkbuf_3_2_0_wb_clk_i/X (sky130_fd_sc_hd__clkbuf_8)
                                                         clknet_3_2_0_wb_clk_i (net)
                      0.079297    0.001516    1.182307 ^ _717_/CLK (sky130_fd_sc_hd__dfrtp_2)
                                  0.250000    1.432307   clock uncertainty
                                  0.000000    1.432307   clock reconvergence pessimism
                                  0.327823    1.760130   library removal time
                                              1.760130   data required time
---------------------------------------------------------------------------------------------
                                              1.760130   data required time
                                             -6.037467   data arrival time
---------------------------------------------------------------------------------------------
                                              4.277338   slack (MET)


Startpoint: wb_rst_i (input port clocked by wb_clk_i)
Endpoint: _715_ (removal check against rising-edge clock wb_clk_i)
Path Group: asynchronous
Path Type: min

Fanout         Cap        Slew       Delay        Time   Description
---------------------------------------------------------------------------------------------
                                  0.000000    0.000000   clock wb_clk_i (rise edge)
                                  0.000000    0.000000   clock network delay (propagated)
                                  5.000000    5.000000 v input external delay
     2    0.005043    0.013699    0.007831    5.007831 v wb_rst_i (in)
                                                         wb_rst_i (net)
                      0.013703    0.000000    5.007831 v input1/A (sky130_fd_sc_hd__buf_2)
     5    0.143937    0.321112    0.270219    5.278049 v input1/X (sky130_fd_sc_hd__buf_2)
                                                         net1 (net)
                      0.380069    0.098750    5.376800 v fanout19/A (sky130_fd_sc_hd__clkdlybuf4s25_1)
     2    0.011463    0.096608    0.382791    5.759590 v fanout19/X (sky130_fd_sc_hd__clkdlybuf4s25_1)
                                                         net19 (net)
                      0.096616    0.000889    5.760479 v wire20/A (sky130_fd_sc_hd__buf_4)
    19    0.070849    0.098226    0.209531    5.970010 v wire20/X (sky130_fd_sc_hd__buf_4)
                                                         net20 (net)
                      0.099204    0.007492    5.977502 v _631_/A (sky130_fd_sc_hd__inv_2)
     1    0.004075    0.037866    0.061593    6.039095 ^ _631_/Y (sky130_fd_sc_hd__inv_2)
                                                         _106_ (net)
                      0.037866    0.000207    6.039302 ^ _715_/RESET_B (sky130_fd_sc_hd__dfrtp_2)
                                              6.039302   data arrival time

                                  0.000000    0.000000   clock wb_clk_i (rise edge)
                                  0.000000    0.000000   clock source latency
     2    0.173040    0.776047    0.641528    0.641528 ^ wb_clk_i (in)
                                                         wb_clk_i (net)
                      0.816176    0.000000    0.641528 ^ clkbuf_0_wb_clk_i/A (sky130_fd_sc_hd__clkbuf_16)
    17    0.079963    0.109695    0.344975    0.986503 ^ clkbuf_0_wb_clk_i/X (sky130_fd_sc_hd__clkbuf_16)
                                                         clknet_0_wb_clk_i (net)
                      0.110505    0.007393    0.993896 ^ clkbuf_3_2_0_wb_clk_i/A (sky130_fd_sc_hd__clkbuf_8)
    11    0.038341    0.079269    0.186894    1.180791 ^ clkbuf_3_2_0_wb_clk_i/X (sky130_fd_sc_hd__clkbuf_8)
                                                         clknet_3_2_0_wb_clk_i (net)
                      0.079334    0.002147    1.182938 ^ _715_/CLK (sky130_fd_sc_hd__dfrtp_2)
                                  0.250000    1.432938   clock uncertainty
                                  0.000000    1.432938   clock reconvergence pessimism
                                  0.327750    1.760687   library removal time
                                              1.760687   data required time
---------------------------------------------------------------------------------------------
                                              1.760687   data required time
                                             -6.039302   data arrival time
---------------------------------------------------------------------------------------------
                                              4.278614   slack (MET)


Startpoint: wb_rst_i (input port clocked by wb_clk_i)
Endpoint: _757_ (removal check against rising-edge clock wb_clk_i)
Path Group: asynchronous
Path Type: min

Fanout         Cap        Slew       Delay        Time   Description
---------------------------------------------------------------------------------------------
                                  0.000000    0.000000   clock wb_clk_i (rise edge)
                                  0.000000    0.000000   clock network delay (propagated)
                                  5.000000    5.000000 v input external delay
     2    0.005043    0.013699    0.007831    5.007831 v wb_rst_i (in)
                                                         wb_rst_i (net)
                      0.013703    0.000000    5.007831 v input1/A (sky130_fd_sc_hd__buf_2)
     5    0.143937    0.321112    0.270219    5.278049 v input1/X (sky130_fd_sc_hd__buf_2)
                                                         net1 (net)
                      0.380069    0.098750    5.376800 v fanout19/A (sky130_fd_sc_hd__clkdlybuf4s25_1)
     2    0.011463    0.096608    0.382791    5.759590 v fanout19/X (sky130_fd_sc_hd__clkdlybuf4s25_1)
                                                         net19 (net)
                      0.096616    0.000889    5.760479 v wire20/A (sky130_fd_sc_hd__buf_4)
    19    0.070849    0.098226    0.209531    5.970010 v wire20/X (sky130_fd_sc_hd__buf_4)
                                                         net20 (net)
                      0.101212    0.012780    5.982790 v _673_/A (sky130_fd_sc_hd__inv_2)
     1    0.004466    0.039819    0.064099    6.046889 ^ _673_/Y (sky130_fd_sc_hd__inv_2)
                                                         _148_ (net)
                      0.039819    0.000226    6.047114 ^ _757_/RESET_B (sky130_fd_sc_hd__dfrtp_2)
                                              6.047114   data arrival time

                                  0.000000    0.000000   clock wb_clk_i (rise edge)
                                  0.000000    0.000000   clock source latency
     2    0.173040    0.776047    0.641528    0.641528 ^ wb_clk_i (in)
                                                         wb_clk_i (net)
                      0.816176    0.000000    0.641528 ^ clkbuf_0_wb_clk_i/A (sky130_fd_sc_hd__clkbuf_16)
    17    0.079963    0.109695    0.344975    0.986503 ^ clkbuf_0_wb_clk_i/X (sky130_fd_sc_hd__clkbuf_16)
                                                         clknet_0_wb_clk_i (net)
                      0.110196    0.005623    0.992126 ^ clkbuf_3_3_0_wb_clk_i/A (sky130_fd_sc_hd__clkbuf_8)
    11    0.039059    0.080400    0.187693    1.179819 ^ clkbuf_3_3_0_wb_clk_i/X (sky130_fd_sc_hd__clkbuf_8)
                                                         clknet_3_3_0_wb_clk_i (net)
                      0.080464    0.002147    1.181965 ^ _757_/CLK (sky130_fd_sc_hd__dfrtp_2)
                                  0.250000    1.431965   clock uncertainty
                                  0.000000    1.431965   clock reconvergence pessimism
                                  0.328593    1.760558   library removal time
                                              1.760558   data required time
---------------------------------------------------------------------------------------------
                                              1.760558   data required time
                                             -6.047114   data arrival time
---------------------------------------------------------------------------------------------
                                              4.286557   slack (MET)


Startpoint: wb_rst_i (input port clocked by wb_clk_i)
Endpoint: _758_ (removal check against rising-edge clock wb_clk_i)
Path Group: asynchronous
Path Type: min

Fanout         Cap        Slew       Delay        Time   Description
---------------------------------------------------------------------------------------------
                                  0.000000    0.000000   clock wb_clk_i (rise edge)
                                  0.000000    0.000000   clock network delay (propagated)
                                  5.000000    5.000000 v input external delay
     2    0.005043    0.013699    0.007831    5.007831 v wb_rst_i (in)
                                                         wb_rst_i (net)
                      0.013703    0.000000    5.007831 v input1/A (sky130_fd_sc_hd__buf_2)
     5    0.143937    0.321112    0.270219    5.278049 v input1/X (sky130_fd_sc_hd__buf_2)
                                                         net1 (net)
                      0.380069    0.098750    5.376800 v fanout19/A (sky130_fd_sc_hd__clkdlybuf4s25_1)
     2    0.011463    0.096608    0.382791    5.759590 v fanout19/X (sky130_fd_sc_hd__clkdlybuf4s25_1)
                                                         net19 (net)
                      0.096616    0.000889    5.760479 v wire20/A (sky130_fd_sc_hd__buf_4)
    19    0.070849    0.098226    0.209531    5.970010 v wire20/X (sky130_fd_sc_hd__buf_4)
                                                         net20 (net)
                      0.101650    0.013675    5.983685 v _674_/A (sky130_fd_sc_hd__inv_2)
     1    0.004232    0.039044    0.063224    6.046909 ^ _674_/Y (sky130_fd_sc_hd__inv_2)
                                                         _149_ (net)
                      0.039045    0.000214    6.047123 ^ _758_/RESET_B (sky130_fd_sc_hd__dfrtp_2)
                                              6.047123   data arrival time

                                  0.000000    0.000000   clock wb_clk_i (rise edge)
                                  0.000000    0.000000   clock source latency
     2    0.173040    0.776047    0.641528    0.641528 ^ wb_clk_i (in)
                                                         wb_clk_i (net)
                      0.816176    0.000000    0.641528 ^ clkbuf_0_wb_clk_i/A (sky130_fd_sc_hd__clkbuf_16)
    17    0.079963    0.109695    0.344975    0.986503 ^ clkbuf_0_wb_clk_i/X (sky130_fd_sc_hd__clkbuf_16)
                                                         clknet_0_wb_clk_i (net)
                      0.110196    0.005623    0.992126 ^ clkbuf_3_3_0_wb_clk_i/A (sky130_fd_sc_hd__clkbuf_8)
    11    0.039059    0.080400    0.187693    1.179819 ^ clkbuf_3_3_0_wb_clk_i/X (sky130_fd_sc_hd__clkbuf_8)
                                                         clknet_3_3_0_wb_clk_i (net)
                      0.080469    0.002224    1.182042 ^ _758_/CLK (sky130_fd_sc_hd__dfrtp_2)
                                  0.250000    1.432042   clock uncertainty
                                  0.000000    1.432042   clock reconvergence pessimism
                                  0.328383    1.760425   library removal time
                                              1.760425   data required time
---------------------------------------------------------------------------------------------
                                              1.760425   data required time
                                             -6.047123   data arrival time
---------------------------------------------------------------------------------------------
                                              4.286698   slack (MET)


Startpoint: wb_rst_i (input port clocked by wb_clk_i)
Endpoint: _750_ (removal check against rising-edge clock wb_clk_i)
Path Group: asynchronous
Path Type: min

Fanout         Cap        Slew       Delay        Time   Description
---------------------------------------------------------------------------------------------
                                  0.000000    0.000000   clock wb_clk_i (rise edge)
                                  0.000000    0.000000   clock network delay (propagated)
                                  5.000000    5.000000 v input external delay
     2    0.005043    0.013699    0.007831    5.007831 v wb_rst_i (in)
                                                         wb_rst_i (net)
                      0.013703    0.000000    5.007831 v input1/A (sky130_fd_sc_hd__buf_2)
     5    0.143937    0.321112    0.270219    5.278049 v input1/X (sky130_fd_sc_hd__buf_2)
                                                         net1 (net)
                      0.380069    0.098750    5.376800 v fanout19/A (sky130_fd_sc_hd__clkdlybuf4s25_1)
     2    0.011463    0.096608    0.382791    5.759590 v fanout19/X (sky130_fd_sc_hd__clkdlybuf4s25_1)
                                                         net19 (net)
                      0.096616    0.000889    5.760479 v wire20/A (sky130_fd_sc_hd__buf_4)
    19    0.070849    0.098226    0.209531    5.970010 v wire20/X (sky130_fd_sc_hd__buf_4)
                                                         net20 (net)
                      0.102478    0.015237    5.985247 v _666_/A (sky130_fd_sc_hd__inv_2)
     1    0.003790    0.037412    0.061284    6.046532 ^ _666_/Y (sky130_fd_sc_hd__inv_2)
                                                         _141_ (net)
                      0.037413    0.000191    6.046722 ^ _750_/RESET_B (sky130_fd_sc_hd__dfrtp_2)
                                              6.046722   data arrival time

                                  0.000000    0.000000   clock wb_clk_i (rise edge)
                                  0.000000    0.000000   clock source latency
     2    0.173040    0.776047    0.641528    0.641528 ^ wb_clk_i (in)
                                                         wb_clk_i (net)
                      0.816176    0.000000    0.641528 ^ clkbuf_0_wb_clk_i/A (sky130_fd_sc_hd__clkbuf_16)
    17    0.079963    0.109695    0.344975    0.986503 ^ clkbuf_0_wb_clk_i/X (sky130_fd_sc_hd__clkbuf_16)
                                                         clknet_0_wb_clk_i (net)
                      0.110196    0.005623    0.992126 ^ clkbuf_3_3_0_wb_clk_i/A (sky130_fd_sc_hd__clkbuf_8)
    11    0.039059    0.080400    0.187693    1.179819 ^ clkbuf_3_3_0_wb_clk_i/X (sky130_fd_sc_hd__clkbuf_8)
                                                         clknet_3_3_0_wb_clk_i (net)
                      0.080471    0.002243    1.182062 ^ _750_/CLK (sky130_fd_sc_hd__dfrtp_2)
                                  0.250000    1.432062   clock uncertainty
                                  0.000000    1.432062   clock reconvergence pessimism
                                  0.327939    1.760001   library removal time
                                              1.760001   data required time
---------------------------------------------------------------------------------------------
                                              1.760001   data required time
                                             -6.046722   data arrival time
---------------------------------------------------------------------------------------------
                                              4.286721   slack (MET)


Startpoint: wb_rst_i (input port clocked by wb_clk_i)
Endpoint: _755_ (removal check against rising-edge clock wb_clk_i)
Path Group: asynchronous
Path Type: min

Fanout         Cap        Slew       Delay        Time   Description
---------------------------------------------------------------------------------------------
                                  0.000000    0.000000   clock wb_clk_i (rise edge)
                                  0.000000    0.000000   clock network delay (propagated)
                                  5.000000    5.000000 v input external delay
     2    0.005043    0.013699    0.007831    5.007831 v wb_rst_i (in)
                                                         wb_rst_i (net)
                      0.013703    0.000000    5.007831 v input1/A (sky130_fd_sc_hd__buf_2)
     5    0.143937    0.321112    0.270219    5.278049 v input1/X (sky130_fd_sc_hd__buf_2)
                                                         net1 (net)
                      0.380069    0.098750    5.376800 v fanout19/A (sky130_fd_sc_hd__clkdlybuf4s25_1)
     2    0.011463    0.096608    0.382791    5.759590 v fanout19/X (sky130_fd_sc_hd__clkdlybuf4s25_1)
                                                         net19 (net)
                      0.096616    0.000889    5.760479 v wire20/A (sky130_fd_sc_hd__buf_4)
    19    0.070849    0.098226    0.209531    5.970010 v wire20/X (sky130_fd_sc_hd__buf_4)
                                                         net20 (net)
                      0.102453    0.015192    5.985202 v _671_/A (sky130_fd_sc_hd__inv_2)
     1    0.004084    0.038604    0.062757    6.047960 ^ _671_/Y (sky130_fd_sc_hd__inv_2)
                                                         _146_ (net)
                      0.038605    0.000206    6.048166 ^ _755_/RESET_B (sky130_fd_sc_hd__dfrtp_2)
                                              6.048166   data arrival time

                                  0.000000    0.000000   clock wb_clk_i (rise edge)
                                  0.000000    0.000000   clock source latency
     2    0.173040    0.776047    0.641528    0.641528 ^ wb_clk_i (in)
                                                         wb_clk_i (net)
                      0.816176    0.000000    0.641528 ^ clkbuf_0_wb_clk_i/A (sky130_fd_sc_hd__clkbuf_16)
    17    0.079963    0.109695    0.344975    0.986503 ^ clkbuf_0_wb_clk_i/X (sky130_fd_sc_hd__clkbuf_16)
                                                         clknet_0_wb_clk_i (net)
                      0.110196    0.005623    0.992126 ^ clkbuf_3_3_0_wb_clk_i/A (sky130_fd_sc_hd__clkbuf_8)
    11    0.039059    0.080400    0.187693    1.179819 ^ clkbuf_3_3_0_wb_clk_i/X (sky130_fd_sc_hd__clkbuf_8)
                                                         clknet_3_3_0_wb_clk_i (net)
                      0.080472    0.002259    1.182078 ^ _755_/CLK (sky130_fd_sc_hd__dfrtp_2)
                                  0.250000    1.432078   clock uncertainty
                                  0.000000    1.432078   clock reconvergence pessimism
                                  0.328264    1.760342   library removal time
                                              1.760342   data required time
---------------------------------------------------------------------------------------------
                                              1.760342   data required time
                                             -6.048166   data arrival time
---------------------------------------------------------------------------------------------
                                              4.287824   slack (MET)


Startpoint: wb_rst_i (input port clocked by wb_clk_i)
Endpoint: _756_ (removal check against rising-edge clock wb_clk_i)
Path Group: asynchronous
Path Type: min

Fanout         Cap        Slew       Delay        Time   Description
---------------------------------------------------------------------------------------------
                                  0.000000    0.000000   clock wb_clk_i (rise edge)
                                  0.000000    0.000000   clock network delay (propagated)
                                  5.000000    5.000000 v input external delay
     2    0.005043    0.013699    0.007831    5.007831 v wb_rst_i (in)
                                                         wb_rst_i (net)
                      0.013703    0.000000    5.007831 v input1/A (sky130_fd_sc_hd__buf_2)
     5    0.143937    0.321112    0.270219    5.278049 v input1/X (sky130_fd_sc_hd__buf_2)
                                                         net1 (net)
                      0.380069    0.098750    5.376800 v fanout19/A (sky130_fd_sc_hd__clkdlybuf4s25_1)
     2    0.011463    0.096608    0.382791    5.759590 v fanout19/X (sky130_fd_sc_hd__clkdlybuf4s25_1)
                                                         net19 (net)
                      0.096616    0.000889    5.760479 v wire20/A (sky130_fd_sc_hd__buf_4)
    19    0.070849    0.098226    0.209531    5.970010 v wire20/X (sky130_fd_sc_hd__buf_4)
                                                         net20 (net)
                      0.102126    0.014592    5.984602 v _672_/A (sky130_fd_sc_hd__inv_2)
     1    0.004444    0.039953    0.064349    6.048951 ^ _672_/Y (sky130_fd_sc_hd__inv_2)
                                                         _147_ (net)
                      0.039954    0.000222    6.049174 ^ _756_/RESET_B (sky130_fd_sc_hd__dfrtp_2)
                                              6.049174   data arrival time

                                  0.000000    0.000000   clock wb_clk_i (rise edge)
                                  0.000000    0.000000   clock source latency
     2    0.173040    0.776047    0.641528    0.641528 ^ wb_clk_i (in)
                                                         wb_clk_i (net)
                      0.816176    0.000000    0.641528 ^ clkbuf_0_wb_clk_i/A (sky130_fd_sc_hd__clkbuf_16)
    17    0.079963    0.109695    0.344975    0.986503 ^ clkbuf_0_wb_clk_i/X (sky130_fd_sc_hd__clkbuf_16)
                                                         clknet_0_wb_clk_i (net)
                      0.110196    0.005623    0.992126 ^ clkbuf_3_3_0_wb_clk_i/A (sky130_fd_sc_hd__clkbuf_8)
    11    0.039059    0.080400    0.187693    1.179819 ^ clkbuf_3_3_0_wb_clk_i/X (sky130_fd_sc_hd__clkbuf_8)
                                                         clknet_3_3_0_wb_clk_i (net)
                      0.080468    0.002209    1.182028 ^ _756_/CLK (sky130_fd_sc_hd__dfrtp_2)
                                  0.250000    1.432028   clock uncertainty
                                  0.000000    1.432028   clock reconvergence pessimism
                                  0.328631    1.760658   library removal time
                                              1.760658   data required time
---------------------------------------------------------------------------------------------
                                              1.760658   data required time
                                             -6.049174   data arrival time
---------------------------------------------------------------------------------------------
                                              4.288516   slack (MET)


Startpoint: wb_rst_i (input port clocked by wb_clk_i)
Endpoint: _685_ (removal check against rising-edge clock wb_clk_i)
Path Group: asynchronous
Path Type: min

Fanout         Cap        Slew       Delay        Time   Description
---------------------------------------------------------------------------------------------
                                  0.000000    0.000000   clock wb_clk_i (rise edge)
                                  0.000000    0.000000   clock network delay (propagated)
                                  5.000000    5.000000 v input external delay
     2    0.005043    0.013699    0.007831    5.007831 v wb_rst_i (in)
                                                         wb_rst_i (net)
                      0.013703    0.000000    5.007831 v input1/A (sky130_fd_sc_hd__buf_2)
     5    0.143937    0.321112    0.270219    5.278049 v input1/X (sky130_fd_sc_hd__buf_2)
                                                         net1 (net)
                      0.383907    0.102329    5.380379 v fanout25/A (sky130_fd_sc_hd__clkdlybuf4s25_1)
     8    0.042071    0.311666    0.535618    5.915997 v fanout25/X (sky130_fd_sc_hd__clkdlybuf4s25_1)
                                                         net25 (net)
                      0.311754    0.004701    5.920698 v load_slew26/A (sky130_fd_sc_hd__buf_4)
    15    0.061759    0.089838    0.293823    6.214520 v load_slew26/X (sky130_fd_sc_hd__buf_4)
                                                         net26 (net)
                      0.091357    0.008666    6.223186 v _601_/A (sky130_fd_sc_hd__inv_2)
     1    0.004134    0.036407    0.059171    6.282357 ^ _601_/Y (sky130_fd_sc_hd__inv_2)
                                                         _076_ (net)
                      0.036408    0.000214    6.282571 ^ _685_/RESET_B (sky130_fd_sc_hd__dfrtp_2)
                                              6.282571   data arrival time

                                  0.000000    0.000000   clock wb_clk_i (rise edge)
                                  0.000000    0.000000   clock source latency
     2    0.173040    0.776047    0.641528    0.641528 ^ wb_clk_i (in)
                                                         wb_clk_i (net)
                      0.816176    0.000000    0.641528 ^ clkbuf_0_wb_clk_i/A (sky130_fd_sc_hd__clkbuf_16)
    17    0.079963    0.109695    0.344975    0.986503 ^ clkbuf_0_wb_clk_i/X (sky130_fd_sc_hd__clkbuf_16)
                                                         clknet_0_wb_clk_i (net)
                      0.110683    0.008250    0.994753 ^ clkbuf_3_5_0_wb_clk_i/A (sky130_fd_sc_hd__clkbuf_8)
    11    0.040685    0.082957    0.189982    1.184735 ^ clkbuf_3_5_0_wb_clk_i/X (sky130_fd_sc_hd__clkbuf_8)
                                                         clknet_3_5_0_wb_clk_i (net)
                      0.083009    0.002003    1.186738 ^ _685_/CLK (sky130_fd_sc_hd__dfrtp_2)
                                  0.250000    1.436738   clock uncertainty
                                  0.000000    1.436738   clock reconvergence pessimism
                                  0.328364    1.765101   library removal time
                                              1.765101   data required time
---------------------------------------------------------------------------------------------
                                              1.765101   data required time
                                             -6.282571   data arrival time
---------------------------------------------------------------------------------------------
                                              4.517469   slack (MET)


Startpoint: wb_rst_i (input port clocked by wb_clk_i)
Endpoint: _692_ (removal check against rising-edge clock wb_clk_i)
Path Group: asynchronous
Path Type: min

Fanout         Cap        Slew       Delay        Time   Description
---------------------------------------------------------------------------------------------
                                  0.000000    0.000000   clock wb_clk_i (rise edge)
                                  0.000000    0.000000   clock network delay (propagated)
                                  5.000000    5.000000 v input external delay
     2    0.005043    0.013699    0.007831    5.007831 v wb_rst_i (in)
                                                         wb_rst_i (net)
                      0.013703    0.000000    5.007831 v input1/A (sky130_fd_sc_hd__buf_2)
     5    0.143937    0.321112    0.270219    5.278049 v input1/X (sky130_fd_sc_hd__buf_2)
                                                         net1 (net)
                      0.383907    0.102329    5.380379 v fanout25/A (sky130_fd_sc_hd__clkdlybuf4s25_1)
     8    0.042071    0.311666    0.535618    5.915997 v fanout25/X (sky130_fd_sc_hd__clkdlybuf4s25_1)
                                                         net25 (net)
                      0.311754    0.004701    5.920698 v load_slew26/A (sky130_fd_sc_hd__buf_4)
    15    0.061759    0.089838    0.293823    6.214520 v load_slew26/X (sky130_fd_sc_hd__buf_4)
                                                         net26 (net)
                      0.091370    0.008703    6.223224 v _608_/A (sky130_fd_sc_hd__inv_2)
     1    0.004029    0.036000    0.058687    6.281911 ^ _608_/Y (sky130_fd_sc_hd__inv_2)
                                                         _083_ (net)
                      0.036000    0.000203    6.282115 ^ _692_/RESET_B (sky130_fd_sc_hd__dfrtp_2)
                                              6.282115   data arrival time

                                  0.000000    0.000000   clock wb_clk_i (rise edge)
                                  0.000000    0.000000   clock source latency
     2    0.173040    0.776047    0.641528    0.641528 ^ wb_clk_i (in)
                                                         wb_clk_i (net)
                      0.816176    0.000000    0.641528 ^ clkbuf_0_wb_clk_i/A (sky130_fd_sc_hd__clkbuf_16)
    17    0.079963    0.109695    0.344975    0.986503 ^ clkbuf_0_wb_clk_i/X (sky130_fd_sc_hd__clkbuf_16)
                                                         clknet_0_wb_clk_i (net)
                      0.110560    0.007668    0.994171 ^ clkbuf_3_7_0_wb_clk_i/A (sky130_fd_sc_hd__clkbuf_8)
    12    0.039052    0.080674    0.187667    1.181838 ^ clkbuf_3_7_0_wb_clk_i/X (sky130_fd_sc_hd__clkbuf_8)
                                                         clknet_3_7_0_wb_clk_i (net)
                      0.080722    0.001927    1.183765 ^ _692_/CLK (sky130_fd_sc_hd__dfrtp_2)
                                  0.250000    1.433765   clock uncertainty
                                  0.000000    1.433765   clock reconvergence pessimism
                                  0.327623    1.761388   library removal time
                                              1.761388   data required time
---------------------------------------------------------------------------------------------
                                              1.761388   data required time
                                             -6.282115   data arrival time
---------------------------------------------------------------------------------------------
                                              4.520726   slack (MET)


Startpoint: wb_rst_i (input port clocked by wb_clk_i)
Endpoint: _689_ (removal check against rising-edge clock wb_clk_i)
Path Group: asynchronous
Path Type: min

Fanout         Cap        Slew       Delay        Time   Description
---------------------------------------------------------------------------------------------
                                  0.000000    0.000000   clock wb_clk_i (rise edge)
                                  0.000000    0.000000   clock network delay (propagated)
                                  5.000000    5.000000 v input external delay
     2    0.005043    0.013699    0.007831    5.007831 v wb_rst_i (in)
                                                         wb_rst_i (net)
                      0.013703    0.000000    5.007831 v input1/A (sky130_fd_sc_hd__buf_2)
     5    0.143937    0.321112    0.270219    5.278049 v input1/X (sky130_fd_sc_hd__buf_2)
                                                         net1 (net)
                      0.383907    0.102329    5.380379 v fanout25/A (sky130_fd_sc_hd__clkdlybuf4s25_1)
     8    0.042071    0.311666    0.535618    5.915997 v fanout25/X (sky130_fd_sc_hd__clkdlybuf4s25_1)
                                                         net25 (net)
                      0.311754    0.004701    5.920698 v load_slew26/A (sky130_fd_sc_hd__buf_4)
    15    0.061759    0.089838    0.293823    6.214520 v load_slew26/X (sky130_fd_sc_hd__buf_4)
                                                         net26 (net)
                      0.091388    0.008753    6.223274 v _605_/A (sky130_fd_sc_hd__inv_2)
     1    0.004069    0.036161    0.058884    6.282158 ^ _605_/Y (sky130_fd_sc_hd__inv_2)
                                                         _080_ (net)
                      0.036162    0.000204    6.282362 ^ _689_/RESET_B (sky130_fd_sc_hd__dfrtp_2)
                                              6.282362   data arrival time

                                  0.000000    0.000000   clock wb_clk_i (rise edge)
                                  0.000000    0.000000   clock source latency
     2    0.173040    0.776047    0.641528    0.641528 ^ wb_clk_i (in)
                                                         wb_clk_i (net)
                      0.816176    0.000000    0.641528 ^ clkbuf_0_wb_clk_i/A (sky130_fd_sc_hd__clkbuf_16)
    17    0.079963    0.109695    0.344975    0.986503 ^ clkbuf_0_wb_clk_i/X (sky130_fd_sc_hd__clkbuf_16)
                                                         clknet_0_wb_clk_i (net)
                      0.110560    0.007668    0.994171 ^ clkbuf_3_7_0_wb_clk_i/A (sky130_fd_sc_hd__clkbuf_8)
    12    0.039052    0.080674    0.187667    1.181838 ^ clkbuf_3_7_0_wb_clk_i/X (sky130_fd_sc_hd__clkbuf_8)
                                                         clknet_3_7_0_wb_clk_i (net)
                      0.080730    0.002054    1.183892 ^ _689_/CLK (sky130_fd_sc_hd__dfrtp_2)
                                  0.250000    1.433892   clock uncertainty
                                  0.000000    1.433892   clock reconvergence pessimism
                                  0.327669    1.761561   library removal time
                                              1.761561   data required time
---------------------------------------------------------------------------------------------
                                              1.761561   data required time
                                             -6.282362   data arrival time
---------------------------------------------------------------------------------------------
                                              4.520801   slack (MET)


Startpoint: wb_rst_i (input port clocked by wb_clk_i)
Endpoint: _684_ (removal check against rising-edge clock wb_clk_i)
Path Group: asynchronous
Path Type: min

Fanout         Cap        Slew       Delay        Time   Description
---------------------------------------------------------------------------------------------
                                  0.000000    0.000000   clock wb_clk_i (rise edge)
                                  0.000000    0.000000   clock network delay (propagated)
                                  5.000000    5.000000 v input external delay
     2    0.005043    0.013699    0.007831    5.007831 v wb_rst_i (in)
                                                         wb_rst_i (net)
                      0.013703    0.000000    5.007831 v input1/A (sky130_fd_sc_hd__buf_2)
     5    0.143937    0.321112    0.270219    5.278049 v input1/X (sky130_fd_sc_hd__buf_2)
                                                         net1 (net)
                      0.383907    0.102329    5.380379 v fanout25/A (sky130_fd_sc_hd__clkdlybuf4s25_1)
     8    0.042071    0.311666    0.535618    5.915997 v fanout25/X (sky130_fd_sc_hd__clkdlybuf4s25_1)
                                                         net25 (net)
                      0.311754    0.004701    5.920698 v load_slew26/A (sky130_fd_sc_hd__buf_4)
    15    0.061759    0.089838    0.293823    6.214520 v load_slew26/X (sky130_fd_sc_hd__buf_4)
                                                         net26 (net)
                      0.093134    0.012807    6.227328 v _600_/A (sky130_fd_sc_hd__inv_2)
     1    0.003873    0.035776    0.058556    6.285884 ^ _600_/Y (sky130_fd_sc_hd__inv_2)
                                                         _075_ (net)
                      0.035776    0.000195    6.286079 ^ _684_/RESET_B (sky130_fd_sc_hd__dfrtp_2)
                                              6.286079   data arrival time

                                  0.000000    0.000000   clock wb_clk_i (rise edge)
                                  0.000000    0.000000   clock source latency
     2    0.173040    0.776047    0.641528    0.641528 ^ wb_clk_i (in)
                                                         wb_clk_i (net)
                      0.816176    0.000000    0.641528 ^ clkbuf_0_wb_clk_i/A (sky130_fd_sc_hd__clkbuf_16)
    17    0.079963    0.109695    0.344975    0.986503 ^ clkbuf_0_wb_clk_i/X (sky130_fd_sc_hd__clkbuf_16)
                                                         clknet_0_wb_clk_i (net)
                      0.110683    0.008250    0.994753 ^ clkbuf_3_5_0_wb_clk_i/A (sky130_fd_sc_hd__clkbuf_8)
    11    0.040685    0.082957    0.189982    1.184735 ^ clkbuf_3_5_0_wb_clk_i/X (sky130_fd_sc_hd__clkbuf_8)
                                                         clknet_3_5_0_wb_clk_i (net)
                      0.083023    0.002212    1.186948 ^ _684_/CLK (sky130_fd_sc_hd__dfrtp_2)
                                  0.250000    1.436948   clock uncertainty
                                  0.000000    1.436948   clock reconvergence pessimism
                                  0.328195    1.765143   library removal time
                                              1.765143   data required time
---------------------------------------------------------------------------------------------
                                              1.765143   data required time
                                             -6.286079   data arrival time
---------------------------------------------------------------------------------------------
                                              4.520936   slack (MET)


Startpoint: wb_rst_i (input port clocked by wb_clk_i)
Endpoint: _683_ (removal check against rising-edge clock wb_clk_i)
Path Group: asynchronous
Path Type: min

Fanout         Cap        Slew       Delay        Time   Description
---------------------------------------------------------------------------------------------
                                  0.000000    0.000000   clock wb_clk_i (rise edge)
                                  0.000000    0.000000   clock network delay (propagated)
                                  5.000000    5.000000 v input external delay
     2    0.005043    0.013699    0.007831    5.007831 v wb_rst_i (in)
                                                         wb_rst_i (net)
                      0.013703    0.000000    5.007831 v input1/A (sky130_fd_sc_hd__buf_2)
     5    0.143937    0.321112    0.270219    5.278049 v input1/X (sky130_fd_sc_hd__buf_2)
                                                         net1 (net)
                      0.383907    0.102329    5.380379 v fanout25/A (sky130_fd_sc_hd__clkdlybuf4s25_1)
     8    0.042071    0.311666    0.535618    5.915997 v fanout25/X (sky130_fd_sc_hd__clkdlybuf4s25_1)
                                                         net25 (net)
                      0.311754    0.004701    5.920698 v load_slew26/A (sky130_fd_sc_hd__buf_4)
    15    0.061759    0.089838    0.293823    6.214520 v load_slew26/X (sky130_fd_sc_hd__buf_4)
                                                         net26 (net)
                      0.092983    0.012502    6.227023 v _599_/A (sky130_fd_sc_hd__inv_2)
     1    0.004149    0.036818    0.059807    6.286830 ^ _599_/Y (sky130_fd_sc_hd__inv_2)
                                                         _074_ (net)
                      0.036819    0.000208    6.287038 ^ _683_/RESET_B (sky130_fd_sc_hd__dfrtp_2)
                                              6.287038   data arrival time

                                  0.000000    0.000000   clock wb_clk_i (rise edge)
                                  0.000000    0.000000   clock source latency
     2    0.173040    0.776047    0.641528    0.641528 ^ wb_clk_i (in)
                                                         wb_clk_i (net)
                      0.816176    0.000000    0.641528 ^ clkbuf_0_wb_clk_i/A (sky130_fd_sc_hd__clkbuf_16)
    17    0.079963    0.109695    0.344975    0.986503 ^ clkbuf_0_wb_clk_i/X (sky130_fd_sc_hd__clkbuf_16)
                                                         clknet_0_wb_clk_i (net)
                      0.110683    0.008250    0.994753 ^ clkbuf_3_5_0_wb_clk_i/A (sky130_fd_sc_hd__clkbuf_8)
    11    0.040685    0.082957    0.189982    1.184735 ^ clkbuf_3_5_0_wb_clk_i/X (sky130_fd_sc_hd__clkbuf_8)
                                                         clknet_3_5_0_wb_clk_i (net)
                      0.083023    0.002217    1.186952 ^ _683_/CLK (sky130_fd_sc_hd__dfrtp_2)
                                  0.250000    1.436952   clock uncertainty
                                  0.000000    1.436952   clock reconvergence pessimism
                                  0.328479    1.765431   library removal time
                                              1.765431   data required time
---------------------------------------------------------------------------------------------
                                              1.765431   data required time
                                             -6.287038   data arrival time
---------------------------------------------------------------------------------------------
                                              4.521607   slack (MET)


Startpoint: wb_rst_i (input port clocked by wb_clk_i)
Endpoint: _690_ (removal check against rising-edge clock wb_clk_i)
Path Group: asynchronous
Path Type: min

Fanout         Cap        Slew       Delay        Time   Description
---------------------------------------------------------------------------------------------
                                  0.000000    0.000000   clock wb_clk_i (rise edge)
                                  0.000000    0.000000   clock network delay (propagated)
                                  5.000000    5.000000 v input external delay
     2    0.005043    0.013699    0.007831    5.007831 v wb_rst_i (in)
                                                         wb_rst_i (net)
                      0.013703    0.000000    5.007831 v input1/A (sky130_fd_sc_hd__buf_2)
     5    0.143937    0.321112    0.270219    5.278049 v input1/X (sky130_fd_sc_hd__buf_2)
                                                         net1 (net)
                      0.383907    0.102329    5.380379 v fanout25/A (sky130_fd_sc_hd__clkdlybuf4s25_1)
     8    0.042071    0.311666    0.535618    5.915997 v fanout25/X (sky130_fd_sc_hd__clkdlybuf4s25_1)
                                                         net25 (net)
                      0.311754    0.004701    5.920698 v load_slew26/A (sky130_fd_sc_hd__buf_4)
    15    0.061759    0.089838    0.293823    6.214520 v load_slew26/X (sky130_fd_sc_hd__buf_4)
                                                         net26 (net)
                      0.092511    0.011506    6.226027 v _606_/A (sky130_fd_sc_hd__inv_2)
     1    0.003867    0.035619    0.058316    6.284343 ^ _606_/Y (sky130_fd_sc_hd__inv_2)
                                                         _081_ (net)
                      0.035619    0.000194    6.284537 ^ _690_/RESET_B (sky130_fd_sc_hd__dfrtp_2)
                                              6.284537   data arrival time

                                  0.000000    0.000000   clock wb_clk_i (rise edge)
                                  0.000000    0.000000   clock source latency
     2    0.173040    0.776047    0.641528    0.641528 ^ wb_clk_i (in)
                                                         wb_clk_i (net)
                      0.816176    0.000000    0.641528 ^ clkbuf_0_wb_clk_i/A (sky130_fd_sc_hd__clkbuf_16)
    17    0.079963    0.109695    0.344975    0.986503 ^ clkbuf_0_wb_clk_i/X (sky130_fd_sc_hd__clkbuf_16)
                                                         clknet_0_wb_clk_i (net)
                      0.110560    0.007668    0.994171 ^ clkbuf_3_7_0_wb_clk_i/A (sky130_fd_sc_hd__clkbuf_8)
    12    0.039052    0.080674    0.187667    1.181838 ^ clkbuf_3_7_0_wb_clk_i/X (sky130_fd_sc_hd__clkbuf_8)
                                                         clknet_3_7_0_wb_clk_i (net)
                      0.080752    0.002363    1.184201 ^ _690_/CLK (sky130_fd_sc_hd__dfrtp_2)
                                  0.250000    1.434201   clock uncertainty
                                  0.000000    1.434201   clock reconvergence pessimism
                                  0.327528    1.761729   library removal time
                                              1.761729   data required time
---------------------------------------------------------------------------------------------
                                              1.761729   data required time
                                             -6.284537   data arrival time
---------------------------------------------------------------------------------------------
                                              4.522809   slack (MET)


Startpoint: wb_rst_i (input port clocked by wb_clk_i)
Endpoint: _725_ (removal check against rising-edge clock wb_clk_i)
Path Group: asynchronous
Path Type: min

Fanout         Cap        Slew       Delay        Time   Description
---------------------------------------------------------------------------------------------
                                  0.000000    0.000000   clock wb_clk_i (rise edge)
                                  0.000000    0.000000   clock network delay (propagated)
                                  5.000000    5.000000 v input external delay
     2    0.005043    0.013699    0.007831    5.007831 v wb_rst_i (in)
                                                         wb_rst_i (net)
                      0.013703    0.000000    5.007831 v input1/A (sky130_fd_sc_hd__buf_2)
     5    0.143937    0.321112    0.270219    5.278049 v input1/X (sky130_fd_sc_hd__buf_2)
                                                         net1 (net)
                      0.380069    0.098750    5.376800 v fanout19/A (sky130_fd_sc_hd__clkdlybuf4s25_1)
     2    0.011463    0.096608    0.382791    5.759590 v fanout19/X (sky130_fd_sc_hd__clkdlybuf4s25_1)
                                                         net19 (net)
                      0.096610    0.000541    5.760131 v fanout15/A (sky130_fd_sc_hd__clkdlybuf4s25_1)
     8    0.046279    0.340581    0.473356    6.233487 v fanout15/X (sky130_fd_sc_hd__clkdlybuf4s25_1)
                                                         net15 (net)
                      0.340614    0.003217    6.236705 v _641_/A (sky130_fd_sc_hd__inv_2)
     1    0.003809    0.075316    0.112533    6.349238 ^ _641_/Y (sky130_fd_sc_hd__inv_2)
                                                         _116_ (net)
                      0.075316    0.000191    6.349429 ^ _725_/RESET_B (sky130_fd_sc_hd__dfrtp_2)
                                              6.349429   data arrival time

                                  0.000000    0.000000   clock wb_clk_i (rise edge)
                                  0.000000    0.000000   clock source latency
     2    0.173040    0.776047    0.641528    0.641528 ^ wb_clk_i (in)
                                                         wb_clk_i (net)
                      0.816176    0.000000    0.641528 ^ clkbuf_0_wb_clk_i/A (sky130_fd_sc_hd__clkbuf_16)
    17    0.079963    0.109695    0.344975    0.986503 ^ clkbuf_0_wb_clk_i/X (sky130_fd_sc_hd__clkbuf_16)
                                                         clknet_0_wb_clk_i (net)
                      0.110505    0.007393    0.993896 ^ clkbuf_3_2_0_wb_clk_i/A (sky130_fd_sc_hd__clkbuf_8)
    11    0.038341    0.079269    0.186894    1.180791 ^ clkbuf_3_2_0_wb_clk_i/X (sky130_fd_sc_hd__clkbuf_8)
                                                         clknet_3_2_0_wb_clk_i (net)
                      0.079344    0.002289    1.183080 ^ _725_/CLK (sky130_fd_sc_hd__dfrtp_2)
                                  0.250000    1.433080   clock uncertainty
                                  0.000000    1.433080   clock reconvergence pessimism
                                  0.337956    1.771035   library removal time
                                              1.771035   data required time
---------------------------------------------------------------------------------------------
                                              1.771035   data required time
                                             -6.349429   data arrival time
---------------------------------------------------------------------------------------------
                                              4.578393   slack (MET)


Startpoint: wb_rst_i (input port clocked by wb_clk_i)
Endpoint: _720_ (removal check against rising-edge clock wb_clk_i)
Path Group: asynchronous
Path Type: min

Fanout         Cap        Slew       Delay        Time   Description
---------------------------------------------------------------------------------------------
                                  0.000000    0.000000   clock wb_clk_i (rise edge)
                                  0.000000    0.000000   clock network delay (propagated)
                                  5.000000    5.000000 v input external delay
     2    0.005043    0.013699    0.007831    5.007831 v wb_rst_i (in)
                                                         wb_rst_i (net)
                      0.013703    0.000000    5.007831 v input1/A (sky130_fd_sc_hd__buf_2)
     5    0.143937    0.321112    0.270219    5.278049 v input1/X (sky130_fd_sc_hd__buf_2)
                                                         net1 (net)
                      0.380069    0.098750    5.376800 v fanout19/A (sky130_fd_sc_hd__clkdlybuf4s25_1)
     2    0.011463    0.096608    0.382791    5.759590 v fanout19/X (sky130_fd_sc_hd__clkdlybuf4s25_1)
                                                         net19 (net)
                      0.096610    0.000541    5.760131 v fanout15/A (sky130_fd_sc_hd__clkdlybuf4s25_1)
     8    0.046279    0.340581    0.473356    6.233487 v fanout15/X (sky130_fd_sc_hd__clkdlybuf4s25_1)
                                                         net15 (net)
                      0.340623    0.003571    6.237058 v _636_/A (sky130_fd_sc_hd__inv_2)
     1    0.003921    0.076192    0.113640    6.350698 ^ _636_/Y (sky130_fd_sc_hd__inv_2)
                                                         _111_ (net)
                      0.076193    0.000196    6.350894 ^ _720_/RESET_B (sky130_fd_sc_hd__dfrtp_2)
                                              6.350894   data arrival time

                                  0.000000    0.000000   clock wb_clk_i (rise edge)
                                  0.000000    0.000000   clock source latency
     2    0.173040    0.776047    0.641528    0.641528 ^ wb_clk_i (in)
                                                         wb_clk_i (net)
                      0.816176    0.000000    0.641528 ^ clkbuf_0_wb_clk_i/A (sky130_fd_sc_hd__clkbuf_16)
    17    0.079963    0.109695    0.344975    0.986503 ^ clkbuf_0_wb_clk_i/X (sky130_fd_sc_hd__clkbuf_16)
                                                         clknet_0_wb_clk_i (net)
                      0.110505    0.007393    0.993896 ^ clkbuf_3_2_0_wb_clk_i/A (sky130_fd_sc_hd__clkbuf_8)
    11    0.038341    0.079269    0.186894    1.180791 ^ clkbuf_3_2_0_wb_clk_i/X (sky130_fd_sc_hd__clkbuf_8)
                                                         clknet_3_2_0_wb_clk_i (net)
                      0.079341    0.002248    1.183038 ^ _720_/CLK (sky130_fd_sc_hd__dfrtp_2)
                                  0.250000    1.433038   clock uncertainty
                                  0.000000    1.433038   clock reconvergence pessimism
                                  0.338194    1.771232   library removal time
                                              1.771232   data required time
---------------------------------------------------------------------------------------------
                                              1.771232   data required time
                                             -6.350894   data arrival time
---------------------------------------------------------------------------------------------
                                              4.579662   slack (MET)


Startpoint: wb_rst_i (input port clocked by wb_clk_i)
Endpoint: _718_ (removal check against rising-edge clock wb_clk_i)
Path Group: asynchronous
Path Type: min

Fanout         Cap        Slew       Delay        Time   Description
---------------------------------------------------------------------------------------------
                                  0.000000    0.000000   clock wb_clk_i (rise edge)
                                  0.000000    0.000000   clock network delay (propagated)
                                  5.000000    5.000000 v input external delay
     2    0.005043    0.013699    0.007831    5.007831 v wb_rst_i (in)
                                                         wb_rst_i (net)
                      0.013703    0.000000    5.007831 v input1/A (sky130_fd_sc_hd__buf_2)
     5    0.143937    0.321112    0.270219    5.278049 v input1/X (sky130_fd_sc_hd__buf_2)
                                                         net1 (net)
                      0.380069    0.098750    5.376800 v fanout19/A (sky130_fd_sc_hd__clkdlybuf4s25_1)
     2    0.011463    0.096608    0.382791    5.759590 v fanout19/X (sky130_fd_sc_hd__clkdlybuf4s25_1)
                                                         net19 (net)
                      0.096610    0.000541    5.760131 v fanout15/A (sky130_fd_sc_hd__clkdlybuf4s25_1)
     8    0.046279    0.340581    0.473356    6.233487 v fanout15/X (sky130_fd_sc_hd__clkdlybuf4s25_1)
                                                         net15 (net)
                      0.340635    0.003965    6.237453 v _634_/A (sky130_fd_sc_hd__inv_2)
     1    0.003985    0.076695    0.114270    6.351722 ^ _634_/Y (sky130_fd_sc_hd__inv_2)
                                                         _109_ (net)
                      0.076695    0.000199    6.351922 ^ _718_/RESET_B (sky130_fd_sc_hd__dfrtp_2)
                                              6.351922   data arrival time

                                  0.000000    0.000000   clock wb_clk_i (rise edge)
                                  0.000000    0.000000   clock source latency
     2    0.173040    0.776047    0.641528    0.641528 ^ wb_clk_i (in)
                                                         wb_clk_i (net)
                      0.816176    0.000000    0.641528 ^ clkbuf_0_wb_clk_i/A (sky130_fd_sc_hd__clkbuf_16)
    17    0.079963    0.109695    0.344975    0.986503 ^ clkbuf_0_wb_clk_i/X (sky130_fd_sc_hd__clkbuf_16)
                                                         clknet_0_wb_clk_i (net)
                      0.110505    0.007393    0.993896 ^ clkbuf_3_2_0_wb_clk_i/A (sky130_fd_sc_hd__clkbuf_8)
    11    0.038341    0.079269    0.186894    1.180791 ^ clkbuf_3_2_0_wb_clk_i/X (sky130_fd_sc_hd__clkbuf_8)
                                                         clknet_3_2_0_wb_clk_i (net)
                      0.079318    0.001904    1.182695 ^ _718_/CLK (sky130_fd_sc_hd__dfrtp_2)
                                  0.250000    1.432695   clock uncertainty
                                  0.000000    1.432695   clock reconvergence pessimism
                                  0.338324    1.771019   library removal time
                                              1.771019   data required time
---------------------------------------------------------------------------------------------
                                              1.771019   data required time
                                             -6.351922   data arrival time
---------------------------------------------------------------------------------------------
                                              4.580903   slack (MET)


Startpoint: wb_rst_i (input port clocked by wb_clk_i)
Endpoint: _723_ (removal check against rising-edge clock wb_clk_i)
Path Group: asynchronous
Path Type: min

Fanout         Cap        Slew       Delay        Time   Description
---------------------------------------------------------------------------------------------
                                  0.000000    0.000000   clock wb_clk_i (rise edge)
                                  0.000000    0.000000   clock network delay (propagated)
                                  5.000000    5.000000 v input external delay
     2    0.005043    0.013699    0.007831    5.007831 v wb_rst_i (in)
                                                         wb_rst_i (net)
                      0.013703    0.000000    5.007831 v input1/A (sky130_fd_sc_hd__buf_2)
     5    0.143937    0.321112    0.270219    5.278049 v input1/X (sky130_fd_sc_hd__buf_2)
                                                         net1 (net)
                      0.380069    0.098750    5.376800 v fanout19/A (sky130_fd_sc_hd__clkdlybuf4s25_1)
     2    0.011463    0.096608    0.382791    5.759590 v fanout19/X (sky130_fd_sc_hd__clkdlybuf4s25_1)
                                                         net19 (net)
                      0.096610    0.000541    5.760131 v fanout15/A (sky130_fd_sc_hd__clkdlybuf4s25_1)
     8    0.046279    0.340581    0.473356    6.233487 v fanout15/X (sky130_fd_sc_hd__clkdlybuf4s25_1)
                                                         net15 (net)
                      0.340582    0.001131    6.234618 v _639_/A (sky130_fd_sc_hd__inv_2)
     1    0.004561    0.080485    0.119267    6.353885 ^ _639_/Y (sky130_fd_sc_hd__inv_2)
                                                         _114_ (net)
                      0.080485    0.000245    6.354129 ^ _723_/RESET_B (sky130_fd_sc_hd__dfrtp_2)
                                              6.354129   data arrival time

                                  0.000000    0.000000   clock wb_clk_i (rise edge)
                                  0.000000    0.000000   clock source latency
     2    0.173040    0.776047    0.641528    0.641528 ^ wb_clk_i (in)
                                                         wb_clk_i (net)
                      0.816176    0.000000    0.641528 ^ clkbuf_0_wb_clk_i/A (sky130_fd_sc_hd__clkbuf_16)
    17    0.079963    0.109695    0.344975    0.986503 ^ clkbuf_0_wb_clk_i/X (sky130_fd_sc_hd__clkbuf_16)
                                                         clknet_0_wb_clk_i (net)
                      0.110620    0.007955    0.994458 ^ clkbuf_3_0_0_wb_clk_i/A (sky130_fd_sc_hd__clkbuf_8)
    11    0.037435    0.077850    0.185790    1.180247 ^ clkbuf_3_0_0_wb_clk_i/X (sky130_fd_sc_hd__clkbuf_8)
                                                         clknet_3_0_0_wb_clk_i (net)
                      0.077958    0.002666    1.182913 ^ _723_/CLK (sky130_fd_sc_hd__dfrtp_2)
                                  0.250000    1.432913   clock uncertainty
                                  0.000000    1.432913   clock reconvergence pessimism
                                  0.338983    1.771896   library removal time
                                              1.771896   data required time
---------------------------------------------------------------------------------------------
                                              1.771896   data required time
                                             -6.354129   data arrival time
---------------------------------------------------------------------------------------------
                                              4.582233   slack (MET)


Startpoint: wb_rst_i (input port clocked by wb_clk_i)
Endpoint: _722_ (removal check against rising-edge clock wb_clk_i)
Path Group: asynchronous
Path Type: min

Fanout         Cap        Slew       Delay        Time   Description
---------------------------------------------------------------------------------------------
                                  0.000000    0.000000   clock wb_clk_i (rise edge)
                                  0.000000    0.000000   clock network delay (propagated)
                                  5.000000    5.000000 v input external delay
     2    0.005043    0.013699    0.007831    5.007831 v wb_rst_i (in)
                                                         wb_rst_i (net)
                      0.013703    0.000000    5.007831 v input1/A (sky130_fd_sc_hd__buf_2)
     5    0.143937    0.321112    0.270219    5.278049 v input1/X (sky130_fd_sc_hd__buf_2)
                                                         net1 (net)
                      0.380069    0.098750    5.376800 v fanout19/A (sky130_fd_sc_hd__clkdlybuf4s25_1)
     2    0.011463    0.096608    0.382791    5.759590 v fanout19/X (sky130_fd_sc_hd__clkdlybuf4s25_1)
                                                         net19 (net)
                      0.096610    0.000541    5.760131 v fanout15/A (sky130_fd_sc_hd__clkdlybuf4s25_1)
     8    0.046279    0.340581    0.473356    6.233487 v fanout15/X (sky130_fd_sc_hd__clkdlybuf4s25_1)
                                                         net15 (net)
                      0.340594    0.002210    6.235697 v _638_/A (sky130_fd_sc_hd__inv_2)
     1    0.004396    0.079882    0.118223    6.353920 ^ _638_/Y (sky130_fd_sc_hd__inv_2)
                                                         _113_ (net)
                      0.079882    0.000224    6.354144 ^ _722_/RESET_B (sky130_fd_sc_hd__dfrtp_2)
                                              6.354144   data arrival time

                                  0.000000    0.000000   clock wb_clk_i (rise edge)
                                  0.000000    0.000000   clock source latency
     2    0.173040    0.776047    0.641528    0.641528 ^ wb_clk_i (in)
                                                         wb_clk_i (net)
                      0.816176    0.000000    0.641528 ^ clkbuf_0_wb_clk_i/A (sky130_fd_sc_hd__clkbuf_16)
    17    0.079963    0.109695    0.344975    0.986503 ^ clkbuf_0_wb_clk_i/X (sky130_fd_sc_hd__clkbuf_16)
                                                         clknet_0_wb_clk_i (net)
                      0.110620    0.007955    0.994458 ^ clkbuf_3_0_0_wb_clk_i/A (sky130_fd_sc_hd__clkbuf_8)
    11    0.037435    0.077850    0.185790    1.180247 ^ clkbuf_3_0_0_wb_clk_i/X (sky130_fd_sc_hd__clkbuf_8)
                                                         clknet_3_0_0_wb_clk_i (net)
                      0.077956    0.002642    1.182889 ^ _722_/CLK (sky130_fd_sc_hd__dfrtp_2)
                                  0.250000    1.432889   clock uncertainty
                                  0.000000    1.432889   clock reconvergence pessimism
                                  0.338818    1.771708   library removal time
                                              1.771708   data required time
---------------------------------------------------------------------------------------------
                                              1.771708   data required time
                                             -6.354144   data arrival time
---------------------------------------------------------------------------------------------
                                              4.582437   slack (MET)


Startpoint: wb_rst_i (input port clocked by wb_clk_i)
Endpoint: _719_ (removal check against rising-edge clock wb_clk_i)
Path Group: asynchronous
Path Type: min

Fanout         Cap        Slew       Delay        Time   Description
---------------------------------------------------------------------------------------------
                                  0.000000    0.000000   clock wb_clk_i (rise edge)
                                  0.000000    0.000000   clock network delay (propagated)
                                  5.000000    5.000000 v input external delay
     2    0.005043    0.013699    0.007831    5.007831 v wb_rst_i (in)
                                                         wb_rst_i (net)
                      0.013703    0.000000    5.007831 v input1/A (sky130_fd_sc_hd__buf_2)
     5    0.143937    0.321112    0.270219    5.278049 v input1/X (sky130_fd_sc_hd__buf_2)
                                                         net1 (net)
                      0.380069    0.098750    5.376800 v fanout19/A (sky130_fd_sc_hd__clkdlybuf4s25_1)
     2    0.011463    0.096608    0.382791    5.759590 v fanout19/X (sky130_fd_sc_hd__clkdlybuf4s25_1)
                                                         net19 (net)
                      0.096610    0.000541    5.760131 v fanout15/A (sky130_fd_sc_hd__clkdlybuf4s25_1)
     8    0.046279    0.340581    0.473356    6.233487 v fanout15/X (sky130_fd_sc_hd__clkdlybuf4s25_1)
                                                         net15 (net)
                      0.340643    0.004189    6.237676 v _635_/A (sky130_fd_sc_hd__inv_2)
     1    0.004550    0.080447    0.119214    6.356890 ^ _635_/Y (sky130_fd_sc_hd__inv_2)
                                                         _110_ (net)
                      0.080448    0.000230    6.357121 ^ _719_/RESET_B (sky130_fd_sc_hd__dfrtp_2)
                                              6.357121   data arrival time

                                  0.000000    0.000000   clock wb_clk_i (rise edge)
                                  0.000000    0.000000   clock source latency
     2    0.173040    0.776047    0.641528    0.641528 ^ wb_clk_i (in)
                                                         wb_clk_i (net)
                      0.816176    0.000000    0.641528 ^ clkbuf_0_wb_clk_i/A (sky130_fd_sc_hd__clkbuf_16)
    17    0.079963    0.109695    0.344975    0.986503 ^ clkbuf_0_wb_clk_i/X (sky130_fd_sc_hd__clkbuf_16)
                                                         clknet_0_wb_clk_i (net)
                      0.110505    0.007393    0.993896 ^ clkbuf_3_2_0_wb_clk_i/A (sky130_fd_sc_hd__clkbuf_8)
    11    0.038341    0.079269    0.186894    1.180791 ^ clkbuf_3_2_0_wb_clk_i/X (sky130_fd_sc_hd__clkbuf_8)
                                                         clknet_3_2_0_wb_clk_i (net)
                      0.079336    0.002188    1.182979 ^ _719_/CLK (sky130_fd_sc_hd__dfrtp_2)
                                  0.250000    1.432979   clock uncertainty
                                  0.000000    1.432979   clock reconvergence pessimism
                                  0.339352    1.772331   library removal time
                                              1.772331   data required time
---------------------------------------------------------------------------------------------
                                              1.772331   data required time
                                             -6.357121   data arrival time
---------------------------------------------------------------------------------------------
                                              4.584790   slack (MET)


Startpoint: wb_rst_i (input port clocked by wb_clk_i)
Endpoint: _724_ (removal check against rising-edge clock wb_clk_i)
Path Group: asynchronous
Path Type: min

Fanout         Cap        Slew       Delay        Time   Description
---------------------------------------------------------------------------------------------
                                  0.000000    0.000000   clock wb_clk_i (rise edge)
                                  0.000000    0.000000   clock network delay (propagated)
                                  5.000000    5.000000 v input external delay
     2    0.005043    0.013699    0.007831    5.007831 v wb_rst_i (in)
                                                         wb_rst_i (net)
                      0.013703    0.000000    5.007831 v input1/A (sky130_fd_sc_hd__buf_2)
     5    0.143937    0.321112    0.270219    5.278049 v input1/X (sky130_fd_sc_hd__buf_2)
                                                         net1 (net)
                      0.380069    0.098750    5.376800 v fanout19/A (sky130_fd_sc_hd__clkdlybuf4s25_1)
     2    0.011463    0.096608    0.382791    5.759590 v fanout19/X (sky130_fd_sc_hd__clkdlybuf4s25_1)
                                                         net19 (net)
                      0.096610    0.000541    5.760131 v fanout15/A (sky130_fd_sc_hd__clkdlybuf4s25_1)
     8    0.046279    0.340581    0.473356    6.233487 v fanout15/X (sky130_fd_sc_hd__clkdlybuf4s25_1)
                                                         net15 (net)
                      0.340595    0.002288    6.235775 v _640_/A (sky130_fd_sc_hd__inv_2)
     1    0.005101    0.082458    0.122738    6.358514 ^ _640_/Y (sky130_fd_sc_hd__inv_2)
                                                         _115_ (net)
                      0.082458    0.000265    6.358779 ^ _724_/RESET_B (sky130_fd_sc_hd__dfrtp_2)
                                              6.358779   data arrival time

                                  0.000000    0.000000   clock wb_clk_i (rise edge)
                                  0.000000    0.000000   clock source latency
     2    0.173040    0.776047    0.641528    0.641528 ^ wb_clk_i (in)
                                                         wb_clk_i (net)
                      0.816176    0.000000    0.641528 ^ clkbuf_0_wb_clk_i/A (sky130_fd_sc_hd__clkbuf_16)
    17    0.079963    0.109695    0.344975    0.986503 ^ clkbuf_0_wb_clk_i/X (sky130_fd_sc_hd__clkbuf_16)
                                                         clknet_0_wb_clk_i (net)
                      0.110620    0.007955    0.994458 ^ clkbuf_3_0_0_wb_clk_i/A (sky130_fd_sc_hd__clkbuf_8)
    11    0.037435    0.077850    0.185790    1.180247 ^ clkbuf_3_0_0_wb_clk_i/X (sky130_fd_sc_hd__clkbuf_8)
                                                         clknet_3_0_0_wb_clk_i (net)
                      0.077941    0.002463    1.182710 ^ _724_/CLK (sky130_fd_sc_hd__dfrtp_2)
                                  0.250000    1.432710   clock uncertainty
                                  0.000000    1.432710   clock reconvergence pessimism
                                  0.339516    1.772226   library removal time
                                              1.772226   data required time
---------------------------------------------------------------------------------------------
                                              1.772226   data required time
                                             -6.358779   data arrival time
---------------------------------------------------------------------------------------------
                                              4.586553   slack (MET)


Startpoint: wb_rst_i (input port clocked by wb_clk_i)
Endpoint: _696_ (removal check against rising-edge clock wb_clk_i)
Path Group: asynchronous
Path Type: min

Fanout         Cap        Slew       Delay        Time   Description
---------------------------------------------------------------------------------------------
                                  0.000000    0.000000   clock wb_clk_i (rise edge)
                                  0.000000    0.000000   clock network delay (propagated)
                                  5.000000    5.000000 v input external delay
     2    0.005043    0.013699    0.007831    5.007831 v wb_rst_i (in)
                                                         wb_rst_i (net)
                      0.013703    0.000000    5.007831 v input1/A (sky130_fd_sc_hd__buf_2)
     5    0.143937    0.321112    0.270219    5.278049 v input1/X (sky130_fd_sc_hd__buf_2)
                                                         net1 (net)
                      0.380069    0.098750    5.376800 v fanout19/A (sky130_fd_sc_hd__clkdlybuf4s25_1)
     2    0.011463    0.096608    0.382791    5.759590 v fanout19/X (sky130_fd_sc_hd__clkdlybuf4s25_1)
                                                         net19 (net)
                      0.096616    0.000889    5.760479 v wire20/A (sky130_fd_sc_hd__buf_4)
    19    0.070849    0.098226    0.209531    5.970010 v wire20/X (sky130_fd_sc_hd__buf_4)
                                                         net20 (net)
                      0.099792    0.009351    5.979361 v fanout17/A (sky130_fd_sc_hd__clkdlybuf4s25_1)
     9    0.052404    0.384212    0.504379    6.483739 v fanout17/X (sky130_fd_sc_hd__clkdlybuf4s25_1)
                                                         net17 (net)
                      0.384213    0.001244    6.484984 v _612_/A (sky130_fd_sc_hd__inv_2)
     1    0.004059    0.082482    0.121749    6.606733 ^ _612_/Y (sky130_fd_sc_hd__inv_2)
                                                         _087_ (net)
                      0.082482    0.000203    6.606936 ^ _696_/RESET_B (sky130_fd_sc_hd__dfrtp_2)
                                              6.606936   data arrival time

                                  0.000000    0.000000   clock wb_clk_i (rise edge)
                                  0.000000    0.000000   clock source latency
     2    0.173040    0.776047    0.641528    0.641528 ^ wb_clk_i (in)
                                                         wb_clk_i (net)
                      0.816176    0.000000    0.641528 ^ clkbuf_0_wb_clk_i/A (sky130_fd_sc_hd__clkbuf_16)
    17    0.079963    0.109695    0.344975    0.986503 ^ clkbuf_0_wb_clk_i/X (sky130_fd_sc_hd__clkbuf_16)
                                                         clknet_0_wb_clk_i (net)
                      0.110467    0.007198    0.993701 ^ clkbuf_3_1_0_wb_clk_i/A (sky130_fd_sc_hd__clkbuf_8)
    11    0.038866    0.080091    0.187569    1.181270 ^ clkbuf_3_1_0_wb_clk_i/X (sky130_fd_sc_hd__clkbuf_8)
                                                         clknet_3_1_0_wb_clk_i (net)
                      0.080141    0.001930    1.183199 ^ _696_/CLK (sky130_fd_sc_hd__dfrtp_2)
                                  0.250000    1.433199   clock uncertainty
                                  0.000000    1.433199   clock reconvergence pessimism
                                  0.340127    1.773327   library removal time
                                              1.773327   data required time
---------------------------------------------------------------------------------------------
                                              1.773327   data required time
                                             -6.606936   data arrival time
---------------------------------------------------------------------------------------------
                                              4.833609   slack (MET)


Startpoint: wb_rst_i (input port clocked by wb_clk_i)
Endpoint: _749_ (removal check against rising-edge clock wb_clk_i)
Path Group: asynchronous
Path Type: min

Fanout         Cap        Slew       Delay        Time   Description
---------------------------------------------------------------------------------------------
                                  0.000000    0.000000   clock wb_clk_i (rise edge)
                                  0.000000    0.000000   clock network delay (propagated)
                                  5.000000    5.000000 v input external delay
     2    0.005043    0.013699    0.007831    5.007831 v wb_rst_i (in)
                                                         wb_rst_i (net)
                      0.013703    0.000000    5.007831 v input1/A (sky130_fd_sc_hd__buf_2)
     5    0.143937    0.321112    0.270219    5.278049 v input1/X (sky130_fd_sc_hd__buf_2)
                                                         net1 (net)
                      0.380069    0.098750    5.376800 v fanout19/A (sky130_fd_sc_hd__clkdlybuf4s25_1)
     2    0.011463    0.096608    0.382791    5.759590 v fanout19/X (sky130_fd_sc_hd__clkdlybuf4s25_1)
                                                         net19 (net)
                      0.096616    0.000889    5.760479 v wire20/A (sky130_fd_sc_hd__buf_4)
    19    0.070849    0.098226    0.209531    5.970010 v wire20/X (sky130_fd_sc_hd__buf_4)
                                                         net20 (net)
                      0.099792    0.009351    5.979361 v fanout17/A (sky130_fd_sc_hd__clkdlybuf4s25_1)
     9    0.052404    0.384212    0.504379    6.483739 v fanout17/X (sky130_fd_sc_hd__clkdlybuf4s25_1)
                                                         net17 (net)
                      0.384300    0.005251    6.488991 v _665_/A (sky130_fd_sc_hd__inv_2)
     1    0.004054    0.082452    0.121712    6.610703 ^ _665_/Y (sky130_fd_sc_hd__inv_2)
                                                         _140_ (net)
                      0.082452    0.000202    6.610905 ^ _749_/RESET_B (sky130_fd_sc_hd__dfrtp_2)
                                              6.610905   data arrival time

                                  0.000000    0.000000   clock wb_clk_i (rise edge)
                                  0.000000    0.000000   clock source latency
     2    0.173040    0.776047    0.641528    0.641528 ^ wb_clk_i (in)
                                                         wb_clk_i (net)
                      0.816176    0.000000    0.641528 ^ clkbuf_0_wb_clk_i/A (sky130_fd_sc_hd__clkbuf_16)
    17    0.079963    0.109695    0.344975    0.986503 ^ clkbuf_0_wb_clk_i/X (sky130_fd_sc_hd__clkbuf_16)
                                                         clknet_0_wb_clk_i (net)
                      0.110467    0.007198    0.993701 ^ clkbuf_3_1_0_wb_clk_i/A (sky130_fd_sc_hd__clkbuf_8)
    11    0.038866    0.080091    0.187569    1.181270 ^ clkbuf_3_1_0_wb_clk_i/X (sky130_fd_sc_hd__clkbuf_8)
                                                         clknet_3_1_0_wb_clk_i (net)
                      0.080183    0.002523    1.183793 ^ _749_/CLK (sky130_fd_sc_hd__dfrtp_2)
                                  0.250000    1.433793   clock uncertainty
                                  0.000000    1.433793   clock reconvergence pessimism
                                  0.340131    1.773924   library removal time
                                              1.773924   data required time
---------------------------------------------------------------------------------------------
                                              1.773924   data required time
                                             -6.610905   data arrival time
---------------------------------------------------------------------------------------------
                                              4.836982   slack (MET)


Startpoint: wb_rst_i (input port clocked by wb_clk_i)
Endpoint: _698_ (removal check against rising-edge clock wb_clk_i)
Path Group: asynchronous
Path Type: min

Fanout         Cap        Slew       Delay        Time   Description
---------------------------------------------------------------------------------------------
                                  0.000000    0.000000   clock wb_clk_i (rise edge)
                                  0.000000    0.000000   clock network delay (propagated)
                                  5.000000    5.000000 v input external delay
     2    0.005043    0.013699    0.007831    5.007831 v wb_rst_i (in)
                                                         wb_rst_i (net)
                      0.013703    0.000000    5.007831 v input1/A (sky130_fd_sc_hd__buf_2)
     5    0.143937    0.321112    0.270219    5.278049 v input1/X (sky130_fd_sc_hd__buf_2)
                                                         net1 (net)
                      0.380069    0.098750    5.376800 v fanout19/A (sky130_fd_sc_hd__clkdlybuf4s25_1)
     2    0.011463    0.096608    0.382791    5.759590 v fanout19/X (sky130_fd_sc_hd__clkdlybuf4s25_1)
                                                         net19 (net)
                      0.096616    0.000889    5.760479 v wire20/A (sky130_fd_sc_hd__buf_4)
    19    0.070849    0.098226    0.209531    5.970010 v wire20/X (sky130_fd_sc_hd__buf_4)
                                                         net20 (net)
                      0.099792    0.009351    5.979361 v fanout17/A (sky130_fd_sc_hd__clkdlybuf4s25_1)
     9    0.052404    0.384212    0.504379    6.483739 v fanout17/X (sky130_fd_sc_hd__clkdlybuf4s25_1)
                                                         net17 (net)
                      0.384289    0.004955    6.488694 v _614_/A (sky130_fd_sc_hd__inv_2)
     1    0.004057    0.082475    0.121737    6.610432 ^ _614_/Y (sky130_fd_sc_hd__inv_2)
                                                         _089_ (net)
                      0.082475    0.000205    6.610637 ^ _698_/RESET_B (sky130_fd_sc_hd__dfrtp_2)
                                              6.610637   data arrival time

                                  0.000000    0.000000   clock wb_clk_i (rise edge)
                                  0.000000    0.000000   clock source latency
     2    0.173040    0.776047    0.641528    0.641528 ^ wb_clk_i (in)
                                                         wb_clk_i (net)
                      0.816176    0.000000    0.641528 ^ clkbuf_0_wb_clk_i/A (sky130_fd_sc_hd__clkbuf_16)
    17    0.079963    0.109695    0.344975    0.986503 ^ clkbuf_0_wb_clk_i/X (sky130_fd_sc_hd__clkbuf_16)
                                                         clknet_0_wb_clk_i (net)
                      0.110467    0.007198    0.993701 ^ clkbuf_3_1_0_wb_clk_i/A (sky130_fd_sc_hd__clkbuf_8)
    11    0.038866    0.080091    0.187569    1.181270 ^ clkbuf_3_1_0_wb_clk_i/X (sky130_fd_sc_hd__clkbuf_8)
                                                         clknet_3_1_0_wb_clk_i (net)
                      0.080146    0.002014    1.183283 ^ _698_/CLK (sky130_fd_sc_hd__dfrtp_2)
                                  0.250000    1.433283   clock uncertainty
                                  0.000000    1.433283   clock reconvergence pessimism
                                  0.340127    1.773410   library removal time
                                              1.773410   data required time
---------------------------------------------------------------------------------------------
                                              1.773410   data required time
                                             -6.610637   data arrival time
---------------------------------------------------------------------------------------------
                                              4.837227   slack (MET)


Startpoint: wb_rst_i (input port clocked by wb_clk_i)
Endpoint: _695_ (removal check against rising-edge clock wb_clk_i)
Path Group: asynchronous
Path Type: min

Fanout         Cap        Slew       Delay        Time   Description
---------------------------------------------------------------------------------------------
                                  0.000000    0.000000   clock wb_clk_i (rise edge)
                                  0.000000    0.000000   clock network delay (propagated)
                                  5.000000    5.000000 v input external delay
     2    0.005043    0.013699    0.007831    5.007831 v wb_rst_i (in)
                                                         wb_rst_i (net)
                      0.013703    0.000000    5.007831 v input1/A (sky130_fd_sc_hd__buf_2)
     5    0.143937    0.321112    0.270219    5.278049 v input1/X (sky130_fd_sc_hd__buf_2)
                                                         net1 (net)
                      0.380069    0.098750    5.376800 v fanout19/A (sky130_fd_sc_hd__clkdlybuf4s25_1)
     2    0.011463    0.096608    0.382791    5.759590 v fanout19/X (sky130_fd_sc_hd__clkdlybuf4s25_1)
                                                         net19 (net)
                      0.096616    0.000889    5.760479 v wire20/A (sky130_fd_sc_hd__buf_4)
    19    0.070849    0.098226    0.209531    5.970010 v wire20/X (sky130_fd_sc_hd__buf_4)
                                                         net20 (net)
                      0.099792    0.009351    5.979361 v fanout17/A (sky130_fd_sc_hd__clkdlybuf4s25_1)
     9    0.052404    0.384212    0.504379    6.483739 v fanout17/X (sky130_fd_sc_hd__clkdlybuf4s25_1)
                                                         net17 (net)
                      0.384252    0.003764    6.487503 v _611_/A (sky130_fd_sc_hd__inv_2)
     1    0.004181    0.083530    0.123024    6.610528 ^ _611_/Y (sky130_fd_sc_hd__inv_2)
                                                         _086_ (net)
                      0.083530    0.000210    6.610738 ^ _695_/RESET_B (sky130_fd_sc_hd__dfrtp_2)
                                              6.610738   data arrival time

                                  0.000000    0.000000   clock wb_clk_i (rise edge)
                                  0.000000    0.000000   clock source latency
     2    0.173040    0.776047    0.641528    0.641528 ^ wb_clk_i (in)
                                                         wb_clk_i (net)
                      0.816176    0.000000    0.641528 ^ clkbuf_0_wb_clk_i/A (sky130_fd_sc_hd__clkbuf_16)
    17    0.079963    0.109695    0.344975    0.986503 ^ clkbuf_0_wb_clk_i/X (sky130_fd_sc_hd__clkbuf_16)
                                                         clknet_0_wb_clk_i (net)
                      0.110467    0.007198    0.993701 ^ clkbuf_3_1_0_wb_clk_i/A (sky130_fd_sc_hd__clkbuf_8)
    11    0.038866    0.080091    0.187569    1.181270 ^ clkbuf_3_1_0_wb_clk_i/X (sky130_fd_sc_hd__clkbuf_8)
                                                         clknet_3_1_0_wb_clk_i (net)
                      0.080120    0.001553    1.182822 ^ _695_/CLK (sky130_fd_sc_hd__dfrtp_2)
                                  0.250000    1.432822   clock uncertainty
                                  0.000000    1.432822   clock reconvergence pessimism
                                  0.340407    1.773230   library removal time
                                              1.773230   data required time
---------------------------------------------------------------------------------------------
                                              1.773230   data required time
                                             -6.610738   data arrival time
---------------------------------------------------------------------------------------------
                                              4.837508   slack (MET)


Startpoint: wb_rst_i (input port clocked by wb_clk_i)
Endpoint: _747_ (removal check against rising-edge clock wb_clk_i)
Path Group: asynchronous
Path Type: min

Fanout         Cap        Slew       Delay        Time   Description
---------------------------------------------------------------------------------------------
                                  0.000000    0.000000   clock wb_clk_i (rise edge)
                                  0.000000    0.000000   clock network delay (propagated)
                                  5.000000    5.000000 v input external delay
     2    0.005043    0.013699    0.007831    5.007831 v wb_rst_i (in)
                                                         wb_rst_i (net)
                      0.013703    0.000000    5.007831 v input1/A (sky130_fd_sc_hd__buf_2)
     5    0.143937    0.321112    0.270219    5.278049 v input1/X (sky130_fd_sc_hd__buf_2)
                                                         net1 (net)
                      0.380069    0.098750    5.376800 v fanout19/A (sky130_fd_sc_hd__clkdlybuf4s25_1)
     2    0.011463    0.096608    0.382791    5.759590 v fanout19/X (sky130_fd_sc_hd__clkdlybuf4s25_1)
                                                         net19 (net)
                      0.096616    0.000889    5.760479 v wire20/A (sky130_fd_sc_hd__buf_4)
    19    0.070849    0.098226    0.209531    5.970010 v wire20/X (sky130_fd_sc_hd__buf_4)
                                                         net20 (net)
                      0.099792    0.009351    5.979361 v fanout17/A (sky130_fd_sc_hd__clkdlybuf4s25_1)
     9    0.052404    0.384212    0.504379    6.483739 v fanout17/X (sky130_fd_sc_hd__clkdlybuf4s25_1)
                                                         net17 (net)
                      0.384290    0.004988    6.488728 v _663_/A (sky130_fd_sc_hd__inv_2)
     1    0.004250    0.084127    0.123745    6.612472 ^ _663_/Y (sky130_fd_sc_hd__inv_2)
                                                         _138_ (net)
                      0.084127    0.000213    6.612685 ^ _747_/RESET_B (sky130_fd_sc_hd__dfrtp_2)
                                              6.612685   data arrival time

                                  0.000000    0.000000   clock wb_clk_i (rise edge)
                                  0.000000    0.000000   clock source latency
     2    0.173040    0.776047    0.641528    0.641528 ^ wb_clk_i (in)
                                                         wb_clk_i (net)
                      0.816176    0.000000    0.641528 ^ clkbuf_0_wb_clk_i/A (sky130_fd_sc_hd__clkbuf_16)
    17    0.079963    0.109695    0.344975    0.986503 ^ clkbuf_0_wb_clk_i/X (sky130_fd_sc_hd__clkbuf_16)
                                                         clknet_0_wb_clk_i (net)
                      0.110467    0.007198    0.993701 ^ clkbuf_3_1_0_wb_clk_i/A (sky130_fd_sc_hd__clkbuf_8)
    11    0.038866    0.080091    0.187569    1.181270 ^ clkbuf_3_1_0_wb_clk_i/X (sky130_fd_sc_hd__clkbuf_8)
                                                         clknet_3_1_0_wb_clk_i (net)
                      0.080209    0.002812    1.184081 ^ _747_/CLK (sky130_fd_sc_hd__dfrtp_2)
                                  0.250000    1.434081   clock uncertainty
                                  0.000000    1.434081   clock reconvergence pessimism
                                  0.340594    1.774676   library removal time
                                              1.774676   data required time
---------------------------------------------------------------------------------------------
                                              1.774676   data required time
                                             -6.612685   data arrival time
---------------------------------------------------------------------------------------------
                                              4.838010   slack (MET)


Startpoint: wb_rst_i (input port clocked by wb_clk_i)
Endpoint: _694_ (removal check against rising-edge clock wb_clk_i)
Path Group: asynchronous
Path Type: min

Fanout         Cap        Slew       Delay        Time   Description
---------------------------------------------------------------------------------------------
                                  0.000000    0.000000   clock wb_clk_i (rise edge)
                                  0.000000    0.000000   clock network delay (propagated)
                                  5.000000    5.000000 v input external delay
     2    0.005043    0.013699    0.007831    5.007831 v wb_rst_i (in)
                                                         wb_rst_i (net)
                      0.013703    0.000000    5.007831 v input1/A (sky130_fd_sc_hd__buf_2)
     5    0.143937    0.321112    0.270219    5.278049 v input1/X (sky130_fd_sc_hd__buf_2)
                                                         net1 (net)
                      0.380069    0.098750    5.376800 v fanout19/A (sky130_fd_sc_hd__clkdlybuf4s25_1)
     2    0.011463    0.096608    0.382791    5.759590 v fanout19/X (sky130_fd_sc_hd__clkdlybuf4s25_1)
                                                         net19 (net)
                      0.096616    0.000889    5.760479 v wire20/A (sky130_fd_sc_hd__buf_4)
    19    0.070849    0.098226    0.209531    5.970010 v wire20/X (sky130_fd_sc_hd__buf_4)
                                                         net20 (net)
                      0.099792    0.009351    5.979361 v fanout17/A (sky130_fd_sc_hd__clkdlybuf4s25_1)
     9    0.052404    0.384212    0.504379    6.483739 v fanout17/X (sky130_fd_sc_hd__clkdlybuf4s25_1)
                                                         net17 (net)
                      0.384273    0.004495    6.488235 v _610_/A (sky130_fd_sc_hd__inv_2)
     1    0.004275    0.084342    0.124001    6.612236 ^ _610_/Y (sky130_fd_sc_hd__inv_2)
                                                         _085_ (net)
                      0.084342    0.000216    6.612452 ^ _694_/RESET_B (sky130_fd_sc_hd__dfrtp_2)
                                              6.612452   data arrival time

                                  0.000000    0.000000   clock wb_clk_i (rise edge)
                                  0.000000    0.000000   clock source latency
     2    0.173040    0.776047    0.641528    0.641528 ^ wb_clk_i (in)
                                                         wb_clk_i (net)
                      0.816176    0.000000    0.641528 ^ clkbuf_0_wb_clk_i/A (sky130_fd_sc_hd__clkbuf_16)
    17    0.079963    0.109695    0.344975    0.986503 ^ clkbuf_0_wb_clk_i/X (sky130_fd_sc_hd__clkbuf_16)
                                                         clknet_0_wb_clk_i (net)
                      0.110467    0.007198    0.993701 ^ clkbuf_3_1_0_wb_clk_i/A (sky130_fd_sc_hd__clkbuf_8)
    11    0.038866    0.080091    0.187569    1.181270 ^ clkbuf_3_1_0_wb_clk_i/X (sky130_fd_sc_hd__clkbuf_8)
                                                         clknet_3_1_0_wb_clk_i (net)
                      0.080131    0.001757    1.183026 ^ _694_/CLK (sky130_fd_sc_hd__dfrtp_2)
                                  0.250000    1.433026   clock uncertainty
                                  0.000000    1.433026   clock reconvergence pessimism
                                  0.340631    1.773658   library removal time
                                              1.773658   data required time
---------------------------------------------------------------------------------------------
                                              1.773658   data required time
                                             -6.612452   data arrival time
---------------------------------------------------------------------------------------------
                                              4.838794   slack (MET)


Startpoint: wb_rst_i (input port clocked by wb_clk_i)
Endpoint: _748_ (removal check against rising-edge clock wb_clk_i)
Path Group: asynchronous
Path Type: min

Fanout         Cap        Slew       Delay        Time   Description
---------------------------------------------------------------------------------------------
                                  0.000000    0.000000   clock wb_clk_i (rise edge)
                                  0.000000    0.000000   clock network delay (propagated)
                                  5.000000    5.000000 v input external delay
     2    0.005043    0.013699    0.007831    5.007831 v wb_rst_i (in)
                                                         wb_rst_i (net)
                      0.013703    0.000000    5.007831 v input1/A (sky130_fd_sc_hd__buf_2)
     5    0.143937    0.321112    0.270219    5.278049 v input1/X (sky130_fd_sc_hd__buf_2)
                                                         net1 (net)
                      0.380069    0.098750    5.376800 v fanout19/A (sky130_fd_sc_hd__clkdlybuf4s25_1)
     2    0.011463    0.096608    0.382791    5.759590 v fanout19/X (sky130_fd_sc_hd__clkdlybuf4s25_1)
                                                         net19 (net)
                      0.096616    0.000889    5.760479 v wire20/A (sky130_fd_sc_hd__buf_4)
    19    0.070849    0.098226    0.209531    5.970010 v wire20/X (sky130_fd_sc_hd__buf_4)
                                                         net20 (net)
                      0.099792    0.009351    5.979361 v fanout17/A (sky130_fd_sc_hd__clkdlybuf4s25_1)
     9    0.052404    0.384212    0.504379    6.483739 v fanout17/X (sky130_fd_sc_hd__clkdlybuf4s25_1)
                                                         net17 (net)
                      0.384284    0.004809    6.488549 v _664_/A (sky130_fd_sc_hd__inv_2)
     1    0.004410    0.085308    0.125260    6.613809 ^ _664_/Y (sky130_fd_sc_hd__inv_2)
                                                         _139_ (net)
                      0.085308    0.000224    6.614034 ^ _748_/RESET_B (sky130_fd_sc_hd__dfrtp_2)
                                              6.614034   data arrival time

                                  0.000000    0.000000   clock wb_clk_i (rise edge)
                                  0.000000    0.000000   clock source latency
     2    0.173040    0.776047    0.641528    0.641528 ^ wb_clk_i (in)
                                                         wb_clk_i (net)
                      0.816176    0.000000    0.641528 ^ clkbuf_0_wb_clk_i/A (sky130_fd_sc_hd__clkbuf_16)
    17    0.079963    0.109695    0.344975    0.986503 ^ clkbuf_0_wb_clk_i/X (sky130_fd_sc_hd__clkbuf_16)
                                                         clknet_0_wb_clk_i (net)
                      0.110467    0.007198    0.993701 ^ clkbuf_3_1_0_wb_clk_i/A (sky130_fd_sc_hd__clkbuf_8)
    11    0.038866    0.080091    0.187569    1.181270 ^ clkbuf_3_1_0_wb_clk_i/X (sky130_fd_sc_hd__clkbuf_8)
                                                         clknet_3_1_0_wb_clk_i (net)
                      0.080198    0.002693    1.183962 ^ _748_/CLK (sky130_fd_sc_hd__dfrtp_2)
                                  0.250000    1.433962   clock uncertainty
                                  0.000000    1.433962   clock reconvergence pessimism
                                  0.340913    1.774875   library removal time
                                              1.774875   data required time
---------------------------------------------------------------------------------------------
                                              1.774875   data required time
                                             -6.614034   data arrival time
---------------------------------------------------------------------------------------------
                                              4.839159   slack (MET)


Startpoint: wb_rst_i (input port clocked by wb_clk_i)
Endpoint: _721_ (removal check against rising-edge clock wb_clk_i)
Path Group: asynchronous
Path Type: min

Fanout         Cap        Slew       Delay        Time   Description
---------------------------------------------------------------------------------------------
                                  0.000000    0.000000   clock wb_clk_i (rise edge)
                                  0.000000    0.000000   clock network delay (propagated)
                                  5.000000    5.000000 v input external delay
     2    0.005043    0.013699    0.007831    5.007831 v wb_rst_i (in)
                                                         wb_rst_i (net)
                      0.013703    0.000000    5.007831 v input1/A (sky130_fd_sc_hd__buf_2)
     5    0.143937    0.321112    0.270219    5.278049 v input1/X (sky130_fd_sc_hd__buf_2)
                                                         net1 (net)
                      0.380069    0.098750    5.376800 v fanout19/A (sky130_fd_sc_hd__clkdlybuf4s25_1)
     2    0.011463    0.096608    0.382791    5.759590 v fanout19/X (sky130_fd_sc_hd__clkdlybuf4s25_1)
                                                         net19 (net)
                      0.096610    0.000541    5.760131 v fanout15/A (sky130_fd_sc_hd__clkdlybuf4s25_1)
     8    0.046279    0.340581    0.473356    6.233487 v fanout15/X (sky130_fd_sc_hd__clkdlybuf4s25_1)
                                                         net15 (net)
                      0.340596    0.002367    6.235854 v load_slew16/A (sky130_fd_sc_hd__buf_4)
     9    0.057096    0.084660    0.302726    6.538580 v load_slew16/X (sky130_fd_sc_hd__buf_4)
                                                         net16 (net)
                      0.084743    0.002456    6.541036 v _637_/A (sky130_fd_sc_hd__inv_2)
     1    0.004278    0.035519    0.057528    6.598565 ^ _637_/Y (sky130_fd_sc_hd__inv_2)
                                                         _112_ (net)
                      0.035519    0.000218    6.598782 ^ _721_/RESET_B (sky130_fd_sc_hd__dfrtp_2)
                                              6.598782   data arrival time

                                  0.000000    0.000000   clock wb_clk_i (rise edge)
                                  0.000000    0.000000   clock source latency
     2    0.173040    0.776047    0.641528    0.641528 ^ wb_clk_i (in)
                                                         wb_clk_i (net)
                      0.816176    0.000000    0.641528 ^ clkbuf_0_wb_clk_i/A (sky130_fd_sc_hd__clkbuf_16)
    17    0.079963    0.109695    0.344975    0.986503 ^ clkbuf_0_wb_clk_i/X (sky130_fd_sc_hd__clkbuf_16)
                                                         clknet_0_wb_clk_i (net)
                      0.110620    0.007955    0.994458 ^ clkbuf_3_0_0_wb_clk_i/A (sky130_fd_sc_hd__clkbuf_8)
    11    0.037435    0.077850    0.185790    1.180247 ^ clkbuf_3_0_0_wb_clk_i/X (sky130_fd_sc_hd__clkbuf_8)
                                                         clknet_3_0_0_wb_clk_i (net)
                      0.077917    0.002159    1.182406 ^ _721_/CLK (sky130_fd_sc_hd__dfrtp_2)
                                  0.250000    1.432406   clock uncertainty
                                  0.000000    1.432406   clock reconvergence pessimism
                                  0.326720    1.759127   library removal time
                                              1.759127   data required time
---------------------------------------------------------------------------------------------
                                              1.759127   data required time
                                             -6.598782   data arrival time
---------------------------------------------------------------------------------------------
                                              4.839655   slack (MET)


Startpoint: wb_rst_i (input port clocked by wb_clk_i)
Endpoint: _712_ (removal check against rising-edge clock wb_clk_i)
Path Group: asynchronous
Path Type: min

Fanout         Cap        Slew       Delay        Time   Description
---------------------------------------------------------------------------------------------
                                  0.000000    0.000000   clock wb_clk_i (rise edge)
                                  0.000000    0.000000   clock network delay (propagated)
                                  5.000000    5.000000 v input external delay
     2    0.005043    0.013699    0.007831    5.007831 v wb_rst_i (in)
                                                         wb_rst_i (net)
                      0.013703    0.000000    5.007831 v input1/A (sky130_fd_sc_hd__buf_2)
     5    0.143937    0.321112    0.270219    5.278049 v input1/X (sky130_fd_sc_hd__buf_2)
                                                         net1 (net)
                      0.380069    0.098750    5.376800 v fanout19/A (sky130_fd_sc_hd__clkdlybuf4s25_1)
     2    0.011463    0.096608    0.382791    5.759590 v fanout19/X (sky130_fd_sc_hd__clkdlybuf4s25_1)
                                                         net19 (net)
                      0.096610    0.000541    5.760131 v fanout15/A (sky130_fd_sc_hd__clkdlybuf4s25_1)
     8    0.046279    0.340581    0.473356    6.233487 v fanout15/X (sky130_fd_sc_hd__clkdlybuf4s25_1)
                                                         net15 (net)
                      0.340596    0.002367    6.235854 v load_slew16/A (sky130_fd_sc_hd__buf_4)
     9    0.057096    0.084660    0.302726    6.538580 v load_slew16/X (sky130_fd_sc_hd__buf_4)
                                                         net16 (net)
                      0.084841    0.003370    6.541951 v _628_/A (sky130_fd_sc_hd__inv_2)
     1    0.004034    0.034620    0.056477    6.598427 ^ _628_/Y (sky130_fd_sc_hd__inv_2)
                                                         _103_ (net)
                      0.034621    0.000205    6.598632 ^ _712_/RESET_B (sky130_fd_sc_hd__dfrtp_2)
                                              6.598632   data arrival time

                                  0.000000    0.000000   clock wb_clk_i (rise edge)
                                  0.000000    0.000000   clock source latency
     2    0.173040    0.776047    0.641528    0.641528 ^ wb_clk_i (in)
                                                         wb_clk_i (net)
                      0.816176    0.000000    0.641528 ^ clkbuf_0_wb_clk_i/A (sky130_fd_sc_hd__clkbuf_16)
    17    0.079963    0.109695    0.344975    0.986503 ^ clkbuf_0_wb_clk_i/X (sky130_fd_sc_hd__clkbuf_16)
                                                         clknet_0_wb_clk_i (net)
                      0.110620    0.007955    0.994458 ^ clkbuf_3_0_0_wb_clk_i/A (sky130_fd_sc_hd__clkbuf_8)
    11    0.037435    0.077850    0.185790    1.180247 ^ clkbuf_3_0_0_wb_clk_i/X (sky130_fd_sc_hd__clkbuf_8)
                                                         clknet_3_0_0_wb_clk_i (net)
                      0.077899    0.001892    1.182140 ^ _712_/CLK (sky130_fd_sc_hd__dfrtp_2)
                                  0.250000    1.432140   clock uncertainty
                                  0.000000    1.432140   clock reconvergence pessimism
                                  0.326471    1.758610   library removal time
                                              1.758610   data required time
---------------------------------------------------------------------------------------------
                                              1.758610   data required time
                                             -6.598632   data arrival time
---------------------------------------------------------------------------------------------
                                              4.840022   slack (MET)


Startpoint: wb_rst_i (input port clocked by wb_clk_i)
Endpoint: _706_ (removal check against rising-edge clock wb_clk_i)
Path Group: asynchronous
Path Type: min

Fanout         Cap        Slew       Delay        Time   Description
---------------------------------------------------------------------------------------------
                                  0.000000    0.000000   clock wb_clk_i (rise edge)
                                  0.000000    0.000000   clock network delay (propagated)
                                  5.000000    5.000000 v input external delay
     2    0.005043    0.013699    0.007831    5.007831 v wb_rst_i (in)
                                                         wb_rst_i (net)
                      0.013703    0.000000    5.007831 v input1/A (sky130_fd_sc_hd__buf_2)
     5    0.143937    0.321112    0.270219    5.278049 v input1/X (sky130_fd_sc_hd__buf_2)
                                                         net1 (net)
                      0.380069    0.098750    5.376800 v fanout19/A (sky130_fd_sc_hd__clkdlybuf4s25_1)
     2    0.011463    0.096608    0.382791    5.759590 v fanout19/X (sky130_fd_sc_hd__clkdlybuf4s25_1)
                                                         net19 (net)
                      0.096610    0.000541    5.760131 v fanout15/A (sky130_fd_sc_hd__clkdlybuf4s25_1)
     8    0.046279    0.340581    0.473356    6.233487 v fanout15/X (sky130_fd_sc_hd__clkdlybuf4s25_1)
                                                         net15 (net)
                      0.340596    0.002367    6.235854 v load_slew16/A (sky130_fd_sc_hd__buf_4)
     9    0.057096    0.084660    0.302726    6.538580 v load_slew16/X (sky130_fd_sc_hd__buf_4)
                                                         net16 (net)
                      0.085260    0.005704    6.544285 v _622_/A (sky130_fd_sc_hd__inv_2)
     1    0.003811    0.033883    0.055624    6.599909 ^ _622_/Y (sky130_fd_sc_hd__inv_2)
                                                         _097_ (net)
                      0.033883    0.000193    6.600102 ^ _706_/RESET_B (sky130_fd_sc_hd__dfrtp_2)
                                              6.600102   data arrival time

                                  0.000000    0.000000   clock wb_clk_i (rise edge)
                                  0.000000    0.000000   clock source latency
     2    0.173040    0.776047    0.641528    0.641528 ^ wb_clk_i (in)
                                                         wb_clk_i (net)
                      0.816176    0.000000    0.641528 ^ clkbuf_0_wb_clk_i/A (sky130_fd_sc_hd__clkbuf_16)
    17    0.079963    0.109695    0.344975    0.986503 ^ clkbuf_0_wb_clk_i/X (sky130_fd_sc_hd__clkbuf_16)
                                                         clknet_0_wb_clk_i (net)
                      0.110505    0.007393    0.993896 ^ clkbuf_3_2_0_wb_clk_i/A (sky130_fd_sc_hd__clkbuf_8)
    11    0.038341    0.079269    0.186894    1.180791 ^ clkbuf_3_2_0_wb_clk_i/X (sky130_fd_sc_hd__clkbuf_8)
                                                         clknet_3_2_0_wb_clk_i (net)
                      0.079347    0.002330    1.183120 ^ _706_/CLK (sky130_fd_sc_hd__dfrtp_2)
                                  0.250000    1.433120   clock uncertainty
                                  0.000000    1.433120   clock reconvergence pessimism
                                  0.326668    1.759789   library removal time
                                              1.759789   data required time
---------------------------------------------------------------------------------------------
                                              1.759789   data required time
                                             -6.600102   data arrival time
---------------------------------------------------------------------------------------------
                                              4.840313   slack (MET)


Startpoint: wb_rst_i (input port clocked by wb_clk_i)
Endpoint: _699_ (removal check against rising-edge clock wb_clk_i)
Path Group: asynchronous
Path Type: min

Fanout         Cap        Slew       Delay        Time   Description
---------------------------------------------------------------------------------------------
                                  0.000000    0.000000   clock wb_clk_i (rise edge)
                                  0.000000    0.000000   clock network delay (propagated)
                                  5.000000    5.000000 v input external delay
     2    0.005043    0.013699    0.007831    5.007831 v wb_rst_i (in)
                                                         wb_rst_i (net)
                      0.013703    0.000000    5.007831 v input1/A (sky130_fd_sc_hd__buf_2)
     5    0.143937    0.321112    0.270219    5.278049 v input1/X (sky130_fd_sc_hd__buf_2)
                                                         net1 (net)
                      0.380069    0.098750    5.376800 v fanout19/A (sky130_fd_sc_hd__clkdlybuf4s25_1)
     2    0.011463    0.096608    0.382791    5.759590 v fanout19/X (sky130_fd_sc_hd__clkdlybuf4s25_1)
                                                         net19 (net)
                      0.096616    0.000889    5.760479 v wire20/A (sky130_fd_sc_hd__buf_4)
    19    0.070849    0.098226    0.209531    5.970010 v wire20/X (sky130_fd_sc_hd__buf_4)
                                                         net20 (net)
                      0.099792    0.009351    5.979361 v fanout17/A (sky130_fd_sc_hd__clkdlybuf4s25_1)
     9    0.052404    0.384212    0.504379    6.483739 v fanout17/X (sky130_fd_sc_hd__clkdlybuf4s25_1)
                                                         net17 (net)
                      0.384293    0.005061    6.488801 v _615_/A (sky130_fd_sc_hd__inv_2)
     1    0.004397    0.085255    0.125171    6.613971 ^ _615_/Y (sky130_fd_sc_hd__inv_2)
                                                         _090_ (net)
                      0.085255    0.000224    6.614196 ^ _699_/RESET_B (sky130_fd_sc_hd__dfrtp_2)
                                              6.614196   data arrival time

                                  0.000000    0.000000   clock wb_clk_i (rise edge)
                                  0.000000    0.000000   clock source latency
     2    0.173040    0.776047    0.641528    0.641528 ^ wb_clk_i (in)
                                                         wb_clk_i (net)
                      0.816176    0.000000    0.641528 ^ clkbuf_0_wb_clk_i/A (sky130_fd_sc_hd__clkbuf_16)
    17    0.079963    0.109695    0.344975    0.986503 ^ clkbuf_0_wb_clk_i/X (sky130_fd_sc_hd__clkbuf_16)
                                                         clknet_0_wb_clk_i (net)
                      0.110196    0.005623    0.992126 ^ clkbuf_3_3_0_wb_clk_i/A (sky130_fd_sc_hd__clkbuf_8)
    11    0.039059    0.080400    0.187693    1.179819 ^ clkbuf_3_3_0_wb_clk_i/X (sky130_fd_sc_hd__clkbuf_8)
                                                         clknet_3_3_0_wb_clk_i (net)
                      0.080476    0.002315    1.182133 ^ _699_/CLK (sky130_fd_sc_hd__dfrtp_2)
                                  0.250000    1.432133   clock uncertainty
                                  0.000000    1.432133   clock reconvergence pessimism
                                  0.340975    1.773108   library removal time
                                              1.773108   data required time
---------------------------------------------------------------------------------------------
                                              1.773108   data required time
                                             -6.614196   data arrival time
---------------------------------------------------------------------------------------------
                                              4.841088   slack (MET)


Startpoint: wb_rst_i (input port clocked by wb_clk_i)
Endpoint: _711_ (removal check against rising-edge clock wb_clk_i)
Path Group: asynchronous
Path Type: min

Fanout         Cap        Slew       Delay        Time   Description
---------------------------------------------------------------------------------------------
                                  0.000000    0.000000   clock wb_clk_i (rise edge)
                                  0.000000    0.000000   clock network delay (propagated)
                                  5.000000    5.000000 v input external delay
     2    0.005043    0.013699    0.007831    5.007831 v wb_rst_i (in)
                                                         wb_rst_i (net)
                      0.013703    0.000000    5.007831 v input1/A (sky130_fd_sc_hd__buf_2)
     5    0.143937    0.321112    0.270219    5.278049 v input1/X (sky130_fd_sc_hd__buf_2)
                                                         net1 (net)
                      0.380069    0.098750    5.376800 v fanout19/A (sky130_fd_sc_hd__clkdlybuf4s25_1)
     2    0.011463    0.096608    0.382791    5.759590 v fanout19/X (sky130_fd_sc_hd__clkdlybuf4s25_1)
                                                         net19 (net)
                      0.096610    0.000541    5.760131 v fanout15/A (sky130_fd_sc_hd__clkdlybuf4s25_1)
     8    0.046279    0.340581    0.473356    6.233487 v fanout15/X (sky130_fd_sc_hd__clkdlybuf4s25_1)
                                                         net15 (net)
                      0.340596    0.002367    6.235854 v load_slew16/A (sky130_fd_sc_hd__buf_4)
     9    0.057096    0.084660    0.302726    6.538580 v load_slew16/X (sky130_fd_sc_hd__buf_4)
                                                         net16 (net)
                      0.084865    0.003553    6.542134 v _627_/A (sky130_fd_sc_hd__inv_2)
     1    0.004327    0.035733    0.057794    6.599927 ^ _627_/Y (sky130_fd_sc_hd__inv_2)
                                                         _102_ (net)
                      0.035733    0.000216    6.600144 ^ _711_/RESET_B (sky130_fd_sc_hd__dfrtp_2)
                                              6.600144   data arrival time

                                  0.000000    0.000000   clock wb_clk_i (rise edge)
                                  0.000000    0.000000   clock source latency
     2    0.173040    0.776047    0.641528    0.641528 ^ wb_clk_i (in)
                                                         wb_clk_i (net)
                      0.816176    0.000000    0.641528 ^ clkbuf_0_wb_clk_i/A (sky130_fd_sc_hd__clkbuf_16)
    17    0.079963    0.109695    0.344975    0.986503 ^ clkbuf_0_wb_clk_i/X (sky130_fd_sc_hd__clkbuf_16)
                                                         clknet_0_wb_clk_i (net)
                      0.110620    0.007955    0.994458 ^ clkbuf_3_0_0_wb_clk_i/A (sky130_fd_sc_hd__clkbuf_8)
    11    0.037435    0.077850    0.185790    1.180247 ^ clkbuf_3_0_0_wb_clk_i/X (sky130_fd_sc_hd__clkbuf_8)
                                                         clknet_3_0_0_wb_clk_i (net)
                      0.077895    0.001832    1.182080 ^ _711_/CLK (sky130_fd_sc_hd__dfrtp_2)
                                  0.250000    1.432080   clock uncertainty
                                  0.000000    1.432080   clock reconvergence pessimism
                                  0.326773    1.758852   library removal time
                                              1.758852   data required time
---------------------------------------------------------------------------------------------
                                              1.758852   data required time
                                             -6.600144   data arrival time
---------------------------------------------------------------------------------------------
                                              4.841291   slack (MET)


Startpoint: wb_rst_i (input port clocked by wb_clk_i)
Endpoint: _709_ (removal check against rising-edge clock wb_clk_i)
Path Group: asynchronous
Path Type: min

Fanout         Cap        Slew       Delay        Time   Description
---------------------------------------------------------------------------------------------
                                  0.000000    0.000000   clock wb_clk_i (rise edge)
                                  0.000000    0.000000   clock network delay (propagated)
                                  5.000000    5.000000 v input external delay
     2    0.005043    0.013699    0.007831    5.007831 v wb_rst_i (in)
                                                         wb_rst_i (net)
                      0.013703    0.000000    5.007831 v input1/A (sky130_fd_sc_hd__buf_2)
     5    0.143937    0.321112    0.270219    5.278049 v input1/X (sky130_fd_sc_hd__buf_2)
                                                         net1 (net)
                      0.380069    0.098750    5.376800 v fanout19/A (sky130_fd_sc_hd__clkdlybuf4s25_1)
     2    0.011463    0.096608    0.382791    5.759590 v fanout19/X (sky130_fd_sc_hd__clkdlybuf4s25_1)
                                                         net19 (net)
                      0.096610    0.000541    5.760131 v fanout15/A (sky130_fd_sc_hd__clkdlybuf4s25_1)
     8    0.046279    0.340581    0.473356    6.233487 v fanout15/X (sky130_fd_sc_hd__clkdlybuf4s25_1)
                                                         net15 (net)
                      0.340596    0.002367    6.235854 v load_slew16/A (sky130_fd_sc_hd__buf_4)
     9    0.057096    0.084660    0.302726    6.538580 v load_slew16/X (sky130_fd_sc_hd__buf_4)
                                                         net16 (net)
                      0.085206    0.005461    6.544042 v _625_/A (sky130_fd_sc_hd__inv_2)
     1    0.003984    0.034511    0.056378    6.600420 ^ _625_/Y (sky130_fd_sc_hd__inv_2)
                                                         _100_ (net)
                      0.034511    0.000201    6.600621 ^ _709_/RESET_B (sky130_fd_sc_hd__dfrtp_2)
                                              6.600621   data arrival time

                                  0.000000    0.000000   clock wb_clk_i (rise edge)
                                  0.000000    0.000000   clock source latency
     2    0.173040    0.776047    0.641528    0.641528 ^ wb_clk_i (in)
                                                         wb_clk_i (net)
                      0.816176    0.000000    0.641528 ^ clkbuf_0_wb_clk_i/A (sky130_fd_sc_hd__clkbuf_16)
    17    0.079963    0.109695    0.344975    0.986503 ^ clkbuf_0_wb_clk_i/X (sky130_fd_sc_hd__clkbuf_16)
                                                         clknet_0_wb_clk_i (net)
                      0.110620    0.007955    0.994458 ^ clkbuf_3_0_0_wb_clk_i/A (sky130_fd_sc_hd__clkbuf_8)
    11    0.037435    0.077850    0.185790    1.180247 ^ clkbuf_3_0_0_wb_clk_i/X (sky130_fd_sc_hd__clkbuf_8)
                                                         clknet_3_0_0_wb_clk_i (net)
                      0.077896    0.001837    1.182084 ^ _709_/CLK (sky130_fd_sc_hd__dfrtp_2)
                                  0.250000    1.432084   clock uncertainty
                                  0.000000    1.432084   clock reconvergence pessimism
                                  0.326440    1.758524   library removal time
                                              1.758524   data required time
---------------------------------------------------------------------------------------------
                                              1.758524   data required time
                                             -6.600621   data arrival time
---------------------------------------------------------------------------------------------
                                              4.842097   slack (MET)


Startpoint: wb_rst_i (input port clocked by wb_clk_i)
Endpoint: _710_ (removal check against rising-edge clock wb_clk_i)
Path Group: asynchronous
Path Type: min

Fanout         Cap        Slew       Delay        Time   Description
---------------------------------------------------------------------------------------------
                                  0.000000    0.000000   clock wb_clk_i (rise edge)
                                  0.000000    0.000000   clock network delay (propagated)
                                  5.000000    5.000000 v input external delay
     2    0.005043    0.013699    0.007831    5.007831 v wb_rst_i (in)
                                                         wb_rst_i (net)
                      0.013703    0.000000    5.007831 v input1/A (sky130_fd_sc_hd__buf_2)
     5    0.143937    0.321112    0.270219    5.278049 v input1/X (sky130_fd_sc_hd__buf_2)
                                                         net1 (net)
                      0.380069    0.098750    5.376800 v fanout19/A (sky130_fd_sc_hd__clkdlybuf4s25_1)
     2    0.011463    0.096608    0.382791    5.759590 v fanout19/X (sky130_fd_sc_hd__clkdlybuf4s25_1)
                                                         net19 (net)
                      0.096610    0.000541    5.760131 v fanout15/A (sky130_fd_sc_hd__clkdlybuf4s25_1)
     8    0.046279    0.340581    0.473356    6.233487 v fanout15/X (sky130_fd_sc_hd__clkdlybuf4s25_1)
                                                         net15 (net)
                      0.340596    0.002367    6.235854 v load_slew16/A (sky130_fd_sc_hd__buf_4)
     9    0.057096    0.084660    0.302726    6.538580 v load_slew16/X (sky130_fd_sc_hd__buf_4)
                                                         net16 (net)
                      0.085182    0.005351    6.543931 v _626_/A (sky130_fd_sc_hd__inv_2)
     1    0.003991    0.034531    0.056401    6.600332 ^ _626_/Y (sky130_fd_sc_hd__inv_2)
                                                         _101_ (net)
                      0.034531    0.000199    6.600532 ^ _710_/RESET_B (sky130_fd_sc_hd__dfrtp_2)
                                              6.600532   data arrival time

                                  0.000000    0.000000   clock wb_clk_i (rise edge)
                                  0.000000    0.000000   clock source latency
     2    0.173040    0.776047    0.641528    0.641528 ^ wb_clk_i (in)
                                                         wb_clk_i (net)
                      0.816176    0.000000    0.641528 ^ clkbuf_0_wb_clk_i/A (sky130_fd_sc_hd__clkbuf_16)
    17    0.079963    0.109695    0.344975    0.986503 ^ clkbuf_0_wb_clk_i/X (sky130_fd_sc_hd__clkbuf_16)
                                                         clknet_0_wb_clk_i (net)
                      0.110620    0.007955    0.994458 ^ clkbuf_3_0_0_wb_clk_i/A (sky130_fd_sc_hd__clkbuf_8)
    11    0.037435    0.077850    0.185790    1.180247 ^ clkbuf_3_0_0_wb_clk_i/X (sky130_fd_sc_hd__clkbuf_8)
                                                         clknet_3_0_0_wb_clk_i (net)
                      0.077890    0.001747    1.181994 ^ _710_/CLK (sky130_fd_sc_hd__dfrtp_2)
                                  0.250000    1.431994   clock uncertainty
                                  0.000000    1.431994   clock reconvergence pessimism
                                  0.326444    1.758438   library removal time
                                              1.758438   data required time
---------------------------------------------------------------------------------------------
                                              1.758438   data required time
                                             -6.600532   data arrival time
---------------------------------------------------------------------------------------------
                                              4.842093   slack (MET)


Startpoint: wb_rst_i (input port clocked by wb_clk_i)
Endpoint: _713_ (removal check against rising-edge clock wb_clk_i)
Path Group: asynchronous
Path Type: min

Fanout         Cap        Slew       Delay        Time   Description
---------------------------------------------------------------------------------------------
                                  0.000000    0.000000   clock wb_clk_i (rise edge)
                                  0.000000    0.000000   clock network delay (propagated)
                                  5.000000    5.000000 v input external delay
     2    0.005043    0.013699    0.007831    5.007831 v wb_rst_i (in)
                                                         wb_rst_i (net)
                      0.013703    0.000000    5.007831 v input1/A (sky130_fd_sc_hd__buf_2)
     5    0.143937    0.321112    0.270219    5.278049 v input1/X (sky130_fd_sc_hd__buf_2)
                                                         net1 (net)
                      0.380069    0.098750    5.376800 v fanout19/A (sky130_fd_sc_hd__clkdlybuf4s25_1)
     2    0.011463    0.096608    0.382791    5.759590 v fanout19/X (sky130_fd_sc_hd__clkdlybuf4s25_1)
                                                         net19 (net)
                      0.096610    0.000541    5.760131 v fanout15/A (sky130_fd_sc_hd__clkdlybuf4s25_1)
     8    0.046279    0.340581    0.473356    6.233487 v fanout15/X (sky130_fd_sc_hd__clkdlybuf4s25_1)
                                                         net15 (net)
                      0.340596    0.002367    6.235854 v load_slew16/A (sky130_fd_sc_hd__buf_4)
     9    0.057096    0.084660    0.302726    6.538580 v load_slew16/X (sky130_fd_sc_hd__buf_4)
                                                         net16 (net)
                      0.085189    0.005382    6.543962 v _629_/A (sky130_fd_sc_hd__inv_2)
     1    0.004047    0.034742    0.056654    6.600616 ^ _629_/Y (sky130_fd_sc_hd__inv_2)
                                                         _104_ (net)
                      0.034743    0.000202    6.600818 ^ _713_/RESET_B (sky130_fd_sc_hd__dfrtp_2)
                                              6.600818   data arrival time

                                  0.000000    0.000000   clock wb_clk_i (rise edge)
                                  0.000000    0.000000   clock source latency
     2    0.173040    0.776047    0.641528    0.641528 ^ wb_clk_i (in)
                                                         wb_clk_i (net)
                      0.816176    0.000000    0.641528 ^ clkbuf_0_wb_clk_i/A (sky130_fd_sc_hd__clkbuf_16)
    17    0.079963    0.109695    0.344975    0.986503 ^ clkbuf_0_wb_clk_i/X (sky130_fd_sc_hd__clkbuf_16)
                                                         clknet_0_wb_clk_i (net)
                      0.110620    0.007955    0.994458 ^ clkbuf_3_0_0_wb_clk_i/A (sky130_fd_sc_hd__clkbuf_8)
    11    0.037435    0.077850    0.185790    1.180247 ^ clkbuf_3_0_0_wb_clk_i/X (sky130_fd_sc_hd__clkbuf_8)
                                                         clknet_3_0_0_wb_clk_i (net)
                      0.077891    0.001748    1.181995 ^ _713_/CLK (sky130_fd_sc_hd__dfrtp_2)
                                  0.250000    1.431996   clock uncertainty
                                  0.000000    1.431996   clock reconvergence pessimism
                                  0.326502    1.758497   library removal time
                                              1.758497   data required time
---------------------------------------------------------------------------------------------
                                              1.758497   data required time
                                             -6.600818   data arrival time
---------------------------------------------------------------------------------------------
                                              4.842321   slack (MET)


Startpoint: wb_rst_i (input port clocked by wb_clk_i)
Endpoint: _708_ (removal check against rising-edge clock wb_clk_i)
Path Group: asynchronous
Path Type: min

Fanout         Cap        Slew       Delay        Time   Description
---------------------------------------------------------------------------------------------
                                  0.000000    0.000000   clock wb_clk_i (rise edge)
                                  0.000000    0.000000   clock network delay (propagated)
                                  5.000000    5.000000 v input external delay
     2    0.005043    0.013699    0.007831    5.007831 v wb_rst_i (in)
                                                         wb_rst_i (net)
                      0.013703    0.000000    5.007831 v input1/A (sky130_fd_sc_hd__buf_2)
     5    0.143937    0.321112    0.270219    5.278049 v input1/X (sky130_fd_sc_hd__buf_2)
                                                         net1 (net)
                      0.380069    0.098750    5.376800 v fanout19/A (sky130_fd_sc_hd__clkdlybuf4s25_1)
     2    0.011463    0.096608    0.382791    5.759590 v fanout19/X (sky130_fd_sc_hd__clkdlybuf4s25_1)
                                                         net19 (net)
                      0.096610    0.000541    5.760131 v fanout15/A (sky130_fd_sc_hd__clkdlybuf4s25_1)
     8    0.046279    0.340581    0.473356    6.233487 v fanout15/X (sky130_fd_sc_hd__clkdlybuf4s25_1)
                                                         net15 (net)
                      0.340596    0.002367    6.235854 v load_slew16/A (sky130_fd_sc_hd__buf_4)
     9    0.057096    0.084660    0.302726    6.538580 v load_slew16/X (sky130_fd_sc_hd__buf_4)
                                                         net16 (net)
                      0.085311    0.005919    6.544500 v _624_/A (sky130_fd_sc_hd__inv_2)
     1    0.004473    0.036336    0.058491    6.602991 ^ _624_/Y (sky130_fd_sc_hd__inv_2)
                                                         _099_ (net)
                      0.036336    0.000224    6.603216 ^ _708_/RESET_B (sky130_fd_sc_hd__dfrtp_2)
                                              6.603216   data arrival time

                                  0.000000    0.000000   clock wb_clk_i (rise edge)
                                  0.000000    0.000000   clock source latency
     2    0.173040    0.776047    0.641528    0.641528 ^ wb_clk_i (in)
                                                         wb_clk_i (net)
                      0.816176    0.000000    0.641528 ^ clkbuf_0_wb_clk_i/A (sky130_fd_sc_hd__clkbuf_16)
    17    0.079963    0.109695    0.344975    0.986503 ^ clkbuf_0_wb_clk_i/X (sky130_fd_sc_hd__clkbuf_16)
                                                         clknet_0_wb_clk_i (net)
                      0.110467    0.007198    0.993701 ^ clkbuf_3_1_0_wb_clk_i/A (sky130_fd_sc_hd__clkbuf_8)
    11    0.038866    0.080091    0.187569    1.181270 ^ clkbuf_3_1_0_wb_clk_i/X (sky130_fd_sc_hd__clkbuf_8)
                                                         clknet_3_1_0_wb_clk_i (net)
                      0.080145    0.002008    1.183278 ^ _708_/CLK (sky130_fd_sc_hd__dfrtp_2)
                                  0.250000    1.433278   clock uncertainty
                                  0.000000    1.433278   clock reconvergence pessimism
                                  0.327556    1.760834   library removal time
                                              1.760834   data required time
---------------------------------------------------------------------------------------------
                                              1.760834   data required time
                                             -6.603216   data arrival time
---------------------------------------------------------------------------------------------
                                              4.842382   slack (MET)


Startpoint: wb_rst_i (input port clocked by wb_clk_i)
Endpoint: _714_ (removal check against rising-edge clock wb_clk_i)
Path Group: asynchronous
Path Type: min

Fanout         Cap        Slew       Delay        Time   Description
---------------------------------------------------------------------------------------------
                                  0.000000    0.000000   clock wb_clk_i (rise edge)
                                  0.000000    0.000000   clock network delay (propagated)
                                  5.000000    5.000000 v input external delay
     2    0.005043    0.013699    0.007831    5.007831 v wb_rst_i (in)
                                                         wb_rst_i (net)
                      0.013703    0.000000    5.007831 v input1/A (sky130_fd_sc_hd__buf_2)
     5    0.143937    0.321112    0.270219    5.278049 v input1/X (sky130_fd_sc_hd__buf_2)
                                                         net1 (net)
                      0.380069    0.098750    5.376800 v fanout19/A (sky130_fd_sc_hd__clkdlybuf4s25_1)
     2    0.011463    0.096608    0.382791    5.759590 v fanout19/X (sky130_fd_sc_hd__clkdlybuf4s25_1)
                                                         net19 (net)
                      0.096610    0.000541    5.760131 v fanout15/A (sky130_fd_sc_hd__clkdlybuf4s25_1)
     8    0.046279    0.340581    0.473356    6.233487 v fanout15/X (sky130_fd_sc_hd__clkdlybuf4s25_1)
                                                         net15 (net)
                      0.340596    0.002367    6.235854 v load_slew16/A (sky130_fd_sc_hd__buf_4)
     9    0.057096    0.084660    0.302726    6.538580 v load_slew16/X (sky130_fd_sc_hd__buf_4)
                                                         net16 (net)
                      0.085220    0.005524    6.544105 v _630_/A (sky130_fd_sc_hd__inv_2)
     1    0.004680    0.037014    0.059129    6.603234 ^ _630_/Y (sky130_fd_sc_hd__inv_2)
                                                         _105_ (net)
                      0.037014    0.000242    6.603476 ^ _714_/RESET_B (sky130_fd_sc_hd__dfrtp_2)
                                              6.603476   data arrival time

                                  0.000000    0.000000   clock wb_clk_i (rise edge)
                                  0.000000    0.000000   clock source latency
     2    0.173040    0.776047    0.641528    0.641528 ^ wb_clk_i (in)
                                                         wb_clk_i (net)
                      0.816176    0.000000    0.641528 ^ clkbuf_0_wb_clk_i/A (sky130_fd_sc_hd__clkbuf_16)
    17    0.079963    0.109695    0.344975    0.986503 ^ clkbuf_0_wb_clk_i/X (sky130_fd_sc_hd__clkbuf_16)
                                                         clknet_0_wb_clk_i (net)
                      0.110620    0.007955    0.994458 ^ clkbuf_3_0_0_wb_clk_i/A (sky130_fd_sc_hd__clkbuf_8)
    11    0.037435    0.077850    0.185790    1.180247 ^ clkbuf_3_0_0_wb_clk_i/X (sky130_fd_sc_hd__clkbuf_8)
                                                         clknet_3_0_0_wb_clk_i (net)
                      0.077893    0.001798    1.182045 ^ _714_/CLK (sky130_fd_sc_hd__dfrtp_2)
                                  0.250000    1.432046   clock uncertainty
                                  0.000000    1.432046   clock reconvergence pessimism
                                  0.327121    1.759167   library removal time
                                              1.759167   data required time
---------------------------------------------------------------------------------------------
                                              1.759167   data required time
                                             -6.603476   data arrival time
---------------------------------------------------------------------------------------------
                                              4.844309   slack (MET)


Startpoint: wb_rst_i (input port clocked by wb_clk_i)
Endpoint: _744_ (removal check against rising-edge clock wb_clk_i)
Path Group: asynchronous
Path Type: min

Fanout         Cap        Slew       Delay        Time   Description
---------------------------------------------------------------------------------------------
                                  0.000000    0.000000   clock wb_clk_i (rise edge)
                                  0.000000    0.000000   clock network delay (propagated)
                                  5.000000    5.000000 v input external delay
     2    0.005043    0.013699    0.007831    5.007831 v wb_rst_i (in)
                                                         wb_rst_i (net)
                      0.013703    0.000000    5.007831 v input1/A (sky130_fd_sc_hd__buf_2)
     5    0.143937    0.321112    0.270219    5.278049 v input1/X (sky130_fd_sc_hd__buf_2)
                                                         net1 (net)
                      0.383907    0.102329    5.380379 v fanout25/A (sky130_fd_sc_hd__clkdlybuf4s25_1)
     8    0.042071    0.311666    0.535618    5.915997 v fanout25/X (sky130_fd_sc_hd__clkdlybuf4s25_1)
                                                         net25 (net)
                      0.311672    0.001666    5.917663 v fanout21/A (sky130_fd_sc_hd__clkdlybuf4s25_1)
     9    0.058684    0.430588    0.603166    6.520829 v fanout21/X (sky130_fd_sc_hd__clkdlybuf4s25_1)
                                                         net21 (net)
                      0.430614    0.003420    6.524250 v _660_/A (sky130_fd_sc_hd__inv_2)
     1    0.003885    0.086458    0.127011    6.651261 ^ _660_/Y (sky130_fd_sc_hd__inv_2)
                                                         _135_ (net)
                      0.086458    0.000198    6.651458 ^ _744_/RESET_B (sky130_fd_sc_hd__dfrtp_2)
                                              6.651458   data arrival time

                                  0.000000    0.000000   clock wb_clk_i (rise edge)
                                  0.000000    0.000000   clock source latency
     2    0.173040    0.776047    0.641528    0.641528 ^ wb_clk_i (in)
                                                         wb_clk_i (net)
                      0.816176    0.000000    0.641528 ^ clkbuf_0_wb_clk_i/A (sky130_fd_sc_hd__clkbuf_16)
    17    0.079963    0.109695    0.344975    0.986503 ^ clkbuf_0_wb_clk_i/X (sky130_fd_sc_hd__clkbuf_16)
                                                         clknet_0_wb_clk_i (net)
                      0.110422    0.006960    0.993463 ^ clkbuf_3_4_0_wb_clk_i/A (sky130_fd_sc_hd__clkbuf_8)
    11    0.039410    0.081236    0.188051    1.181514 ^ clkbuf_3_4_0_wb_clk_i/X (sky130_fd_sc_hd__clkbuf_8)
                                                         clknet_3_4_0_wb_clk_i (net)
                      0.081362    0.002941    1.184455 ^ _744_/CLK (sky130_fd_sc_hd__dfrtp_2)
                                  0.250000    1.434455   clock uncertainty
                                  0.000000    1.434455   clock reconvergence pessimism
                                  0.341546    1.776001   library removal time
                                              1.776001   data required time
---------------------------------------------------------------------------------------------
                                              1.776001   data required time
                                             -6.651458   data arrival time
---------------------------------------------------------------------------------------------
                                              4.875457   slack (MET)


Startpoint: wb_rst_i (input port clocked by wb_clk_i)
Endpoint: _746_ (removal check against rising-edge clock wb_clk_i)
Path Group: asynchronous
Path Type: min

Fanout         Cap        Slew       Delay        Time   Description
---------------------------------------------------------------------------------------------
                                  0.000000    0.000000   clock wb_clk_i (rise edge)
                                  0.000000    0.000000   clock network delay (propagated)
                                  5.000000    5.000000 v input external delay
     2    0.005043    0.013699    0.007831    5.007831 v wb_rst_i (in)
                                                         wb_rst_i (net)
                      0.013703    0.000000    5.007831 v input1/A (sky130_fd_sc_hd__buf_2)
     5    0.143937    0.321112    0.270219    5.278049 v input1/X (sky130_fd_sc_hd__buf_2)
                                                         net1 (net)
                      0.383907    0.102329    5.380379 v fanout25/A (sky130_fd_sc_hd__clkdlybuf4s25_1)
     8    0.042071    0.311666    0.535618    5.915997 v fanout25/X (sky130_fd_sc_hd__clkdlybuf4s25_1)
                                                         net25 (net)
                      0.311672    0.001666    5.917663 v fanout21/A (sky130_fd_sc_hd__clkdlybuf4s25_1)
     9    0.058684    0.430588    0.603166    6.520829 v fanout21/X (sky130_fd_sc_hd__clkdlybuf4s25_1)
                                                         net21 (net)
                      0.430601    0.002663    6.523493 v _662_/A (sky130_fd_sc_hd__inv_2)
     1    0.004182    0.089129    0.130277    6.653769 ^ _662_/Y (sky130_fd_sc_hd__inv_2)
                                                         _137_ (net)
                      0.089129    0.000217    6.653986 ^ _746_/RESET_B (sky130_fd_sc_hd__dfrtp_2)
                                              6.653986   data arrival time

                                  0.000000    0.000000   clock wb_clk_i (rise edge)
                                  0.000000    0.000000   clock source latency
     2    0.173040    0.776047    0.641528    0.641528 ^ wb_clk_i (in)
                                                         wb_clk_i (net)
                      0.816176    0.000000    0.641528 ^ clkbuf_0_wb_clk_i/A (sky130_fd_sc_hd__clkbuf_16)
    17    0.079963    0.109695    0.344975    0.986503 ^ clkbuf_0_wb_clk_i/X (sky130_fd_sc_hd__clkbuf_16)
                                                         clknet_0_wb_clk_i (net)
                      0.110422    0.006960    0.993463 ^ clkbuf_3_4_0_wb_clk_i/A (sky130_fd_sc_hd__clkbuf_8)
    11    0.039410    0.081236    0.188051    1.181514 ^ clkbuf_3_4_0_wb_clk_i/X (sky130_fd_sc_hd__clkbuf_8)
                                                         clknet_3_4_0_wb_clk_i (net)
                      0.081378    0.003095    1.184609 ^ _746_/CLK (sky130_fd_sc_hd__dfrtp_2)
                                  0.250000    1.434609   clock uncertainty
                                  0.000000    1.434609   clock reconvergence pessimism
                                  0.342278    1.776888   library removal time
                                              1.776888   data required time
---------------------------------------------------------------------------------------------
                                              1.776888   data required time
                                             -6.653986   data arrival time
---------------------------------------------------------------------------------------------
                                              4.877099   slack (MET)


Startpoint: wb_rst_i (input port clocked by wb_clk_i)
Endpoint: _726_ (removal check against rising-edge clock wb_clk_i)
Path Group: asynchronous
Path Type: min

Fanout         Cap        Slew       Delay        Time   Description
---------------------------------------------------------------------------------------------
                                  0.000000    0.000000   clock wb_clk_i (rise edge)
                                  0.000000    0.000000   clock network delay (propagated)
                                  5.000000    5.000000 v input external delay
     2    0.005043    0.013699    0.007831    5.007831 v wb_rst_i (in)
                                                         wb_rst_i (net)
                      0.013703    0.000000    5.007831 v input1/A (sky130_fd_sc_hd__buf_2)
     5    0.143937    0.321112    0.270219    5.278049 v input1/X (sky130_fd_sc_hd__buf_2)
                                                         net1 (net)
                      0.383907    0.102329    5.380379 v fanout25/A (sky130_fd_sc_hd__clkdlybuf4s25_1)
     8    0.042071    0.311666    0.535618    5.915997 v fanout25/X (sky130_fd_sc_hd__clkdlybuf4s25_1)
                                                         net25 (net)
                      0.311672    0.001666    5.917663 v fanout21/A (sky130_fd_sc_hd__clkdlybuf4s25_1)
     9    0.058684    0.430588    0.603166    6.520829 v fanout21/X (sky130_fd_sc_hd__clkdlybuf4s25_1)
                                                         net21 (net)
                      0.430644    0.004644    6.525473 v _642_/A (sky130_fd_sc_hd__inv_2)
     1    0.004003    0.087508    0.128307    6.653780 ^ _642_/Y (sky130_fd_sc_hd__inv_2)
                                                         _117_ (net)
                      0.087508    0.000205    6.653985 ^ _726_/RESET_B (sky130_fd_sc_hd__dfrtp_2)
                                              6.653985   data arrival time

                                  0.000000    0.000000   clock wb_clk_i (rise edge)
                                  0.000000    0.000000   clock source latency
     2    0.173040    0.776047    0.641528    0.641528 ^ wb_clk_i (in)
                                                         wb_clk_i (net)
                      0.816176    0.000000    0.641528 ^ clkbuf_0_wb_clk_i/A (sky130_fd_sc_hd__clkbuf_16)
    17    0.079963    0.109695    0.344975    0.986503 ^ clkbuf_0_wb_clk_i/X (sky130_fd_sc_hd__clkbuf_16)
                                                         clknet_0_wb_clk_i (net)
                      0.110422    0.006960    0.993463 ^ clkbuf_3_4_0_wb_clk_i/A (sky130_fd_sc_hd__clkbuf_8)
    11    0.039410    0.081236    0.188051    1.181514 ^ clkbuf_3_4_0_wb_clk_i/X (sky130_fd_sc_hd__clkbuf_8)
                                                         clknet_3_4_0_wb_clk_i (net)
                      0.081310    0.002326    1.183840 ^ _726_/CLK (sky130_fd_sc_hd__dfrtp_2)
                                  0.250000    1.433840   clock uncertainty
                                  0.000000    1.433840   clock reconvergence pessimism
                                  0.341818    1.775658   library removal time
                                              1.775658   data required time
---------------------------------------------------------------------------------------------
                                              1.775658   data required time
                                             -6.653985   data arrival time
---------------------------------------------------------------------------------------------
                                              4.878327   slack (MET)


Startpoint: wb_rst_i (input port clocked by wb_clk_i)
Endpoint: _753_ (removal check against rising-edge clock wb_clk_i)
Path Group: asynchronous
Path Type: min

Fanout         Cap        Slew       Delay        Time   Description
---------------------------------------------------------------------------------------------
                                  0.000000    0.000000   clock wb_clk_i (rise edge)
                                  0.000000    0.000000   clock network delay (propagated)
                                  5.000000    5.000000 v input external delay
     2    0.005043    0.013699    0.007831    5.007831 v wb_rst_i (in)
                                                         wb_rst_i (net)
                      0.013703    0.000000    5.007831 v input1/A (sky130_fd_sc_hd__buf_2)
     5    0.143937    0.321112    0.270219    5.278049 v input1/X (sky130_fd_sc_hd__buf_2)
                                                         net1 (net)
                      0.383907    0.102329    5.380379 v fanout25/A (sky130_fd_sc_hd__clkdlybuf4s25_1)
     8    0.042071    0.311666    0.535618    5.915997 v fanout25/X (sky130_fd_sc_hd__clkdlybuf4s25_1)
                                                         net25 (net)
                      0.311672    0.001666    5.917663 v fanout21/A (sky130_fd_sc_hd__clkdlybuf4s25_1)
     9    0.058684    0.430588    0.603166    6.520829 v fanout21/X (sky130_fd_sc_hd__clkdlybuf4s25_1)
                                                         net21 (net)
                      0.430610    0.003220    6.524049 v _669_/A (sky130_fd_sc_hd__inv_2)
     1    0.004431    0.091092    0.132779    6.656828 ^ _669_/Y (sky130_fd_sc_hd__inv_2)
                                                         _144_ (net)
                      0.091093    0.000228    6.657056 ^ _753_/RESET_B (sky130_fd_sc_hd__dfrtp_2)
                                              6.657056   data arrival time

                                  0.000000    0.000000   clock wb_clk_i (rise edge)
                                  0.000000    0.000000   clock source latency
     2    0.173040    0.776047    0.641528    0.641528 ^ wb_clk_i (in)
                                                         wb_clk_i (net)
                      0.816176    0.000000    0.641528 ^ clkbuf_0_wb_clk_i/A (sky130_fd_sc_hd__clkbuf_16)
    17    0.079963    0.109695    0.344975    0.986503 ^ clkbuf_0_wb_clk_i/X (sky130_fd_sc_hd__clkbuf_16)
                                                         clknet_0_wb_clk_i (net)
                      0.110216    0.005756    0.992258 ^ clkbuf_3_6_0_wb_clk_i/A (sky130_fd_sc_hd__clkbuf_8)
    12    0.040512    0.082979    0.189178    1.181437 ^ clkbuf_3_6_0_wb_clk_i/X (sky130_fd_sc_hd__clkbuf_8)
                                                         clknet_3_6_0_wb_clk_i (net)
                      0.083287    0.003821    1.185258 ^ _753_/CLK (sky130_fd_sc_hd__dfrtp_2)
                                  0.250000    1.435258   clock uncertainty
                                  0.000000    1.435258   clock reconvergence pessimism
                                  0.343338    1.778596   library removal time
                                              1.778596   data required time
---------------------------------------------------------------------------------------------
                                              1.778596   data required time
                                             -6.657056   data arrival time
---------------------------------------------------------------------------------------------
                                              4.878460   slack (MET)


Startpoint: wb_rst_i (input port clocked by wb_clk_i)
Endpoint: _754_ (removal check against rising-edge clock wb_clk_i)
Path Group: asynchronous
Path Type: min

Fanout         Cap        Slew       Delay        Time   Description
---------------------------------------------------------------------------------------------
                                  0.000000    0.000000   clock wb_clk_i (rise edge)
                                  0.000000    0.000000   clock network delay (propagated)
                                  5.000000    5.000000 v input external delay
     2    0.005043    0.013699    0.007831    5.007831 v wb_rst_i (in)
                                                         wb_rst_i (net)
                      0.013703    0.000000    5.007831 v input1/A (sky130_fd_sc_hd__buf_2)
     5    0.143937    0.321112    0.270219    5.278049 v input1/X (sky130_fd_sc_hd__buf_2)
                                                         net1 (net)
                      0.383907    0.102329    5.380379 v fanout25/A (sky130_fd_sc_hd__clkdlybuf4s25_1)
     8    0.042071    0.311666    0.535618    5.915997 v fanout25/X (sky130_fd_sc_hd__clkdlybuf4s25_1)
                                                         net25 (net)
                      0.311672    0.001666    5.917663 v fanout21/A (sky130_fd_sc_hd__clkdlybuf4s25_1)
     9    0.058684    0.430588    0.603166    6.520829 v fanout21/X (sky130_fd_sc_hd__clkdlybuf4s25_1)
                                                         net21 (net)
                      0.430605    0.002913    6.523743 v _670_/A (sky130_fd_sc_hd__inv_2)
     1    0.004556    0.091616    0.133690    6.657433 ^ _670_/Y (sky130_fd_sc_hd__inv_2)
                                                         _145_ (net)
                      0.091616    0.000234    6.657667 ^ _754_/RESET_B (sky130_fd_sc_hd__dfrtp_2)
                                              6.657667   data arrival time

                                  0.000000    0.000000   clock wb_clk_i (rise edge)
                                  0.000000    0.000000   clock source latency
     2    0.173040    0.776047    0.641528    0.641528 ^ wb_clk_i (in)
                                                         wb_clk_i (net)
                      0.816176    0.000000    0.641528 ^ clkbuf_0_wb_clk_i/A (sky130_fd_sc_hd__clkbuf_16)
    17    0.079963    0.109695    0.344975    0.986503 ^ clkbuf_0_wb_clk_i/X (sky130_fd_sc_hd__clkbuf_16)
                                                         clknet_0_wb_clk_i (net)
                      0.110216    0.005756    0.992258 ^ clkbuf_3_6_0_wb_clk_i/A (sky130_fd_sc_hd__clkbuf_8)
    12    0.040512    0.082979    0.189178    1.181437 ^ clkbuf_3_6_0_wb_clk_i/X (sky130_fd_sc_hd__clkbuf_8)
                                                         clknet_3_6_0_wb_clk_i (net)
                      0.083263    0.003641    1.185078 ^ _754_/CLK (sky130_fd_sc_hd__dfrtp_2)
                                  0.250000    1.435078   clock uncertainty
                                  0.000000    1.435078   clock reconvergence pessimism
                                  0.343474    1.778552   library removal time
                                              1.778552   data required time
---------------------------------------------------------------------------------------------
                                              1.778552   data required time
                                             -6.657667   data arrival time
---------------------------------------------------------------------------------------------
                                              4.879114   slack (MET)


Startpoint: wb_rst_i (input port clocked by wb_clk_i)
Endpoint: _734_ (removal check against rising-edge clock wb_clk_i)
Path Group: asynchronous
Path Type: min

Fanout         Cap        Slew       Delay        Time   Description
---------------------------------------------------------------------------------------------
                                  0.000000    0.000000   clock wb_clk_i (rise edge)
                                  0.000000    0.000000   clock network delay (propagated)
                                  5.000000    5.000000 v input external delay
     2    0.005043    0.013699    0.007831    5.007831 v wb_rst_i (in)
                                                         wb_rst_i (net)
                      0.013703    0.000000    5.007831 v input1/A (sky130_fd_sc_hd__buf_2)
     5    0.143937    0.321112    0.270219    5.278049 v input1/X (sky130_fd_sc_hd__buf_2)
                                                         net1 (net)
                      0.383907    0.102329    5.380379 v fanout25/A (sky130_fd_sc_hd__clkdlybuf4s25_1)
     8    0.042071    0.311666    0.535618    5.915997 v fanout25/X (sky130_fd_sc_hd__clkdlybuf4s25_1)
                                                         net25 (net)
                      0.311672    0.001666    5.917663 v fanout21/A (sky130_fd_sc_hd__clkdlybuf4s25_1)
     9    0.058684    0.430588    0.603166    6.520829 v fanout21/X (sky130_fd_sc_hd__clkdlybuf4s25_1)
                                                         net21 (net)
                      0.430693    0.006047    6.526876 v _650_/A (sky130_fd_sc_hd__inv_2)
     1    0.003987    0.087377    0.128149    6.655025 ^ _650_/Y (sky130_fd_sc_hd__inv_2)
                                                         _125_ (net)
                      0.087377    0.000201    6.655226 ^ _734_/RESET_B (sky130_fd_sc_hd__dfrtp_2)
                                              6.655226   data arrival time

                                  0.000000    0.000000   clock wb_clk_i (rise edge)
                                  0.000000    0.000000   clock source latency
     2    0.173040    0.776047    0.641528    0.641528 ^ wb_clk_i (in)
                                                         wb_clk_i (net)
                      0.816176    0.000000    0.641528 ^ clkbuf_0_wb_clk_i/A (sky130_fd_sc_hd__clkbuf_16)
    17    0.079963    0.109695    0.344975    0.986503 ^ clkbuf_0_wb_clk_i/X (sky130_fd_sc_hd__clkbuf_16)
                                                         clknet_0_wb_clk_i (net)
                      0.110216    0.005756    0.992258 ^ clkbuf_3_6_0_wb_clk_i/A (sky130_fd_sc_hd__clkbuf_8)
    12    0.040512    0.082979    0.189178    1.181437 ^ clkbuf_3_6_0_wb_clk_i/X (sky130_fd_sc_hd__clkbuf_8)
                                                         clknet_3_6_0_wb_clk_i (net)
                      0.083104    0.002051    1.183488 ^ _734_/CLK (sky130_fd_sc_hd__dfrtp_2)
                                  0.250000    1.433488   clock uncertainty
                                  0.000000    1.433488   clock reconvergence pessimism
                                  0.342275    1.775763   library removal time
                                              1.775763   data required time
---------------------------------------------------------------------------------------------
                                              1.775763   data required time
                                             -6.655226   data arrival time
---------------------------------------------------------------------------------------------
                                              4.879463   slack (MET)


Startpoint: wb_rst_i (input port clocked by wb_clk_i)
Endpoint: _675_ (removal check against rising-edge clock wb_clk_i)
Path Group: asynchronous
Path Type: min

Fanout         Cap        Slew       Delay        Time   Description
---------------------------------------------------------------------------------------------
                                  0.000000    0.000000   clock wb_clk_i (rise edge)
                                  0.000000    0.000000   clock network delay (propagated)
                                  5.000000    5.000000 v input external delay
     2    0.005043    0.013699    0.007831    5.007831 v wb_rst_i (in)
                                                         wb_rst_i (net)
                      0.013703    0.000000    5.007831 v input1/A (sky130_fd_sc_hd__buf_2)
     5    0.143937    0.321112    0.270219    5.278049 v input1/X (sky130_fd_sc_hd__buf_2)
                                                         net1 (net)
                      0.383907    0.102329    5.380379 v fanout25/A (sky130_fd_sc_hd__clkdlybuf4s25_1)
     8    0.042071    0.311666    0.535618    5.915997 v fanout25/X (sky130_fd_sc_hd__clkdlybuf4s25_1)
                                                         net25 (net)
                      0.311672    0.001666    5.917663 v fanout21/A (sky130_fd_sc_hd__clkdlybuf4s25_1)
     9    0.058684    0.430588    0.603166    6.520829 v fanout21/X (sky130_fd_sc_hd__clkdlybuf4s25_1)
                                                         net21 (net)
                      0.430688    0.005918    6.526747 v _339_/A (sky130_fd_sc_hd__inv_2)
     1    0.004278    0.090022    0.131351    6.658098 ^ _339_/Y (sky130_fd_sc_hd__inv_2)
                                                         _066_ (net)
                      0.090022    0.000217    6.658315 ^ _675_/RESET_B (sky130_fd_sc_hd__dfrtp_2)
                                              6.658315   data arrival time

                                  0.000000    0.000000   clock wb_clk_i (rise edge)
                                  0.000000    0.000000   clock source latency
     2    0.173040    0.776047    0.641528    0.641528 ^ wb_clk_i (in)
                                                         wb_clk_i (net)
                      0.816176    0.000000    0.641528 ^ clkbuf_0_wb_clk_i/A (sky130_fd_sc_hd__clkbuf_16)
    17    0.079963    0.109695    0.344975    0.986503 ^ clkbuf_0_wb_clk_i/X (sky130_fd_sc_hd__clkbuf_16)
                                                         clknet_0_wb_clk_i (net)
                      0.110422    0.006960    0.993463 ^ clkbuf_3_4_0_wb_clk_i/A (sky130_fd_sc_hd__clkbuf_8)
    11    0.039410    0.081236    0.188051    1.181514 ^ clkbuf_3_4_0_wb_clk_i/X (sky130_fd_sc_hd__clkbuf_8)
                                                         clknet_3_4_0_wb_clk_i (net)
                      0.081328    0.002562    1.184076 ^ _675_/CLK (sky130_fd_sc_hd__dfrtp_2)
                                  0.250000    1.434076   clock uncertainty
                                  0.000000    1.434076   clock reconvergence pessimism
                                  0.342508    1.776584   library removal time
                                              1.776584   data required time
---------------------------------------------------------------------------------------------
                                              1.776584   data required time
                                             -6.658315   data arrival time
---------------------------------------------------------------------------------------------
                                              4.881731   slack (MET)


Startpoint: wb_rst_i (input port clocked by wb_clk_i)
Endpoint: _676_ (removal check against rising-edge clock wb_clk_i)
Path Group: asynchronous
Path Type: min

Fanout         Cap        Slew       Delay        Time   Description
---------------------------------------------------------------------------------------------
                                  0.000000    0.000000   clock wb_clk_i (rise edge)
                                  0.000000    0.000000   clock network delay (propagated)
                                  5.000000    5.000000 v input external delay
     2    0.005043    0.013699    0.007831    5.007831 v wb_rst_i (in)
                                                         wb_rst_i (net)
                      0.013703    0.000000    5.007831 v input1/A (sky130_fd_sc_hd__buf_2)
     5    0.143937    0.321112    0.270219    5.278049 v input1/X (sky130_fd_sc_hd__buf_2)
                                                         net1 (net)
                      0.383907    0.102329    5.380379 v fanout25/A (sky130_fd_sc_hd__clkdlybuf4s25_1)
     8    0.042071    0.311666    0.535618    5.915997 v fanout25/X (sky130_fd_sc_hd__clkdlybuf4s25_1)
                                                         net25 (net)
                      0.311672    0.001666    5.917663 v fanout21/A (sky130_fd_sc_hd__clkdlybuf4s25_1)
     9    0.058684    0.430588    0.603166    6.520829 v fanout21/X (sky130_fd_sc_hd__clkdlybuf4s25_1)
                                                         net21 (net)
                      0.430677    0.005630    6.526459 v _592_/A (sky130_fd_sc_hd__inv_2)
     1    0.004291    0.090140    0.131490    6.657949 ^ _592_/Y (sky130_fd_sc_hd__inv_2)
                                                         _067_ (net)
                      0.090140    0.000217    6.658166 ^ _676_/RESET_B (sky130_fd_sc_hd__dfrtp_2)
                                              6.658166   data arrival time

                                  0.000000    0.000000   clock wb_clk_i (rise edge)
                                  0.000000    0.000000   clock source latency
     2    0.173040    0.776047    0.641528    0.641528 ^ wb_clk_i (in)
                                                         wb_clk_i (net)
                      0.816176    0.000000    0.641528 ^ clkbuf_0_wb_clk_i/A (sky130_fd_sc_hd__clkbuf_16)
    17    0.079963    0.109695    0.344975    0.986503 ^ clkbuf_0_wb_clk_i/X (sky130_fd_sc_hd__clkbuf_16)
                                                         clknet_0_wb_clk_i (net)
                      0.110422    0.006960    0.993463 ^ clkbuf_3_4_0_wb_clk_i/A (sky130_fd_sc_hd__clkbuf_8)
    11    0.039410    0.081236    0.188051    1.181514 ^ clkbuf_3_4_0_wb_clk_i/X (sky130_fd_sc_hd__clkbuf_8)
                                                         clknet_3_4_0_wb_clk_i (net)
                      0.081309    0.002319    1.183833 ^ _676_/CLK (sky130_fd_sc_hd__dfrtp_2)
                                  0.250000    1.433833   clock uncertainty
                                  0.000000    1.433833   clock reconvergence pessimism
                                  0.342535    1.776368   library removal time
                                              1.776368   data required time
---------------------------------------------------------------------------------------------
                                              1.776368   data required time
                                             -6.658166   data arrival time
---------------------------------------------------------------------------------------------
                                              4.881798   slack (MET)


Startpoint: wb_rst_i (input port clocked by wb_clk_i)
Endpoint: _680_ (removal check against rising-edge clock wb_clk_i)
Path Group: asynchronous
Path Type: min

Fanout         Cap        Slew       Delay        Time   Description
---------------------------------------------------------------------------------------------
                                  0.000000    0.000000   clock wb_clk_i (rise edge)
                                  0.000000    0.000000   clock network delay (propagated)
                                  5.000000    5.000000 v input external delay
     2    0.005043    0.013699    0.007831    5.007831 v wb_rst_i (in)
                                                         wb_rst_i (net)
                      0.013703    0.000000    5.007831 v input1/A (sky130_fd_sc_hd__buf_2)
     5    0.143937    0.321112    0.270219    5.278049 v input1/X (sky130_fd_sc_hd__buf_2)
                                                         net1 (net)
                      0.383907    0.102329    5.380379 v fanout25/A (sky130_fd_sc_hd__clkdlybuf4s25_1)
     8    0.042071    0.311666    0.535618    5.915997 v fanout25/X (sky130_fd_sc_hd__clkdlybuf4s25_1)
                                                         net25 (net)
                      0.311754    0.004701    5.920698 v load_slew26/A (sky130_fd_sc_hd__buf_4)
    15    0.061759    0.089838    0.293823    6.214520 v load_slew26/X (sky130_fd_sc_hd__buf_4)
                                                         net26 (net)
                      0.090331    0.005026    6.219546 v fanout23/A (sky130_fd_sc_hd__clkdlybuf4s25_1)
     7    0.045812    0.337307    0.468749    6.688296 v fanout23/X (sky130_fd_sc_hd__clkdlybuf4s25_1)
                                                         net23 (net)
                      0.337316    0.001981    6.690277 v _596_/A (sky130_fd_sc_hd__inv_2)
     1    0.003988    0.076331    0.113793    6.804070 ^ _596_/Y (sky130_fd_sc_hd__inv_2)
                                                         _071_ (net)
                      0.076331    0.000201    6.804271 ^ _680_/RESET_B (sky130_fd_sc_hd__dfrtp_2)
                                              6.804271   data arrival time

                                  0.000000    0.000000   clock wb_clk_i (rise edge)
                                  0.000000    0.000000   clock source latency
     2    0.173040    0.776047    0.641528    0.641528 ^ wb_clk_i (in)
                                                         wb_clk_i (net)
                      0.816176    0.000000    0.641528 ^ clkbuf_0_wb_clk_i/A (sky130_fd_sc_hd__clkbuf_16)
    17    0.079963    0.109695    0.344975    0.986503 ^ clkbuf_0_wb_clk_i/X (sky130_fd_sc_hd__clkbuf_16)
                                                         clknet_0_wb_clk_i (net)
                      0.110683    0.008250    0.994753 ^ clkbuf_3_5_0_wb_clk_i/A (sky130_fd_sc_hd__clkbuf_8)
    11    0.040685    0.082957    0.189982    1.184735 ^ clkbuf_3_5_0_wb_clk_i/X (sky130_fd_sc_hd__clkbuf_8)
                                                         clknet_3_5_0_wb_clk_i (net)
                      0.083003    0.001907    1.186642 ^ _680_/CLK (sky130_fd_sc_hd__dfrtp_2)
                                  0.250000    1.436642   clock uncertainty
                                  0.000000    1.436642   clock reconvergence pessimism
                                  0.339238    1.775880   library removal time
                                              1.775880   data required time
---------------------------------------------------------------------------------------------
                                              1.775880   data required time
                                             -6.804271   data arrival time
---------------------------------------------------------------------------------------------
                                              5.028390   slack (MET)


Startpoint: wb_rst_i (input port clocked by wb_clk_i)
Endpoint: _679_ (removal check against rising-edge clock wb_clk_i)
Path Group: asynchronous
Path Type: min

Fanout         Cap        Slew       Delay        Time   Description
---------------------------------------------------------------------------------------------
                                  0.000000    0.000000   clock wb_clk_i (rise edge)
                                  0.000000    0.000000   clock network delay (propagated)
                                  5.000000    5.000000 v input external delay
     2    0.005043    0.013699    0.007831    5.007831 v wb_rst_i (in)
                                                         wb_rst_i (net)
                      0.013703    0.000000    5.007831 v input1/A (sky130_fd_sc_hd__buf_2)
     5    0.143937    0.321112    0.270219    5.278049 v input1/X (sky130_fd_sc_hd__buf_2)
                                                         net1 (net)
                      0.383907    0.102329    5.380379 v fanout25/A (sky130_fd_sc_hd__clkdlybuf4s25_1)
     8    0.042071    0.311666    0.535618    5.915997 v fanout25/X (sky130_fd_sc_hd__clkdlybuf4s25_1)
                                                         net25 (net)
                      0.311754    0.004701    5.920698 v load_slew26/A (sky130_fd_sc_hd__buf_4)
    15    0.061759    0.089838    0.293823    6.214520 v load_slew26/X (sky130_fd_sc_hd__buf_4)
                                                         net26 (net)
                      0.090331    0.005026    6.219546 v fanout23/A (sky130_fd_sc_hd__clkdlybuf4s25_1)
     7    0.045812    0.337307    0.468749    6.688296 v fanout23/X (sky130_fd_sc_hd__clkdlybuf4s25_1)
                                                         net23 (net)
                      0.337307    0.000198    6.688494 v _595_/A (sky130_fd_sc_hd__inv_2)
     1    0.004782    0.080879    0.120162    6.808656 ^ _595_/Y (sky130_fd_sc_hd__inv_2)
                                                         _070_ (net)
                      0.080879    0.000239    6.808895 ^ _679_/RESET_B (sky130_fd_sc_hd__dfrtp_2)
                                              6.808895   data arrival time

                                  0.000000    0.000000   clock wb_clk_i (rise edge)
                                  0.000000    0.000000   clock source latency
     2    0.173040    0.776047    0.641528    0.641528 ^ wb_clk_i (in)
                                                         wb_clk_i (net)
                      0.816176    0.000000    0.641528 ^ clkbuf_0_wb_clk_i/A (sky130_fd_sc_hd__clkbuf_16)
    17    0.079963    0.109695    0.344975    0.986503 ^ clkbuf_0_wb_clk_i/X (sky130_fd_sc_hd__clkbuf_16)
                                                         clknet_0_wb_clk_i (net)
                      0.110683    0.008250    0.994753 ^ clkbuf_3_5_0_wb_clk_i/A (sky130_fd_sc_hd__clkbuf_8)
    11    0.040685    0.082957    0.189982    1.184735 ^ clkbuf_3_5_0_wb_clk_i/X (sky130_fd_sc_hd__clkbuf_8)
                                                         clknet_3_5_0_wb_clk_i (net)
                      0.083001    0.001871    1.186606 ^ _679_/CLK (sky130_fd_sc_hd__dfrtp_2)
                                  0.250000    1.436606   clock uncertainty
                                  0.000000    1.436606   clock reconvergence pessimism
                                  0.340477    1.777083   library removal time
                                              1.777083   data required time
---------------------------------------------------------------------------------------------
                                              1.777083   data required time
                                             -6.808895   data arrival time
---------------------------------------------------------------------------------------------
                                              5.031812   slack (MET)


Startpoint: wb_rst_i (input port clocked by wb_clk_i)
Endpoint: _677_ (removal check against rising-edge clock wb_clk_i)
Path Group: asynchronous
Path Type: min

Fanout         Cap        Slew       Delay        Time   Description
---------------------------------------------------------------------------------------------
                                  0.000000    0.000000   clock wb_clk_i (rise edge)
                                  0.000000    0.000000   clock network delay (propagated)
                                  5.000000    5.000000 v input external delay
     2    0.005043    0.013699    0.007831    5.007831 v wb_rst_i (in)
                                                         wb_rst_i (net)
                      0.013703    0.000000    5.007831 v input1/A (sky130_fd_sc_hd__buf_2)
     5    0.143937    0.321112    0.270219    5.278049 v input1/X (sky130_fd_sc_hd__buf_2)
                                                         net1 (net)
                      0.383907    0.102329    5.380379 v fanout25/A (sky130_fd_sc_hd__clkdlybuf4s25_1)
     8    0.042071    0.311666    0.535618    5.915997 v fanout25/X (sky130_fd_sc_hd__clkdlybuf4s25_1)
                                                         net25 (net)
                      0.311754    0.004701    5.920698 v load_slew26/A (sky130_fd_sc_hd__buf_4)
    15    0.061759    0.089838    0.293823    6.214520 v load_slew26/X (sky130_fd_sc_hd__buf_4)
                                                         net26 (net)
                      0.090331    0.005026    6.219546 v fanout23/A (sky130_fd_sc_hd__clkdlybuf4s25_1)
     7    0.045812    0.337307    0.468749    6.688296 v fanout23/X (sky130_fd_sc_hd__clkdlybuf4s25_1)
                                                         net23 (net)
                      0.337328    0.002710    6.691006 v _593_/A (sky130_fd_sc_hd__inv_2)
     1    0.004559    0.080071    0.118741    6.809747 ^ _593_/Y (sky130_fd_sc_hd__inv_2)
                                                         _068_ (net)
                      0.080071    0.000230    6.809977 ^ _677_/RESET_B (sky130_fd_sc_hd__dfrtp_2)
                                              6.809977   data arrival time

                                  0.000000    0.000000   clock wb_clk_i (rise edge)
                                  0.000000    0.000000   clock source latency
     2    0.173040    0.776047    0.641528    0.641528 ^ wb_clk_i (in)
                                                         wb_clk_i (net)
                      0.816176    0.000000    0.641528 ^ clkbuf_0_wb_clk_i/A (sky130_fd_sc_hd__clkbuf_16)
    17    0.079963    0.109695    0.344975    0.986503 ^ clkbuf_0_wb_clk_i/X (sky130_fd_sc_hd__clkbuf_16)
                                                         clknet_0_wb_clk_i (net)
                      0.110683    0.008250    0.994753 ^ clkbuf_3_5_0_wb_clk_i/A (sky130_fd_sc_hd__clkbuf_8)
    11    0.040685    0.082957    0.189982    1.184735 ^ clkbuf_3_5_0_wb_clk_i/X (sky130_fd_sc_hd__clkbuf_8)
                                                         clknet_3_5_0_wb_clk_i (net)
                      0.083022    0.002198    1.186933 ^ _677_/CLK (sky130_fd_sc_hd__dfrtp_2)
                                  0.250000    1.436933   clock uncertainty
                                  0.000000    1.436933   clock reconvergence pessimism
                                  0.340262    1.777195   library removal time
                                              1.777195   data required time
---------------------------------------------------------------------------------------------
                                              1.777195   data required time
                                             -6.809977   data arrival time
---------------------------------------------------------------------------------------------
                                              5.032782   slack (MET)


Startpoint: wb_rst_i (input port clocked by wb_clk_i)
Endpoint: _678_ (removal check against rising-edge clock wb_clk_i)
Path Group: asynchronous
Path Type: min

Fanout         Cap        Slew       Delay        Time   Description
---------------------------------------------------------------------------------------------
                                  0.000000    0.000000   clock wb_clk_i (rise edge)
                                  0.000000    0.000000   clock network delay (propagated)
                                  5.000000    5.000000 v input external delay
     2    0.005043    0.013699    0.007831    5.007831 v wb_rst_i (in)
                                                         wb_rst_i (net)
                      0.013703    0.000000    5.007831 v input1/A (sky130_fd_sc_hd__buf_2)
     5    0.143937    0.321112    0.270219    5.278049 v input1/X (sky130_fd_sc_hd__buf_2)
                                                         net1 (net)
                      0.383907    0.102329    5.380379 v fanout25/A (sky130_fd_sc_hd__clkdlybuf4s25_1)
     8    0.042071    0.311666    0.535618    5.915997 v fanout25/X (sky130_fd_sc_hd__clkdlybuf4s25_1)
                                                         net25 (net)
                      0.311754    0.004701    5.920698 v load_slew26/A (sky130_fd_sc_hd__buf_4)
    15    0.061759    0.089838    0.293823    6.214520 v load_slew26/X (sky130_fd_sc_hd__buf_4)
                                                         net26 (net)
                      0.090331    0.005026    6.219546 v fanout23/A (sky130_fd_sc_hd__clkdlybuf4s25_1)
     7    0.045812    0.337307    0.468749    6.688296 v fanout23/X (sky130_fd_sc_hd__clkdlybuf4s25_1)
                                                         net23 (net)
                      0.337323    0.002407    6.690703 v _594_/A (sky130_fd_sc_hd__inv_2)
     1    0.004766    0.080821    0.120061    6.810764 ^ _594_/Y (sky130_fd_sc_hd__inv_2)
                                                         _069_ (net)
                      0.080822    0.000240    6.811004 ^ _678_/RESET_B (sky130_fd_sc_hd__dfrtp_2)
                                              6.811004   data arrival time

                                  0.000000    0.000000   clock wb_clk_i (rise edge)
                                  0.000000    0.000000   clock source latency
     2    0.173040    0.776047    0.641528    0.641528 ^ wb_clk_i (in)
                                                         wb_clk_i (net)
                      0.816176    0.000000    0.641528 ^ clkbuf_0_wb_clk_i/A (sky130_fd_sc_hd__clkbuf_16)
    17    0.079963    0.109695    0.344975    0.986503 ^ clkbuf_0_wb_clk_i/X (sky130_fd_sc_hd__clkbuf_16)
                                                         clknet_0_wb_clk_i (net)
                      0.110683    0.008250    0.994753 ^ clkbuf_3_5_0_wb_clk_i/A (sky130_fd_sc_hd__clkbuf_8)
    11    0.040685    0.082957    0.189982    1.184735 ^ clkbuf_3_5_0_wb_clk_i/X (sky130_fd_sc_hd__clkbuf_8)
                                                         clknet_3_5_0_wb_clk_i (net)
                      0.083013    0.002070    1.186805 ^ _678_/CLK (sky130_fd_sc_hd__dfrtp_2)
                                  0.250000    1.436805   clock uncertainty
                                  0.000000    1.436805   clock reconvergence pessimism
                                  0.340465    1.777270   library removal time
                                              1.777270   data required time
---------------------------------------------------------------------------------------------
                                              1.777270   data required time
                                             -6.811004   data arrival time
---------------------------------------------------------------------------------------------
                                              5.033734   slack (MET)


Startpoint: wb_rst_i (input port clocked by wb_clk_i)
Endpoint: _682_ (removal check against rising-edge clock wb_clk_i)
Path Group: asynchronous
Path Type: min

Fanout         Cap        Slew       Delay        Time   Description
---------------------------------------------------------------------------------------------
                                  0.000000    0.000000   clock wb_clk_i (rise edge)
                                  0.000000    0.000000   clock network delay (propagated)
                                  5.000000    5.000000 v input external delay
     2    0.005043    0.013699    0.007831    5.007831 v wb_rst_i (in)
                                                         wb_rst_i (net)
                      0.013703    0.000000    5.007831 v input1/A (sky130_fd_sc_hd__buf_2)
     5    0.143937    0.321112    0.270219    5.278049 v input1/X (sky130_fd_sc_hd__buf_2)
                                                         net1 (net)
                      0.383907    0.102329    5.380379 v fanout25/A (sky130_fd_sc_hd__clkdlybuf4s25_1)
     8    0.042071    0.311666    0.535618    5.915997 v fanout25/X (sky130_fd_sc_hd__clkdlybuf4s25_1)
                                                         net25 (net)
                      0.311754    0.004701    5.920698 v load_slew26/A (sky130_fd_sc_hd__buf_4)
    15    0.061759    0.089838    0.293823    6.214520 v load_slew26/X (sky130_fd_sc_hd__buf_4)
                                                         net26 (net)
                      0.090331    0.005026    6.219546 v fanout23/A (sky130_fd_sc_hd__clkdlybuf4s25_1)
     7    0.045812    0.337307    0.468749    6.688296 v fanout23/X (sky130_fd_sc_hd__clkdlybuf4s25_1)
                                                         net23 (net)
                      0.337348    0.003509    6.691805 v _598_/A (sky130_fd_sc_hd__inv_2)
     1    0.004522    0.079939    0.118504    6.810309 ^ _598_/Y (sky130_fd_sc_hd__inv_2)
                                                         _073_ (net)
                      0.079939    0.000237    6.810546 ^ _682_/RESET_B (sky130_fd_sc_hd__dfrtp_2)
                                              6.810546   data arrival time

                                  0.000000    0.000000   clock wb_clk_i (rise edge)
                                  0.000000    0.000000   clock source latency
     2    0.173040    0.776047    0.641528    0.641528 ^ wb_clk_i (in)
                                                         wb_clk_i (net)
                      0.816176    0.000000    0.641528 ^ clkbuf_0_wb_clk_i/A (sky130_fd_sc_hd__clkbuf_16)
    17    0.079963    0.109695    0.344975    0.986503 ^ clkbuf_0_wb_clk_i/X (sky130_fd_sc_hd__clkbuf_16)
                                                         clknet_0_wb_clk_i (net)
                      0.110560    0.007668    0.994171 ^ clkbuf_3_7_0_wb_clk_i/A (sky130_fd_sc_hd__clkbuf_8)
    12    0.039052    0.080674    0.187667    1.181838 ^ clkbuf_3_7_0_wb_clk_i/X (sky130_fd_sc_hd__clkbuf_8)
                                                         clknet_3_7_0_wb_clk_i (net)
                      0.080759    0.002448    1.184286 ^ _682_/CLK (sky130_fd_sc_hd__dfrtp_2)
                                  0.250000    1.434286   clock uncertainty
                                  0.000000    1.434286   clock reconvergence pessimism
                                  0.339604    1.773890   library removal time
                                              1.773890   data required time
---------------------------------------------------------------------------------------------
                                              1.773890   data required time
                                             -6.810546   data arrival time
---------------------------------------------------------------------------------------------
                                              5.036656   slack (MET)


Startpoint: wb_rst_i (input port clocked by wb_clk_i)
Endpoint: _681_ (removal check against rising-edge clock wb_clk_i)
Path Group: asynchronous
Path Type: min

Fanout         Cap        Slew       Delay        Time   Description
---------------------------------------------------------------------------------------------
                                  0.000000    0.000000   clock wb_clk_i (rise edge)
                                  0.000000    0.000000   clock network delay (propagated)
                                  5.000000    5.000000 v input external delay
     2    0.005043    0.013699    0.007831    5.007831 v wb_rst_i (in)
                                                         wb_rst_i (net)
                      0.013703    0.000000    5.007831 v input1/A (sky130_fd_sc_hd__buf_2)
     5    0.143937    0.321112    0.270219    5.278049 v input1/X (sky130_fd_sc_hd__buf_2)
                                                         net1 (net)
                      0.383907    0.102329    5.380379 v fanout25/A (sky130_fd_sc_hd__clkdlybuf4s25_1)
     8    0.042071    0.311666    0.535618    5.915997 v fanout25/X (sky130_fd_sc_hd__clkdlybuf4s25_1)
                                                         net25 (net)
                      0.311754    0.004701    5.920698 v load_slew26/A (sky130_fd_sc_hd__buf_4)
    15    0.061759    0.089838    0.293823    6.214520 v load_slew26/X (sky130_fd_sc_hd__buf_4)
                                                         net26 (net)
                      0.090331    0.005026    6.219546 v fanout23/A (sky130_fd_sc_hd__clkdlybuf4s25_1)
     7    0.045812    0.337307    0.468749    6.688296 v fanout23/X (sky130_fd_sc_hd__clkdlybuf4s25_1)
                                                         net23 (net)
                      0.337355    0.003761    6.692057 v _597_/A (sky130_fd_sc_hd__inv_2)
     1    0.004581    0.080158    0.118877    6.810934 ^ _597_/Y (sky130_fd_sc_hd__inv_2)
                                                         _072_ (net)
                      0.080158    0.000246    6.811180 ^ _681_/RESET_B (sky130_fd_sc_hd__dfrtp_2)
                                              6.811180   data arrival time

                                  0.000000    0.000000   clock wb_clk_i (rise edge)
                                  0.000000    0.000000   clock source latency
     2    0.173040    0.776047    0.641528    0.641528 ^ wb_clk_i (in)
                                                         wb_clk_i (net)
                      0.816176    0.000000    0.641528 ^ clkbuf_0_wb_clk_i/A (sky130_fd_sc_hd__clkbuf_16)
    17    0.079963    0.109695    0.344975    0.986503 ^ clkbuf_0_wb_clk_i/X (sky130_fd_sc_hd__clkbuf_16)
                                                         clknet_0_wb_clk_i (net)
                      0.110560    0.007668    0.994171 ^ clkbuf_3_7_0_wb_clk_i/A (sky130_fd_sc_hd__clkbuf_8)
    12    0.039052    0.080674    0.187667    1.181838 ^ clkbuf_3_7_0_wb_clk_i/X (sky130_fd_sc_hd__clkbuf_8)
                                                         clknet_3_7_0_wb_clk_i (net)
                      0.080757    0.002425    1.184263 ^ _681_/CLK (sky130_fd_sc_hd__dfrtp_2)
                                  0.250000    1.434263   clock uncertainty
                                  0.000000    1.434263   clock reconvergence pessimism
                                  0.339664    1.773927   library removal time
                                              1.773927   data required time
---------------------------------------------------------------------------------------------
                                              1.773927   data required time
                                             -6.811180   data arrival time
---------------------------------------------------------------------------------------------
                                              5.037253   slack (MET)


Startpoint: wb_rst_i (input port clocked by wb_clk_i)
Endpoint: _697_ (removal check against rising-edge clock wb_clk_i)
Path Group: asynchronous
Path Type: min

Fanout         Cap        Slew       Delay        Time   Description
---------------------------------------------------------------------------------------------
                                  0.000000    0.000000   clock wb_clk_i (rise edge)
                                  0.000000    0.000000   clock network delay (propagated)
                                  5.000000    5.000000 v input external delay
     2    0.005043    0.013699    0.007831    5.007831 v wb_rst_i (in)
                                                         wb_rst_i (net)
                      0.013703    0.000000    5.007831 v input1/A (sky130_fd_sc_hd__buf_2)
     5    0.143937    0.321112    0.270219    5.278049 v input1/X (sky130_fd_sc_hd__buf_2)
                                                         net1 (net)
                      0.380069    0.098750    5.376800 v fanout19/A (sky130_fd_sc_hd__clkdlybuf4s25_1)
     2    0.011463    0.096608    0.382791    5.759590 v fanout19/X (sky130_fd_sc_hd__clkdlybuf4s25_1)
                                                         net19 (net)
                      0.096616    0.000889    5.760479 v wire20/A (sky130_fd_sc_hd__buf_4)
    19    0.070849    0.098226    0.209531    5.970010 v wire20/X (sky130_fd_sc_hd__buf_4)
                                                         net20 (net)
                      0.099792    0.009351    5.979361 v fanout17/A (sky130_fd_sc_hd__clkdlybuf4s25_1)
     9    0.052404    0.384212    0.504379    6.483739 v fanout17/X (sky130_fd_sc_hd__clkdlybuf4s25_1)
                                                         net17 (net)
                      0.384214    0.001464    6.485203 v max_cap18/A (sky130_fd_sc_hd__buf_6)
     8    0.051202    0.064614    0.271066    6.756269 v max_cap18/X (sky130_fd_sc_hd__buf_6)
                                                         net18 (net)
                      0.064794    0.003005    6.759274 v _613_/A (sky130_fd_sc_hd__inv_2)
     1    0.003853    0.029720    0.048927    6.808201 ^ _613_/Y (sky130_fd_sc_hd__inv_2)
                                                         _088_ (net)
                      0.029724    0.000194    6.808395 ^ _697_/RESET_B (sky130_fd_sc_hd__dfrtp_2)
                                              6.808395   data arrival time

                                  0.000000    0.000000   clock wb_clk_i (rise edge)
                                  0.000000    0.000000   clock source latency
     2    0.173040    0.776047    0.641528    0.641528 ^ wb_clk_i (in)
                                                         wb_clk_i (net)
                      0.816176    0.000000    0.641528 ^ clkbuf_0_wb_clk_i/A (sky130_fd_sc_hd__clkbuf_16)
    17    0.079963    0.109695    0.344975    0.986503 ^ clkbuf_0_wb_clk_i/X (sky130_fd_sc_hd__clkbuf_16)
                                                         clknet_0_wb_clk_i (net)
                      0.110467    0.007198    0.993701 ^ clkbuf_3_1_0_wb_clk_i/A (sky130_fd_sc_hd__clkbuf_8)
    11    0.038866    0.080091    0.187569    1.181270 ^ clkbuf_3_1_0_wb_clk_i/X (sky130_fd_sc_hd__clkbuf_8)
                                                         clknet_3_1_0_wb_clk_i (net)
                      0.080127    0.001690    1.182960 ^ _697_/CLK (sky130_fd_sc_hd__dfrtp_2)
                                  0.250000    1.432960   clock uncertainty
                                  0.000000    1.432960   clock reconvergence pessimism
                                  0.325749    1.758709   library removal time
                                              1.758709   data required time
---------------------------------------------------------------------------------------------
                                              1.758709   data required time
                                             -6.808395   data arrival time
---------------------------------------------------------------------------------------------
                                              5.049685   slack (MET)


Startpoint: wb_rst_i (input port clocked by wb_clk_i)
Endpoint: _707_ (removal check against rising-edge clock wb_clk_i)
Path Group: asynchronous
Path Type: min

Fanout         Cap        Slew       Delay        Time   Description
---------------------------------------------------------------------------------------------
                                  0.000000    0.000000   clock wb_clk_i (rise edge)
                                  0.000000    0.000000   clock network delay (propagated)
                                  5.000000    5.000000 v input external delay
     2    0.005043    0.013699    0.007831    5.007831 v wb_rst_i (in)
                                                         wb_rst_i (net)
                      0.013703    0.000000    5.007831 v input1/A (sky130_fd_sc_hd__buf_2)
     5    0.143937    0.321112    0.270219    5.278049 v input1/X (sky130_fd_sc_hd__buf_2)
                                                         net1 (net)
                      0.380069    0.098750    5.376800 v fanout19/A (sky130_fd_sc_hd__clkdlybuf4s25_1)
     2    0.011463    0.096608    0.382791    5.759590 v fanout19/X (sky130_fd_sc_hd__clkdlybuf4s25_1)
                                                         net19 (net)
                      0.096616    0.000889    5.760479 v wire20/A (sky130_fd_sc_hd__buf_4)
    19    0.070849    0.098226    0.209531    5.970010 v wire20/X (sky130_fd_sc_hd__buf_4)
                                                         net20 (net)
                      0.099792    0.009351    5.979361 v fanout17/A (sky130_fd_sc_hd__clkdlybuf4s25_1)
     9    0.052404    0.384212    0.504379    6.483739 v fanout17/X (sky130_fd_sc_hd__clkdlybuf4s25_1)
                                                         net17 (net)
                      0.384214    0.001464    6.485203 v max_cap18/A (sky130_fd_sc_hd__buf_6)
     8    0.051202    0.064614    0.271066    6.756269 v max_cap18/X (sky130_fd_sc_hd__buf_6)
                                                         net18 (net)
                      0.066575    0.008245    6.764514 v _623_/A (sky130_fd_sc_hd__inv_2)
     1    0.003947    0.030410    0.049889    6.814404 ^ _623_/Y (sky130_fd_sc_hd__inv_2)
                                                         _098_ (net)
                      0.030410    0.000200    6.814604 ^ _707_/RESET_B (sky130_fd_sc_hd__dfrtp_2)
                                              6.814604   data arrival time

                                  0.000000    0.000000   clock wb_clk_i (rise edge)
                                  0.000000    0.000000   clock source latency
     2    0.173040    0.776047    0.641528    0.641528 ^ wb_clk_i (in)
                                                         wb_clk_i (net)
                      0.816176    0.000000    0.641528 ^ clkbuf_0_wb_clk_i/A (sky130_fd_sc_hd__clkbuf_16)
    17    0.079963    0.109695    0.344975    0.986503 ^ clkbuf_0_wb_clk_i/X (sky130_fd_sc_hd__clkbuf_16)
                                                         clknet_0_wb_clk_i (net)
                      0.110467    0.007198    0.993701 ^ clkbuf_3_1_0_wb_clk_i/A (sky130_fd_sc_hd__clkbuf_8)
    11    0.038866    0.080091    0.187569    1.181270 ^ clkbuf_3_1_0_wb_clk_i/X (sky130_fd_sc_hd__clkbuf_8)
                                                         clknet_3_1_0_wb_clk_i (net)
                      0.080154    0.002142    1.183412 ^ _707_/CLK (sky130_fd_sc_hd__dfrtp_2)
                                  0.250000    1.433412   clock uncertainty
                                  0.000000    1.433412   clock reconvergence pessimism
                                  0.325944    1.759356   library removal time
                                              1.759356   data required time
---------------------------------------------------------------------------------------------
                                              1.759356   data required time
                                             -6.814604   data arrival time
---------------------------------------------------------------------------------------------
                                              5.055248   slack (MET)


Startpoint: wb_rst_i (input port clocked by wb_clk_i)
Endpoint: _704_ (removal check against rising-edge clock wb_clk_i)
Path Group: asynchronous
Path Type: min

Fanout         Cap        Slew       Delay        Time   Description
---------------------------------------------------------------------------------------------
                                  0.000000    0.000000   clock wb_clk_i (rise edge)
                                  0.000000    0.000000   clock network delay (propagated)
                                  5.000000    5.000000 v input external delay
     2    0.005043    0.013699    0.007831    5.007831 v wb_rst_i (in)
                                                         wb_rst_i (net)
                      0.013703    0.000000    5.007831 v input1/A (sky130_fd_sc_hd__buf_2)
     5    0.143937    0.321112    0.270219    5.278049 v input1/X (sky130_fd_sc_hd__buf_2)
                                                         net1 (net)
                      0.380069    0.098750    5.376800 v fanout19/A (sky130_fd_sc_hd__clkdlybuf4s25_1)
     2    0.011463    0.096608    0.382791    5.759590 v fanout19/X (sky130_fd_sc_hd__clkdlybuf4s25_1)
                                                         net19 (net)
                      0.096616    0.000889    5.760479 v wire20/A (sky130_fd_sc_hd__buf_4)
    19    0.070849    0.098226    0.209531    5.970010 v wire20/X (sky130_fd_sc_hd__buf_4)
                                                         net20 (net)
                      0.099792    0.009351    5.979361 v fanout17/A (sky130_fd_sc_hd__clkdlybuf4s25_1)
     9    0.052404    0.384212    0.504379    6.483739 v fanout17/X (sky130_fd_sc_hd__clkdlybuf4s25_1)
                                                         net17 (net)
                      0.384214    0.001464    6.485203 v max_cap18/A (sky130_fd_sc_hd__buf_6)
     8    0.051202    0.064614    0.271066    6.756269 v max_cap18/X (sky130_fd_sc_hd__buf_6)
                                                         net18 (net)
                      0.066541    0.008172    6.764441 v _620_/A (sky130_fd_sc_hd__inv_2)
     1    0.003937    0.030370    0.049840    6.814281 ^ _620_/Y (sky130_fd_sc_hd__inv_2)
                                                         _095_ (net)
                      0.030370    0.000199    6.814480 ^ _704_/RESET_B (sky130_fd_sc_hd__dfrtp_2)
                                              6.814480   data arrival time

                                  0.000000    0.000000   clock wb_clk_i (rise edge)
                                  0.000000    0.000000   clock source latency
     2    0.173040    0.776047    0.641528    0.641528 ^ wb_clk_i (in)
                                                         wb_clk_i (net)
                      0.816176    0.000000    0.641528 ^ clkbuf_0_wb_clk_i/A (sky130_fd_sc_hd__clkbuf_16)
    17    0.079963    0.109695    0.344975    0.986503 ^ clkbuf_0_wb_clk_i/X (sky130_fd_sc_hd__clkbuf_16)
                                                         clknet_0_wb_clk_i (net)
                      0.110505    0.007393    0.993896 ^ clkbuf_3_2_0_wb_clk_i/A (sky130_fd_sc_hd__clkbuf_8)
    11    0.038341    0.079269    0.186894    1.180791 ^ clkbuf_3_2_0_wb_clk_i/X (sky130_fd_sc_hd__clkbuf_8)
                                                         clknet_3_2_0_wb_clk_i (net)
                      0.079367    0.002571    1.183362 ^ _704_/CLK (sky130_fd_sc_hd__dfrtp_2)
                                  0.250000    1.433362   clock uncertainty
                                  0.000000    1.433362   clock reconvergence pessimism
                                  0.325716    1.759078   library removal time
                                              1.759078   data required time
---------------------------------------------------------------------------------------------
                                              1.759078   data required time
                                             -6.814480   data arrival time
---------------------------------------------------------------------------------------------
                                              5.055402   slack (MET)


Startpoint: wb_rst_i (input port clocked by wb_clk_i)
Endpoint: _703_ (removal check against rising-edge clock wb_clk_i)
Path Group: asynchronous
Path Type: min

Fanout         Cap        Slew       Delay        Time   Description
---------------------------------------------------------------------------------------------
                                  0.000000    0.000000   clock wb_clk_i (rise edge)
                                  0.000000    0.000000   clock network delay (propagated)
                                  5.000000    5.000000 v input external delay
     2    0.005043    0.013699    0.007831    5.007831 v wb_rst_i (in)
                                                         wb_rst_i (net)
                      0.013703    0.000000    5.007831 v input1/A (sky130_fd_sc_hd__buf_2)
     5    0.143937    0.321112    0.270219    5.278049 v input1/X (sky130_fd_sc_hd__buf_2)
                                                         net1 (net)
                      0.380069    0.098750    5.376800 v fanout19/A (sky130_fd_sc_hd__clkdlybuf4s25_1)
     2    0.011463    0.096608    0.382791    5.759590 v fanout19/X (sky130_fd_sc_hd__clkdlybuf4s25_1)
                                                         net19 (net)
                      0.096616    0.000889    5.760479 v wire20/A (sky130_fd_sc_hd__buf_4)
    19    0.070849    0.098226    0.209531    5.970010 v wire20/X (sky130_fd_sc_hd__buf_4)
                                                         net20 (net)
                      0.099792    0.009351    5.979361 v fanout17/A (sky130_fd_sc_hd__clkdlybuf4s25_1)
     9    0.052404    0.384212    0.504379    6.483739 v fanout17/X (sky130_fd_sc_hd__clkdlybuf4s25_1)
                                                         net17 (net)
                      0.384214    0.001464    6.485203 v max_cap18/A (sky130_fd_sc_hd__buf_6)
     8    0.051202    0.064614    0.271066    6.756269 v max_cap18/X (sky130_fd_sc_hd__buf_6)
                                                         net18 (net)
                      0.066601    0.008299    6.764569 v _619_/A (sky130_fd_sc_hd__inv_2)
     1    0.003912    0.030299    0.049764    6.814332 ^ _619_/Y (sky130_fd_sc_hd__inv_2)
                                                         _094_ (net)
                      0.030300    0.000197    6.814529 ^ _703_/RESET_B (sky130_fd_sc_hd__dfrtp_2)
                                              6.814529   data arrival time

                                  0.000000    0.000000   clock wb_clk_i (rise edge)
                                  0.000000    0.000000   clock source latency
     2    0.173040    0.776047    0.641528    0.641528 ^ wb_clk_i (in)
                                                         wb_clk_i (net)
                      0.816176    0.000000    0.641528 ^ clkbuf_0_wb_clk_i/A (sky130_fd_sc_hd__clkbuf_16)
    17    0.079963    0.109695    0.344975    0.986503 ^ clkbuf_0_wb_clk_i/X (sky130_fd_sc_hd__clkbuf_16)
                                                         clknet_0_wb_clk_i (net)
                      0.110505    0.007393    0.993896 ^ clkbuf_3_2_0_wb_clk_i/A (sky130_fd_sc_hd__clkbuf_8)
    11    0.038341    0.079269    0.186894    1.180791 ^ clkbuf_3_2_0_wb_clk_i/X (sky130_fd_sc_hd__clkbuf_8)
                                                         clknet_3_2_0_wb_clk_i (net)
                      0.079363    0.002532    1.183323 ^ _703_/CLK (sky130_fd_sc_hd__dfrtp_2)
                                  0.250000    1.433323   clock uncertainty
                                  0.000000    1.433323   clock reconvergence pessimism
                                  0.325696    1.759019   library removal time
                                              1.759019   data required time
---------------------------------------------------------------------------------------------
                                              1.759019   data required time
                                             -6.814529   data arrival time
---------------------------------------------------------------------------------------------
                                              5.055511   slack (MET)


Startpoint: wb_rst_i (input port clocked by wb_clk_i)
Endpoint: _705_ (removal check against rising-edge clock wb_clk_i)
Path Group: asynchronous
Path Type: min

Fanout         Cap        Slew       Delay        Time   Description
---------------------------------------------------------------------------------------------
                                  0.000000    0.000000   clock wb_clk_i (rise edge)
                                  0.000000    0.000000   clock network delay (propagated)
                                  5.000000    5.000000 v input external delay
     2    0.005043    0.013699    0.007831    5.007831 v wb_rst_i (in)
                                                         wb_rst_i (net)
                      0.013703    0.000000    5.007831 v input1/A (sky130_fd_sc_hd__buf_2)
     5    0.143937    0.321112    0.270219    5.278049 v input1/X (sky130_fd_sc_hd__buf_2)
                                                         net1 (net)
                      0.380069    0.098750    5.376800 v fanout19/A (sky130_fd_sc_hd__clkdlybuf4s25_1)
     2    0.011463    0.096608    0.382791    5.759590 v fanout19/X (sky130_fd_sc_hd__clkdlybuf4s25_1)
                                                         net19 (net)
                      0.096616    0.000889    5.760479 v wire20/A (sky130_fd_sc_hd__buf_4)
    19    0.070849    0.098226    0.209531    5.970010 v wire20/X (sky130_fd_sc_hd__buf_4)
                                                         net20 (net)
                      0.099792    0.009351    5.979361 v fanout17/A (sky130_fd_sc_hd__clkdlybuf4s25_1)
     9    0.052404    0.384212    0.504379    6.483739 v fanout17/X (sky130_fd_sc_hd__clkdlybuf4s25_1)
                                                         net17 (net)
                      0.384214    0.001464    6.485203 v max_cap18/A (sky130_fd_sc_hd__buf_6)
     8    0.051202    0.064614    0.271066    6.756269 v max_cap18/X (sky130_fd_sc_hd__buf_6)
                                                         net18 (net)
                      0.065290    0.004743    6.761013 v _621_/A (sky130_fd_sc_hd__inv_2)
     1    0.005044    0.034038    0.053148    6.814160 ^ _621_/Y (sky130_fd_sc_hd__inv_2)
                                                         _096_ (net)
                      0.034040    0.000258    6.814418 ^ _705_/RESET_B (sky130_fd_sc_hd__dfrtp_2)
                                              6.814418   data arrival time

                                  0.000000    0.000000   clock wb_clk_i (rise edge)
                                  0.000000    0.000000   clock source latency
     2    0.173040    0.776047    0.641528    0.641528 ^ wb_clk_i (in)
                                                         wb_clk_i (net)
                      0.816176    0.000000    0.641528 ^ clkbuf_0_wb_clk_i/A (sky130_fd_sc_hd__clkbuf_16)
    17    0.079963    0.109695    0.344975    0.986503 ^ clkbuf_0_wb_clk_i/X (sky130_fd_sc_hd__clkbuf_16)
                                                         clknet_0_wb_clk_i (net)
                      0.110196    0.005623    0.992126 ^ clkbuf_3_3_0_wb_clk_i/A (sky130_fd_sc_hd__clkbuf_8)
    11    0.039059    0.080400    0.187693    1.179819 ^ clkbuf_3_3_0_wb_clk_i/X (sky130_fd_sc_hd__clkbuf_8)
                                                         clknet_3_3_0_wb_clk_i (net)
                      0.080450    0.001927    1.181746 ^ _705_/CLK (sky130_fd_sc_hd__dfrtp_2)
                                  0.250000    1.431746   clock uncertainty
                                  0.000000    1.431746   clock reconvergence pessimism
                                  0.327014    1.758760   library removal time
                                              1.758760   data required time
---------------------------------------------------------------------------------------------
                                              1.758760   data required time
                                             -6.814418   data arrival time
---------------------------------------------------------------------------------------------
                                              5.055657   slack (MET)


Startpoint: wb_rst_i (input port clocked by wb_clk_i)
Endpoint: _700_ (removal check against rising-edge clock wb_clk_i)
Path Group: asynchronous
Path Type: min

Fanout         Cap        Slew       Delay        Time   Description
---------------------------------------------------------------------------------------------
                                  0.000000    0.000000   clock wb_clk_i (rise edge)
                                  0.000000    0.000000   clock network delay (propagated)
                                  5.000000    5.000000 v input external delay
     2    0.005043    0.013699    0.007831    5.007831 v wb_rst_i (in)
                                                         wb_rst_i (net)
                      0.013703    0.000000    5.007831 v input1/A (sky130_fd_sc_hd__buf_2)
     5    0.143937    0.321112    0.270219    5.278049 v input1/X (sky130_fd_sc_hd__buf_2)
                                                         net1 (net)
                      0.380069    0.098750    5.376800 v fanout19/A (sky130_fd_sc_hd__clkdlybuf4s25_1)
     2    0.011463    0.096608    0.382791    5.759590 v fanout19/X (sky130_fd_sc_hd__clkdlybuf4s25_1)
                                                         net19 (net)
                      0.096616    0.000889    5.760479 v wire20/A (sky130_fd_sc_hd__buf_4)
    19    0.070849    0.098226    0.209531    5.970010 v wire20/X (sky130_fd_sc_hd__buf_4)
                                                         net20 (net)
                      0.099792    0.009351    5.979361 v fanout17/A (sky130_fd_sc_hd__clkdlybuf4s25_1)
     9    0.052404    0.384212    0.504379    6.483739 v fanout17/X (sky130_fd_sc_hd__clkdlybuf4s25_1)
                                                         net17 (net)
                      0.384214    0.001464    6.485203 v max_cap18/A (sky130_fd_sc_hd__buf_6)
     8    0.051202    0.064614    0.271066    6.756269 v max_cap18/X (sky130_fd_sc_hd__buf_6)
                                                         net18 (net)
                      0.066073    0.007089    6.763358 v _616_/A (sky130_fd_sc_hd__inv_2)
     1    0.004113    0.030860    0.050361    6.813720 ^ _616_/Y (sky130_fd_sc_hd__inv_2)
                                                         _091_ (net)
                      0.030860    0.000207    6.813927 ^ _700_/RESET_B (sky130_fd_sc_hd__dfrtp_2)
                                              6.813927   data arrival time

                                  0.000000    0.000000   clock wb_clk_i (rise edge)
                                  0.000000    0.000000   clock source latency
     2    0.173040    0.776047    0.641528    0.641528 ^ wb_clk_i (in)
                                                         wb_clk_i (net)
                      0.816176    0.000000    0.641528 ^ clkbuf_0_wb_clk_i/A (sky130_fd_sc_hd__clkbuf_16)
    17    0.079963    0.109695    0.344975    0.986503 ^ clkbuf_0_wb_clk_i/X (sky130_fd_sc_hd__clkbuf_16)
                                                         clknet_0_wb_clk_i (net)
                      0.110196    0.005623    0.992126 ^ clkbuf_3_3_0_wb_clk_i/A (sky130_fd_sc_hd__clkbuf_8)
    11    0.039059    0.080400    0.187693    1.179819 ^ clkbuf_3_3_0_wb_clk_i/X (sky130_fd_sc_hd__clkbuf_8)
                                                         clknet_3_3_0_wb_clk_i (net)
                      0.080456    0.002035    1.181853 ^ _700_/CLK (sky130_fd_sc_hd__dfrtp_2)
                                  0.250000    1.431853   clock uncertainty
                                  0.000000    1.431853   clock reconvergence pessimism
                                  0.326150    1.758003   library removal time
                                              1.758003   data required time
---------------------------------------------------------------------------------------------
                                              1.758003   data required time
                                             -6.813927   data arrival time
---------------------------------------------------------------------------------------------
                                              5.055923   slack (MET)


Startpoint: wb_rst_i (input port clocked by wb_clk_i)
Endpoint: _701_ (removal check against rising-edge clock wb_clk_i)
Path Group: asynchronous
Path Type: min

Fanout         Cap        Slew       Delay        Time   Description
---------------------------------------------------------------------------------------------
                                  0.000000    0.000000   clock wb_clk_i (rise edge)
                                  0.000000    0.000000   clock network delay (propagated)
                                  5.000000    5.000000 v input external delay
     2    0.005043    0.013699    0.007831    5.007831 v wb_rst_i (in)
                                                         wb_rst_i (net)
                      0.013703    0.000000    5.007831 v input1/A (sky130_fd_sc_hd__buf_2)
     5    0.143937    0.321112    0.270219    5.278049 v input1/X (sky130_fd_sc_hd__buf_2)
                                                         net1 (net)
                      0.380069    0.098750    5.376800 v fanout19/A (sky130_fd_sc_hd__clkdlybuf4s25_1)
     2    0.011463    0.096608    0.382791    5.759590 v fanout19/X (sky130_fd_sc_hd__clkdlybuf4s25_1)
                                                         net19 (net)
                      0.096616    0.000889    5.760479 v wire20/A (sky130_fd_sc_hd__buf_4)
    19    0.070849    0.098226    0.209531    5.970010 v wire20/X (sky130_fd_sc_hd__buf_4)
                                                         net20 (net)
                      0.099792    0.009351    5.979361 v fanout17/A (sky130_fd_sc_hd__clkdlybuf4s25_1)
     9    0.052404    0.384212    0.504379    6.483739 v fanout17/X (sky130_fd_sc_hd__clkdlybuf4s25_1)
                                                         net17 (net)
                      0.384214    0.001464    6.485203 v max_cap18/A (sky130_fd_sc_hd__buf_6)
     8    0.051202    0.064614    0.271066    6.756269 v max_cap18/X (sky130_fd_sc_hd__buf_6)
                                                         net18 (net)
                      0.066045    0.007017    6.763287 v _617_/A (sky130_fd_sc_hd__inv_2)
     1    0.004081    0.030746    0.050226    6.813513 ^ _617_/Y (sky130_fd_sc_hd__inv_2)
                                                         _092_ (net)
                      0.030747    0.000207    6.813719 ^ _701_/RESET_B (sky130_fd_sc_hd__dfrtp_2)
                                              6.813719   data arrival time

                                  0.000000    0.000000   clock wb_clk_i (rise edge)
                                  0.000000    0.000000   clock source latency
     2    0.173040    0.776047    0.641528    0.641528 ^ wb_clk_i (in)
                                                         wb_clk_i (net)
                      0.816176    0.000000    0.641528 ^ clkbuf_0_wb_clk_i/A (sky130_fd_sc_hd__clkbuf_16)
    17    0.079963    0.109695    0.344975    0.986503 ^ clkbuf_0_wb_clk_i/X (sky130_fd_sc_hd__clkbuf_16)
                                                         clknet_0_wb_clk_i (net)
                      0.110196    0.005623    0.992126 ^ clkbuf_3_3_0_wb_clk_i/A (sky130_fd_sc_hd__clkbuf_8)
    11    0.039059    0.080400    0.187693    1.179819 ^ clkbuf_3_3_0_wb_clk_i/X (sky130_fd_sc_hd__clkbuf_8)
                                                         clknet_3_3_0_wb_clk_i (net)
                      0.080439    0.001749    1.181568 ^ _701_/CLK (sky130_fd_sc_hd__dfrtp_2)
                                  0.250000    1.431568   clock uncertainty
                                  0.000000    1.431568   clock reconvergence pessimism
                                  0.326114    1.757682   library removal time
                                              1.757682   data required time
---------------------------------------------------------------------------------------------
                                              1.757682   data required time
                                             -6.813719   data arrival time
---------------------------------------------------------------------------------------------
                                              5.056037   slack (MET)


Startpoint: wb_rst_i (input port clocked by wb_clk_i)
Endpoint: _702_ (removal check against rising-edge clock wb_clk_i)
Path Group: asynchronous
Path Type: min

Fanout         Cap        Slew       Delay        Time   Description
---------------------------------------------------------------------------------------------
                                  0.000000    0.000000   clock wb_clk_i (rise edge)
                                  0.000000    0.000000   clock network delay (propagated)
                                  5.000000    5.000000 v input external delay
     2    0.005043    0.013699    0.007831    5.007831 v wb_rst_i (in)
                                                         wb_rst_i (net)
                      0.013703    0.000000    5.007831 v input1/A (sky130_fd_sc_hd__buf_2)
     5    0.143937    0.321112    0.270219    5.278049 v input1/X (sky130_fd_sc_hd__buf_2)
                                                         net1 (net)
                      0.380069    0.098750    5.376800 v fanout19/A (sky130_fd_sc_hd__clkdlybuf4s25_1)
     2    0.011463    0.096608    0.382791    5.759590 v fanout19/X (sky130_fd_sc_hd__clkdlybuf4s25_1)
                                                         net19 (net)
                      0.096616    0.000889    5.760479 v wire20/A (sky130_fd_sc_hd__buf_4)
    19    0.070849    0.098226    0.209531    5.970010 v wire20/X (sky130_fd_sc_hd__buf_4)
                                                         net20 (net)
                      0.099792    0.009351    5.979361 v fanout17/A (sky130_fd_sc_hd__clkdlybuf4s25_1)
     9    0.052404    0.384212    0.504379    6.483739 v fanout17/X (sky130_fd_sc_hd__clkdlybuf4s25_1)
                                                         net17 (net)
                      0.384214    0.001464    6.485203 v max_cap18/A (sky130_fd_sc_hd__buf_6)
     8    0.051202    0.064614    0.271066    6.756269 v max_cap18/X (sky130_fd_sc_hd__buf_6)
                                                         net18 (net)
                      0.066507    0.008096    6.764366 v _618_/A (sky130_fd_sc_hd__inv_2)
     1    0.004082    0.030850    0.050391    6.814757 ^ _618_/Y (sky130_fd_sc_hd__inv_2)
                                                         _093_ (net)
                      0.030850    0.000204    6.814961 ^ _702_/RESET_B (sky130_fd_sc_hd__dfrtp_2)
                                              6.814961   data arrival time

                                  0.000000    0.000000   clock wb_clk_i (rise edge)
                                  0.000000    0.000000   clock source latency
     2    0.173040    0.776047    0.641528    0.641528 ^ wb_clk_i (in)
                                                         wb_clk_i (net)
                      0.816176    0.000000    0.641528 ^ clkbuf_0_wb_clk_i/A (sky130_fd_sc_hd__clkbuf_16)
    17    0.079963    0.109695    0.344975    0.986503 ^ clkbuf_0_wb_clk_i/X (sky130_fd_sc_hd__clkbuf_16)
                                                         clknet_0_wb_clk_i (net)
                      0.110196    0.005623    0.992126 ^ clkbuf_3_3_0_wb_clk_i/A (sky130_fd_sc_hd__clkbuf_8)
    11    0.039059    0.080400    0.187693    1.179819 ^ clkbuf_3_3_0_wb_clk_i/X (sky130_fd_sc_hd__clkbuf_8)
                                                         clknet_3_3_0_wb_clk_i (net)
                      0.080443    0.001810    1.181629 ^ _702_/CLK (sky130_fd_sc_hd__dfrtp_2)
                                  0.250000    1.431629   clock uncertainty
                                  0.000000    1.431629   clock reconvergence pessimism
                                  0.326143    1.757772   library removal time
                                              1.757772   data required time
---------------------------------------------------------------------------------------------
                                              1.757772   data required time
                                             -6.814961   data arrival time
---------------------------------------------------------------------------------------------
                                              5.057189   slack (MET)


Startpoint: wb_rst_i (input port clocked by wb_clk_i)
Endpoint: _745_ (removal check against rising-edge clock wb_clk_i)
Path Group: asynchronous
Path Type: min

Fanout         Cap        Slew       Delay        Time   Description
---------------------------------------------------------------------------------------------
                                  0.000000    0.000000   clock wb_clk_i (rise edge)
                                  0.000000    0.000000   clock network delay (propagated)
                                  5.000000    5.000000 v input external delay
     2    0.005043    0.013699    0.007831    5.007831 v wb_rst_i (in)
                                                         wb_rst_i (net)
                      0.013703    0.000000    5.007831 v input1/A (sky130_fd_sc_hd__buf_2)
     5    0.143937    0.321112    0.270219    5.278049 v input1/X (sky130_fd_sc_hd__buf_2)
                                                         net1 (net)
                      0.383907    0.102329    5.380379 v fanout25/A (sky130_fd_sc_hd__clkdlybuf4s25_1)
     8    0.042071    0.311666    0.535618    5.915997 v fanout25/X (sky130_fd_sc_hd__clkdlybuf4s25_1)
                                                         net25 (net)
                      0.311672    0.001666    5.917663 v fanout21/A (sky130_fd_sc_hd__clkdlybuf4s25_1)
     9    0.058684    0.430588    0.603166    6.520829 v fanout21/X (sky130_fd_sc_hd__clkdlybuf4s25_1)
                                                         net21 (net)
                      0.430604    0.002857    6.523687 v load_slew22/A (sky130_fd_sc_hd__buf_4)
     8    0.047325    0.081927    0.322821    6.846508 v load_slew22/X (sky130_fd_sc_hd__buf_4)
                                                         net22 (net)
                      0.082055    0.002804    6.849312 v _661_/A (sky130_fd_sc_hd__inv_2)
     1    0.003884    0.033474    0.054870    6.904182 ^ _661_/Y (sky130_fd_sc_hd__inv_2)
                                                         _136_ (net)
                      0.033474    0.000196    6.904378 ^ _745_/RESET_B (sky130_fd_sc_hd__dfrtp_2)
                                              6.904378   data arrival time

                                  0.000000    0.000000   clock wb_clk_i (rise edge)
                                  0.000000    0.000000   clock source latency
     2    0.173040    0.776047    0.641528    0.641528 ^ wb_clk_i (in)
                                                         wb_clk_i (net)
                      0.816176    0.000000    0.641528 ^ clkbuf_0_wb_clk_i/A (sky130_fd_sc_hd__clkbuf_16)
    17    0.079963    0.109695    0.344975    0.986503 ^ clkbuf_0_wb_clk_i/X (sky130_fd_sc_hd__clkbuf_16)
                                                         clknet_0_wb_clk_i (net)
                      0.110216    0.005756    0.992258 ^ clkbuf_3_6_0_wb_clk_i/A (sky130_fd_sc_hd__clkbuf_8)
    12    0.040512    0.082979    0.189178    1.181437 ^ clkbuf_3_6_0_wb_clk_i/X (sky130_fd_sc_hd__clkbuf_8)
                                                         clknet_3_6_0_wb_clk_i (net)
                      0.083247    0.003511    1.184948 ^ _745_/CLK (sky130_fd_sc_hd__dfrtp_2)
                                  0.250000    1.434948   clock uncertainty
                                  0.000000    1.434948   clock reconvergence pessimism
                                  0.327630    1.762578   library removal time
                                              1.762578   data required time
---------------------------------------------------------------------------------------------
                                              1.762578   data required time
                                             -6.904378   data arrival time
---------------------------------------------------------------------------------------------
                                              5.141800   slack (MET)


Startpoint: wb_rst_i (input port clocked by wb_clk_i)
Endpoint: _752_ (removal check against rising-edge clock wb_clk_i)
Path Group: asynchronous
Path Type: min

Fanout         Cap        Slew       Delay        Time   Description
---------------------------------------------------------------------------------------------
                                  0.000000    0.000000   clock wb_clk_i (rise edge)
                                  0.000000    0.000000   clock network delay (propagated)
                                  5.000000    5.000000 v input external delay
     2    0.005043    0.013699    0.007831    5.007831 v wb_rst_i (in)
                                                         wb_rst_i (net)
                      0.013703    0.000000    5.007831 v input1/A (sky130_fd_sc_hd__buf_2)
     5    0.143937    0.321112    0.270219    5.278049 v input1/X (sky130_fd_sc_hd__buf_2)
                                                         net1 (net)
                      0.383907    0.102329    5.380379 v fanout25/A (sky130_fd_sc_hd__clkdlybuf4s25_1)
     8    0.042071    0.311666    0.535618    5.915997 v fanout25/X (sky130_fd_sc_hd__clkdlybuf4s25_1)
                                                         net25 (net)
                      0.311672    0.001666    5.917663 v fanout21/A (sky130_fd_sc_hd__clkdlybuf4s25_1)
     9    0.058684    0.430588    0.603166    6.520829 v fanout21/X (sky130_fd_sc_hd__clkdlybuf4s25_1)
                                                         net21 (net)
                      0.430604    0.002857    6.523687 v load_slew22/A (sky130_fd_sc_hd__buf_4)
     8    0.047325    0.081927    0.322821    6.846508 v load_slew22/X (sky130_fd_sc_hd__buf_4)
                                                         net22 (net)
                      0.082475    0.005412    6.851920 v _668_/A (sky130_fd_sc_hd__inv_2)
     1    0.003812    0.033300    0.054695    6.906615 ^ _668_/Y (sky130_fd_sc_hd__inv_2)
                                                         _143_ (net)
                      0.033300    0.000191    6.906806 ^ _752_/RESET_B (sky130_fd_sc_hd__dfrtp_2)
                                              6.906806   data arrival time

                                  0.000000    0.000000   clock wb_clk_i (rise edge)
                                  0.000000    0.000000   clock source latency
     2    0.173040    0.776047    0.641528    0.641528 ^ wb_clk_i (in)
                                                         wb_clk_i (net)
                      0.816176    0.000000    0.641528 ^ clkbuf_0_wb_clk_i/A (sky130_fd_sc_hd__clkbuf_16)
    17    0.079963    0.109695    0.344975    0.986503 ^ clkbuf_0_wb_clk_i/X (sky130_fd_sc_hd__clkbuf_16)
                                                         clknet_0_wb_clk_i (net)
                      0.110216    0.005756    0.992258 ^ clkbuf_3_6_0_wb_clk_i/A (sky130_fd_sc_hd__clkbuf_8)
    12    0.040512    0.082979    0.189178    1.181437 ^ clkbuf_3_6_0_wb_clk_i/X (sky130_fd_sc_hd__clkbuf_8)
                                                         clknet_3_6_0_wb_clk_i (net)
                      0.083310    0.003992    1.185429 ^ _752_/CLK (sky130_fd_sc_hd__dfrtp_2)
                                  0.250000    1.435429   clock uncertainty
                                  0.000000    1.435429   clock reconvergence pessimism
                                  0.327600    1.763029   library removal time
                                              1.763029   data required time
---------------------------------------------------------------------------------------------
                                              1.763029   data required time
                                             -6.906806   data arrival time
---------------------------------------------------------------------------------------------
                                              5.143777   slack (MET)


Startpoint: wb_rst_i (input port clocked by wb_clk_i)
Endpoint: _741_ (removal check against rising-edge clock wb_clk_i)
Path Group: asynchronous
Path Type: min

Fanout         Cap        Slew       Delay        Time   Description
---------------------------------------------------------------------------------------------
                                  0.000000    0.000000   clock wb_clk_i (rise edge)
                                  0.000000    0.000000   clock network delay (propagated)
                                  5.000000    5.000000 v input external delay
     2    0.005043    0.013699    0.007831    5.007831 v wb_rst_i (in)
                                                         wb_rst_i (net)
                      0.013703    0.000000    5.007831 v input1/A (sky130_fd_sc_hd__buf_2)
     5    0.143937    0.321112    0.270219    5.278049 v input1/X (sky130_fd_sc_hd__buf_2)
                                                         net1 (net)
                      0.383907    0.102329    5.380379 v fanout25/A (sky130_fd_sc_hd__clkdlybuf4s25_1)
     8    0.042071    0.311666    0.535618    5.915997 v fanout25/X (sky130_fd_sc_hd__clkdlybuf4s25_1)
                                                         net25 (net)
                      0.311672    0.001666    5.917663 v fanout21/A (sky130_fd_sc_hd__clkdlybuf4s25_1)
     9    0.058684    0.430588    0.603166    6.520829 v fanout21/X (sky130_fd_sc_hd__clkdlybuf4s25_1)
                                                         net21 (net)
                      0.430604    0.002857    6.523687 v load_slew22/A (sky130_fd_sc_hd__buf_4)
     8    0.047325    0.081927    0.322821    6.846508 v load_slew22/X (sky130_fd_sc_hd__buf_4)
                                                         net22 (net)
                      0.082253    0.004277    6.850785 v _657_/A (sky130_fd_sc_hd__inv_2)
     1    0.003854    0.033405    0.054803    6.905588 ^ _657_/Y (sky130_fd_sc_hd__inv_2)
                                                         _132_ (net)
                      0.033406    0.000194    6.905782 ^ _741_/RESET_B (sky130_fd_sc_hd__dfrtp_2)
                                              6.905782   data arrival time

                                  0.000000    0.000000   clock wb_clk_i (rise edge)
                                  0.000000    0.000000   clock source latency
     2    0.173040    0.776047    0.641528    0.641528 ^ wb_clk_i (in)
                                                         wb_clk_i (net)
                      0.816176    0.000000    0.641528 ^ clkbuf_0_wb_clk_i/A (sky130_fd_sc_hd__clkbuf_16)
    17    0.079963    0.109695    0.344975    0.986503 ^ clkbuf_0_wb_clk_i/X (sky130_fd_sc_hd__clkbuf_16)
                                                         clknet_0_wb_clk_i (net)
                      0.110216    0.005756    0.992258 ^ clkbuf_3_6_0_wb_clk_i/A (sky130_fd_sc_hd__clkbuf_8)
    12    0.040512    0.082979    0.189178    1.181437 ^ clkbuf_3_6_0_wb_clk_i/X (sky130_fd_sc_hd__clkbuf_8)
                                                         clknet_3_6_0_wb_clk_i (net)
                      0.083174    0.002857    1.184294 ^ _741_/CLK (sky130_fd_sc_hd__dfrtp_2)
                                  0.250000    1.434294   clock uncertainty
                                  0.000000    1.434294   clock reconvergence pessimism
                                  0.327591    1.761885   library removal time
                                              1.761885   data required time
---------------------------------------------------------------------------------------------
                                              1.761885   data required time
                                             -6.905782   data arrival time
---------------------------------------------------------------------------------------------
                                              5.143897   slack (MET)


Startpoint: wb_rst_i (input port clocked by wb_clk_i)
Endpoint: _738_ (removal check against rising-edge clock wb_clk_i)
Path Group: asynchronous
Path Type: min

Fanout         Cap        Slew       Delay        Time   Description
---------------------------------------------------------------------------------------------
                                  0.000000    0.000000   clock wb_clk_i (rise edge)
                                  0.000000    0.000000   clock network delay (propagated)
                                  5.000000    5.000000 v input external delay
     2    0.005043    0.013699    0.007831    5.007831 v wb_rst_i (in)
                                                         wb_rst_i (net)
                      0.013703    0.000000    5.007831 v input1/A (sky130_fd_sc_hd__buf_2)
     5    0.143937    0.321112    0.270219    5.278049 v input1/X (sky130_fd_sc_hd__buf_2)
                                                         net1 (net)
                      0.383907    0.102329    5.380379 v fanout25/A (sky130_fd_sc_hd__clkdlybuf4s25_1)
     8    0.042071    0.311666    0.535618    5.915997 v fanout25/X (sky130_fd_sc_hd__clkdlybuf4s25_1)
                                                         net25 (net)
                      0.311672    0.001666    5.917663 v fanout21/A (sky130_fd_sc_hd__clkdlybuf4s25_1)
     9    0.058684    0.430588    0.603166    6.520829 v fanout21/X (sky130_fd_sc_hd__clkdlybuf4s25_1)
                                                         net21 (net)
                      0.430604    0.002857    6.523687 v load_slew22/A (sky130_fd_sc_hd__buf_4)
     8    0.047325    0.081927    0.322821    6.846508 v load_slew22/X (sky130_fd_sc_hd__buf_4)
                                                         net22 (net)
                      0.082460    0.005347    6.851855 v _654_/A (sky130_fd_sc_hd__inv_2)
     1    0.003946    0.033785    0.055277    6.907133 ^ _654_/Y (sky130_fd_sc_hd__inv_2)
                                                         _129_ (net)
                      0.033786    0.000198    6.907330 ^ _738_/RESET_B (sky130_fd_sc_hd__dfrtp_2)
                                              6.907330   data arrival time

                                  0.000000    0.000000   clock wb_clk_i (rise edge)
                                  0.000000    0.000000   clock source latency
     2    0.173040    0.776047    0.641528    0.641528 ^ wb_clk_i (in)
                                                         wb_clk_i (net)
                      0.816176    0.000000    0.641528 ^ clkbuf_0_wb_clk_i/A (sky130_fd_sc_hd__clkbuf_16)
    17    0.079963    0.109695    0.344975    0.986503 ^ clkbuf_0_wb_clk_i/X (sky130_fd_sc_hd__clkbuf_16)
                                                         clknet_0_wb_clk_i (net)
                      0.110216    0.005756    0.992258 ^ clkbuf_3_6_0_wb_clk_i/A (sky130_fd_sc_hd__clkbuf_8)
    12    0.040512    0.082979    0.189178    1.181437 ^ clkbuf_3_6_0_wb_clk_i/X (sky130_fd_sc_hd__clkbuf_8)
                                                         clknet_3_6_0_wb_clk_i (net)
                      0.083157    0.002685    1.184122 ^ _738_/CLK (sky130_fd_sc_hd__dfrtp_2)
                                  0.250000    1.434122   clock uncertainty
                                  0.000000    1.434122   clock reconvergence pessimism
                                  0.327690    1.761811   library removal time
                                              1.761811   data required time
---------------------------------------------------------------------------------------------
                                              1.761811   data required time
                                             -6.907330   data arrival time
---------------------------------------------------------------------------------------------
                                              5.145519   slack (MET)


Startpoint: wb_rst_i (input port clocked by wb_clk_i)
Endpoint: _751_ (removal check against rising-edge clock wb_clk_i)
Path Group: asynchronous
Path Type: min

Fanout         Cap        Slew       Delay        Time   Description
---------------------------------------------------------------------------------------------
                                  0.000000    0.000000   clock wb_clk_i (rise edge)
                                  0.000000    0.000000   clock network delay (propagated)
                                  5.000000    5.000000 v input external delay
     2    0.005043    0.013699    0.007831    5.007831 v wb_rst_i (in)
                                                         wb_rst_i (net)
                      0.013703    0.000000    5.007831 v input1/A (sky130_fd_sc_hd__buf_2)
     5    0.143937    0.321112    0.270219    5.278049 v input1/X (sky130_fd_sc_hd__buf_2)
                                                         net1 (net)
                      0.383907    0.102329    5.380379 v fanout25/A (sky130_fd_sc_hd__clkdlybuf4s25_1)
     8    0.042071    0.311666    0.535618    5.915997 v fanout25/X (sky130_fd_sc_hd__clkdlybuf4s25_1)
                                                         net25 (net)
                      0.311672    0.001666    5.917663 v fanout21/A (sky130_fd_sc_hd__clkdlybuf4s25_1)
     9    0.058684    0.430588    0.603166    6.520829 v fanout21/X (sky130_fd_sc_hd__clkdlybuf4s25_1)
                                                         net21 (net)
                      0.430604    0.002857    6.523687 v load_slew22/A (sky130_fd_sc_hd__buf_4)
     8    0.047325    0.081927    0.322821    6.846508 v load_slew22/X (sky130_fd_sc_hd__buf_4)
                                                         net22 (net)
                      0.082471    0.005398    6.851906 v _667_/A (sky130_fd_sc_hd__inv_2)
     1    0.004156    0.034563    0.056249    6.908155 ^ _667_/Y (sky130_fd_sc_hd__inv_2)
                                                         _142_ (net)
                      0.034563    0.000099    6.908254 ^ _751_/RESET_B (sky130_fd_sc_hd__dfrtp_2)
                                              6.908254   data arrival time

                                  0.000000    0.000000   clock wb_clk_i (rise edge)
                                  0.000000    0.000000   clock source latency
     2    0.173040    0.776047    0.641528    0.641528 ^ wb_clk_i (in)
                                                         wb_clk_i (net)
                      0.816176    0.000000    0.641528 ^ clkbuf_0_wb_clk_i/A (sky130_fd_sc_hd__clkbuf_16)
    17    0.079963    0.109695    0.344975    0.986503 ^ clkbuf_0_wb_clk_i/X (sky130_fd_sc_hd__clkbuf_16)
                                                         clknet_0_wb_clk_i (net)
                      0.110216    0.005756    0.992258 ^ clkbuf_3_6_0_wb_clk_i/A (sky130_fd_sc_hd__clkbuf_8)
    12    0.040512    0.082979    0.189178    1.181437 ^ clkbuf_3_6_0_wb_clk_i/X (sky130_fd_sc_hd__clkbuf_8)
                                                         clknet_3_6_0_wb_clk_i (net)
                      0.083204    0.003150    1.184586 ^ _751_/CLK (sky130_fd_sc_hd__dfrtp_2)
                                  0.250000    1.434587   clock uncertainty
                                  0.000000    1.434587   clock reconvergence pessimism
                                  0.327915    1.762501   library removal time
                                              1.762501   data required time
---------------------------------------------------------------------------------------------
                                              1.762501   data required time
                                             -6.908254   data arrival time
---------------------------------------------------------------------------------------------
                                              5.145753   slack (MET)


Startpoint: wb_rst_i (input port clocked by wb_clk_i)
Endpoint: _733_ (removal check against rising-edge clock wb_clk_i)
Path Group: asynchronous
Path Type: min

Fanout         Cap        Slew       Delay        Time   Description
---------------------------------------------------------------------------------------------
                                  0.000000    0.000000   clock wb_clk_i (rise edge)
                                  0.000000    0.000000   clock network delay (propagated)
                                  5.000000    5.000000 v input external delay
     2    0.005043    0.013699    0.007831    5.007831 v wb_rst_i (in)
                                                         wb_rst_i (net)
                      0.013703    0.000000    5.007831 v input1/A (sky130_fd_sc_hd__buf_2)
     5    0.143937    0.321112    0.270219    5.278049 v input1/X (sky130_fd_sc_hd__buf_2)
                                                         net1 (net)
                      0.383907    0.102329    5.380379 v fanout25/A (sky130_fd_sc_hd__clkdlybuf4s25_1)
     8    0.042071    0.311666    0.535618    5.915997 v fanout25/X (sky130_fd_sc_hd__clkdlybuf4s25_1)
                                                         net25 (net)
                      0.311672    0.001666    5.917663 v fanout21/A (sky130_fd_sc_hd__clkdlybuf4s25_1)
     9    0.058684    0.430588    0.603166    6.520829 v fanout21/X (sky130_fd_sc_hd__clkdlybuf4s25_1)
                                                         net21 (net)
                      0.430604    0.002857    6.523687 v load_slew22/A (sky130_fd_sc_hd__buf_4)
     8    0.047325    0.081927    0.322821    6.846508 v load_slew22/X (sky130_fd_sc_hd__buf_4)
                                                         net22 (net)
                      0.082655    0.006164    6.852673 v _649_/A (sky130_fd_sc_hd__inv_2)
     1    0.003940    0.033804    0.055314    6.907987 ^ _649_/Y (sky130_fd_sc_hd__inv_2)
                                                         _124_ (net)
                      0.033805    0.000200    6.908187 ^ _733_/RESET_B (sky130_fd_sc_hd__dfrtp_2)
                                              6.908187   data arrival time

                                  0.000000    0.000000   clock wb_clk_i (rise edge)
                                  0.000000    0.000000   clock source latency
     2    0.173040    0.776047    0.641528    0.641528 ^ wb_clk_i (in)
                                                         wb_clk_i (net)
                      0.816176    0.000000    0.641528 ^ clkbuf_0_wb_clk_i/A (sky130_fd_sc_hd__clkbuf_16)
    17    0.079963    0.109695    0.344975    0.986503 ^ clkbuf_0_wb_clk_i/X (sky130_fd_sc_hd__clkbuf_16)
                                                         clknet_0_wb_clk_i (net)
                      0.110216    0.005756    0.992258 ^ clkbuf_3_6_0_wb_clk_i/A (sky130_fd_sc_hd__clkbuf_8)
    12    0.040512    0.082979    0.189178    1.181437 ^ clkbuf_3_6_0_wb_clk_i/X (sky130_fd_sc_hd__clkbuf_8)
                                                         clknet_3_6_0_wb_clk_i (net)
                      0.083093    0.001887    1.183324 ^ _733_/CLK (sky130_fd_sc_hd__dfrtp_2)
                                  0.250000    1.433324   clock uncertainty
                                  0.000000    1.433324   clock reconvergence pessimism
                                  0.327678    1.761001   library removal time
                                              1.761001   data required time
---------------------------------------------------------------------------------------------
                                              1.761001   data required time
                                             -6.908187   data arrival time
---------------------------------------------------------------------------------------------
                                              5.147185   slack (MET)


Startpoint: wb_rst_i (input port clocked by wb_clk_i)
Endpoint: _732_ (removal check against rising-edge clock wb_clk_i)
Path Group: asynchronous
Path Type: min

Fanout         Cap        Slew       Delay        Time   Description
---------------------------------------------------------------------------------------------
                                  0.000000    0.000000   clock wb_clk_i (rise edge)
                                  0.000000    0.000000   clock network delay (propagated)
                                  5.000000    5.000000 v input external delay
     2    0.005043    0.013699    0.007831    5.007831 v wb_rst_i (in)
                                                         wb_rst_i (net)
                      0.013703    0.000000    5.007831 v input1/A (sky130_fd_sc_hd__buf_2)
     5    0.143937    0.321112    0.270219    5.278049 v input1/X (sky130_fd_sc_hd__buf_2)
                                                         net1 (net)
                      0.383907    0.102329    5.380379 v fanout25/A (sky130_fd_sc_hd__clkdlybuf4s25_1)
     8    0.042071    0.311666    0.535618    5.915997 v fanout25/X (sky130_fd_sc_hd__clkdlybuf4s25_1)
                                                         net25 (net)
                      0.311672    0.001666    5.917663 v fanout21/A (sky130_fd_sc_hd__clkdlybuf4s25_1)
     9    0.058684    0.430588    0.603166    6.520829 v fanout21/X (sky130_fd_sc_hd__clkdlybuf4s25_1)
                                                         net21 (net)
                      0.430604    0.002857    6.523687 v load_slew22/A (sky130_fd_sc_hd__buf_4)
     8    0.047325    0.081927    0.322821    6.846508 v load_slew22/X (sky130_fd_sc_hd__buf_4)
                                                         net22 (net)
                      0.082588    0.005896    6.852404 v _648_/A (sky130_fd_sc_hd__inv_2)
     1    0.004102    0.034387    0.056003    6.908407 ^ _648_/Y (sky130_fd_sc_hd__inv_2)
                                                         _123_ (net)
                      0.034387    0.000207    6.908613 ^ _732_/RESET_B (sky130_fd_sc_hd__dfrtp_2)
                                              6.908613   data arrival time

                                  0.000000    0.000000   clock wb_clk_i (rise edge)
                                  0.000000    0.000000   clock source latency
     2    0.173040    0.776047    0.641528    0.641528 ^ wb_clk_i (in)
                                                         wb_clk_i (net)
                      0.816176    0.000000    0.641528 ^ clkbuf_0_wb_clk_i/A (sky130_fd_sc_hd__clkbuf_16)
    17    0.079963    0.109695    0.344975    0.986503 ^ clkbuf_0_wb_clk_i/X (sky130_fd_sc_hd__clkbuf_16)
                                                         clknet_0_wb_clk_i (net)
                      0.110216    0.005756    0.992258 ^ clkbuf_3_6_0_wb_clk_i/A (sky130_fd_sc_hd__clkbuf_8)
    12    0.040512    0.082979    0.189178    1.181437 ^ clkbuf_3_6_0_wb_clk_i/X (sky130_fd_sc_hd__clkbuf_8)
                                                         clknet_3_6_0_wb_clk_i (net)
                      0.083072    0.001518    1.182955 ^ _732_/CLK (sky130_fd_sc_hd__dfrtp_2)
                                  0.250000    1.432955   clock uncertainty
                                  0.000000    1.432955   clock reconvergence pessimism
                                  0.327830    1.760785   library removal time
                                              1.760785   data required time
---------------------------------------------------------------------------------------------
                                              1.760785   data required time
                                             -6.908613   data arrival time
---------------------------------------------------------------------------------------------
                                              5.147828   slack (MET)


Startpoint: wb_rst_i (input port clocked by wb_clk_i)
Endpoint: _731_ (removal check against rising-edge clock wb_clk_i)
Path Group: asynchronous
Path Type: min

Fanout         Cap        Slew       Delay        Time   Description
---------------------------------------------------------------------------------------------
                                  0.000000    0.000000   clock wb_clk_i (rise edge)
                                  0.000000    0.000000   clock network delay (propagated)
                                  5.000000    5.000000 v input external delay
     2    0.005043    0.013699    0.007831    5.007831 v wb_rst_i (in)
                                                         wb_rst_i (net)
                      0.013703    0.000000    5.007831 v input1/A (sky130_fd_sc_hd__buf_2)
     5    0.143937    0.321112    0.270219    5.278049 v input1/X (sky130_fd_sc_hd__buf_2)
                                                         net1 (net)
                      0.383907    0.102329    5.380379 v fanout25/A (sky130_fd_sc_hd__clkdlybuf4s25_1)
     8    0.042071    0.311666    0.535618    5.915997 v fanout25/X (sky130_fd_sc_hd__clkdlybuf4s25_1)
                                                         net25 (net)
                      0.311672    0.001666    5.917663 v fanout21/A (sky130_fd_sc_hd__clkdlybuf4s25_1)
     9    0.058684    0.430588    0.603166    6.520829 v fanout21/X (sky130_fd_sc_hd__clkdlybuf4s25_1)
                                                         net21 (net)
                      0.430604    0.002857    6.523687 v load_slew22/A (sky130_fd_sc_hd__buf_4)
     8    0.047325    0.081927    0.322821    6.846508 v load_slew22/X (sky130_fd_sc_hd__buf_4)
                                                         net22 (net)
                      0.082571    0.005828    6.852336 v _647_/A (sky130_fd_sc_hd__inv_2)
     1    0.004281    0.035055    0.056786    6.909122 ^ _647_/Y (sky130_fd_sc_hd__inv_2)
                                                         _122_ (net)
                      0.035056    0.000215    6.909337 ^ _731_/RESET_B (sky130_fd_sc_hd__dfrtp_2)
                                              6.909337   data arrival time

                                  0.000000    0.000000   clock wb_clk_i (rise edge)
                                  0.000000    0.000000   clock source latency
     2    0.173040    0.776047    0.641528    0.641528 ^ wb_clk_i (in)
                                                         wb_clk_i (net)
                      0.816176    0.000000    0.641528 ^ clkbuf_0_wb_clk_i/A (sky130_fd_sc_hd__clkbuf_16)
    17    0.079963    0.109695    0.344975    0.986503 ^ clkbuf_0_wb_clk_i/X (sky130_fd_sc_hd__clkbuf_16)
                                                         clknet_0_wb_clk_i (net)
                      0.110216    0.005756    0.992258 ^ clkbuf_3_6_0_wb_clk_i/A (sky130_fd_sc_hd__clkbuf_8)
    12    0.040512    0.082979    0.189178    1.181437 ^ clkbuf_3_6_0_wb_clk_i/X (sky130_fd_sc_hd__clkbuf_8)
                                                         clknet_3_6_0_wb_clk_i (net)
                      0.082987    0.001065    1.182502 ^ _731_/CLK (sky130_fd_sc_hd__dfrtp_2)
                                  0.250000    1.432502   clock uncertainty
                                  0.000000    1.432502   clock reconvergence pessimism
                                  0.327989    1.760491   library removal time
                                              1.760491   data required time
---------------------------------------------------------------------------------------------
                                              1.760491   data required time
                                             -6.909337   data arrival time
---------------------------------------------------------------------------------------------
                                              5.148845   slack (MET)


Startpoint: wb_rst_i (input port clocked by wb_clk_i)
Endpoint: _735_ (removal check against rising-edge clock wb_clk_i)
Path Group: asynchronous
Path Type: min

Fanout         Cap        Slew       Delay        Time   Description
---------------------------------------------------------------------------------------------
                                  0.000000    0.000000   clock wb_clk_i (rise edge)
                                  0.000000    0.000000   clock network delay (propagated)
                                  5.000000    5.000000 v input external delay
     2    0.005043    0.013699    0.007831    5.007831 v wb_rst_i (in)
                                                         wb_rst_i (net)
                      0.013703    0.000000    5.007831 v input1/A (sky130_fd_sc_hd__buf_2)
     5    0.143937    0.321112    0.270219    5.278049 v input1/X (sky130_fd_sc_hd__buf_2)
                                                         net1 (net)
                      0.383907    0.102329    5.380379 v fanout25/A (sky130_fd_sc_hd__clkdlybuf4s25_1)
     8    0.042071    0.311666    0.535618    5.915997 v fanout25/X (sky130_fd_sc_hd__clkdlybuf4s25_1)
                                                         net25 (net)
                      0.311754    0.004701    5.920698 v load_slew26/A (sky130_fd_sc_hd__buf_4)
    15    0.061759    0.089838    0.293823    6.214520 v load_slew26/X (sky130_fd_sc_hd__buf_4)
                                                         net26 (net)
                      0.090331    0.005026    6.219546 v fanout23/A (sky130_fd_sc_hd__clkdlybuf4s25_1)
     7    0.045812    0.337307    0.468749    6.688296 v fanout23/X (sky130_fd_sc_hd__clkdlybuf4s25_1)
                                                         net23 (net)
                      0.337317    0.002036    6.690332 v wire24/A (sky130_fd_sc_hd__buf_4)
    10    0.054432    0.081612    0.300445    6.990777 v wire24/X (sky130_fd_sc_hd__buf_4)
                                                         net24 (net)
                      0.081646    0.001565    6.992342 v _651_/A (sky130_fd_sc_hd__inv_2)
     1    0.004284    0.034862    0.056472    7.048813 ^ _651_/Y (sky130_fd_sc_hd__inv_2)
                                                         _126_ (net)
                      0.034862    0.000217    7.049030 ^ _735_/RESET_B (sky130_fd_sc_hd__dfrtp_2)
                                              7.049030   data arrival time

                                  0.000000    0.000000   clock wb_clk_i (rise edge)
                                  0.000000    0.000000   clock source latency
     2    0.173040    0.776047    0.641528    0.641528 ^ wb_clk_i (in)
                                                         wb_clk_i (net)
                      0.816176    0.000000    0.641528 ^ clkbuf_0_wb_clk_i/A (sky130_fd_sc_hd__clkbuf_16)
    17    0.079963    0.109695    0.344975    0.986503 ^ clkbuf_0_wb_clk_i/X (sky130_fd_sc_hd__clkbuf_16)
                                                         clknet_0_wb_clk_i (net)
                      0.110683    0.008250    0.994753 ^ clkbuf_3_5_0_wb_clk_i/A (sky130_fd_sc_hd__clkbuf_8)
    11    0.040685    0.082957    0.189982    1.184735 ^ clkbuf_3_5_0_wb_clk_i/X (sky130_fd_sc_hd__clkbuf_8)
                                                         clknet_3_5_0_wb_clk_i (net)
                      0.083007    0.001970    1.186705 ^ _735_/CLK (sky130_fd_sc_hd__dfrtp_2)
                                  0.250000    1.436705   clock uncertainty
                                  0.000000    1.436705   clock reconvergence pessimism
                                  0.327942    1.764647   library removal time
                                              1.764647   data required time
---------------------------------------------------------------------------------------------
                                              1.764647   data required time
                                             -7.049030   data arrival time
---------------------------------------------------------------------------------------------
                                              5.284384   slack (MET)


Startpoint: wb_rst_i (input port clocked by wb_clk_i)
Endpoint: _686_ (removal check against rising-edge clock wb_clk_i)
Path Group: asynchronous
Path Type: min

Fanout         Cap        Slew       Delay        Time   Description
---------------------------------------------------------------------------------------------
                                  0.000000    0.000000   clock wb_clk_i (rise edge)
                                  0.000000    0.000000   clock network delay (propagated)
                                  5.000000    5.000000 v input external delay
     2    0.005043    0.013699    0.007831    5.007831 v wb_rst_i (in)
                                                         wb_rst_i (net)
                      0.013703    0.000000    5.007831 v input1/A (sky130_fd_sc_hd__buf_2)
     5    0.143937    0.321112    0.270219    5.278049 v input1/X (sky130_fd_sc_hd__buf_2)
                                                         net1 (net)
                      0.383907    0.102329    5.380379 v fanout25/A (sky130_fd_sc_hd__clkdlybuf4s25_1)
     8    0.042071    0.311666    0.535618    5.915997 v fanout25/X (sky130_fd_sc_hd__clkdlybuf4s25_1)
                                                         net25 (net)
                      0.311754    0.004701    5.920698 v load_slew26/A (sky130_fd_sc_hd__buf_4)
    15    0.061759    0.089838    0.293823    6.214520 v load_slew26/X (sky130_fd_sc_hd__buf_4)
                                                         net26 (net)
                      0.090331    0.005026    6.219546 v fanout23/A (sky130_fd_sc_hd__clkdlybuf4s25_1)
     7    0.045812    0.337307    0.468749    6.688296 v fanout23/X (sky130_fd_sc_hd__clkdlybuf4s25_1)
                                                         net23 (net)
                      0.337317    0.002036    6.690332 v wire24/A (sky130_fd_sc_hd__buf_4)
    10    0.054432    0.081612    0.300445    6.990777 v wire24/X (sky130_fd_sc_hd__buf_4)
                                                         net24 (net)
                      0.081760    0.002884    6.993661 v _602_/A (sky130_fd_sc_hd__inv_2)
     1    0.004063    0.034066    0.055550    7.049211 ^ _602_/Y (sky130_fd_sc_hd__inv_2)
                                                         _077_ (net)
                      0.034066    0.000205    7.049416 ^ _686_/RESET_B (sky130_fd_sc_hd__dfrtp_2)
                                              7.049416   data arrival time

                                  0.000000    0.000000   clock wb_clk_i (rise edge)
                                  0.000000    0.000000   clock source latency
     2    0.173040    0.776047    0.641528    0.641528 ^ wb_clk_i (in)
                                                         wb_clk_i (net)
                      0.816176    0.000000    0.641528 ^ clkbuf_0_wb_clk_i/A (sky130_fd_sc_hd__clkbuf_16)
    17    0.079963    0.109695    0.344975    0.986503 ^ clkbuf_0_wb_clk_i/X (sky130_fd_sc_hd__clkbuf_16)
                                                         clknet_0_wb_clk_i (net)
                      0.110683    0.008250    0.994753 ^ clkbuf_3_5_0_wb_clk_i/A (sky130_fd_sc_hd__clkbuf_8)
    11    0.040685    0.082957    0.189982    1.184735 ^ clkbuf_3_5_0_wb_clk_i/X (sky130_fd_sc_hd__clkbuf_8)
                                                         clknet_3_5_0_wb_clk_i (net)
                      0.083000    0.001852    1.186587 ^ _686_/CLK (sky130_fd_sc_hd__dfrtp_2)
                                  0.250000    1.436587   clock uncertainty
                                  0.000000    1.436587   clock reconvergence pessimism
                                  0.327723    1.764310   library removal time
                                              1.764310   data required time
---------------------------------------------------------------------------------------------
                                              1.764310   data required time
                                             -7.049416   data arrival time
---------------------------------------------------------------------------------------------
                                              5.285105   slack (MET)


Startpoint: wb_rst_i (input port clocked by wb_clk_i)
Endpoint: _730_ (removal check against rising-edge clock wb_clk_i)
Path Group: asynchronous
Path Type: min

Fanout         Cap        Slew       Delay        Time   Description
---------------------------------------------------------------------------------------------
                                  0.000000    0.000000   clock wb_clk_i (rise edge)
                                  0.000000    0.000000   clock network delay (propagated)
                                  5.000000    5.000000 v input external delay
     2    0.005043    0.013699    0.007831    5.007831 v wb_rst_i (in)
                                                         wb_rst_i (net)
                      0.013703    0.000000    5.007831 v input1/A (sky130_fd_sc_hd__buf_2)
     5    0.143937    0.321112    0.270219    5.278049 v input1/X (sky130_fd_sc_hd__buf_2)
                                                         net1 (net)
                      0.383907    0.102329    5.380379 v fanout25/A (sky130_fd_sc_hd__clkdlybuf4s25_1)
     8    0.042071    0.311666    0.535618    5.915997 v fanout25/X (sky130_fd_sc_hd__clkdlybuf4s25_1)
                                                         net25 (net)
                      0.311754    0.004701    5.920698 v load_slew26/A (sky130_fd_sc_hd__buf_4)
    15    0.061759    0.089838    0.293823    6.214520 v load_slew26/X (sky130_fd_sc_hd__buf_4)
                                                         net26 (net)
                      0.090331    0.005026    6.219546 v fanout23/A (sky130_fd_sc_hd__clkdlybuf4s25_1)
     7    0.045812    0.337307    0.468749    6.688296 v fanout23/X (sky130_fd_sc_hd__clkdlybuf4s25_1)
                                                         net23 (net)
                      0.337317    0.002036    6.690332 v wire24/A (sky130_fd_sc_hd__buf_4)
    10    0.054432    0.081612    0.300445    6.990777 v wire24/X (sky130_fd_sc_hd__buf_4)
                                                         net24 (net)
                      0.081699    0.002290    6.993066 v _646_/A (sky130_fd_sc_hd__inv_2)
     1    0.003868    0.033340    0.054679    7.047746 ^ _646_/Y (sky130_fd_sc_hd__inv_2)
                                                         _121_ (net)
                      0.033340    0.000195    7.047940 ^ _730_/RESET_B (sky130_fd_sc_hd__dfrtp_2)
                                              7.047940   data arrival time

                                  0.000000    0.000000   clock wb_clk_i (rise edge)
                                  0.000000    0.000000   clock source latency
     2    0.173040    0.776047    0.641528    0.641528 ^ wb_clk_i (in)
                                                         wb_clk_i (net)
                      0.816176    0.000000    0.641528 ^ clkbuf_0_wb_clk_i/A (sky130_fd_sc_hd__clkbuf_16)
    17    0.079963    0.109695    0.344975    0.986503 ^ clkbuf_0_wb_clk_i/X (sky130_fd_sc_hd__clkbuf_16)
                                                         clknet_0_wb_clk_i (net)
                      0.110560    0.007668    0.994171 ^ clkbuf_3_7_0_wb_clk_i/A (sky130_fd_sc_hd__clkbuf_8)
    12    0.039052    0.080674    0.187667    1.181838 ^ clkbuf_3_7_0_wb_clk_i/X (sky130_fd_sc_hd__clkbuf_8)
                                                         clknet_3_7_0_wb_clk_i (net)
                      0.080768    0.002557    1.184395 ^ _730_/CLK (sky130_fd_sc_hd__dfrtp_2)
                                  0.250000    1.434395   clock uncertainty
                                  0.000000    1.434395   clock reconvergence pessimism
                                  0.326911    1.761306   library removal time
                                              1.761306   data required time
---------------------------------------------------------------------------------------------
                                              1.761306   data required time
                                             -7.047940   data arrival time
---------------------------------------------------------------------------------------------
                                              5.286634   slack (MET)


Startpoint: wb_rst_i (input port clocked by wb_clk_i)
Endpoint: _687_ (removal check against rising-edge clock wb_clk_i)
Path Group: asynchronous
Path Type: min

Fanout         Cap        Slew       Delay        Time   Description
---------------------------------------------------------------------------------------------
                                  0.000000    0.000000   clock wb_clk_i (rise edge)
                                  0.000000    0.000000   clock network delay (propagated)
                                  5.000000    5.000000 v input external delay
     2    0.005043    0.013699    0.007831    5.007831 v wb_rst_i (in)
                                                         wb_rst_i (net)
                      0.013703    0.000000    5.007831 v input1/A (sky130_fd_sc_hd__buf_2)
     5    0.143937    0.321112    0.270219    5.278049 v input1/X (sky130_fd_sc_hd__buf_2)
                                                         net1 (net)
                      0.383907    0.102329    5.380379 v fanout25/A (sky130_fd_sc_hd__clkdlybuf4s25_1)
     8    0.042071    0.311666    0.535618    5.915997 v fanout25/X (sky130_fd_sc_hd__clkdlybuf4s25_1)
                                                         net25 (net)
                      0.311754    0.004701    5.920698 v load_slew26/A (sky130_fd_sc_hd__buf_4)
    15    0.061759    0.089838    0.293823    6.214520 v load_slew26/X (sky130_fd_sc_hd__buf_4)
                                                         net26 (net)
                      0.090331    0.005026    6.219546 v fanout23/A (sky130_fd_sc_hd__clkdlybuf4s25_1)
     7    0.045812    0.337307    0.468749    6.688296 v fanout23/X (sky130_fd_sc_hd__clkdlybuf4s25_1)
                                                         net23 (net)
                      0.337317    0.002036    6.690332 v wire24/A (sky130_fd_sc_hd__buf_4)
    10    0.054432    0.081612    0.300445    6.990777 v wire24/X (sky130_fd_sc_hd__buf_4)
                                                         net24 (net)
                      0.081711    0.002419    6.993196 v _603_/A (sky130_fd_sc_hd__inv_2)
     1    0.004833    0.036775    0.058371    7.051567 ^ _603_/Y (sky130_fd_sc_hd__inv_2)
                                                         _078_ (net)
                      0.036776    0.000252    7.051819 ^ _687_/RESET_B (sky130_fd_sc_hd__dfrtp_2)
                                              7.051819   data arrival time

                                  0.000000    0.000000   clock wb_clk_i (rise edge)
                                  0.000000    0.000000   clock source latency
     2    0.173040    0.776047    0.641528    0.641528 ^ wb_clk_i (in)
                                                         wb_clk_i (net)
                      0.816176    0.000000    0.641528 ^ clkbuf_0_wb_clk_i/A (sky130_fd_sc_hd__clkbuf_16)
    17    0.079963    0.109695    0.344975    0.986503 ^ clkbuf_0_wb_clk_i/X (sky130_fd_sc_hd__clkbuf_16)
                                                         clknet_0_wb_clk_i (net)
                      0.110683    0.008250    0.994753 ^ clkbuf_3_5_0_wb_clk_i/A (sky130_fd_sc_hd__clkbuf_8)
    11    0.040685    0.082957    0.189982    1.184735 ^ clkbuf_3_5_0_wb_clk_i/X (sky130_fd_sc_hd__clkbuf_8)
                                                         clknet_3_5_0_wb_clk_i (net)
                      0.083002    0.001881    1.186616 ^ _687_/CLK (sky130_fd_sc_hd__dfrtp_2)
                                  0.250000    1.436616   clock uncertainty
                                  0.000000    1.436616   clock reconvergence pessimism
                                  0.328462    1.765078   library removal time
                                              1.765078   data required time
---------------------------------------------------------------------------------------------
                                              1.765078   data required time
                                             -7.051819   data arrival time
---------------------------------------------------------------------------------------------
                                              5.286741   slack (MET)


Startpoint: wb_rst_i (input port clocked by wb_clk_i)
Endpoint: _688_ (removal check against rising-edge clock wb_clk_i)
Path Group: asynchronous
Path Type: min

Fanout         Cap        Slew       Delay        Time   Description
---------------------------------------------------------------------------------------------
                                  0.000000    0.000000   clock wb_clk_i (rise edge)
                                  0.000000    0.000000   clock network delay (propagated)
                                  5.000000    5.000000 v input external delay
     2    0.005043    0.013699    0.007831    5.007831 v wb_rst_i (in)
                                                         wb_rst_i (net)
                      0.013703    0.000000    5.007831 v input1/A (sky130_fd_sc_hd__buf_2)
     5    0.143937    0.321112    0.270219    5.278049 v input1/X (sky130_fd_sc_hd__buf_2)
                                                         net1 (net)
                      0.383907    0.102329    5.380379 v fanout25/A (sky130_fd_sc_hd__clkdlybuf4s25_1)
     8    0.042071    0.311666    0.535618    5.915997 v fanout25/X (sky130_fd_sc_hd__clkdlybuf4s25_1)
                                                         net25 (net)
                      0.311754    0.004701    5.920698 v load_slew26/A (sky130_fd_sc_hd__buf_4)
    15    0.061759    0.089838    0.293823    6.214520 v load_slew26/X (sky130_fd_sc_hd__buf_4)
                                                         net26 (net)
                      0.090331    0.005026    6.219546 v fanout23/A (sky130_fd_sc_hd__clkdlybuf4s25_1)
     7    0.045812    0.337307    0.468749    6.688296 v fanout23/X (sky130_fd_sc_hd__clkdlybuf4s25_1)
                                                         net23 (net)
                      0.337317    0.002036    6.690332 v wire24/A (sky130_fd_sc_hd__buf_4)
    10    0.054432    0.081612    0.300445    6.990777 v wire24/X (sky130_fd_sc_hd__buf_4)
                                                         net24 (net)
                      0.081647    0.001573    6.992350 v _604_/A (sky130_fd_sc_hd__inv_2)
     1    0.004232    0.034669    0.056251    7.048600 ^ _604_/Y (sky130_fd_sc_hd__inv_2)
                                                         _079_ (net)
                      0.034670    0.000213    7.048813 ^ _688_/RESET_B (sky130_fd_sc_hd__dfrtp_2)
                                              7.048813   data arrival time

                                  0.000000    0.000000   clock wb_clk_i (rise edge)
                                  0.000000    0.000000   clock source latency
     2    0.173040    0.776047    0.641528    0.641528 ^ wb_clk_i (in)
                                                         wb_clk_i (net)
                      0.816176    0.000000    0.641528 ^ clkbuf_0_wb_clk_i/A (sky130_fd_sc_hd__clkbuf_16)
    17    0.079963    0.109695    0.344975    0.986503 ^ clkbuf_0_wb_clk_i/X (sky130_fd_sc_hd__clkbuf_16)
                                                         clknet_0_wb_clk_i (net)
                      0.110560    0.007668    0.994171 ^ clkbuf_3_7_0_wb_clk_i/A (sky130_fd_sc_hd__clkbuf_8)
    12    0.039052    0.080674    0.187667    1.181838 ^ clkbuf_3_7_0_wb_clk_i/X (sky130_fd_sc_hd__clkbuf_8)
                                                         clknet_3_7_0_wb_clk_i (net)
                      0.080793    0.002844    1.184682 ^ _688_/CLK (sky130_fd_sc_hd__dfrtp_2)
                                  0.250000    1.434682   clock uncertainty
                                  0.000000    1.434682   clock reconvergence pessimism
                                  0.327280    1.761962   library removal time
                                              1.761962   data required time
---------------------------------------------------------------------------------------------
                                              1.761962   data required time
                                             -7.048813   data arrival time
---------------------------------------------------------------------------------------------
                                              5.286851   slack (MET)


Startpoint: wb_rst_i (input port clocked by wb_clk_i)
Endpoint: _727_ (removal check against rising-edge clock wb_clk_i)
Path Group: asynchronous
Path Type: min

Fanout         Cap        Slew       Delay        Time   Description
---------------------------------------------------------------------------------------------
                                  0.000000    0.000000   clock wb_clk_i (rise edge)
                                  0.000000    0.000000   clock network delay (propagated)
                                  5.000000    5.000000 v input external delay
     2    0.005043    0.013699    0.007831    5.007831 v wb_rst_i (in)
                                                         wb_rst_i (net)
                      0.013703    0.000000    5.007831 v input1/A (sky130_fd_sc_hd__buf_2)
     5    0.143937    0.321112    0.270219    5.278049 v input1/X (sky130_fd_sc_hd__buf_2)
                                                         net1 (net)
                      0.383907    0.102329    5.380379 v fanout25/A (sky130_fd_sc_hd__clkdlybuf4s25_1)
     8    0.042071    0.311666    0.535618    5.915997 v fanout25/X (sky130_fd_sc_hd__clkdlybuf4s25_1)
                                                         net25 (net)
                      0.311754    0.004701    5.920698 v load_slew26/A (sky130_fd_sc_hd__buf_4)
    15    0.061759    0.089838    0.293823    6.214520 v load_slew26/X (sky130_fd_sc_hd__buf_4)
                                                         net26 (net)
                      0.090331    0.005026    6.219546 v fanout23/A (sky130_fd_sc_hd__clkdlybuf4s25_1)
     7    0.045812    0.337307    0.468749    6.688296 v fanout23/X (sky130_fd_sc_hd__clkdlybuf4s25_1)
                                                         net23 (net)
                      0.337317    0.002036    6.690332 v wire24/A (sky130_fd_sc_hd__buf_4)
    10    0.054432    0.081612    0.300445    6.990777 v wire24/X (sky130_fd_sc_hd__buf_4)
                                                         net24 (net)
                      0.081711    0.002426    6.993202 v _643_/A (sky130_fd_sc_hd__inv_2)
     1    0.004061    0.034048    0.055524    7.048726 ^ _643_/Y (sky130_fd_sc_hd__inv_2)
                                                         _118_ (net)
                      0.034049    0.000206    7.048932 ^ _727_/RESET_B (sky130_fd_sc_hd__dfrtp_2)
                                              7.048932   data arrival time

                                  0.000000    0.000000   clock wb_clk_i (rise edge)
                                  0.000000    0.000000   clock source latency
     2    0.173040    0.776047    0.641528    0.641528 ^ wb_clk_i (in)
                                                         wb_clk_i (net)
                      0.816176    0.000000    0.641528 ^ clkbuf_0_wb_clk_i/A (sky130_fd_sc_hd__clkbuf_16)
    17    0.079963    0.109695    0.344975    0.986503 ^ clkbuf_0_wb_clk_i/X (sky130_fd_sc_hd__clkbuf_16)
                                                         clknet_0_wb_clk_i (net)
                      0.110560    0.007668    0.994171 ^ clkbuf_3_7_0_wb_clk_i/A (sky130_fd_sc_hd__clkbuf_8)
    12    0.039052    0.080674    0.187667    1.181838 ^ clkbuf_3_7_0_wb_clk_i/X (sky130_fd_sc_hd__clkbuf_8)
                                                         clknet_3_7_0_wb_clk_i (net)
                      0.080790    0.002813    1.184651 ^ _727_/CLK (sky130_fd_sc_hd__dfrtp_2)
                                  0.250000    1.434651   clock uncertainty
                                  0.000000    1.434651   clock reconvergence pessimism
                                  0.327110    1.761761   library removal time
                                              1.761761   data required time
---------------------------------------------------------------------------------------------
                                              1.761761   data required time
                                             -7.048932   data arrival time
---------------------------------------------------------------------------------------------
                                              5.287170   slack (MET)


Startpoint: wb_rst_i (input port clocked by wb_clk_i)
Endpoint: _693_ (removal check against rising-edge clock wb_clk_i)
Path Group: asynchronous
Path Type: min

Fanout         Cap        Slew       Delay        Time   Description
---------------------------------------------------------------------------------------------
                                  0.000000    0.000000   clock wb_clk_i (rise edge)
                                  0.000000    0.000000   clock network delay (propagated)
                                  5.000000    5.000000 v input external delay
     2    0.005043    0.013699    0.007831    5.007831 v wb_rst_i (in)
                                                         wb_rst_i (net)
                      0.013703    0.000000    5.007831 v input1/A (sky130_fd_sc_hd__buf_2)
     5    0.143937    0.321112    0.270219    5.278049 v input1/X (sky130_fd_sc_hd__buf_2)
                                                         net1 (net)
                      0.383907    0.102329    5.380379 v fanout25/A (sky130_fd_sc_hd__clkdlybuf4s25_1)
     8    0.042071    0.311666    0.535618    5.915997 v fanout25/X (sky130_fd_sc_hd__clkdlybuf4s25_1)
                                                         net25 (net)
                      0.311754    0.004701    5.920698 v load_slew26/A (sky130_fd_sc_hd__buf_4)
    15    0.061759    0.089838    0.293823    6.214520 v load_slew26/X (sky130_fd_sc_hd__buf_4)
                                                         net26 (net)
                      0.090331    0.005026    6.219546 v fanout23/A (sky130_fd_sc_hd__clkdlybuf4s25_1)
     7    0.045812    0.337307    0.468749    6.688296 v fanout23/X (sky130_fd_sc_hd__clkdlybuf4s25_1)
                                                         net23 (net)
                      0.337317    0.002036    6.690332 v wire24/A (sky130_fd_sc_hd__buf_4)
    10    0.054432    0.081612    0.300445    6.990777 v wire24/X (sky130_fd_sc_hd__buf_4)
                                                         net24 (net)
                      0.081720    0.002515    6.993291 v _609_/A (sky130_fd_sc_hd__inv_2)
     1    0.004232    0.034684    0.056271    7.049562 ^ _609_/Y (sky130_fd_sc_hd__inv_2)
                                                         _084_ (net)
                      0.034684    0.000216    7.049778 ^ _693_/RESET_B (sky130_fd_sc_hd__dfrtp_2)
                                              7.049778   data arrival time

                                  0.000000    0.000000   clock wb_clk_i (rise edge)
                                  0.000000    0.000000   clock source latency
     2    0.173040    0.776047    0.641528    0.641528 ^ wb_clk_i (in)
                                                         wb_clk_i (net)
                      0.816176    0.000000    0.641528 ^ clkbuf_0_wb_clk_i/A (sky130_fd_sc_hd__clkbuf_16)
    17    0.079963    0.109695    0.344975    0.986503 ^ clkbuf_0_wb_clk_i/X (sky130_fd_sc_hd__clkbuf_16)
                                                         clknet_0_wb_clk_i (net)
                      0.110560    0.007668    0.994171 ^ clkbuf_3_7_0_wb_clk_i/A (sky130_fd_sc_hd__clkbuf_8)
    12    0.039052    0.080674    0.187667    1.181838 ^ clkbuf_3_7_0_wb_clk_i/X (sky130_fd_sc_hd__clkbuf_8)
                                                         clknet_3_7_0_wb_clk_i (net)
                      0.080778    0.002674    1.184512 ^ _693_/CLK (sky130_fd_sc_hd__dfrtp_2)
                                  0.250000    1.434512   clock uncertainty
                                  0.000000    1.434512   clock reconvergence pessimism
                                  0.327280    1.761792   library removal time
                                              1.761792   data required time
---------------------------------------------------------------------------------------------
                                              1.761792   data required time
                                             -7.049778   data arrival time
---------------------------------------------------------------------------------------------
                                              5.287986   slack (MET)


Startpoint: wb_rst_i (input port clocked by wb_clk_i)
Endpoint: _728_ (removal check against rising-edge clock wb_clk_i)
Path Group: asynchronous
Path Type: min

Fanout         Cap        Slew       Delay        Time   Description
---------------------------------------------------------------------------------------------
                                  0.000000    0.000000   clock wb_clk_i (rise edge)
                                  0.000000    0.000000   clock network delay (propagated)
                                  5.000000    5.000000 v input external delay
     2    0.005043    0.013699    0.007831    5.007831 v wb_rst_i (in)
                                                         wb_rst_i (net)
                      0.013703    0.000000    5.007831 v input1/A (sky130_fd_sc_hd__buf_2)
     5    0.143937    0.321112    0.270219    5.278049 v input1/X (sky130_fd_sc_hd__buf_2)
                                                         net1 (net)
                      0.383907    0.102329    5.380379 v fanout25/A (sky130_fd_sc_hd__clkdlybuf4s25_1)
     8    0.042071    0.311666    0.535618    5.915997 v fanout25/X (sky130_fd_sc_hd__clkdlybuf4s25_1)
                                                         net25 (net)
                      0.311754    0.004701    5.920698 v load_slew26/A (sky130_fd_sc_hd__buf_4)
    15    0.061759    0.089838    0.293823    6.214520 v load_slew26/X (sky130_fd_sc_hd__buf_4)
                                                         net26 (net)
                      0.090331    0.005026    6.219546 v fanout23/A (sky130_fd_sc_hd__clkdlybuf4s25_1)
     7    0.045812    0.337307    0.468749    6.688296 v fanout23/X (sky130_fd_sc_hd__clkdlybuf4s25_1)
                                                         net23 (net)
                      0.337317    0.002036    6.690332 v wire24/A (sky130_fd_sc_hd__buf_4)
    10    0.054432    0.081612    0.300445    6.990777 v wire24/X (sky130_fd_sc_hd__buf_4)
                                                         net24 (net)
                      0.081828    0.003414    6.994190 v _644_/A (sky130_fd_sc_hd__inv_2)
     1    0.003978    0.033767    0.055201    7.049391 ^ _644_/Y (sky130_fd_sc_hd__inv_2)
                                                         _119_ (net)
                      0.033767    0.000199    7.049591 ^ _728_/RESET_B (sky130_fd_sc_hd__dfrtp_2)
                                              7.049591   data arrival time

                                  0.000000    0.000000   clock wb_clk_i (rise edge)
                                  0.000000    0.000000   clock source latency
     2    0.173040    0.776047    0.641528    0.641528 ^ wb_clk_i (in)
                                                         wb_clk_i (net)
                      0.816176    0.000000    0.641528 ^ clkbuf_0_wb_clk_i/A (sky130_fd_sc_hd__clkbuf_16)
    17    0.079963    0.109695    0.344975    0.986503 ^ clkbuf_0_wb_clk_i/X (sky130_fd_sc_hd__clkbuf_16)
                                                         clknet_0_wb_clk_i (net)
                      0.110560    0.007668    0.994171 ^ clkbuf_3_7_0_wb_clk_i/A (sky130_fd_sc_hd__clkbuf_8)
    12    0.039052    0.080674    0.187667    1.181838 ^ clkbuf_3_7_0_wb_clk_i/X (sky130_fd_sc_hd__clkbuf_8)
                                                         clknet_3_7_0_wb_clk_i (net)
                      0.080728    0.002013    1.183851 ^ _728_/CLK (sky130_fd_sc_hd__dfrtp_2)
                                  0.250000    1.433851   clock uncertainty
                                  0.000000    1.433851   clock reconvergence pessimism
                                  0.327016    1.760867   library removal time
                                              1.760867   data required time
---------------------------------------------------------------------------------------------
                                              1.760867   data required time
                                             -7.049591   data arrival time
---------------------------------------------------------------------------------------------
                                              5.288723   slack (MET)


Startpoint: wb_rst_i (input port clocked by wb_clk_i)
Endpoint: _729_ (removal check against rising-edge clock wb_clk_i)
Path Group: asynchronous
Path Type: min

Fanout         Cap        Slew       Delay        Time   Description
---------------------------------------------------------------------------------------------
                                  0.000000    0.000000   clock wb_clk_i (rise edge)
                                  0.000000    0.000000   clock network delay (propagated)
                                  5.000000    5.000000 v input external delay
     2    0.005043    0.013699    0.007831    5.007831 v wb_rst_i (in)
                                                         wb_rst_i (net)
                      0.013703    0.000000    5.007831 v input1/A (sky130_fd_sc_hd__buf_2)
     5    0.143937    0.321112    0.270219    5.278049 v input1/X (sky130_fd_sc_hd__buf_2)
                                                         net1 (net)
                      0.383907    0.102329    5.380379 v fanout25/A (sky130_fd_sc_hd__clkdlybuf4s25_1)
     8    0.042071    0.311666    0.535618    5.915997 v fanout25/X (sky130_fd_sc_hd__clkdlybuf4s25_1)
                                                         net25 (net)
                      0.311754    0.004701    5.920698 v load_slew26/A (sky130_fd_sc_hd__buf_4)
    15    0.061759    0.089838    0.293823    6.214520 v load_slew26/X (sky130_fd_sc_hd__buf_4)
                                                         net26 (net)
                      0.090331    0.005026    6.219546 v fanout23/A (sky130_fd_sc_hd__clkdlybuf4s25_1)
     7    0.045812    0.337307    0.468749    6.688296 v fanout23/X (sky130_fd_sc_hd__clkdlybuf4s25_1)
                                                         net23 (net)
                      0.337317    0.002036    6.690332 v wire24/A (sky130_fd_sc_hd__buf_4)
    10    0.054432    0.081612    0.300445    6.990777 v wire24/X (sky130_fd_sc_hd__buf_4)
                                                         net24 (net)
                      0.081828    0.003417    6.994194 v _645_/A (sky130_fd_sc_hd__inv_2)
     1    0.004577    0.035925    0.057594    7.051788 ^ _645_/Y (sky130_fd_sc_hd__inv_2)
                                                         _120_ (net)
                      0.035926    0.000234    7.052022 ^ _729_/RESET_B (sky130_fd_sc_hd__dfrtp_2)
                                              7.052022   data arrival time

                                  0.000000    0.000000   clock wb_clk_i (rise edge)
                                  0.000000    0.000000   clock source latency
     2    0.173040    0.776047    0.641528    0.641528 ^ wb_clk_i (in)
                                                         wb_clk_i (net)
                      0.816176    0.000000    0.641528 ^ clkbuf_0_wb_clk_i/A (sky130_fd_sc_hd__clkbuf_16)
    17    0.079963    0.109695    0.344975    0.986503 ^ clkbuf_0_wb_clk_i/X (sky130_fd_sc_hd__clkbuf_16)
                                                         clknet_0_wb_clk_i (net)
                      0.110560    0.007668    0.994171 ^ clkbuf_3_7_0_wb_clk_i/A (sky130_fd_sc_hd__clkbuf_8)
    12    0.039052    0.080674    0.187667    1.181838 ^ clkbuf_3_7_0_wb_clk_i/X (sky130_fd_sc_hd__clkbuf_8)
                                                         clknet_3_7_0_wb_clk_i (net)
                      0.080758    0.002436    1.184274 ^ _729_/CLK (sky130_fd_sc_hd__dfrtp_2)
                                  0.250000    1.434274   clock uncertainty
                                  0.000000    1.434274   clock reconvergence pessimism
                                  0.327613    1.761887   library removal time
                                              1.761887   data required time
---------------------------------------------------------------------------------------------
                                              1.761887   data required time
                                             -7.052022   data arrival time
---------------------------------------------------------------------------------------------
                                              5.290135   slack (MET)


Startpoint: wb_rst_i (input port clocked by wb_clk_i)
Endpoint: _691_ (removal check against rising-edge clock wb_clk_i)
Path Group: asynchronous
Path Type: min

Fanout         Cap        Slew       Delay        Time   Description
---------------------------------------------------------------------------------------------
                                  0.000000    0.000000   clock wb_clk_i (rise edge)
                                  0.000000    0.000000   clock network delay (propagated)
                                  5.000000    5.000000 v input external delay
     2    0.005043    0.013699    0.007831    5.007831 v wb_rst_i (in)
                                                         wb_rst_i (net)
                      0.013703    0.000000    5.007831 v input1/A (sky130_fd_sc_hd__buf_2)
     5    0.143937    0.321112    0.270219    5.278049 v input1/X (sky130_fd_sc_hd__buf_2)
                                                         net1 (net)
                      0.383907    0.102329    5.380379 v fanout25/A (sky130_fd_sc_hd__clkdlybuf4s25_1)
     8    0.042071    0.311666    0.535618    5.915997 v fanout25/X (sky130_fd_sc_hd__clkdlybuf4s25_1)
                                                         net25 (net)
                      0.311754    0.004701    5.920698 v load_slew26/A (sky130_fd_sc_hd__buf_4)
    15    0.061759    0.089838    0.293823    6.214520 v load_slew26/X (sky130_fd_sc_hd__buf_4)
                                                         net26 (net)
                      0.090331    0.005026    6.219546 v fanout23/A (sky130_fd_sc_hd__clkdlybuf4s25_1)
     7    0.045812    0.337307    0.468749    6.688296 v fanout23/X (sky130_fd_sc_hd__clkdlybuf4s25_1)
                                                         net23 (net)
                      0.337317    0.002036    6.690332 v wire24/A (sky130_fd_sc_hd__buf_4)
    10    0.054432    0.081612    0.300445    6.990777 v wire24/X (sky130_fd_sc_hd__buf_4)
                                                         net24 (net)
                      0.081820    0.003359    6.994136 v _607_/A (sky130_fd_sc_hd__inv_2)
     1    0.004899    0.037021    0.058612    7.052747 ^ _607_/Y (sky130_fd_sc_hd__inv_2)
                                                         _082_ (net)
                      0.037022    0.000268    7.053016 ^ _691_/RESET_B (sky130_fd_sc_hd__dfrtp_2)
                                              7.053016   data arrival time

                                  0.000000    0.000000   clock wb_clk_i (rise edge)
                                  0.000000    0.000000   clock source latency
     2    0.173040    0.776047    0.641528    0.641528 ^ wb_clk_i (in)
                                                         wb_clk_i (net)
                      0.816176    0.000000    0.641528 ^ clkbuf_0_wb_clk_i/A (sky130_fd_sc_hd__clkbuf_16)
    17    0.079963    0.109695    0.344975    0.986503 ^ clkbuf_0_wb_clk_i/X (sky130_fd_sc_hd__clkbuf_16)
                                                         clknet_0_wb_clk_i (net)
                      0.110560    0.007668    0.994171 ^ clkbuf_3_7_0_wb_clk_i/A (sky130_fd_sc_hd__clkbuf_8)
    12    0.039052    0.080674    0.187667    1.181838 ^ clkbuf_3_7_0_wb_clk_i/X (sky130_fd_sc_hd__clkbuf_8)
                                                         clknet_3_7_0_wb_clk_i (net)
                      0.080718    0.001844    1.183682 ^ _691_/CLK (sky130_fd_sc_hd__dfrtp_2)
                                  0.250000    1.433682   clock uncertainty
                                  0.000000    1.433682   clock reconvergence pessimism
                                  0.327900    1.761582   library removal time
                                              1.761582   data required time
---------------------------------------------------------------------------------------------
                                              1.761582   data required time
                                             -7.053016   data arrival time
---------------------------------------------------------------------------------------------
                                              5.291433   slack (MET)


Startpoint: _676_ (rising edge-triggered flip-flop clocked by wb_clk_i)
Endpoint: io_out[3] (output port clocked by wb_clk_i)
Path Group: wb_clk_i
Path Type: min

Fanout         Cap        Slew       Delay        Time   Description
---------------------------------------------------------------------------------------------
                                  0.000000    0.000000   clock wb_clk_i (rise edge)
                                  0.000000    0.000000   clock source latency
     2    0.173040    0.776047    0.580430    0.580430 ^ wb_clk_i (in)
                                                         wb_clk_i (net)
                      0.816176    0.000000    0.580430 ^ clkbuf_0_wb_clk_i/A (sky130_fd_sc_hd__clkbuf_16)
    17    0.079963    0.109695    0.312120    0.892550 ^ clkbuf_0_wb_clk_i/X (sky130_fd_sc_hd__clkbuf_16)
                                                         clknet_0_wb_clk_i (net)
                      0.110422    0.006298    0.898848 ^ clkbuf_3_4_0_wb_clk_i/A (sky130_fd_sc_hd__clkbuf_8)
    11    0.039410    0.081236    0.170141    1.068989 ^ clkbuf_3_4_0_wb_clk_i/X (sky130_fd_sc_hd__clkbuf_8)
                                                         clknet_3_4_0_wb_clk_i (net)
                      0.081309    0.002098    1.071087 ^ _676_/CLK (sky130_fd_sc_hd__dfrtp_2)
     9    0.038246    0.188502    0.450568    1.521656 ^ _676_/Q (sky130_fd_sc_hd__dfrtp_2)
                                                         timer.dig_cnt[1] (net)
                      0.188548    0.002723    1.524378 ^ _565_/A (sky130_fd_sc_hd__nand2_2)
     5    0.042173    0.177842    0.181924    1.706303 v _565_/Y (sky130_fd_sc_hd__nand2_2)
                                                         net6 (net)
                      0.178447    0.008022    1.714325 v output6/A (sky130_fd_sc_hd__clkdlybuf4s25_1)
     1    0.035708    0.265381    0.450009    2.164334 v output6/X (sky130_fd_sc_hd__clkdlybuf4s25_1)
                                                         io_out[3] (net)
                      0.265394    0.001950    2.166283 v io_out[3] (out)
                                              2.166283   data arrival time

                                  0.000000    0.000000   clock wb_clk_i (rise edge)
                                  0.000000    0.000000   clock network delay (propagated)
                                  0.250000    0.250000   clock uncertainty
                                  0.000000    0.250000   clock reconvergence pessimism
                                 -5.000000   -4.750000   output external delay
                                             -4.750000   data required time
---------------------------------------------------------------------------------------------
                                             -4.750000   data required time
                                             -2.166283   data arrival time
---------------------------------------------------------------------------------------------
                                              6.916284   slack (MET)


Startpoint: _690_ (rising edge-triggered flip-flop clocked by wb_clk_i)
Endpoint: io_out[4] (output port clocked by wb_clk_i)
Path Group: wb_clk_i
Path Type: min

Fanout         Cap        Slew       Delay        Time   Description
---------------------------------------------------------------------------------------------
                                  0.000000    0.000000   clock wb_clk_i (rise edge)
                                  0.000000    0.000000   clock source latency
     2    0.173040    0.776047    0.580430    0.580430 ^ wb_clk_i (in)
                                                         wb_clk_i (net)
                      0.816176    0.000000    0.580430 ^ clkbuf_0_wb_clk_i/A (sky130_fd_sc_hd__clkbuf_16)
    17    0.079963    0.109695    0.312120    0.892550 ^ clkbuf_0_wb_clk_i/X (sky130_fd_sc_hd__clkbuf_16)
                                                         clknet_0_wb_clk_i (net)
                      0.110560    0.006938    0.899488 ^ clkbuf_3_7_0_wb_clk_i/A (sky130_fd_sc_hd__clkbuf_8)
    12    0.039052    0.080674    0.169794    1.069282 ^ clkbuf_3_7_0_wb_clk_i/X (sky130_fd_sc_hd__clkbuf_8)
                                                         clknet_3_7_0_wb_clk_i (net)
                      0.080752    0.002138    1.071420 ^ _690_/CLK (sky130_fd_sc_hd__dfrtp_2)
     3    0.012045    0.077618    0.366112    1.437533 ^ _690_/Q (sky130_fd_sc_hd__dfrtp_2)
                                                         timer.sec_ones[1] (net)
                      0.077632    0.000998    1.438530 ^ _578_/A1 (sky130_fd_sc_hd__o221a_2)
     2    0.007707    0.064421    0.201889    1.640419 ^ _578_/X (sky130_fd_sc_hd__o221a_2)
                                                         _325_ (net)
                      0.064426    0.000601    1.641021 ^ _581_/A (sky130_fd_sc_hd__or2_2)
     3    0.008852    0.056579    0.119638    1.760658 ^ _581_/X (sky130_fd_sc_hd__or2_2)
                                                         _328_ (net)
                      0.056581    0.000405    1.761063 ^ _582_/B (sky130_fd_sc_hd__or2_2)
     1    0.002388    0.027120    0.091006    1.852069 ^ _582_/X (sky130_fd_sc_hd__or2_2)
                                                         net7 (net)
                      0.027120    0.000104    1.852174 ^ output7/A (sky130_fd_sc_hd__clkdlybuf4s25_1)
     1    0.035529    0.359033    0.437619    2.289793 ^ output7/X (sky130_fd_sc_hd__clkdlybuf4s25_1)
                                                         io_out[4] (net)
                      0.359039    0.001921    2.291714 ^ io_out[4] (out)
                                              2.291714   data arrival time

                                  0.000000    0.000000   clock wb_clk_i (rise edge)
                                  0.000000    0.000000   clock network delay (propagated)
                                  0.250000    0.250000   clock uncertainty
                                  0.000000    0.250000   clock reconvergence pessimism
                                 -5.000000   -4.750000   output external delay
                                             -4.750000   data required time
---------------------------------------------------------------------------------------------
                                             -4.750000   data required time
                                             -2.291714   data arrival time
---------------------------------------------------------------------------------------------
                                              7.041714   slack (MET)


Startpoint: _692_ (rising edge-triggered flip-flop clocked by wb_clk_i)
Endpoint: io_out[5] (output port clocked by wb_clk_i)
Path Group: wb_clk_i
Path Type: min

Fanout         Cap        Slew       Delay        Time   Description
---------------------------------------------------------------------------------------------
                                  0.000000    0.000000   clock wb_clk_i (rise edge)
                                  0.000000    0.000000   clock source latency
     2    0.173040    0.776047    0.580430    0.580430 ^ wb_clk_i (in)
                                                         wb_clk_i (net)
                      0.816176    0.000000    0.580430 ^ clkbuf_0_wb_clk_i/A (sky130_fd_sc_hd__clkbuf_16)
    17    0.079963    0.109695    0.312120    0.892550 ^ clkbuf_0_wb_clk_i/X (sky130_fd_sc_hd__clkbuf_16)
                                                         clknet_0_wb_clk_i (net)
                      0.110560    0.006938    0.899488 ^ clkbuf_3_7_0_wb_clk_i/A (sky130_fd_sc_hd__clkbuf_8)
    12    0.039052    0.080674    0.169794    1.069282 ^ clkbuf_3_7_0_wb_clk_i/X (sky130_fd_sc_hd__clkbuf_8)
                                                         clknet_3_7_0_wb_clk_i (net)
                      0.080722    0.001744    1.071025 ^ _692_/CLK (sky130_fd_sc_hd__dfrtp_2)
     2    0.011589    0.076389    0.364259    1.435285 ^ _692_/Q (sky130_fd_sc_hd__dfrtp_2)
                                                         timer.sec_ones[3] (net)
                      0.076402    0.000922    1.436207 ^ _580_/B2 (sky130_fd_sc_hd__o221a_2)
     5    0.023473    0.142612    0.253279    1.689485 ^ _580_/X (sky130_fd_sc_hd__o221a_2)
                                                         _327_ (net)
                      0.142649    0.002101    1.691586 ^ _584_/B (sky130_fd_sc_hd__or3b_2)
     3    0.035658    0.205968    0.246053    1.937639 ^ _584_/X (sky130_fd_sc_hd__or3b_2)
                                                         net8 (net)
                      0.206435    0.007579    1.945218 ^ output8/A (sky130_fd_sc_hd__clkdlybuf4s25_1)
     1    0.035553    0.359191    0.488417    2.433635 ^ output8/X (sky130_fd_sc_hd__clkdlybuf4s25_1)
                                                         io_out[5] (net)
                      0.359197    0.001922    2.435557 ^ io_out[5] (out)
                                              2.435557   data arrival time

                                  0.000000    0.000000   clock wb_clk_i (rise edge)
                                  0.000000    0.000000   clock network delay (propagated)
                                  0.250000    0.250000   clock uncertainty
                                  0.000000    0.250000   clock reconvergence pessimism
                                 -5.000000   -4.750000   output external delay
                                             -4.750000   data required time
---------------------------------------------------------------------------------------------
                                             -4.750000   data required time
                                             -2.435557   data arrival time
---------------------------------------------------------------------------------------------
                                              7.185557   slack (MET)


Startpoint: _675_ (rising edge-triggered flip-flop clocked by wb_clk_i)
Endpoint: io_out[1] (output port clocked by wb_clk_i)
Path Group: wb_clk_i
Path Type: min

Fanout         Cap        Slew       Delay        Time   Description
---------------------------------------------------------------------------------------------
                                  0.000000    0.000000   clock wb_clk_i (rise edge)
                                  0.000000    0.000000   clock source latency
     2    0.173040    0.776047    0.580430    0.580430 ^ wb_clk_i (in)
                                                         wb_clk_i (net)
                      0.816176    0.000000    0.580430 ^ clkbuf_0_wb_clk_i/A (sky130_fd_sc_hd__clkbuf_16)
    17    0.079963    0.109695    0.312120    0.892550 ^ clkbuf_0_wb_clk_i/X (sky130_fd_sc_hd__clkbuf_16)
                                                         clknet_0_wb_clk_i (net)
                      0.110422    0.006298    0.898848 ^ clkbuf_3_4_0_wb_clk_i/A (sky130_fd_sc_hd__clkbuf_8)
    11    0.039410    0.081236    0.170141    1.068989 ^ clkbuf_3_4_0_wb_clk_i/X (sky130_fd_sc_hd__clkbuf_8)
                                                         clknet_3_4_0_wb_clk_i (net)
                      0.081328    0.002318    1.071307 ^ _675_/CLK (sky130_fd_sc_hd__dfrtp_2)
     9    0.044983    0.219792    0.471480    1.542787 ^ _675_/Q (sky130_fd_sc_hd__dfrtp_2)
                                                         timer.dig_cnt[0] (net)
                      0.219807    0.001943    1.544731 ^ _384_/B (sky130_fd_sc_hd__nand2b_2)
    11    0.112245    0.439205    0.358450    1.903181 v _384_/Y (sky130_fd_sc_hd__nand2b_2)
                                                         net4 (net)
                      0.450439    0.053022    1.956203 v output4/A (sky130_fd_sc_hd__clkdlybuf4s25_1)
     1    0.035531    0.264340    0.518893    2.475096 v output4/X (sky130_fd_sc_hd__clkdlybuf4s25_1)
                                                         io_out[1] (net)
                      0.264353    0.001921    2.477016 v io_out[1] (out)
                                              2.477016   data arrival time

                                  0.000000    0.000000   clock wb_clk_i (rise edge)
                                  0.000000    0.000000   clock network delay (propagated)
                                  0.250000    0.250000   clock uncertainty
                                  0.000000    0.250000   clock reconvergence pessimism
                                 -5.000000   -4.750000   output external delay
                                             -4.750000   data required time
---------------------------------------------------------------------------------------------
                                             -4.750000   data required time
                                             -2.477016   data arrival time
---------------------------------------------------------------------------------------------
                                              7.227016   slack (MET)


Startpoint: _675_ (rising edge-triggered flip-flop clocked by wb_clk_i)
Endpoint: io_out[2] (output port clocked by wb_clk_i)
Path Group: wb_clk_i
Path Type: min

Fanout         Cap        Slew       Delay        Time   Description
---------------------------------------------------------------------------------------------
                                  0.000000    0.000000   clock wb_clk_i (rise edge)
                                  0.000000    0.000000   clock source latency
     2    0.173040    0.776047    0.580430    0.580430 ^ wb_clk_i (in)
                                                         wb_clk_i (net)
                      0.816176    0.000000    0.580430 ^ clkbuf_0_wb_clk_i/A (sky130_fd_sc_hd__clkbuf_16)
    17    0.079963    0.109695    0.312120    0.892550 ^ clkbuf_0_wb_clk_i/X (sky130_fd_sc_hd__clkbuf_16)
                                                         clknet_0_wb_clk_i (net)
                      0.110422    0.006298    0.898848 ^ clkbuf_3_4_0_wb_clk_i/A (sky130_fd_sc_hd__clkbuf_8)
    11    0.039410    0.081236    0.170141    1.068989 ^ clkbuf_3_4_0_wb_clk_i/X (sky130_fd_sc_hd__clkbuf_8)
                                                         clknet_3_4_0_wb_clk_i (net)
                      0.081328    0.002318    1.071307 ^ _675_/CLK (sky130_fd_sc_hd__dfrtp_2)
     9    0.041914    0.124451    0.472796    1.544103 v _675_/Q (sky130_fd_sc_hd__dfrtp_2)
                                                         timer.dig_cnt[0] (net)
                      0.124489    0.002018    1.546121 v _385_/A_N (sky130_fd_sc_hd__nand2b_2)
    11    0.085417    0.337082    0.408364    1.954485 v _385_/Y (sky130_fd_sc_hd__nand2b_2)
                                                         net5 (net)
                      0.341384    0.029188    1.983673 v output5/A (sky130_fd_sc_hd__clkdlybuf4s25_1)
     1    0.035579    0.264925    0.495704    2.479377 v output5/X (sky130_fd_sc_hd__clkdlybuf4s25_1)
                                                         io_out[2] (net)
                      0.264939    0.001922    2.481299 v io_out[2] (out)
                                              2.481299   data arrival time

                                  0.000000    0.000000   clock wb_clk_i (rise edge)
                                  0.000000    0.000000   clock network delay (propagated)
                                  0.250000    0.250000   clock uncertainty
                                  0.000000    0.250000   clock reconvergence pessimism
                                 -5.000000   -4.750000   output external delay
                                             -4.750000   data required time
---------------------------------------------------------------------------------------------
                                             -4.750000   data required time
                                             -2.481299   data arrival time
---------------------------------------------------------------------------------------------
                                              7.231299   slack (MET)


Startpoint: _689_ (rising edge-triggered flip-flop clocked by wb_clk_i)
Endpoint: io_out[6] (output port clocked by wb_clk_i)
Path Group: wb_clk_i
Path Type: min

Fanout         Cap        Slew       Delay        Time   Description
---------------------------------------------------------------------------------------------
                                  0.000000    0.000000   clock wb_clk_i (rise edge)
                                  0.000000    0.000000   clock source latency
     2    0.173040    0.776047    0.580430    0.580430 ^ wb_clk_i (in)
                                                         wb_clk_i (net)
                      0.816176    0.000000    0.580430 ^ clkbuf_0_wb_clk_i/A (sky130_fd_sc_hd__clkbuf_16)
    17    0.079963    0.109695    0.312120    0.892550 ^ clkbuf_0_wb_clk_i/X (sky130_fd_sc_hd__clkbuf_16)
                                                         clknet_0_wb_clk_i (net)
                      0.110560    0.006938    0.899488 ^ clkbuf_3_7_0_wb_clk_i/A (sky130_fd_sc_hd__clkbuf_8)
    12    0.039052    0.080674    0.169794    1.069282 ^ clkbuf_3_7_0_wb_clk_i/X (sky130_fd_sc_hd__clkbuf_8)
                                                         clknet_3_7_0_wb_clk_i (net)
                      0.080730    0.001858    1.071140 ^ _689_/CLK (sky130_fd_sc_hd__dfrtp_2)
     5    0.019245    0.107605    0.390107    1.461247 ^ _689_/Q (sky130_fd_sc_hd__dfrtp_2)
                                                         timer.sec_ones[0] (net)
                      0.107616    0.001107    1.462355 ^ _575_/B2 (sky130_fd_sc_hd__o32a_2)
     5    0.025797    0.139574    0.212907    1.675262 ^ _575_/X (sky130_fd_sc_hd__o32a_2)
                                                         _322_ (net)
                      0.139620    0.002288    1.677550 ^ _586_/A1_N (sky130_fd_sc_hd__a2bb2o_2)
     3    0.067402    0.182668    0.408927    2.086477 v _586_/X (sky130_fd_sc_hd__a2bb2o_2)
                                                         net9 (net)
                      0.188903    0.025240    2.111717 v output9/A (sky130_fd_sc_hd__clkdlybuf4s25_1)
     1    0.035529    0.264169    0.452521    2.564239 v output9/X (sky130_fd_sc_hd__clkdlybuf4s25_1)
                                                         io_out[6] (net)
                      0.264183    0.001920    2.566159 v io_out[6] (out)
                                              2.566159   data arrival time

                                  0.000000    0.000000   clock wb_clk_i (rise edge)
                                  0.000000    0.000000   clock network delay (propagated)
                                  0.250000    0.250000   clock uncertainty
                                  0.000000    0.250000   clock reconvergence pessimism
                                 -5.000000   -4.750000   output external delay
                                             -4.750000   data required time
---------------------------------------------------------------------------------------------
                                             -4.750000   data required time
                                             -2.566159   data arrival time
---------------------------------------------------------------------------------------------
                                              7.316159   slack (MET)


Startpoint: _675_ (rising edge-triggered flip-flop clocked by wb_clk_i)
Endpoint: io_out[0] (output port clocked by wb_clk_i)
Path Group: wb_clk_i
Path Type: min

Fanout         Cap        Slew       Delay        Time   Description
---------------------------------------------------------------------------------------------
                                  0.000000    0.000000   clock wb_clk_i (rise edge)
                                  0.000000    0.000000   clock source latency
     2    0.173040    0.776047    0.580430    0.580430 ^ wb_clk_i (in)
                                                         wb_clk_i (net)
                      0.816176    0.000000    0.580430 ^ clkbuf_0_wb_clk_i/A (sky130_fd_sc_hd__clkbuf_16)
    17    0.079963    0.109695    0.312120    0.892550 ^ clkbuf_0_wb_clk_i/X (sky130_fd_sc_hd__clkbuf_16)
                                                         clknet_0_wb_clk_i (net)
                      0.110422    0.006298    0.898848 ^ clkbuf_3_4_0_wb_clk_i/A (sky130_fd_sc_hd__clkbuf_8)
    11    0.039410    0.081236    0.170141    1.068989 ^ clkbuf_3_4_0_wb_clk_i/X (sky130_fd_sc_hd__clkbuf_8)
                                                         clknet_3_4_0_wb_clk_i (net)
                      0.081328    0.002318    1.071307 ^ _675_/CLK (sky130_fd_sc_hd__dfrtp_2)
     9    0.041914    0.124451    0.472796    1.544103 v _675_/Q (sky130_fd_sc_hd__dfrtp_2)
                                                         timer.dig_cnt[0] (net)
                      0.124492    0.002071    1.546174 v _564_/B (sky130_fd_sc_hd__or2_2)
    11    0.146943    0.366260    0.553516    2.099690 v _564_/X (sky130_fd_sc_hd__or2_2)
                                                         net2 (net)
                      0.389856    0.068670    2.168360 v output2/A (sky130_fd_sc_hd__clkdlybuf4s25_1)
     1    0.035553    0.264636    0.505989    2.674350 v output2/X (sky130_fd_sc_hd__clkdlybuf4s25_1)
                                                         io_out[0] (net)
                      0.264649    0.001922    2.676271 v io_out[0] (out)
                                              2.676271   data arrival time

                                  0.000000    0.000000   clock wb_clk_i (rise edge)
                                  0.000000    0.000000   clock network delay (propagated)
                                  0.250000    0.250000   clock uncertainty
                                  0.000000    0.250000   clock reconvergence pessimism
                                 -5.000000   -4.750000   output external delay
                                             -4.750000   data required time
---------------------------------------------------------------------------------------------
                                             -4.750000   data required time
                                             -2.676271   data arrival time
---------------------------------------------------------------------------------------------
                                              7.426271   slack (MET)


Startpoint: _690_ (rising edge-triggered flip-flop clocked by wb_clk_i)
Endpoint: io_out[7] (output port clocked by wb_clk_i)
Path Group: wb_clk_i
Path Type: min

Fanout         Cap        Slew       Delay        Time   Description
---------------------------------------------------------------------------------------------
                                  0.000000    0.000000   clock wb_clk_i (rise edge)
                                  0.000000    0.000000   clock source latency
     2    0.173040    0.776047    0.580430    0.580430 ^ wb_clk_i (in)
                                                         wb_clk_i (net)
                      0.816176    0.000000    0.580430 ^ clkbuf_0_wb_clk_i/A (sky130_fd_sc_hd__clkbuf_16)
    17    0.079963    0.109695    0.312120    0.892550 ^ clkbuf_0_wb_clk_i/X (sky130_fd_sc_hd__clkbuf_16)
                                                         clknet_0_wb_clk_i (net)
                      0.110560    0.006938    0.899488 ^ clkbuf_3_7_0_wb_clk_i/A (sky130_fd_sc_hd__clkbuf_8)
    12    0.039052    0.080674    0.169794    1.069282 ^ clkbuf_3_7_0_wb_clk_i/X (sky130_fd_sc_hd__clkbuf_8)
                                                         clknet_3_7_0_wb_clk_i (net)
                      0.080752    0.002138    1.071420 ^ _690_/CLK (sky130_fd_sc_hd__dfrtp_2)
     3    0.012045    0.077618    0.366112    1.437533 ^ _690_/Q (sky130_fd_sc_hd__dfrtp_2)
                                                         timer.sec_ones[1] (net)
                      0.077629    0.000904    1.438436 ^ _571_/A1 (sky130_fd_sc_hd__o22a_2)
     4    0.017339    0.096825    0.192025    1.630461 ^ _571_/X (sky130_fd_sc_hd__o22a_2)
                                                         _318_ (net)
                      0.096844    0.001259    1.631721 ^ _577_/A1 (sky130_fd_sc_hd__a21oi_2)
     4    0.014283    0.047653    0.084222    1.715943 v _577_/Y (sky130_fd_sc_hd__a21oi_2)
                                                         _324_ (net)
                      0.047679    0.000844    1.716787 v _589_/A1 (sky130_fd_sc_hd__a211o_2)
     3    0.113252    0.272340    0.465300    2.182086 v _589_/X (sky130_fd_sc_hd__a211o_2)
                                                         net10 (net)
                      0.302064    0.064718    2.246804 v output10/A (sky130_fd_sc_hd__clkdlybuf4s25_1)
     1    0.035553    0.264832    0.487129    2.733933 v output10/X (sky130_fd_sc_hd__clkdlybuf4s25_1)
                                                         io_out[7] (net)
                      0.264845    0.001922    2.735855 v io_out[7] (out)
                                              2.735855   data arrival time

                                  0.000000    0.000000   clock wb_clk_i (rise edge)
                                  0.000000    0.000000   clock network delay (propagated)
                                  0.250000    0.250000   clock uncertainty
                                  0.000000    0.250000   clock reconvergence pessimism
                                 -5.000000   -4.750000   output external delay
                                             -4.750000   data required time
---------------------------------------------------------------------------------------------
                                             -4.750000   data required time
                                             -2.735855   data arrival time
---------------------------------------------------------------------------------------------
                                              7.485855   slack (MET)


Startpoint: _689_ (rising edge-triggered flip-flop clocked by wb_clk_i)
Endpoint: io_out[8] (output port clocked by wb_clk_i)
Path Group: wb_clk_i
Path Type: min

Fanout         Cap        Slew       Delay        Time   Description
---------------------------------------------------------------------------------------------
                                  0.000000    0.000000   clock wb_clk_i (rise edge)
                                  0.000000    0.000000   clock source latency
     2    0.173040    0.776047    0.580430    0.580430 ^ wb_clk_i (in)
                                                         wb_clk_i (net)
                      0.816176    0.000000    0.580430 ^ clkbuf_0_wb_clk_i/A (sky130_fd_sc_hd__clkbuf_16)
    17    0.079963    0.109695    0.312120    0.892550 ^ clkbuf_0_wb_clk_i/X (sky130_fd_sc_hd__clkbuf_16)
                                                         clknet_0_wb_clk_i (net)
                      0.110560    0.006938    0.899488 ^ clkbuf_3_7_0_wb_clk_i/A (sky130_fd_sc_hd__clkbuf_8)
    12    0.039052    0.080674    0.169794    1.069282 ^ clkbuf_3_7_0_wb_clk_i/X (sky130_fd_sc_hd__clkbuf_8)
                                                         clknet_3_7_0_wb_clk_i (net)
                      0.080730    0.001858    1.071140 ^ _689_/CLK (sky130_fd_sc_hd__dfrtp_2)
     5    0.019245    0.107605    0.390107    1.461247 ^ _689_/Q (sky130_fd_sc_hd__dfrtp_2)
                                                         timer.sec_ones[0] (net)
                      0.107616    0.001107    1.462355 ^ _575_/B2 (sky130_fd_sc_hd__o32a_2)
     5    0.025797    0.139574    0.212907    1.675262 ^ _575_/X (sky130_fd_sc_hd__o32a_2)
                                                         _322_ (net)
                      0.139629    0.002485    1.677746 ^ _590_/A (sky130_fd_sc_hd__or3b_2)
     3    0.118518    0.660412    0.519046    2.196792 ^ _590_/X (sky130_fd_sc_hd__or3b_2)
                                                         net11 (net)
                      0.672527    0.067474    2.264266 ^ output11/A (sky130_fd_sc_hd__clkdlybuf4s25_1)
     1    0.035529    0.358674    0.556097    2.820363 ^ output11/X (sky130_fd_sc_hd__clkdlybuf4s25_1)
                                                         io_out[8] (net)
                      0.358680    0.001921    2.822284 ^ io_out[8] (out)
                                              2.822284   data arrival time

                                  0.000000    0.000000   clock wb_clk_i (rise edge)
                                  0.000000    0.000000   clock network delay (propagated)
                                  0.250000    0.250000   clock uncertainty
                                  0.000000    0.250000   clock reconvergence pessimism
                                 -5.000000   -4.750000   output external delay
                                             -4.750000   data required time
---------------------------------------------------------------------------------------------
                                             -4.750000   data required time
                                             -2.822284   data arrival time
---------------------------------------------------------------------------------------------
                                              7.572284   slack (MET)


Startpoint: _690_ (rising edge-triggered flip-flop clocked by wb_clk_i)
Endpoint: io_out[9] (output port clocked by wb_clk_i)
Path Group: wb_clk_i
Path Type: min

Fanout         Cap        Slew       Delay        Time   Description
---------------------------------------------------------------------------------------------
                                  0.000000    0.000000   clock wb_clk_i (rise edge)
                                  0.000000    0.000000   clock source latency
     2    0.173040    0.776047    0.580430    0.580430 ^ wb_clk_i (in)
                                                         wb_clk_i (net)
                      0.816176    0.000000    0.580430 ^ clkbuf_0_wb_clk_i/A (sky130_fd_sc_hd__clkbuf_16)
    17    0.079963    0.109695    0.312120    0.892550 ^ clkbuf_0_wb_clk_i/X (sky130_fd_sc_hd__clkbuf_16)
                                                         clknet_0_wb_clk_i (net)
                      0.110560    0.006938    0.899488 ^ clkbuf_3_7_0_wb_clk_i/A (sky130_fd_sc_hd__clkbuf_8)
    12    0.039052    0.080674    0.169794    1.069282 ^ clkbuf_3_7_0_wb_clk_i/X (sky130_fd_sc_hd__clkbuf_8)
                                                         clknet_3_7_0_wb_clk_i (net)
                      0.080752    0.002138    1.071420 ^ _690_/CLK (sky130_fd_sc_hd__dfrtp_2)
     3    0.012045    0.077618    0.366112    1.437533 ^ _690_/Q (sky130_fd_sc_hd__dfrtp_2)
                                                         timer.sec_ones[1] (net)
                      0.077629    0.000904    1.438436 ^ _571_/A1 (sky130_fd_sc_hd__o22a_2)
     4    0.017339    0.096825    0.192025    1.630461 ^ _571_/X (sky130_fd_sc_hd__o22a_2)
                                                         _318_ (net)
                      0.096844    0.001259    1.631721 ^ _577_/A1 (sky130_fd_sc_hd__a21oi_2)
     4    0.014283    0.047653    0.084222    1.715943 v _577_/Y (sky130_fd_sc_hd__a21oi_2)
                                                         _324_ (net)
                      0.047687    0.000960    1.716903 v _591_/C (sky130_fd_sc_hd__nand3b_2)
     3    0.054788    0.291940    0.249160    1.966063 ^ _591_/Y (sky130_fd_sc_hd__nand3b_2)
                                                         net12 (net)
                      0.293777    0.017832    1.983894 ^ wire13/A (sky130_fd_sc_hd__buf_8)
     3    0.161111    0.236455    0.224023    2.207917 ^ wire13/X (sky130_fd_sc_hd__buf_8)
                                                         net13 (net)
                      0.349637    0.121248    2.329165 ^ output12/A (sky130_fd_sc_hd__clkdlybuf4s25_1)
     1    0.035532    0.358706    0.514564    2.843729 ^ output12/X (sky130_fd_sc_hd__clkdlybuf4s25_1)
                                                         io_out[9] (net)
                      0.358712    0.001922    2.845651 ^ io_out[9] (out)
                                              2.845651   data arrival time

                                  0.000000    0.000000   clock wb_clk_i (rise edge)
                                  0.000000    0.000000   clock network delay (propagated)
                                  0.250000    0.250000   clock uncertainty
                                  0.000000    0.250000   clock reconvergence pessimism
                                 -5.000000   -4.750000   output external delay
                                             -4.750000   data required time
---------------------------------------------------------------------------------------------
                                             -4.750000   data required time
                                             -2.845651   data arrival time
---------------------------------------------------------------------------------------------
                                              7.595652   slack (MET)


Startpoint: _690_ (rising edge-triggered flip-flop clocked by wb_clk_i)
Endpoint: io_out[10] (output port clocked by wb_clk_i)
Path Group: wb_clk_i
Path Type: min

Fanout         Cap        Slew       Delay        Time   Description
---------------------------------------------------------------------------------------------
                                  0.000000    0.000000   clock wb_clk_i (rise edge)
                                  0.000000    0.000000   clock source latency
     2    0.173040    0.776047    0.580430    0.580430 ^ wb_clk_i (in)
                                                         wb_clk_i (net)
                      0.816176    0.000000    0.580430 ^ clkbuf_0_wb_clk_i/A (sky130_fd_sc_hd__clkbuf_16)
    17    0.079963    0.109695    0.312120    0.892550 ^ clkbuf_0_wb_clk_i/X (sky130_fd_sc_hd__clkbuf_16)
                                                         clknet_0_wb_clk_i (net)
                      0.110560    0.006938    0.899488 ^ clkbuf_3_7_0_wb_clk_i/A (sky130_fd_sc_hd__clkbuf_8)
    12    0.039052    0.080674    0.169794    1.069282 ^ clkbuf_3_7_0_wb_clk_i/X (sky130_fd_sc_hd__clkbuf_8)
                                                         clknet_3_7_0_wb_clk_i (net)
                      0.080752    0.002138    1.071420 ^ _690_/CLK (sky130_fd_sc_hd__dfrtp_2)
     3    0.012045    0.077618    0.366112    1.437533 ^ _690_/Q (sky130_fd_sc_hd__dfrtp_2)
                                                         timer.sec_ones[1] (net)
                      0.077632    0.000998    1.438530 ^ _578_/A1 (sky130_fd_sc_hd__o221a_2)
     2    0.007707    0.064421    0.201889    1.640419 ^ _578_/X (sky130_fd_sc_hd__o221a_2)
                                                         _325_ (net)
                      0.064426    0.000601    1.641021 ^ _581_/A (sky130_fd_sc_hd__or2_2)
     3    0.008852    0.056579    0.119638    1.760658 ^ _581_/X (sky130_fd_sc_hd__or2_2)
                                                         _328_ (net)
                      0.056581    0.000442    1.761100 ^ _588_/C1 (sky130_fd_sc_hd__a211o_2)
     3    0.062651    0.295080    0.258526    2.019626 ^ _588_/X (sky130_fd_sc_hd__a211o_2)
                                                         net3 (net)
                      0.297209    0.019325    2.038951 ^ wire14/A (sky130_fd_sc_hd__buf_12)
     3    0.201555    0.167623    0.193471    2.232422 ^ wire14/X (sky130_fd_sc_hd__buf_12)
                                                         net14 (net)
                      0.426246    0.180472    2.412894 ^ output3/A (sky130_fd_sc_hd__clkdlybuf4s25_1)
     1    0.035529    0.358681    0.524735    2.937629 ^ output3/X (sky130_fd_sc_hd__clkdlybuf4s25_1)
                                                         io_out[10] (net)
                      0.358687    0.001921    2.939550 ^ io_out[10] (out)
                                              2.939550   data arrival time

                                  0.000000    0.000000   clock wb_clk_i (rise edge)
                                  0.000000    0.000000   clock network delay (propagated)
                                  0.250000    0.250000   clock uncertainty
                                  0.000000    0.250000   clock reconvergence pessimism
                                 -5.000000   -4.750000   output external delay
                                             -4.750000   data required time
---------------------------------------------------------------------------------------------
                                             -4.750000   data required time
                                             -2.939550   data arrival time
---------------------------------------------------------------------------------------------
                                              7.689549   slack (MET)



